=== QWEN3-4B START Thu May 28 03:12:12 UTC 2026 ===
GPU total ~23.7GB | model=qwen3-4b level=per_head chunk=512 recent_window=64 head_ratio_target=0.5
grid: ctx=[500, 2000, 8000] depths=[0, 10, 20, 30, 40, 50, 60, 70, 80, 90, 100] ratios=[0.0, 0.2, 0.4, 0.6, 0.8, 1.0] methods=['kvzip', 'ours', 'ours_predict_next', 'ours_combine'] -> 792 cells
Replace qwen3 attention with KVzip

Load Qwen/Qwen3-4B with torch.bfloat16
KV type: evict
env: NVIDIA L4 23.659GB | KV 0.14746 GB/1k tok | torch 2.6.0+cu124
insertion at 0
================================================================================ 
[ctx_len=500 depth=0% q=0.0 true_len=499]
chunk inputs, size: 512 (num 2)
ratio 0.00 (pair), 0.0 GB (evict 143712 pairs)
  r=0.0 kvzip            peak= 8.311GB acc=0.00 hr=0.0 fb=None segs=None
ratio 0.00 (pair), 0.0 GB (evict 18432 pairs)
  r=0.0 ours             peak= 8.325GB acc=0.00 hr=0.0 fb=64 segs=0
ratio 0.00 (pair), 0.0 GB (evict 18432 pairs)
  r=0.0 ours_predict_next peak= 8.325GB acc=0.00 hr=0.0 fb=64 segs=0
ratio 0.00 (pair), 0.0 GB (evict 18432 pairs)
  r=0.0 ours_combine     peak= 8.325GB acc=0.00 hr=0.0 fb=64 segs=0
chunk inputs, size: 512 (num 2)
ratio 0.20 (pair), 0.0 GB (evict 115017 pairs)
  r=0.2 kvzip            peak= 8.311GB acc=1.00 hr=0.2 fb=None segs=None
ratio 0.50 (pair), 0.0 GB (evict 28835 pairs)
  r=0.2 ours             peak= 8.325GB acc=1.00 hr=0.5 fb=200 segs=0
ratio 0.50 (pair), 0.0 GB (evict 28813 pairs)
  r=0.2 ours_predict_next peak= 8.325GB acc=0.50 hr=0.5 fb=200 segs=0
ratio 0.50 (pair), 0.0 GB (evict 28838 pairs)
  r=0.2 ours_combine     peak= 8.325GB acc=0.50 hr=0.5 fb=200 segs=0
chunk inputs, size: 512 (num 2)
ratio 0.40 (pair), 0.0 GB (evict 86252 pairs)
  r=0.4 kvzip            peak= 8.311GB acc=1.00 hr=0.4 fb=None segs=None
ratio 0.50 (pair), 0.0 GB (evict 57569 pairs)
  r=0.4 ours             peak= 8.325GB acc=1.00 hr=0.5 fb=399 segs=0
ratio 0.50 (pair), 0.0 GB (evict 57530 pairs)
  r=0.4 ours_predict_next peak= 8.325GB acc=1.00 hr=0.5 fb=399 segs=0
ratio 0.50 (pair), 0.0 GB (evict 57536 pairs)
  r=0.4 ours_combine     peak= 8.325GB acc=1.00 hr=0.5 fb=399 segs=0
chunk inputs, size: 512 (num 2)
ratio 0.60 (pair), 0.0 GB (evict 57609 pairs)
  r=0.6 kvzip            peak= 8.311GB acc=1.00 hr=0.6 fb=None segs=None
ratio 0.60 (pair), 0.0 GB (evict 57531 pairs)
  r=0.6 ours             peak= 8.325GB acc=1.00 hr=0.6 fb=499 segs=0
ratio 0.60 (pair), 0.0 GB (evict 57531 pairs)
  r=0.6 ours_predict_next peak= 8.325GB acc=1.00 hr=0.6 fb=499 segs=0
ratio 0.60 (pair), 0.0 GB (evict 57531 pairs)
  r=0.6 ours_combine     peak= 8.325GB acc=1.00 hr=0.6 fb=499 segs=0
chunk inputs, size: 512 (num 2)
ratio 0.80 (pair), 0.1 GB (evict 28844 pairs)
  r=0.8 kvzip            peak= 8.311GB acc=1.00 hr=0.8 fb=None segs=None
ratio 0.80 (pair), 0.1 GB (evict 28794 pairs)
  r=0.8 ours             peak= 8.325GB acc=1.00 hr=0.8 fb=499 segs=0
ratio 0.80 (pair), 0.1 GB (evict 28794 pairs)
  r=0.8 ours_predict_next peak= 8.325GB acc=1.00 hr=0.8 fb=499 segs=0
ratio 0.80 (pair), 0.1 GB (evict 28794 pairs)
  r=0.8 ours_combine     peak= 8.325GB acc=1.00 hr=0.8 fb=499 segs=0
chunk inputs, size: 512 (num 2)
ratio 1.00 (pair), 0.1 GB (evict 0 pairs)
  r=1.0 kvzip            peak= 8.311GB acc=1.00 hr=1.0 fb=None segs=None
ratio 1.00 (pair), 0.1 GB (evict 0 pairs)
  r=1.0 ours             peak= 8.325GB acc=1.00 hr=1.0 fb=499 segs=0
ratio 1.00 (pair), 0.1 GB (evict 0 pairs)
  r=1.0 ours_predict_next peak= 8.325GB acc=1.00 hr=1.0 fb=499 segs=0
ratio 1.00 (pair), 0.1 GB (evict 0 pairs)
  r=1.0 ours_combine     peak= 8.325GB acc=1.00 hr=1.0 fb=499 segs=0
insertion at 23
================================================================================ 
[ctx_len=500 depth=10% q=0.1 true_len=499]
chunk inputs, size: 512 (num 2)
ratio 0.00 (pair), 0.0 GB (evict 143712 pairs)
  r=0.0 kvzip            peak= 8.311GB acc=0.00 hr=0.0 fb=None segs=None
ratio 0.00 (pair), 0.0 GB (evict 18432 pairs)
  r=0.0 ours             peak= 8.325GB acc=0.00 hr=0.0 fb=64 segs=0
ratio 0.00 (pair), 0.0 GB (evict 18432 pairs)
  r=0.0 ours_predict_next peak= 8.325GB acc=0.00 hr=0.0 fb=64 segs=0
ratio 0.00 (pair), 0.0 GB (evict 18432 pairs)
  r=0.0 ours_combine     peak= 8.325GB acc=0.00 hr=0.0 fb=64 segs=0
chunk inputs, size: 512 (num 2)
ratio 0.20 (pair), 0.0 GB (evict 114975 pairs)
  r=0.2 kvzip            peak= 8.311GB acc=1.00 hr=0.2 fb=None segs=None
ratio 0.50 (pair), 0.0 GB (evict 28821 pairs)
  r=0.2 ours             peak= 8.325GB acc=1.00 hr=0.5 fb=200 segs=0
ratio 0.50 (pair), 0.0 GB (evict 28817 pairs)
  r=0.2 ours_predict_next peak= 8.325GB acc=0.50 hr=0.5 fb=200 segs=0
ratio 0.50 (pair), 0.0 GB (evict 28832 pairs)
  r=0.2 ours_combine     peak= 8.325GB acc=1.00 hr=0.5 fb=200 segs=0
chunk inputs, size: 512 (num 2)
ratio 0.40 (pair), 0.0 GB (evict 86306 pairs)
  r=0.4 kvzip            peak= 8.311GB acc=1.00 hr=0.4 fb=None segs=None
ratio 0.50 (pair), 0.0 GB (evict 57508 pairs)
  r=0.4 ours             peak= 8.325GB acc=1.00 hr=0.5 fb=399 segs=0
ratio 0.50 (pair), 0.0 GB (evict 57471 pairs)
  r=0.4 ours_predict_next peak= 8.325GB acc=1.00 hr=0.5 fb=399 segs=0
ratio 0.50 (pair), 0.0 GB (evict 57486 pairs)
  r=0.4 ours_combine     peak= 8.325GB acc=1.00 hr=0.5 fb=399 segs=0
chunk inputs, size: 512 (num 2)
ratio 0.60 (pair), 0.0 GB (evict 57609 pairs)
  r=0.6 kvzip            peak= 8.311GB acc=1.00 hr=0.6 fb=None segs=None
ratio 0.60 (pair), 0.0 GB (evict 57613 pairs)
  r=0.6 ours             peak= 8.325GB acc=1.00 hr=0.6 fb=499 segs=0
ratio 0.60 (pair), 0.0 GB (evict 57613 pairs)
  r=0.6 ours_predict_next peak= 8.325GB acc=1.00 hr=0.6 fb=499 segs=0
ratio 0.60 (pair), 0.0 GB (evict 57613 pairs)
  r=0.6 ours_combine     peak= 8.325GB acc=1.00 hr=0.6 fb=499 segs=0
chunk inputs, size: 512 (num 2)
ratio 0.80 (pair), 0.1 GB (evict 28853 pairs)
  r=0.8 kvzip            peak= 8.311GB acc=1.00 hr=0.8 fb=None segs=None
ratio 0.80 (pair), 0.1 GB (evict 28768 pairs)
  r=0.8 ours             peak= 8.325GB acc=1.00 hr=0.8 fb=499 segs=0
ratio 0.80 (pair), 0.1 GB (evict 28768 pairs)
  r=0.8 ours_predict_next peak= 8.325GB acc=1.00 hr=0.8 fb=499 segs=0
ratio 0.80 (pair), 0.1 GB (evict 28768 pairs)
  r=0.8 ours_combine     peak= 8.325GB acc=1.00 hr=0.8 fb=499 segs=0
chunk inputs, size: 512 (num 2)
ratio 1.00 (pair), 0.1 GB (evict 0 pairs)
  r=1.0 kvzip            peak= 8.311GB acc=1.00 hr=1.0 fb=None segs=None
ratio 1.00 (pair), 0.1 GB (evict 0 pairs)
  r=1.0 ours             peak= 8.325GB acc=1.00 hr=1.0 fb=499 segs=0
ratio 1.00 (pair), 0.1 GB (evict 0 pairs)
  r=1.0 ours_predict_next peak= 8.325GB acc=1.00 hr=1.0 fb=499 segs=0
ratio 1.00 (pair), 0.1 GB (evict 0 pairs)
  r=1.0 ours_combine     peak= 8.325GB acc=1.00 hr=1.0 fb=499 segs=0
insertion at 48
================================================================================ 
[ctx_len=500 depth=20% q=0.2 true_len=499]
chunk inputs, size: 512 (num 2)
ratio 0.00 (pair), 0.0 GB (evict 143712 pairs)
  r=0.0 kvzip            peak= 8.311GB acc=0.00 hr=0.0 fb=None segs=None
ratio 0.00 (pair), 0.0 GB (evict 18432 pairs)
  r=0.0 ours             peak= 8.325GB acc=0.00 hr=0.0 fb=64 segs=0
ratio 0.00 (pair), 0.0 GB (evict 18432 pairs)
  r=0.0 ours_predict_next peak= 8.325GB acc=0.00 hr=0.0 fb=64 segs=0
ratio 0.00 (pair), 0.0 GB (evict 18432 pairs)
  r=0.0 ours_combine     peak= 8.325GB acc=0.00 hr=0.0 fb=64 segs=0
chunk inputs, size: 512 (num 2)
ratio 0.20 (pair), 0.0 GB (evict 115031 pairs)
  r=0.2 kvzip            peak= 8.311GB acc=1.00 hr=0.2 fb=None segs=None
ratio 0.50 (pair), 0.0 GB (evict 28837 pairs)
  r=0.2 ours             peak= 8.325GB acc=1.00 hr=0.5 fb=200 segs=0
ratio 0.50 (pair), 0.0 GB (evict 28834 pairs)
  r=0.2 ours_predict_next peak= 8.325GB acc=1.00 hr=0.5 fb=200 segs=0
ratio 0.50 (pair), 0.0 GB (evict 28830 pairs)
  r=0.2 ours_combine     peak= 8.325GB acc=1.00 hr=0.5 fb=200 segs=0
chunk inputs, size: 512 (num 2)
ratio 0.40 (pair), 0.0 GB (evict 86281 pairs)
  r=0.4 kvzip            peak= 8.311GB acc=1.00 hr=0.4 fb=None segs=None
ratio 0.50 (pair), 0.0 GB (evict 57508 pairs)
  r=0.4 ours             peak= 8.325GB acc=1.00 hr=0.5 fb=399 segs=0
ratio 0.50 (pair), 0.0 GB (evict 57535 pairs)
  r=0.4 ours_predict_next peak= 8.325GB acc=1.00 hr=0.5 fb=399 segs=0
ratio 0.50 (pair), 0.0 GB (evict 57503 pairs)
  r=0.4 ours_combine     peak= 8.325GB acc=1.00 hr=0.5 fb=399 segs=0
chunk inputs, size: 512 (num 2)
ratio 0.60 (pair), 0.0 GB (evict 57603 pairs)
  r=0.6 kvzip            peak= 8.311GB acc=1.00 hr=0.6 fb=None segs=None
ratio 0.60 (pair), 0.0 GB (evict 57648 pairs)
  r=0.6 ours             peak= 8.325GB acc=1.00 hr=0.6 fb=499 segs=0
ratio 0.60 (pair), 0.0 GB (evict 57648 pairs)
  r=0.6 ours_predict_next peak= 8.325GB acc=1.00 hr=0.6 fb=499 segs=0
ratio 0.60 (pair), 0.0 GB (evict 57648 pairs)
  r=0.6 ours_combine     peak= 8.325GB acc=1.00 hr=0.6 fb=499 segs=0
chunk inputs, size: 512 (num 2)
ratio 0.80 (pair), 0.1 GB (evict 28814 pairs)
  r=0.8 kvzip            peak= 8.311GB acc=1.00 hr=0.8 fb=None segs=None
ratio 0.80 (pair), 0.1 GB (evict 28792 pairs)
  r=0.8 ours             peak= 8.325GB acc=1.00 hr=0.8 fb=499 segs=0
ratio 0.80 (pair), 0.1 GB (evict 28792 pairs)
  r=0.8 ours_predict_next peak= 8.325GB acc=1.00 hr=0.8 fb=499 segs=0
ratio 0.80 (pair), 0.1 GB (evict 28792 pairs)
  r=0.8 ours_combine     peak= 8.325GB acc=1.00 hr=0.8 fb=499 segs=0
chunk inputs, size: 512 (num 2)
ratio 1.00 (pair), 0.1 GB (evict 0 pairs)
  r=1.0 kvzip            peak= 8.311GB acc=1.00 hr=1.0 fb=None segs=None
ratio 1.00 (pair), 0.1 GB (evict 0 pairs)
  r=1.0 ours             peak= 8.325GB acc=1.00 hr=1.0 fb=499 segs=0
ratio 1.00 (pair), 0.1 GB (evict 0 pairs)
  r=1.0 ours_predict_next peak= 8.325GB acc=1.00 hr=1.0 fb=499 segs=0
ratio 1.00 (pair), 0.1 GB (evict 0 pairs)
  r=1.0 ours_combine     peak= 8.325GB acc=1.00 hr=1.0 fb=499 segs=0
insertion at 140
================================================================================ 
[ctx_len=500 depth=30% q=0.3 true_len=499]
chunk inputs, size: 512 (num 2)
ratio 0.00 (pair), 0.0 GB (evict 143712 pairs)
  r=0.0 kvzip            peak= 8.311GB acc=0.00 hr=0.0 fb=None segs=None
ratio 0.00 (pair), 0.0 GB (evict 18432 pairs)
  r=0.0 ours             peak= 8.325GB acc=0.00 hr=0.0 fb=64 segs=0
ratio 0.00 (pair), 0.0 GB (evict 18432 pairs)
  r=0.0 ours_predict_next peak= 8.325GB acc=0.00 hr=0.0 fb=64 segs=0
ratio 0.00 (pair), 0.0 GB (evict 18432 pairs)
  r=0.0 ours_combine     peak= 8.325GB acc=0.00 hr=0.0 fb=64 segs=0
chunk inputs, size: 512 (num 2)
ratio 0.20 (pair), 0.0 GB (evict 114993 pairs)
  r=0.2 kvzip            peak= 8.311GB acc=1.00 hr=0.2 fb=None segs=None
ratio 0.50 (pair), 0.0 GB (evict 28828 pairs)
  r=0.2 ours             peak= 8.325GB acc=1.00 hr=0.5 fb=200 segs=0
ratio 0.50 (pair), 0.0 GB (evict 28838 pairs)
  r=0.2 ours_predict_next peak= 8.325GB acc=0.50 hr=0.5 fb=200 segs=0
ratio 0.50 (pair), 0.0 GB (evict 28848 pairs)
  r=0.2 ours_combine     peak= 8.325GB acc=0.50 hr=0.5 fb=200 segs=0
chunk inputs, size: 512 (num 2)
ratio 0.40 (pair), 0.0 GB (evict 86269 pairs)
  r=0.4 kvzip            peak= 8.311GB acc=1.00 hr=0.4 fb=None segs=None
ratio 0.50 (pair), 0.0 GB (evict 57561 pairs)
  r=0.4 ours             peak= 8.325GB acc=1.00 hr=0.5 fb=399 segs=0
ratio 0.50 (pair), 0.0 GB (evict 57485 pairs)
  r=0.4 ours_predict_next peak= 8.325GB acc=1.00 hr=0.5 fb=399 segs=0
ratio 0.50 (pair), 0.0 GB (evict 57492 pairs)
  r=0.4 ours_combine     peak= 8.325GB acc=1.00 hr=0.5 fb=399 segs=0
chunk inputs, size: 512 (num 2)
ratio 0.60 (pair), 0.0 GB (evict 57635 pairs)
  r=0.6 kvzip            peak= 8.311GB acc=1.00 hr=0.6 fb=None segs=None
ratio 0.60 (pair), 0.0 GB (evict 57607 pairs)
  r=0.6 ours             peak= 8.325GB acc=1.00 hr=0.6 fb=499 segs=0
ratio 0.60 (pair), 0.0 GB (evict 57607 pairs)
  r=0.6 ours_predict_next peak= 8.325GB acc=1.00 hr=0.6 fb=499 segs=0
ratio 0.60 (pair), 0.0 GB (evict 57607 pairs)
  r=0.6 ours_combine     peak= 8.325GB acc=1.00 hr=0.6 fb=499 segs=0
chunk inputs, size: 512 (num 2)
ratio 0.80 (pair), 0.1 GB (evict 28811 pairs)
  r=0.8 kvzip            peak= 8.311GB acc=1.00 hr=0.8 fb=None segs=None
ratio 0.80 (pair), 0.1 GB (evict 28808 pairs)
  r=0.8 ours             peak= 8.325GB acc=1.00 hr=0.8 fb=499 segs=0
ratio 0.80 (pair), 0.1 GB (evict 28808 pairs)
  r=0.8 ours_predict_next peak= 8.325GB acc=1.00 hr=0.8 fb=499 segs=0
ratio 0.80 (pair), 0.1 GB (evict 28808 pairs)
  r=0.8 ours_combine     peak= 8.325GB acc=1.00 hr=0.8 fb=499 segs=0
chunk inputs, size: 512 (num 2)
ratio 1.00 (pair), 0.1 GB (evict 0 pairs)
  r=1.0 kvzip            peak= 8.311GB acc=1.00 hr=1.0 fb=None segs=None
ratio 1.00 (pair), 0.1 GB (evict 0 pairs)
  r=1.0 ours             peak= 8.325GB acc=1.00 hr=1.0 fb=499 segs=0
ratio 1.00 (pair), 0.1 GB (evict 0 pairs)
  r=1.0 ours_predict_next peak= 8.325GB acc=1.00 hr=1.0 fb=499 segs=0
ratio 1.00 (pair), 0.1 GB (evict 0 pairs)
  r=1.0 ours_combine     peak= 8.325GB acc=1.00 hr=1.0 fb=499 segs=0
insertion at 140
================================================================================ 
[ctx_len=500 depth=40% q=0.4 true_len=499]
chunk inputs, size: 512 (num 2)
ratio 0.00 (pair), 0.0 GB (evict 143712 pairs)
  r=0.0 kvzip            peak= 8.311GB acc=0.00 hr=0.0 fb=None segs=None
ratio 0.00 (pair), 0.0 GB (evict 18432 pairs)
  r=0.0 ours             peak= 8.325GB acc=0.00 hr=0.0 fb=64 segs=0
ratio 0.00 (pair), 0.0 GB (evict 18432 pairs)
  r=0.0 ours_predict_next peak= 8.325GB acc=0.00 hr=0.0 fb=64 segs=0
ratio 0.00 (pair), 0.0 GB (evict 18432 pairs)
  r=0.0 ours_combine     peak= 8.325GB acc=0.00 hr=0.0 fb=64 segs=0
chunk inputs, size: 512 (num 2)
ratio 0.20 (pair), 0.0 GB (evict 114993 pairs)
  r=0.2 kvzip            peak= 8.311GB acc=1.00 hr=0.2 fb=None segs=None
ratio 0.50 (pair), 0.0 GB (evict 28828 pairs)
  r=0.2 ours             peak= 8.325GB acc=1.00 hr=0.5 fb=200 segs=0
ratio 0.50 (pair), 0.0 GB (evict 28838 pairs)
  r=0.2 ours_predict_next peak= 8.325GB acc=0.50 hr=0.5 fb=200 segs=0
ratio 0.50 (pair), 0.0 GB (evict 28848 pairs)
  r=0.2 ours_combine     peak= 8.325GB acc=0.50 hr=0.5 fb=200 segs=0
chunk inputs, size: 512 (num 2)
ratio 0.40 (pair), 0.0 GB (evict 86269 pairs)
  r=0.4 kvzip            peak= 8.311GB acc=1.00 hr=0.4 fb=None segs=None
ratio 0.50 (pair), 0.0 GB (evict 57561 pairs)
  r=0.4 ours             peak= 8.325GB acc=1.00 hr=0.5 fb=399 segs=0
ratio 0.50 (pair), 0.0 GB (evict 57485 pairs)
  r=0.4 ours_predict_next peak= 8.325GB acc=1.00 hr=0.5 fb=399 segs=0
ratio 0.50 (pair), 0.0 GB (evict 57492 pairs)
  r=0.4 ours_combine     peak= 8.325GB acc=1.00 hr=0.5 fb=399 segs=0
chunk inputs, size: 512 (num 2)
ratio 0.60 (pair), 0.0 GB (evict 57635 pairs)
  r=0.6 kvzip            peak= 8.311GB acc=1.00 hr=0.6 fb=None segs=None
ratio 0.60 (pair), 0.0 GB (evict 57607 pairs)
  r=0.6 ours             peak= 8.325GB acc=1.00 hr=0.6 fb=499 segs=0
ratio 0.60 (pair), 0.0 GB (evict 57607 pairs)
  r=0.6 ours_predict_next peak= 8.325GB acc=1.00 hr=0.6 fb=499 segs=0
ratio 0.60 (pair), 0.0 GB (evict 57607 pairs)
  r=0.6 ours_combine     peak= 8.325GB acc=1.00 hr=0.6 fb=499 segs=0
chunk inputs, size: 512 (num 2)
ratio 0.80 (pair), 0.1 GB (evict 28811 pairs)
  r=0.8 kvzip            peak= 8.311GB acc=1.00 hr=0.8 fb=None segs=None
ratio 0.80 (pair), 0.1 GB (evict 28808 pairs)
  r=0.8 ours             peak= 8.325GB acc=1.00 hr=0.8 fb=499 segs=0
ratio 0.80 (pair), 0.1 GB (evict 28808 pairs)
  r=0.8 ours_predict_next peak= 8.325GB acc=1.00 hr=0.8 fb=499 segs=0
ratio 0.80 (pair), 0.1 GB (evict 28808 pairs)
  r=0.8 ours_combine     peak= 8.325GB acc=1.00 hr=0.8 fb=499 segs=0
chunk inputs, size: 512 (num 2)
ratio 1.00 (pair), 0.1 GB (evict 0 pairs)
  r=1.0 kvzip            peak= 8.311GB acc=1.00 hr=1.0 fb=None segs=None
ratio 1.00 (pair), 0.1 GB (evict 0 pairs)
  r=1.0 ours             peak= 8.325GB acc=1.00 hr=1.0 fb=499 segs=0
ratio 1.00 (pair), 0.1 GB (evict 0 pairs)
  r=1.0 ours_predict_next peak= 8.325GB acc=1.00 hr=1.0 fb=499 segs=0
ratio 1.00 (pair), 0.1 GB (evict 0 pairs)
  r=1.0 ours_combine     peak= 8.325GB acc=1.00 hr=1.0 fb=499 segs=0
insertion at 230
================================================================================ 
[ctx_len=500 depth=50% q=0.5 true_len=499]
chunk inputs, size: 512 (num 2)
ratio 0.00 (pair), 0.0 GB (evict 143712 pairs)
  r=0.0 kvzip            peak= 8.311GB acc=0.00 hr=0.0 fb=None segs=None
ratio 0.00 (pair), 0.0 GB (evict 18432 pairs)
  r=0.0 ours             peak= 8.325GB acc=0.00 hr=0.0 fb=64 segs=0
ratio 0.00 (pair), 0.0 GB (evict 18432 pairs)
  r=0.0 ours_predict_next peak= 8.325GB acc=0.00 hr=0.0 fb=64 segs=0
ratio 0.00 (pair), 0.0 GB (evict 18432 pairs)
  r=0.0 ours_combine     peak= 8.325GB acc=0.00 hr=0.0 fb=64 segs=0
chunk inputs, size: 512 (num 2)
ratio 0.20 (pair), 0.0 GB (evict 114990 pairs)
  r=0.2 kvzip            peak= 8.311GB acc=1.00 hr=0.2 fb=None segs=None
ratio 0.50 (pair), 0.0 GB (evict 28814 pairs)
  r=0.2 ours             peak= 8.325GB acc=1.00 hr=0.5 fb=200 segs=0
ratio 0.50 (pair), 0.0 GB (evict 28847 pairs)
  r=0.2 ours_predict_next peak= 8.325GB acc=1.00 hr=0.5 fb=200 segs=0
ratio 0.50 (pair), 0.0 GB (evict 28850 pairs)
  r=0.2 ours_combine     peak= 8.325GB acc=1.00 hr=0.5 fb=200 segs=0
chunk inputs, size: 512 (num 2)
ratio 0.40 (pair), 0.0 GB (evict 86319 pairs)
  r=0.4 kvzip            peak= 8.311GB acc=1.00 hr=0.4 fb=None segs=None
ratio 0.50 (pair), 0.0 GB (evict 57564 pairs)
  r=0.4 ours             peak= 8.325GB acc=1.00 hr=0.5 fb=399 segs=0
ratio 0.50 (pair), 0.0 GB (evict 57516 pairs)
  r=0.4 ours_predict_next peak= 8.325GB acc=1.00 hr=0.5 fb=399 segs=0
ratio 0.50 (pair), 0.0 GB (evict 57524 pairs)
  r=0.4 ours_combine     peak= 8.325GB acc=1.00 hr=0.5 fb=399 segs=0
chunk inputs, size: 512 (num 2)
ratio 0.60 (pair), 0.0 GB (evict 57508 pairs)
  r=0.6 kvzip            peak= 8.311GB acc=1.00 hr=0.6 fb=None segs=None
ratio 0.60 (pair), 0.0 GB (evict 57546 pairs)
  r=0.6 ours             peak= 8.325GB acc=1.00 hr=0.6 fb=499 segs=0
ratio 0.60 (pair), 0.0 GB (evict 57546 pairs)
  r=0.6 ours_predict_next peak= 8.325GB acc=1.00 hr=0.6 fb=499 segs=0
ratio 0.60 (pair), 0.0 GB (evict 57546 pairs)
  r=0.6 ours_combine     peak= 8.325GB acc=1.00 hr=0.6 fb=499 segs=0
chunk inputs, size: 512 (num 2)
ratio 0.80 (pair), 0.1 GB (evict 28793 pairs)
  r=0.8 kvzip            peak= 8.311GB acc=1.00 hr=0.8 fb=None segs=None
ratio 0.80 (pair), 0.1 GB (evict 28764 pairs)
  r=0.8 ours             peak= 8.325GB acc=1.00 hr=0.8 fb=499 segs=0
ratio 0.80 (pair), 0.1 GB (evict 28764 pairs)
  r=0.8 ours_predict_next peak= 8.325GB acc=1.00 hr=0.8 fb=499 segs=0
ratio 0.80 (pair), 0.1 GB (evict 28764 pairs)
  r=0.8 ours_combine     peak= 8.325GB acc=1.00 hr=0.8 fb=499 segs=0
chunk inputs, size: 512 (num 2)
ratio 1.00 (pair), 0.1 GB (evict 0 pairs)
  r=1.0 kvzip            peak= 8.311GB acc=1.00 hr=1.0 fb=None segs=None
ratio 1.00 (pair), 0.1 GB (evict 0 pairs)
  r=1.0 ours             peak= 8.325GB acc=1.00 hr=1.0 fb=499 segs=0
ratio 1.00 (pair), 0.1 GB (evict 0 pairs)
  r=1.0 ours_predict_next peak= 8.325GB acc=1.00 hr=1.0 fb=499 segs=0
ratio 1.00 (pair), 0.1 GB (evict 0 pairs)
  r=1.0 ours_combine     peak= 8.325GB acc=1.00 hr=1.0 fb=499 segs=0
insertion at 255
================================================================================ 
[ctx_len=500 depth=60% q=0.6 true_len=499]
chunk inputs, size: 512 (num 2)
ratio 0.00 (pair), 0.0 GB (evict 143712 pairs)
  r=0.0 kvzip            peak= 8.311GB acc=0.00 hr=0.0 fb=None segs=None
ratio 0.00 (pair), 0.0 GB (evict 18432 pairs)
  r=0.0 ours             peak= 8.325GB acc=0.00 hr=0.0 fb=64 segs=0
ratio 0.00 (pair), 0.0 GB (evict 18432 pairs)
  r=0.0 ours_predict_next peak= 8.325GB acc=0.00 hr=0.0 fb=64 segs=0
ratio 0.00 (pair), 0.0 GB (evict 18432 pairs)
  r=0.0 ours_combine     peak= 8.325GB acc=0.00 hr=0.0 fb=64 segs=0
chunk inputs, size: 512 (num 2)
ratio 0.20 (pair), 0.0 GB (evict 115022 pairs)
  r=0.2 kvzip            peak= 8.311GB acc=1.00 hr=0.2 fb=None segs=None
ratio 0.50 (pair), 0.0 GB (evict 28801 pairs)
  r=0.2 ours             peak= 8.325GB acc=1.00 hr=0.5 fb=200 segs=0
ratio 0.50 (pair), 0.0 GB (evict 28832 pairs)
  r=0.2 ours_predict_next peak= 8.325GB acc=1.00 hr=0.5 fb=200 segs=0
ratio 0.50 (pair), 0.0 GB (evict 28844 pairs)
  r=0.2 ours_combine     peak= 8.325GB acc=1.00 hr=0.5 fb=200 segs=0
chunk inputs, size: 512 (num 2)
ratio 0.40 (pair), 0.0 GB (evict 86262 pairs)
  r=0.4 kvzip            peak= 8.311GB acc=1.00 hr=0.4 fb=None segs=None
ratio 0.50 (pair), 0.0 GB (evict 57580 pairs)
  r=0.4 ours             peak= 8.325GB acc=1.00 hr=0.5 fb=399 segs=0
ratio 0.50 (pair), 0.0 GB (evict 57469 pairs)
  r=0.4 ours_predict_next peak= 8.325GB acc=1.00 hr=0.5 fb=399 segs=0
ratio 0.50 (pair), 0.0 GB (evict 57540 pairs)
  r=0.4 ours_combine     peak= 8.325GB acc=1.00 hr=0.5 fb=399 segs=0
chunk inputs, size: 512 (num 2)
ratio 0.60 (pair), 0.0 GB (evict 57545 pairs)
  r=0.6 kvzip            peak= 8.311GB acc=1.00 hr=0.6 fb=None segs=None
ratio 0.60 (pair), 0.0 GB (evict 57561 pairs)
  r=0.6 ours             peak= 8.325GB acc=1.00 hr=0.6 fb=499 segs=0
ratio 0.60 (pair), 0.0 GB (evict 57561 pairs)
  r=0.6 ours_predict_next peak= 8.325GB acc=1.00 hr=0.6 fb=499 segs=0
ratio 0.60 (pair), 0.0 GB (evict 57561 pairs)
  r=0.6 ours_combine     peak= 8.325GB acc=1.00 hr=0.6 fb=499 segs=0
chunk inputs, size: 512 (num 2)
ratio 0.80 (pair), 0.1 GB (evict 28801 pairs)
  r=0.8 kvzip            peak= 8.311GB acc=1.00 hr=0.8 fb=None segs=None
ratio 0.80 (pair), 0.1 GB (evict 28818 pairs)
  r=0.8 ours             peak= 8.325GB acc=1.00 hr=0.8 fb=499 segs=0
ratio 0.80 (pair), 0.1 GB (evict 28818 pairs)
  r=0.8 ours_predict_next peak= 8.325GB acc=1.00 hr=0.8 fb=499 segs=0
ratio 0.80 (pair), 0.1 GB (evict 28818 pairs)
  r=0.8 ours_combine     peak= 8.325GB acc=1.00 hr=0.8 fb=499 segs=0
chunk inputs, size: 512 (num 2)
ratio 1.00 (pair), 0.1 GB (evict 0 pairs)
  r=1.0 kvzip            peak= 8.311GB acc=1.00 hr=1.0 fb=None segs=None
ratio 1.00 (pair), 0.1 GB (evict 0 pairs)
  r=1.0 ours             peak= 8.325GB acc=1.00 hr=1.0 fb=499 segs=0
ratio 1.00 (pair), 0.1 GB (evict 0 pairs)
  r=1.0 ours_predict_next peak= 8.325GB acc=1.00 hr=1.0 fb=499 segs=0
ratio 1.00 (pair), 0.1 GB (evict 0 pairs)
  r=1.0 ours_combine     peak= 8.325GB acc=1.00 hr=1.0 fb=499 segs=0
insertion at 317
================================================================================ 
[ctx_len=500 depth=70% q=0.7 true_len=499]
chunk inputs, size: 512 (num 2)
ratio 0.00 (pair), 0.0 GB (evict 143712 pairs)
  r=0.0 kvzip            peak= 8.311GB acc=0.00 hr=0.0 fb=None segs=None
ratio 0.00 (pair), 0.0 GB (evict 18432 pairs)
  r=0.0 ours             peak= 8.325GB acc=0.00 hr=0.0 fb=64 segs=0
ratio 0.00 (pair), 0.0 GB (evict 18432 pairs)
  r=0.0 ours_predict_next peak= 8.325GB acc=0.00 hr=0.0 fb=64 segs=0
ratio 0.00 (pair), 0.0 GB (evict 18432 pairs)
  r=0.0 ours_combine     peak= 8.325GB acc=0.00 hr=0.0 fb=64 segs=0
chunk inputs, size: 512 (num 2)
ratio 0.20 (pair), 0.0 GB (evict 115059 pairs)
  r=0.2 kvzip            peak= 8.311GB acc=1.00 hr=0.2 fb=None segs=None
ratio 0.50 (pair), 0.0 GB (evict 28811 pairs)
  r=0.2 ours             peak= 8.325GB acc=1.00 hr=0.5 fb=200 segs=0
ratio 0.50 (pair), 0.0 GB (evict 28808 pairs)
  r=0.2 ours_predict_next peak= 8.325GB acc=0.50 hr=0.5 fb=200 segs=0
ratio 0.50 (pair), 0.0 GB (evict 28848 pairs)
  r=0.2 ours_combine     peak= 8.325GB acc=1.00 hr=0.5 fb=200 segs=0
chunk inputs, size: 512 (num 2)
ratio 0.40 (pair), 0.0 GB (evict 86236 pairs)
  r=0.4 kvzip            peak= 8.311GB acc=1.00 hr=0.4 fb=None segs=None
ratio 0.50 (pair), 0.0 GB (evict 57504 pairs)
  r=0.4 ours             peak= 8.325GB acc=1.00 hr=0.5 fb=399 segs=0
ratio 0.50 (pair), 0.0 GB (evict 57457 pairs)
  r=0.4 ours_predict_next peak= 8.325GB acc=1.00 hr=0.5 fb=399 segs=0
ratio 0.50 (pair), 0.0 GB (evict 57527 pairs)
  r=0.4 ours_combine     peak= 8.325GB acc=1.00 hr=0.5 fb=399 segs=0
chunk inputs, size: 512 (num 2)
ratio 0.60 (pair), 0.0 GB (evict 57538 pairs)
  r=0.6 kvzip            peak= 8.311GB acc=1.00 hr=0.6 fb=None segs=None
ratio 0.60 (pair), 0.0 GB (evict 57565 pairs)
  r=0.6 ours             peak= 8.325GB acc=1.00 hr=0.6 fb=499 segs=0
ratio 0.60 (pair), 0.0 GB (evict 57565 pairs)
  r=0.6 ours_predict_next peak= 8.325GB acc=1.00 hr=0.6 fb=499 segs=0
ratio 0.60 (pair), 0.0 GB (evict 57565 pairs)
  r=0.6 ours_combine     peak= 8.325GB acc=1.00 hr=0.6 fb=499 segs=0
chunk inputs, size: 512 (num 2)
ratio 0.80 (pair), 0.1 GB (evict 28811 pairs)
  r=0.8 kvzip            peak= 8.311GB acc=1.00 hr=0.8 fb=None segs=None
ratio 0.80 (pair), 0.1 GB (evict 28845 pairs)
  r=0.8 ours             peak= 8.325GB acc=1.00 hr=0.8 fb=499 segs=0
ratio 0.80 (pair), 0.1 GB (evict 28845 pairs)
  r=0.8 ours_predict_next peak= 8.325GB acc=1.00 hr=0.8 fb=499 segs=0
ratio 0.80 (pair), 0.1 GB (evict 28845 pairs)
  r=0.8 ours_combine     peak= 8.325GB acc=1.00 hr=0.8 fb=499 segs=0
chunk inputs, size: 512 (num 2)
ratio 1.00 (pair), 0.1 GB (evict 0 pairs)
  r=1.0 kvzip            peak= 8.311GB acc=1.00 hr=1.0 fb=None segs=None
ratio 1.00 (pair), 0.1 GB (evict 0 pairs)
  r=1.0 ours             peak= 8.325GB acc=1.00 hr=1.0 fb=499 segs=0
ratio 1.00 (pair), 0.1 GB (evict 0 pairs)
  r=1.0 ours_predict_next peak= 8.325GB acc=1.00 hr=1.0 fb=499 segs=0
ratio 1.00 (pair), 0.1 GB (evict 0 pairs)
  r=1.0 ours_combine     peak= 8.325GB acc=1.00 hr=1.0 fb=499 segs=0
insertion at 368
================================================================================ 
[ctx_len=500 depth=80% q=0.8 true_len=499]
chunk inputs, size: 512 (num 2)
ratio 0.00 (pair), 0.0 GB (evict 143712 pairs)
  r=0.0 kvzip            peak= 8.311GB acc=0.00 hr=0.0 fb=None segs=None
ratio 0.00 (pair), 0.0 GB (evict 18432 pairs)
  r=0.0 ours             peak= 8.325GB acc=0.00 hr=0.0 fb=64 segs=0
ratio 0.00 (pair), 0.0 GB (evict 18432 pairs)
  r=0.0 ours_predict_next peak= 8.325GB acc=0.00 hr=0.0 fb=64 segs=0
ratio 0.00 (pair), 0.0 GB (evict 18432 pairs)
  r=0.0 ours_combine     peak= 8.325GB acc=0.00 hr=0.0 fb=64 segs=0
chunk inputs, size: 512 (num 2)
ratio 0.20 (pair), 0.0 GB (evict 115034 pairs)
  r=0.2 kvzip            peak= 8.311GB acc=1.00 hr=0.2 fb=None segs=None
ratio 0.50 (pair), 0.0 GB (evict 28815 pairs)
  r=0.2 ours             peak= 8.325GB acc=1.00 hr=0.5 fb=200 segs=0
ratio 0.50 (pair), 0.0 GB (evict 28819 pairs)
  r=0.2 ours_predict_next peak= 8.325GB acc=0.50 hr=0.5 fb=200 segs=0
ratio 0.50 (pair), 0.0 GB (evict 28842 pairs)
  r=0.2 ours_combine     peak= 8.325GB acc=1.00 hr=0.5 fb=200 segs=0
chunk inputs, size: 512 (num 2)
ratio 0.40 (pair), 0.0 GB (evict 86234 pairs)
  r=0.4 kvzip            peak= 8.311GB acc=1.00 hr=0.4 fb=None segs=None
ratio 0.50 (pair), 0.0 GB (evict 57480 pairs)
  r=0.4 ours             peak= 8.325GB acc=1.00 hr=0.5 fb=399 segs=0
ratio 0.50 (pair), 0.0 GB (evict 57524 pairs)
  r=0.4 ours_predict_next peak= 8.325GB acc=1.00 hr=0.5 fb=399 segs=0
ratio 0.50 (pair), 0.0 GB (evict 57467 pairs)
  r=0.4 ours_combine     peak= 8.325GB acc=1.00 hr=0.5 fb=399 segs=0
chunk inputs, size: 512 (num 2)
ratio 0.60 (pair), 0.0 GB (evict 57581 pairs)
  r=0.6 kvzip            peak= 8.311GB acc=1.00 hr=0.6 fb=None segs=None
ratio 0.60 (pair), 0.0 GB (evict 57627 pairs)
  r=0.6 ours             peak= 8.325GB acc=1.00 hr=0.6 fb=499 segs=0
ratio 0.60 (pair), 0.0 GB (evict 57627 pairs)
  r=0.6 ours_predict_next peak= 8.325GB acc=1.00 hr=0.6 fb=499 segs=0
ratio 0.60 (pair), 0.0 GB (evict 57627 pairs)
  r=0.6 ours_combine     peak= 8.325GB acc=1.00 hr=0.6 fb=499 segs=0
chunk inputs, size: 512 (num 2)
ratio 0.80 (pair), 0.1 GB (evict 28812 pairs)
  r=0.8 kvzip            peak= 8.311GB acc=1.00 hr=0.8 fb=None segs=None
ratio 0.80 (pair), 0.1 GB (evict 28827 pairs)
  r=0.8 ours             peak= 8.325GB acc=1.00 hr=0.8 fb=499 segs=0
ratio 0.80 (pair), 0.1 GB (evict 28827 pairs)
  r=0.8 ours_predict_next peak= 8.325GB acc=1.00 hr=0.8 fb=499 segs=0
ratio 0.80 (pair), 0.1 GB (evict 28827 pairs)
  r=0.8 ours_combine     peak= 8.325GB acc=1.00 hr=0.8 fb=499 segs=0
chunk inputs, size: 512 (num 2)
ratio 1.00 (pair), 0.1 GB (evict 0 pairs)
  r=1.0 kvzip            peak= 8.311GB acc=1.00 hr=1.0 fb=None segs=None
ratio 1.00 (pair), 0.1 GB (evict 0 pairs)
  r=1.0 ours             peak= 8.325GB acc=1.00 hr=1.0 fb=499 segs=0
ratio 1.00 (pair), 0.1 GB (evict 0 pairs)
  r=1.0 ours_predict_next peak= 8.325GB acc=1.00 hr=1.0 fb=499 segs=0
ratio 1.00 (pair), 0.1 GB (evict 0 pairs)
  r=1.0 ours_combine     peak= 8.325GB acc=1.00 hr=1.0 fb=499 segs=0
insertion at 368
================================================================================ 
[ctx_len=500 depth=90% q=0.9 true_len=499]
chunk inputs, size: 512 (num 2)
ratio 0.00 (pair), 0.0 GB (evict 143712 pairs)
  r=0.0 kvzip            peak= 8.311GB acc=0.00 hr=0.0 fb=None segs=None
ratio 0.00 (pair), 0.0 GB (evict 18432 pairs)
  r=0.0 ours             peak= 8.325GB acc=0.00 hr=0.0 fb=64 segs=0
ratio 0.00 (pair), 0.0 GB (evict 18432 pairs)
  r=0.0 ours_predict_next peak= 8.325GB acc=0.00 hr=0.0 fb=64 segs=0
ratio 0.00 (pair), 0.0 GB (evict 18432 pairs)
  r=0.0 ours_combine     peak= 8.325GB acc=0.00 hr=0.0 fb=64 segs=0
chunk inputs, size: 512 (num 2)
ratio 0.20 (pair), 0.0 GB (evict 115034 pairs)
  r=0.2 kvzip            peak= 8.311GB acc=1.00 hr=0.2 fb=None segs=None
ratio 0.50 (pair), 0.0 GB (evict 28815 pairs)
  r=0.2 ours             peak= 8.325GB acc=1.00 hr=0.5 fb=200 segs=0
ratio 0.50 (pair), 0.0 GB (evict 28819 pairs)
  r=0.2 ours_predict_next peak= 8.325GB acc=0.50 hr=0.5 fb=200 segs=0
ratio 0.50 (pair), 0.0 GB (evict 28842 pairs)
  r=0.2 ours_combine     peak= 8.325GB acc=1.00 hr=0.5 fb=200 segs=0
chunk inputs, size: 512 (num 2)
ratio 0.40 (pair), 0.0 GB (evict 86234 pairs)
  r=0.4 kvzip            peak= 8.311GB acc=1.00 hr=0.4 fb=None segs=None
ratio 0.50 (pair), 0.0 GB (evict 57480 pairs)
  r=0.4 ours             peak= 8.325GB acc=1.00 hr=0.5 fb=399 segs=0
ratio 0.50 (pair), 0.0 GB (evict 57524 pairs)
  r=0.4 ours_predict_next peak= 8.325GB acc=1.00 hr=0.5 fb=399 segs=0
ratio 0.50 (pair), 0.0 GB (evict 57467 pairs)
  r=0.4 ours_combine     peak= 8.325GB acc=1.00 hr=0.5 fb=399 segs=0
chunk inputs, size: 512 (num 2)
ratio 0.60 (pair), 0.0 GB (evict 57581 pairs)
  r=0.6 kvzip            peak= 8.311GB acc=1.00 hr=0.6 fb=None segs=None
ratio 0.60 (pair), 0.0 GB (evict 57627 pairs)
  r=0.6 ours             peak= 8.325GB acc=1.00 hr=0.6 fb=499 segs=0
ratio 0.60 (pair), 0.0 GB (evict 57627 pairs)
  r=0.6 ours_predict_next peak= 8.325GB acc=1.00 hr=0.6 fb=499 segs=0
ratio 0.60 (pair), 0.0 GB (evict 57627 pairs)
  r=0.6 ours_combine     peak= 8.325GB acc=1.00 hr=0.6 fb=499 segs=0
chunk inputs, size: 512 (num 2)
ratio 0.80 (pair), 0.1 GB (evict 28812 pairs)
  r=0.8 kvzip            peak= 8.311GB acc=1.00 hr=0.8 fb=None segs=None
ratio 0.80 (pair), 0.1 GB (evict 28827 pairs)
  r=0.8 ours             peak= 8.325GB acc=1.00 hr=0.8 fb=499 segs=0
ratio 0.80 (pair), 0.1 GB (evict 28827 pairs)
  r=0.8 ours_predict_next peak= 8.325GB acc=1.00 hr=0.8 fb=499 segs=0
ratio 0.80 (pair), 0.1 GB (evict 28827 pairs)
  r=0.8 ours_combine     peak= 8.325GB acc=1.00 hr=0.8 fb=499 segs=0
chunk inputs, size: 512 (num 2)
ratio 1.00 (pair), 0.1 GB (evict 0 pairs)
  r=1.0 kvzip            peak= 8.311GB acc=1.00 hr=1.0 fb=None segs=None
ratio 1.00 (pair), 0.1 GB (evict 0 pairs)
  r=1.0 ours             peak= 8.325GB acc=1.00 hr=1.0 fb=499 segs=0
ratio 1.00 (pair), 0.1 GB (evict 0 pairs)
  r=1.0 ours_predict_next peak= 8.325GB acc=1.00 hr=1.0 fb=499 segs=0
ratio 1.00 (pair), 0.1 GB (evict 0 pairs)
  r=1.0 ours_combine     peak= 8.325GB acc=1.00 hr=1.0 fb=499 segs=0
insertion at 476
================================================================================ 
[ctx_len=500 depth=100% q=1.0 true_len=500]
chunk inputs, size: 512 (num 2)
ratio 0.00 (pair), 0.0 GB (evict 144000 pairs)
  r=0.0 kvzip            peak= 8.311GB acc=0.00 hr=0.0 fb=None segs=None
ratio 0.00 (pair), 0.0 GB (evict 18432 pairs)
  r=0.0 ours             peak= 8.326GB acc=0.00 hr=0.0 fb=64 segs=0
ratio 0.00 (pair), 0.0 GB (evict 18432 pairs)
  r=0.0 ours_predict_next peak= 8.326GB acc=0.00 hr=0.0 fb=64 segs=0
ratio 0.00 (pair), 0.0 GB (evict 18432 pairs)
  r=0.0 ours_combine     peak= 8.326GB acc=0.00 hr=0.0 fb=64 segs=0
chunk inputs, size: 512 (num 2)
ratio 0.20 (pair), 0.0 GB (evict 115215 pairs)
  r=0.2 kvzip            peak= 8.311GB acc=1.00 hr=0.2 fb=None segs=None
ratio 0.50 (pair), 0.0 GB (evict 28814 pairs)
  r=0.2 ours             peak= 8.326GB acc=1.00 hr=0.5 fb=200 segs=0
ratio 0.50 (pair), 0.0 GB (evict 28818 pairs)
  r=0.2 ours_predict_next peak= 8.326GB acc=1.00 hr=0.5 fb=200 segs=0
ratio 0.50 (pair), 0.0 GB (evict 28865 pairs)
  r=0.2 ours_combine     peak= 8.326GB acc=1.00 hr=0.5 fb=200 segs=0
chunk inputs, size: 512 (num 2)
ratio 0.40 (pair), 0.0 GB (evict 86473 pairs)
  r=0.4 kvzip            peak= 8.311GB acc=1.00 hr=0.4 fb=None segs=None
ratio 0.50 (pair), 0.0 GB (evict 57651 pairs)
  r=0.4 ours             peak= 8.326GB acc=1.00 hr=0.5 fb=400 segs=0
ratio 0.50 (pair), 0.0 GB (evict 57608 pairs)
  r=0.4 ours_predict_next peak= 8.326GB acc=1.00 hr=0.5 fb=400 segs=0
ratio 0.50 (pair), 0.0 GB (evict 57646 pairs)
  r=0.4 ours_combine     peak= 8.326GB acc=1.00 hr=0.5 fb=400 segs=0
chunk inputs, size: 512 (num 2)
ratio 0.60 (pair), 0.0 GB (evict 57665 pairs)
  r=0.6 kvzip            peak= 8.311GB acc=1.00 hr=0.6 fb=None segs=None
ratio 0.60 (pair), 0.0 GB (evict 57641 pairs)
  r=0.6 ours             peak= 8.326GB acc=1.00 hr=0.6 fb=500 segs=0
ratio 0.60 (pair), 0.0 GB (evict 57641 pairs)
  r=0.6 ours_predict_next peak= 8.326GB acc=1.00 hr=0.6 fb=500 segs=0
ratio 0.60 (pair), 0.0 GB (evict 57641 pairs)
  r=0.6 ours_combine     peak= 8.326GB acc=1.00 hr=0.6 fb=500 segs=0
chunk inputs, size: 512 (num 2)
ratio 0.80 (pair), 0.1 GB (evict 28807 pairs)
  r=0.8 kvzip            peak= 8.311GB acc=1.00 hr=0.8 fb=None segs=None
ratio 0.80 (pair), 0.1 GB (evict 28863 pairs)
  r=0.8 ours             peak= 8.326GB acc=1.00 hr=0.8 fb=500 segs=0
ratio 0.80 (pair), 0.1 GB (evict 28863 pairs)
  r=0.8 ours_predict_next peak= 8.326GB acc=1.00 hr=0.8 fb=500 segs=0
ratio 0.80 (pair), 0.1 GB (evict 28863 pairs)
  r=0.8 ours_combine     peak= 8.326GB acc=1.00 hr=0.8 fb=500 segs=0
chunk inputs, size: 512 (num 2)
ratio 1.00 (pair), 0.1 GB (evict 0 pairs)
  r=1.0 kvzip            peak= 8.311GB acc=1.00 hr=1.0 fb=None segs=None
ratio 1.00 (pair), 0.1 GB (evict 0 pairs)
  r=1.0 ours             peak= 8.326GB acc=1.00 hr=1.0 fb=500 segs=0
ratio 1.00 (pair), 0.1 GB (evict 0 pairs)
  r=1.0 ours_predict_next peak= 8.326GB acc=1.00 hr=1.0 fb=500 segs=0
ratio 1.00 (pair), 0.1 GB (evict 0 pairs)
  r=1.0 ours_combine     peak= 8.326GB acc=1.00 hr=1.0 fb=500 segs=0
insertion at 0
================================================================================ 
[ctx_len=2000 depth=0% q=0.0 true_len=1999]
chunk inputs, size: 512 (num 4)
ratio 0.00 (pair), 0.0 GB (evict 575712 pairs)
  r=0.0 kvzip            peak= 9.769GB acc=0.00 hr=0.0 fb=None segs=None
chunk inputs, size: 512 (num 4)
chunk inputs, size: 512 (num 2)
chunk inputs, size: 512 (num 2)
ratio 0.00 (pair), 0.0 GB (evict 18432 pairs)
  r=0.0 ours             peak= 8.391GB acc=0.00 hr=0.0 fb=64 segs=1
chunk inputs, size: 512 (num 4)
ratio 0.00 (pair), 0.0 GB (evict 18432 pairs)
  r=0.0 ours_predict_next peak= 8.438GB acc=0.00 hr=0.0 fb=64 segs=1
chunk inputs, size: 512 (num 4)
chunk inputs, size: 512 (num 2)
chunk inputs, size: 512 (num 2)
chunk inputs, size: 512 (num 2)
ratio 0.00 (pair), 0.0 GB (evict 18432 pairs)
  r=0.0 ours_combine     peak= 8.425GB acc=0.00 hr=0.0 fb=64 segs=1
chunk inputs, size: 512 (num 4)
ratio 0.20 (pair), 0.1 GB (evict 460690 pairs)
  r=0.2 kvzip            peak= 9.769GB acc=1.00 hr=0.2 fb=None segs=None
chunk inputs, size: 512 (num 4)
chunk inputs, size: 512 (num 2)
chunk inputs, size: 512 (num 2)
ratio 0.50 (pair), 0.1 GB (evict 115352 pairs)
  r=0.2 ours             peak= 8.445GB acc=1.00 hr=0.5 fb=800 segs=1
chunk inputs, size: 512 (num 4)
chunk inputs, size: 512 (num 2)
ratio 0.50 (pair), 0.1 GB (evict 115331 pairs)
  r=0.2 ours_predict_next peak= 8.438GB acc=0.00 hr=0.5 fb=800 segs=1
chunk inputs, size: 512 (num 4)
chunk inputs, size: 512 (num 2)
chunk inputs, size: 512 (num 2)
chunk inputs, size: 512 (num 2)
chunk inputs, size: 512 (num 2)
ratio 0.50 (pair), 0.1 GB (evict 115319 pairs)
  r=0.2 ours_combine     peak= 8.442GB acc=0.50 hr=0.5 fb=800 segs=1
chunk inputs, size: 512 (num 4)
ratio 0.40 (pair), 0.1 GB (evict 345792 pairs)
  r=0.4 kvzip            peak= 9.769GB acc=1.00 hr=0.4 fb=None segs=None
chunk inputs, size: 512 (num 4)
chunk inputs, size: 512 (num 2)
chunk inputs, size: 512 (num 2)
ratio 0.50 (pair), 0.1 GB (evict 230436 pairs)
  r=0.4 ours             peak= 8.500GB acc=1.00 hr=0.5 fb=1599 segs=1
chunk inputs, size: 512 (num 4)
chunk inputs, size: 512 (num 3)
ratio 0.50 (pair), 0.1 GB (evict 184795 pairs)
  r=0.4 ours_predict_next peak= 8.438GB acc=1.00 hr=0.5 fb=1599 segs=1
chunk inputs, size: 512 (num 4)
chunk inputs, size: 512 (num 2)
chunk inputs, size: 512 (num 2)
chunk inputs, size: 512 (num 2)
chunk inputs, size: 512 (num 4)
ratio 0.50 (pair), 0.1 GB (evict 230317 pairs)
  r=0.4 ours_combine     peak= 8.499GB acc=1.00 hr=0.5 fb=1599 segs=1
chunk inputs, size: 512 (num 4)
ratio 0.60 (pair), 0.2 GB (evict 230658 pairs)
  r=0.6 kvzip            peak= 9.769GB acc=1.00 hr=0.6 fb=None segs=None
chunk inputs, size: 512 (num 4)
chunk inputs, size: 512 (num 3)
ratio 0.60 (pair), 0.1 GB (evict 171750 pairs)
  r=0.6 ours             peak= 8.469GB acc=1.00 hr=0.6 fb=1999 segs=1
chunk inputs, size: 512 (num 4)
chunk inputs, size: 512 (num 4)
chunk inputs, size: 512 (num 2)
ratio 0.60 (pair), 0.1 GB (evict 118087 pairs)
  r=0.6 ours_predict_next peak= 8.481GB acc=1.00 hr=0.6 fb=1999 segs=1
chunk inputs, size: 512 (num 4)
chunk inputs, size: 512 (num 3)
chunk inputs, size: 512 (num 3)
ratio 0.60 (pair), 0.1 GB (evict 171499 pairs)
  r=0.6 ours_combine     peak= 8.498GB acc=1.00 hr=0.6 fb=1999 segs=1
chunk inputs, size: 512 (num 4)
ratio 0.80 (pair), 0.2 GB (evict 115666 pairs)
  r=0.8 kvzip            peak= 9.769GB acc=1.00 hr=0.8 fb=None segs=None
chunk inputs, size: 512 (num 4)
chunk inputs, size: 512 (num 3)
ratio 0.80 (pair), 0.2 GB (evict 85707 pairs)
  r=0.8 ours             peak= 8.469GB acc=1.00 hr=0.8 fb=1999 segs=1
chunk inputs, size: 512 (num 4)
chunk inputs, size: 512 (num 4)
chunk inputs, size: 512 (num 2)
ratio 0.80 (pair), 0.1 GB (evict 59043 pairs)
  r=0.8 ours_predict_next peak= 8.481GB acc=1.00 hr=0.8 fb=1999 segs=1
chunk inputs, size: 512 (num 4)
chunk inputs, size: 512 (num 3)
chunk inputs, size: 512 (num 3)
ratio 0.80 (pair), 0.2 GB (evict 85889 pairs)
  r=0.8 ours_combine     peak= 8.498GB acc=1.00 hr=0.8 fb=1999 segs=1
chunk inputs, size: 512 (num 4)
ratio 1.00 (pair), 0.3 GB (evict 0 pairs)
  r=1.0 kvzip            peak= 9.769GB acc=1.00 hr=1.0 fb=None segs=None
chunk inputs, size: 512 (num 4)
chunk inputs, size: 512 (num 4)
ratio 1.00 (pair), 0.3 GB (evict 0 pairs)
  r=1.0 ours             peak= 8.538GB acc=1.00 hr=1.0 fb=1999 segs=0
chunk inputs, size: 512 (num 4)
chunk inputs, size: 512 (num 4)
chunk inputs, size: 512 (num 4)
ratio 1.00 (pair), 0.3 GB (evict 0 pairs)
  r=1.0 ours_predict_next peak= 8.488GB acc=1.00 hr=1.0 fb=1999 segs=0
chunk inputs, size: 512 (num 4)
chunk inputs, size: 512 (num 4)
chunk inputs, size: 512 (num 4)
chunk inputs, size: 512 (num 4)
ratio 1.00 (pair), 0.3 GB (evict 0 pairs)
  r=1.0 ours_combine     peak= 8.535GB acc=1.00 hr=1.0 fb=1999 segs=0
insertion at 140
================================================================================ 
[ctx_len=2000 depth=10% q=0.1 true_len=1999]
chunk inputs, size: 512 (num 4)
ratio 0.00 (pair), 0.0 GB (evict 575712 pairs)
  r=0.0 kvzip            peak= 9.769GB acc=0.00 hr=0.0 fb=None segs=None
chunk inputs, size: 512 (num 4)
chunk inputs, size: 512 (num 2)
chunk inputs, size: 512 (num 2)
ratio 0.00 (pair), 0.0 GB (evict 18432 pairs)
  r=0.0 ours             peak= 8.391GB acc=0.00 hr=0.0 fb=64 segs=1
chunk inputs, size: 512 (num 4)
ratio 0.00 (pair), 0.0 GB (evict 18432 pairs)
  r=0.0 ours_predict_next peak= 8.437GB acc=0.00 hr=0.0 fb=64 segs=1
chunk inputs, size: 512 (num 4)
chunk inputs, size: 512 (num 2)
chunk inputs, size: 512 (num 2)
chunk inputs, size: 512 (num 2)
ratio 0.00 (pair), 0.0 GB (evict 18432 pairs)
  r=0.0 ours_combine     peak= 8.425GB acc=0.00 hr=0.0 fb=64 segs=1
chunk inputs, size: 512 (num 4)
ratio 0.20 (pair), 0.1 GB (evict 460594 pairs)
  r=0.2 kvzip            peak= 9.769GB acc=1.00 hr=0.2 fb=None segs=None
chunk inputs, size: 512 (num 4)
chunk inputs, size: 512 (num 2)
chunk inputs, size: 512 (num 2)
ratio 0.50 (pair), 0.1 GB (evict 115262 pairs)
  r=0.2 ours             peak= 8.445GB acc=1.00 hr=0.5 fb=800 segs=1
chunk inputs, size: 512 (num 4)
chunk inputs, size: 512 (num 2)
ratio 0.50 (pair), 0.1 GB (evict 115220 pairs)
  r=0.2 ours_predict_next peak= 8.437GB acc=0.00 hr=0.5 fb=800 segs=1
chunk inputs, size: 512 (num 4)
chunk inputs, size: 512 (num 2)
chunk inputs, size: 512 (num 2)
chunk inputs, size: 512 (num 2)
chunk inputs, size: 512 (num 2)
ratio 0.50 (pair), 0.1 GB (evict 115227 pairs)
  r=0.2 ours_combine     peak= 8.442GB acc=0.50 hr=0.5 fb=800 segs=1
chunk inputs, size: 512 (num 4)
ratio 0.40 (pair), 0.1 GB (evict 345862 pairs)
  r=0.4 kvzip            peak= 9.769GB acc=1.00 hr=0.4 fb=None segs=None
chunk inputs, size: 512 (num 4)
chunk inputs, size: 512 (num 2)
chunk inputs, size: 512 (num 2)
ratio 0.50 (pair), 0.1 GB (evict 230488 pairs)
  r=0.4 ours             peak= 8.500GB acc=1.00 hr=0.5 fb=1599 segs=1
chunk inputs, size: 512 (num 4)
chunk inputs, size: 512 (num 3)
ratio 0.50 (pair), 0.1 GB (evict 184658 pairs)
  r=0.4 ours_predict_next peak= 8.437GB acc=1.00 hr=0.5 fb=1599 segs=1
chunk inputs, size: 512 (num 4)
chunk inputs, size: 512 (num 2)
chunk inputs, size: 512 (num 2)
chunk inputs, size: 512 (num 2)
chunk inputs, size: 512 (num 4)
ratio 0.50 (pair), 0.1 GB (evict 230433 pairs)
  r=0.4 ours_combine     peak= 8.499GB acc=1.00 hr=0.5 fb=1599 segs=1
chunk inputs, size: 512 (num 4)
ratio 0.60 (pair), 0.2 GB (evict 230305 pairs)
  r=0.6 kvzip            peak= 9.769GB acc=1.00 hr=0.6 fb=None segs=None
chunk inputs, size: 512 (num 4)
chunk inputs, size: 512 (num 3)
ratio 0.60 (pair), 0.1 GB (evict 171395 pairs)
  r=0.6 ours             peak= 8.469GB acc=1.00 hr=0.6 fb=1999 segs=1
chunk inputs, size: 512 (num 4)
chunk inputs, size: 512 (num 4)
chunk inputs, size: 512 (num 2)
ratio 0.60 (pair), 0.1 GB (evict 118008 pairs)
  r=0.6 ours_predict_next peak= 8.481GB acc=1.00 hr=0.6 fb=1999 segs=1
chunk inputs, size: 512 (num 4)
chunk inputs, size: 512 (num 3)
chunk inputs, size: 512 (num 3)
ratio 0.60 (pair), 0.1 GB (evict 171532 pairs)
  r=0.6 ours_combine     peak= 8.498GB acc=1.00 hr=0.6 fb=1999 segs=1
chunk inputs, size: 512 (num 4)
ratio 0.80 (pair), 0.2 GB (evict 115760 pairs)
  r=0.8 kvzip            peak= 9.769GB acc=1.00 hr=0.8 fb=None segs=None
chunk inputs, size: 512 (num 4)
chunk inputs, size: 512 (num 3)
ratio 0.80 (pair), 0.2 GB (evict 85820 pairs)
  r=0.8 ours             peak= 8.469GB acc=1.00 hr=0.8 fb=1999 segs=1
chunk inputs, size: 512 (num 4)
chunk inputs, size: 512 (num 4)
chunk inputs, size: 512 (num 2)
ratio 0.80 (pair), 0.1 GB (evict 59083 pairs)
  r=0.8 ours_predict_next peak= 8.481GB acc=1.00 hr=0.8 fb=1999 segs=1
chunk inputs, size: 512 (num 4)
chunk inputs, size: 512 (num 3)
chunk inputs, size: 512 (num 3)
ratio 0.80 (pair), 0.2 GB (evict 85695 pairs)
  r=0.8 ours_combine     peak= 8.498GB acc=1.00 hr=0.8 fb=1999 segs=1
chunk inputs, size: 512 (num 4)
ratio 1.00 (pair), 0.3 GB (evict 0 pairs)
  r=1.0 kvzip            peak= 9.769GB acc=1.00 hr=1.0 fb=None segs=None
chunk inputs, size: 512 (num 4)
chunk inputs, size: 512 (num 4)
ratio 1.00 (pair), 0.3 GB (evict 0 pairs)
  r=1.0 ours             peak= 8.538GB acc=1.00 hr=1.0 fb=1999 segs=0
chunk inputs, size: 512 (num 4)
chunk inputs, size: 512 (num 4)
chunk inputs, size: 512 (num 4)
ratio 1.00 (pair), 0.3 GB (evict 0 pairs)
  r=1.0 ours_predict_next peak= 8.488GB acc=1.00 hr=1.0 fb=1999 segs=0
chunk inputs, size: 512 (num 4)
chunk inputs, size: 512 (num 4)
chunk inputs, size: 512 (num 4)
chunk inputs, size: 512 (num 4)
ratio 1.00 (pair), 0.3 GB (evict 0 pairs)
  r=1.0 ours_combine     peak= 8.535GB acc=1.00 hr=1.0 fb=1999 segs=0
insertion at 368
================================================================================ 
[ctx_len=2000 depth=20% q=0.2 true_len=1999]
chunk inputs, size: 512 (num 4)
ratio 0.00 (pair), 0.0 GB (evict 575712 pairs)
  r=0.0 kvzip            peak= 9.769GB acc=0.00 hr=0.0 fb=None segs=None
chunk inputs, size: 512 (num 4)
chunk inputs, size: 512 (num 2)
chunk inputs, size: 512 (num 2)
ratio 0.00 (pair), 0.0 GB (evict 18432 pairs)
  r=0.0 ours             peak= 8.391GB acc=0.00 hr=0.0 fb=64 segs=1
chunk inputs, size: 512 (num 4)
ratio 0.00 (pair), 0.0 GB (evict 18432 pairs)
  r=0.0 ours_predict_next peak= 8.439GB acc=0.00 hr=0.0 fb=64 segs=1
chunk inputs, size: 512 (num 4)
chunk inputs, size: 512 (num 2)
chunk inputs, size: 512 (num 2)
chunk inputs, size: 512 (num 2)
ratio 0.00 (pair), 0.0 GB (evict 18432 pairs)
  r=0.0 ours_combine     peak= 8.425GB acc=0.00 hr=0.0 fb=64 segs=1
chunk inputs, size: 512 (num 4)
ratio 0.20 (pair), 0.1 GB (evict 460734 pairs)
  r=0.2 kvzip            peak= 9.769GB acc=1.00 hr=0.2 fb=None segs=None
chunk inputs, size: 512 (num 4)
chunk inputs, size: 512 (num 2)
chunk inputs, size: 512 (num 2)
ratio 0.50 (pair), 0.1 GB (evict 115214 pairs)
  r=0.2 ours             peak= 8.445GB acc=1.00 hr=0.5 fb=800 segs=1
chunk inputs, size: 512 (num 4)
chunk inputs, size: 512 (num 2)
ratio 0.50 (pair), 0.1 GB (evict 115240 pairs)
  r=0.2 ours_predict_next peak= 8.439GB acc=0.00 hr=0.5 fb=800 segs=1
chunk inputs, size: 512 (num 4)
chunk inputs, size: 512 (num 2)
chunk inputs, size: 512 (num 2)
chunk inputs, size: 512 (num 2)
chunk inputs, size: 512 (num 2)
ratio 0.50 (pair), 0.1 GB (evict 115325 pairs)
  r=0.2 ours_combine     peak= 8.442GB acc=1.00 hr=0.5 fb=800 segs=1
chunk inputs, size: 512 (num 4)
ratio 0.40 (pair), 0.1 GB (evict 345653 pairs)
  r=0.4 kvzip            peak= 9.769GB acc=1.00 hr=0.4 fb=None segs=None
chunk inputs, size: 512 (num 4)
chunk inputs, size: 512 (num 2)
chunk inputs, size: 512 (num 2)
ratio 0.50 (pair), 0.1 GB (evict 230494 pairs)
  r=0.4 ours             peak= 8.500GB acc=1.00 hr=0.5 fb=1599 segs=1
chunk inputs, size: 512 (num 4)
chunk inputs, size: 512 (num 3)
ratio 0.50 (pair), 0.1 GB (evict 184789 pairs)
  r=0.4 ours_predict_next peak= 8.439GB acc=0.50 hr=0.5 fb=1599 segs=1
chunk inputs, size: 512 (num 4)
chunk inputs, size: 512 (num 2)
chunk inputs, size: 512 (num 2)
chunk inputs, size: 512 (num 2)
chunk inputs, size: 512 (num 4)
ratio 0.50 (pair), 0.1 GB (evict 230372 pairs)
  r=0.4 ours_combine     peak= 8.499GB acc=1.00 hr=0.5 fb=1599 segs=1
chunk inputs, size: 512 (num 4)
ratio 0.60 (pair), 0.2 GB (evict 230776 pairs)
  r=0.6 kvzip            peak= 9.769GB acc=1.00 hr=0.6 fb=None segs=None
chunk inputs, size: 512 (num 4)
chunk inputs, size: 512 (num 3)
ratio 0.60 (pair), 0.1 GB (evict 171406 pairs)
  r=0.6 ours             peak= 8.469GB acc=1.00 hr=0.6 fb=1999 segs=1
chunk inputs, size: 512 (num 4)
chunk inputs, size: 512 (num 4)
chunk inputs, size: 512 (num 2)
ratio 0.60 (pair), 0.1 GB (evict 118067 pairs)
  r=0.6 ours_predict_next peak= 8.479GB acc=1.00 hr=0.6 fb=1999 segs=1
chunk inputs, size: 512 (num 4)
chunk inputs, size: 512 (num 3)
chunk inputs, size: 512 (num 3)
ratio 0.60 (pair), 0.1 GB (evict 171407 pairs)
  r=0.6 ours_combine     peak= 8.498GB acc=1.00 hr=0.6 fb=1999 segs=1
chunk inputs, size: 512 (num 4)
ratio 0.80 (pair), 0.2 GB (evict 115213 pairs)
  r=0.8 kvzip            peak= 9.769GB acc=1.00 hr=0.8 fb=None segs=None
chunk inputs, size: 512 (num 4)
chunk inputs, size: 512 (num 3)
ratio 0.80 (pair), 0.2 GB (evict 86028 pairs)
  r=0.8 ours             peak= 8.469GB acc=1.00 hr=0.8 fb=1999 segs=1
chunk inputs, size: 512 (num 4)
chunk inputs, size: 512 (num 4)
chunk inputs, size: 512 (num 2)
ratio 0.80 (pair), 0.1 GB (evict 59048 pairs)
  r=0.8 ours_predict_next peak= 8.479GB acc=1.00 hr=0.8 fb=1999 segs=1
chunk inputs, size: 512 (num 4)
chunk inputs, size: 512 (num 3)
chunk inputs, size: 512 (num 3)
ratio 0.80 (pair), 0.2 GB (evict 85828 pairs)
  r=0.8 ours_combine     peak= 8.498GB acc=1.00 hr=0.8 fb=1999 segs=1
chunk inputs, size: 512 (num 4)
ratio 1.00 (pair), 0.3 GB (evict 0 pairs)
  r=1.0 kvzip            peak= 9.769GB acc=1.00 hr=1.0 fb=None segs=None
chunk inputs, size: 512 (num 4)
chunk inputs, size: 512 (num 4)
ratio 1.00 (pair), 0.3 GB (evict 0 pairs)
  r=1.0 ours             peak= 8.538GB acc=1.00 hr=1.0 fb=1999 segs=0
chunk inputs, size: 512 (num 4)
chunk inputs, size: 512 (num 4)
chunk inputs, size: 512 (num 4)
ratio 1.00 (pair), 0.3 GB (evict 0 pairs)
  r=1.0 ours_predict_next peak= 8.488GB acc=1.00 hr=1.0 fb=1999 segs=0
chunk inputs, size: 512 (num 4)
chunk inputs, size: 512 (num 4)
chunk inputs, size: 512 (num 4)
chunk inputs, size: 512 (num 4)
ratio 1.00 (pair), 0.3 GB (evict 0 pairs)
  r=1.0 ours_combine     peak= 8.535GB acc=1.00 hr=1.0 fb=1999 segs=0
insertion at 576
================================================================================ 
[ctx_len=2000 depth=30% q=0.3 true_len=1999]
chunk inputs, size: 512 (num 4)
ratio 0.00 (pair), 0.0 GB (evict 575712 pairs)
  r=0.0 kvzip            peak= 9.769GB acc=0.00 hr=0.0 fb=None segs=None
chunk inputs, size: 512 (num 4)
chunk inputs, size: 512 (num 2)
chunk inputs, size: 512 (num 2)
ratio 0.00 (pair), 0.0 GB (evict 18432 pairs)
  r=0.0 ours             peak= 8.391GB acc=0.00 hr=0.0 fb=64 segs=1
chunk inputs, size: 512 (num 4)
ratio 0.00 (pair), 0.0 GB (evict 18432 pairs)
  r=0.0 ours_predict_next peak= 8.437GB acc=0.00 hr=0.0 fb=64 segs=1
chunk inputs, size: 512 (num 4)
chunk inputs, size: 512 (num 2)
chunk inputs, size: 512 (num 2)
chunk inputs, size: 512 (num 2)
ratio 0.00 (pair), 0.0 GB (evict 18432 pairs)
  r=0.0 ours_combine     peak= 8.425GB acc=0.00 hr=0.0 fb=64 segs=1
chunk inputs, size: 512 (num 4)
ratio 0.20 (pair), 0.1 GB (evict 460727 pairs)
  r=0.2 kvzip            peak= 9.769GB acc=1.00 hr=0.2 fb=None segs=None
chunk inputs, size: 512 (num 4)
chunk inputs, size: 512 (num 2)
chunk inputs, size: 512 (num 2)
ratio 0.50 (pair), 0.1 GB (evict 115202 pairs)
  r=0.2 ours             peak= 8.445GB acc=1.00 hr=0.5 fb=800 segs=1
chunk inputs, size: 512 (num 4)
chunk inputs, size: 512 (num 2)
ratio 0.50 (pair), 0.1 GB (evict 115345 pairs)
  r=0.2 ours_predict_next peak= 8.437GB acc=0.00 hr=0.5 fb=800 segs=1
chunk inputs, size: 512 (num 4)
chunk inputs, size: 512 (num 2)
chunk inputs, size: 512 (num 2)
chunk inputs, size: 512 (num 2)
chunk inputs, size: 512 (num 2)
ratio 0.50 (pair), 0.1 GB (evict 115342 pairs)
  r=0.2 ours_combine     peak= 8.442GB acc=0.50 hr=0.5 fb=800 segs=1
chunk inputs, size: 512 (num 4)
ratio 0.40 (pair), 0.1 GB (evict 345449 pairs)
  r=0.4 kvzip            peak= 9.769GB acc=1.00 hr=0.4 fb=None segs=None
chunk inputs, size: 512 (num 4)
chunk inputs, size: 512 (num 2)
chunk inputs, size: 512 (num 2)
ratio 0.50 (pair), 0.1 GB (evict 230692 pairs)
  r=0.4 ours             peak= 8.500GB acc=1.00 hr=0.5 fb=1599 segs=1
chunk inputs, size: 512 (num 4)
chunk inputs, size: 512 (num 3)
ratio 0.50 (pair), 0.1 GB (evict 184810 pairs)
  r=0.4 ours_predict_next peak= 8.437GB acc=0.50 hr=0.5 fb=1599 segs=1
chunk inputs, size: 512 (num 4)
chunk inputs, size: 512 (num 2)
chunk inputs, size: 512 (num 2)
chunk inputs, size: 512 (num 2)
chunk inputs, size: 512 (num 4)
ratio 0.50 (pair), 0.1 GB (evict 230519 pairs)
  r=0.4 ours_combine     peak= 8.499GB acc=1.00 hr=0.5 fb=1599 segs=1
chunk inputs, size: 512 (num 4)
ratio 0.60 (pair), 0.2 GB (evict 230732 pairs)
  r=0.6 kvzip            peak= 9.769GB acc=1.00 hr=0.6 fb=None segs=None
chunk inputs, size: 512 (num 4)
chunk inputs, size: 512 (num 3)
ratio 0.60 (pair), 0.1 GB (evict 171721 pairs)
  r=0.6 ours             peak= 8.469GB acc=1.00 hr=0.6 fb=1999 segs=1
chunk inputs, size: 512 (num 4)
chunk inputs, size: 512 (num 4)
chunk inputs, size: 512 (num 2)
ratio 0.60 (pair), 0.1 GB (evict 117982 pairs)
  r=0.6 ours_predict_next peak= 8.482GB acc=0.50 hr=0.6 fb=1999 segs=1
chunk inputs, size: 512 (num 4)
chunk inputs, size: 512 (num 3)
chunk inputs, size: 512 (num 3)
ratio 0.60 (pair), 0.1 GB (evict 171409 pairs)
  r=0.6 ours_combine     peak= 8.498GB acc=1.00 hr=0.6 fb=1999 segs=1
chunk inputs, size: 512 (num 4)
ratio 0.80 (pair), 0.2 GB (evict 115178 pairs)
  r=0.8 kvzip            peak= 9.769GB acc=1.00 hr=0.8 fb=None segs=None
chunk inputs, size: 512 (num 4)
chunk inputs, size: 512 (num 3)
ratio 0.80 (pair), 0.2 GB (evict 85858 pairs)
  r=0.8 ours             peak= 8.469GB acc=1.00 hr=0.8 fb=1999 segs=1
chunk inputs, size: 512 (num 4)
chunk inputs, size: 512 (num 4)
chunk inputs, size: 512 (num 2)
ratio 0.80 (pair), 0.1 GB (evict 59090 pairs)
  r=0.8 ours_predict_next peak= 8.482GB acc=0.50 hr=0.8 fb=1999 segs=1
chunk inputs, size: 512 (num 4)
chunk inputs, size: 512 (num 3)
chunk inputs, size: 512 (num 3)
ratio 0.80 (pair), 0.2 GB (evict 85717 pairs)
  r=0.8 ours_combine     peak= 8.498GB acc=1.00 hr=0.8 fb=1999 segs=1
chunk inputs, size: 512 (num 4)
ratio 1.00 (pair), 0.3 GB (evict 0 pairs)
  r=1.0 kvzip            peak= 9.769GB acc=1.00 hr=1.0 fb=None segs=None
chunk inputs, size: 512 (num 4)
chunk inputs, size: 512 (num 4)
ratio 1.00 (pair), 0.3 GB (evict 0 pairs)
  r=1.0 ours             peak= 8.538GB acc=1.00 hr=1.0 fb=1999 segs=0
chunk inputs, size: 512 (num 4)
chunk inputs, size: 512 (num 4)
chunk inputs, size: 512 (num 4)
ratio 1.00 (pair), 0.3 GB (evict 0 pairs)
  r=1.0 ours_predict_next peak= 8.485GB acc=0.50 hr=1.0 fb=1999 segs=0
chunk inputs, size: 512 (num 4)
chunk inputs, size: 512 (num 4)
chunk inputs, size: 512 (num 4)
chunk inputs, size: 512 (num 4)
ratio 1.00 (pair), 0.3 GB (evict 0 pairs)
  r=1.0 ours_combine     peak= 8.535GB acc=1.00 hr=1.0 fb=1999 segs=0
insertion at 788
================================================================================ 
[ctx_len=2000 depth=40% q=0.4 true_len=1999]
chunk inputs, size: 512 (num 4)
ratio 0.00 (pair), 0.0 GB (evict 575712 pairs)
  r=0.0 kvzip            peak= 9.769GB acc=0.00 hr=0.0 fb=None segs=None
chunk inputs, size: 512 (num 4)
chunk inputs, size: 512 (num 2)
chunk inputs, size: 512 (num 2)
ratio 0.00 (pair), 0.0 GB (evict 18432 pairs)
  r=0.0 ours             peak= 8.391GB acc=0.00 hr=0.0 fb=64 segs=1
chunk inputs, size: 512 (num 4)
ratio 0.00 (pair), 0.0 GB (evict 18432 pairs)
  r=0.0 ours_predict_next peak= 8.438GB acc=0.00 hr=0.0 fb=64 segs=1
chunk inputs, size: 512 (num 4)
chunk inputs, size: 512 (num 2)
chunk inputs, size: 512 (num 2)
chunk inputs, size: 512 (num 2)
ratio 0.00 (pair), 0.0 GB (evict 18432 pairs)
  r=0.0 ours_combine     peak= 8.425GB acc=0.00 hr=0.0 fb=64 segs=1
chunk inputs, size: 512 (num 4)
ratio 0.20 (pair), 0.1 GB (evict 460756 pairs)
  r=0.2 kvzip            peak= 9.769GB acc=1.00 hr=0.2 fb=None segs=None
chunk inputs, size: 512 (num 4)
chunk inputs, size: 512 (num 2)
chunk inputs, size: 512 (num 2)
ratio 0.50 (pair), 0.1 GB (evict 115339 pairs)
  r=0.2 ours             peak= 8.445GB acc=1.00 hr=0.5 fb=800 segs=1
chunk inputs, size: 512 (num 4)
chunk inputs, size: 512 (num 2)
ratio 0.50 (pair), 0.1 GB (evict 115335 pairs)
  r=0.2 ours_predict_next peak= 8.438GB acc=0.00 hr=0.5 fb=800 segs=1
chunk inputs, size: 512 (num 4)
chunk inputs, size: 512 (num 2)
chunk inputs, size: 512 (num 2)
chunk inputs, size: 512 (num 2)
chunk inputs, size: 512 (num 2)
ratio 0.50 (pair), 0.1 GB (evict 115229 pairs)
  r=0.2 ours_combine     peak= 8.442GB acc=0.50 hr=0.5 fb=800 segs=1
chunk inputs, size: 512 (num 4)
ratio 0.40 (pair), 0.1 GB (evict 345707 pairs)
  r=0.4 kvzip            peak= 9.769GB acc=1.00 hr=0.4 fb=None segs=None
chunk inputs, size: 512 (num 4)
chunk inputs, size: 512 (num 2)
chunk inputs, size: 512 (num 2)
ratio 0.50 (pair), 0.1 GB (evict 230408 pairs)
  r=0.4 ours             peak= 8.500GB acc=1.00 hr=0.5 fb=1599 segs=1
chunk inputs, size: 512 (num 4)
chunk inputs, size: 512 (num 3)
ratio 0.50 (pair), 0.1 GB (evict 184752 pairs)
  r=0.4 ours_predict_next peak= 8.438GB acc=0.50 hr=0.5 fb=1599 segs=1
chunk inputs, size: 512 (num 4)
chunk inputs, size: 512 (num 2)
chunk inputs, size: 512 (num 2)
chunk inputs, size: 512 (num 2)
chunk inputs, size: 512 (num 4)
ratio 0.50 (pair), 0.1 GB (evict 230287 pairs)
  r=0.4 ours_combine     peak= 8.499GB acc=1.00 hr=0.5 fb=1599 segs=1
chunk inputs, size: 512 (num 4)
ratio 0.60 (pair), 0.2 GB (evict 230357 pairs)
  r=0.6 kvzip            peak= 9.769GB acc=1.00 hr=0.6 fb=None segs=None
chunk inputs, size: 512 (num 4)
chunk inputs, size: 512 (num 3)
ratio 0.60 (pair), 0.1 GB (evict 171309 pairs)
  r=0.6 ours             peak= 8.469GB acc=1.00 hr=0.6 fb=1999 segs=1
chunk inputs, size: 512 (num 4)
chunk inputs, size: 512 (num 4)
chunk inputs, size: 512 (num 2)
ratio 0.60 (pair), 0.1 GB (evict 118033 pairs)
  r=0.6 ours_predict_next peak= 8.481GB acc=0.50 hr=0.6 fb=1999 segs=1
chunk inputs, size: 512 (num 4)
chunk inputs, size: 512 (num 3)
chunk inputs, size: 512 (num 3)
ratio 0.60 (pair), 0.1 GB (evict 171448 pairs)
  r=0.6 ours_combine     peak= 8.498GB acc=1.00 hr=0.6 fb=1999 segs=1
chunk inputs, size: 512 (num 4)
ratio 0.80 (pair), 0.2 GB (evict 115401 pairs)
  r=0.8 kvzip            peak= 9.769GB acc=1.00 hr=0.8 fb=None segs=None
chunk inputs, size: 512 (num 4)
chunk inputs, size: 512 (num 3)
ratio 0.80 (pair), 0.2 GB (evict 85882 pairs)
  r=0.8 ours             peak= 8.469GB acc=1.00 hr=0.8 fb=1999 segs=1
chunk inputs, size: 512 (num 4)
chunk inputs, size: 512 (num 4)
chunk inputs, size: 512 (num 2)
ratio 0.80 (pair), 0.1 GB (evict 59040 pairs)
  r=0.8 ours_predict_next peak= 8.481GB acc=0.50 hr=0.8 fb=1999 segs=1
chunk inputs, size: 512 (num 4)
chunk inputs, size: 512 (num 3)
chunk inputs, size: 512 (num 3)
ratio 0.80 (pair), 0.2 GB (evict 85827 pairs)
  r=0.8 ours_combine     peak= 8.498GB acc=1.00 hr=0.8 fb=1999 segs=1
chunk inputs, size: 512 (num 4)
ratio 1.00 (pair), 0.3 GB (evict 0 pairs)
  r=1.0 kvzip            peak= 9.769GB acc=1.00 hr=1.0 fb=None segs=None
chunk inputs, size: 512 (num 4)
chunk inputs, size: 512 (num 4)
ratio 1.00 (pair), 0.3 GB (evict 0 pairs)
  r=1.0 ours             peak= 8.538GB acc=1.00 hr=1.0 fb=1999 segs=0
chunk inputs, size: 512 (num 4)
chunk inputs, size: 512 (num 4)
chunk inputs, size: 512 (num 4)
ratio 1.00 (pair), 0.3 GB (evict 0 pairs)
  r=1.0 ours_predict_next peak= 8.486GB acc=0.50 hr=1.0 fb=1999 segs=0
chunk inputs, size: 512 (num 4)
chunk inputs, size: 512 (num 4)
chunk inputs, size: 512 (num 4)
chunk inputs, size: 512 (num 4)
ratio 1.00 (pair), 0.3 GB (evict 0 pairs)
  r=1.0 ours_combine     peak= 8.535GB acc=1.00 hr=1.0 fb=1999 segs=0
insertion at 926
================================================================================ 
[ctx_len=2000 depth=50% q=0.5 true_len=1999]
chunk inputs, size: 512 (num 4)
ratio 0.00 (pair), 0.0 GB (evict 575712 pairs)
  r=0.0 kvzip            peak= 9.769GB acc=0.00 hr=0.0 fb=None segs=None
chunk inputs, size: 512 (num 4)
chunk inputs, size: 512 (num 2)
chunk inputs, size: 512 (num 2)
ratio 0.00 (pair), 0.0 GB (evict 18432 pairs)
  r=0.0 ours             peak= 8.391GB acc=0.00 hr=0.0 fb=64 segs=1
chunk inputs, size: 512 (num 4)
ratio 0.00 (pair), 0.0 GB (evict 18432 pairs)
  r=0.0 ours_predict_next peak= 8.440GB acc=0.00 hr=0.0 fb=64 segs=1
chunk inputs, size: 512 (num 4)
chunk inputs, size: 512 (num 2)
chunk inputs, size: 512 (num 2)
chunk inputs, size: 512 (num 2)
ratio 0.00 (pair), 0.0 GB (evict 18432 pairs)
  r=0.0 ours_combine     peak= 8.425GB acc=0.00 hr=0.0 fb=64 segs=1
chunk inputs, size: 512 (num 4)
ratio 0.20 (pair), 0.1 GB (evict 460702 pairs)
  r=0.2 kvzip            peak= 9.769GB acc=1.00 hr=0.2 fb=None segs=None
chunk inputs, size: 512 (num 4)
chunk inputs, size: 512 (num 2)
chunk inputs, size: 512 (num 2)
ratio 0.50 (pair), 0.1 GB (evict 115385 pairs)
  r=0.2 ours             peak= 8.445GB acc=1.00 hr=0.5 fb=800 segs=1
chunk inputs, size: 512 (num 4)
chunk inputs, size: 512 (num 2)
ratio 0.50 (pair), 0.1 GB (evict 115298 pairs)
  r=0.2 ours_predict_next peak= 8.440GB acc=0.00 hr=0.5 fb=800 segs=1
chunk inputs, size: 512 (num 4)
chunk inputs, size: 512 (num 2)
chunk inputs, size: 512 (num 2)
chunk inputs, size: 512 (num 2)
chunk inputs, size: 512 (num 2)
ratio 0.50 (pair), 0.1 GB (evict 115272 pairs)
  r=0.2 ours_combine     peak= 8.442GB acc=1.00 hr=0.5 fb=800 segs=1
chunk inputs, size: 512 (num 4)
ratio 0.40 (pair), 0.1 GB (evict 345599 pairs)
  r=0.4 kvzip            peak= 9.769GB acc=1.00 hr=0.4 fb=None segs=None
chunk inputs, size: 512 (num 4)
chunk inputs, size: 512 (num 2)
chunk inputs, size: 512 (num 2)
ratio 0.50 (pair), 0.1 GB (evict 230371 pairs)
  r=0.4 ours             peak= 8.500GB acc=1.00 hr=0.5 fb=1599 segs=1
chunk inputs, size: 512 (num 4)
chunk inputs, size: 512 (num 3)
ratio 0.50 (pair), 0.1 GB (evict 184624 pairs)
  r=0.4 ours_predict_next peak= 8.440GB acc=0.50 hr=0.5 fb=1599 segs=1
chunk inputs, size: 512 (num 4)
chunk inputs, size: 512 (num 2)
chunk inputs, size: 512 (num 2)
chunk inputs, size: 512 (num 2)
chunk inputs, size: 512 (num 4)
ratio 0.50 (pair), 0.1 GB (evict 230347 pairs)
  r=0.4 ours_combine     peak= 8.499GB acc=1.00 hr=0.5 fb=1599 segs=1
chunk inputs, size: 512 (num 4)
ratio 0.60 (pair), 0.2 GB (evict 230361 pairs)
  r=0.6 kvzip            peak= 9.769GB acc=1.00 hr=0.6 fb=None segs=None
chunk inputs, size: 512 (num 4)
chunk inputs, size: 512 (num 3)
ratio 0.60 (pair), 0.1 GB (evict 171381 pairs)
  r=0.6 ours             peak= 8.469GB acc=1.00 hr=0.6 fb=1999 segs=1
chunk inputs, size: 512 (num 4)
chunk inputs, size: 512 (num 4)
chunk inputs, size: 512 (num 2)
ratio 0.60 (pair), 0.1 GB (evict 117967 pairs)
  r=0.6 ours_predict_next peak= 8.486GB acc=0.50 hr=0.6 fb=1999 segs=1
chunk inputs, size: 512 (num 4)
chunk inputs, size: 512 (num 3)
chunk inputs, size: 512 (num 3)
ratio 0.60 (pair), 0.1 GB (evict 171387 pairs)
  r=0.6 ours_combine     peak= 8.498GB acc=1.00 hr=0.6 fb=1999 segs=1
chunk inputs, size: 512 (num 4)
ratio 0.80 (pair), 0.2 GB (evict 115480 pairs)
  r=0.8 kvzip            peak= 9.769GB acc=1.00 hr=0.8 fb=None segs=None
chunk inputs, size: 512 (num 4)
chunk inputs, size: 512 (num 3)
ratio 0.80 (pair), 0.2 GB (evict 85741 pairs)
  r=0.8 ours             peak= 8.469GB acc=1.00 hr=0.8 fb=1999 segs=1
chunk inputs, size: 512 (num 4)
chunk inputs, size: 512 (num 4)
chunk inputs, size: 512 (num 2)
ratio 0.80 (pair), 0.1 GB (evict 59023 pairs)
  r=0.8 ours_predict_next peak= 8.486GB acc=0.50 hr=0.8 fb=1999 segs=1
chunk inputs, size: 512 (num 4)
chunk inputs, size: 512 (num 3)
chunk inputs, size: 512 (num 3)
ratio 0.80 (pair), 0.2 GB (evict 85733 pairs)
  r=0.8 ours_combine     peak= 8.498GB acc=1.00 hr=0.8 fb=1999 segs=1
chunk inputs, size: 512 (num 4)
ratio 1.00 (pair), 0.3 GB (evict 0 pairs)
  r=1.0 kvzip            peak= 9.769GB acc=1.00 hr=1.0 fb=None segs=None
chunk inputs, size: 512 (num 4)
chunk inputs, size: 512 (num 4)
ratio 1.00 (pair), 0.3 GB (evict 0 pairs)
  r=1.0 ours             peak= 8.538GB acc=1.00 hr=1.0 fb=1999 segs=0
chunk inputs, size: 512 (num 4)
chunk inputs, size: 512 (num 4)
chunk inputs, size: 512 (num 4)
ratio 1.00 (pair), 0.3 GB (evict 0 pairs)
  r=1.0 ours_predict_next peak= 8.490GB acc=0.50 hr=1.0 fb=1999 segs=0
chunk inputs, size: 512 (num 4)
chunk inputs, size: 512 (num 4)
chunk inputs, size: 512 (num 4)
chunk inputs, size: 512 (num 4)
ratio 1.00 (pair), 0.3 GB (evict 0 pairs)
  r=1.0 ours_combine     peak= 8.535GB acc=1.00 hr=1.0 fb=1999 segs=0
insertion at 1183
================================================================================ 
[ctx_len=2000 depth=60% q=0.6 true_len=1999]
chunk inputs, size: 512 (num 4)
ratio 0.00 (pair), 0.0 GB (evict 575712 pairs)
  r=0.0 kvzip            peak= 9.769GB acc=0.00 hr=0.0 fb=None segs=None
chunk inputs, size: 512 (num 4)
chunk inputs, size: 512 (num 2)
chunk inputs, size: 512 (num 2)
ratio 0.00 (pair), 0.0 GB (evict 18432 pairs)
  r=0.0 ours             peak= 8.391GB acc=0.00 hr=0.0 fb=64 segs=1
chunk inputs, size: 512 (num 4)
ratio 0.00 (pair), 0.0 GB (evict 18432 pairs)
  r=0.0 ours_predict_next peak= 8.451GB acc=0.00 hr=0.0 fb=64 segs=1
chunk inputs, size: 512 (num 4)
chunk inputs, size: 512 (num 2)
chunk inputs, size: 512 (num 2)
chunk inputs, size: 512 (num 2)
ratio 0.00 (pair), 0.0 GB (evict 18432 pairs)
  r=0.0 ours_combine     peak= 8.425GB acc=0.00 hr=0.0 fb=64 segs=1
chunk inputs, size: 512 (num 4)
ratio 0.20 (pair), 0.1 GB (evict 460633 pairs)
  r=0.2 kvzip            peak= 9.769GB acc=1.00 hr=0.2 fb=None segs=None
chunk inputs, size: 512 (num 4)
chunk inputs, size: 512 (num 2)
chunk inputs, size: 512 (num 2)
ratio 0.50 (pair), 0.1 GB (evict 115344 pairs)
  r=0.2 ours             peak= 8.445GB acc=1.00 hr=0.5 fb=800 segs=1
chunk inputs, size: 512 (num 4)
chunk inputs, size: 512 (num 2)
ratio 0.50 (pair), 0.1 GB (evict 115201 pairs)
  r=0.2 ours_predict_next peak= 8.451GB acc=0.00 hr=0.5 fb=800 segs=1
chunk inputs, size: 512 (num 4)
chunk inputs, size: 512 (num 2)
chunk inputs, size: 512 (num 2)
chunk inputs, size: 512 (num 2)
chunk inputs, size: 512 (num 2)
ratio 0.50 (pair), 0.1 GB (evict 115321 pairs)
  r=0.2 ours_combine     peak= 8.442GB acc=1.00 hr=0.5 fb=800 segs=1
chunk inputs, size: 512 (num 4)
ratio 0.40 (pair), 0.1 GB (evict 345712 pairs)
  r=0.4 kvzip            peak= 9.769GB acc=1.00 hr=0.4 fb=None segs=None
chunk inputs, size: 512 (num 4)
chunk inputs, size: 512 (num 2)
chunk inputs, size: 512 (num 2)
ratio 0.50 (pair), 0.1 GB (evict 230441 pairs)
  r=0.4 ours             peak= 8.500GB acc=1.00 hr=0.5 fb=1599 segs=1
chunk inputs, size: 512 (num 4)
chunk inputs, size: 512 (num 3)
ratio 0.50 (pair), 0.1 GB (evict 184815 pairs)
  r=0.4 ours_predict_next peak= 8.451GB acc=1.00 hr=0.5 fb=1599 segs=1
chunk inputs, size: 512 (num 4)
chunk inputs, size: 512 (num 2)
chunk inputs, size: 512 (num 2)
chunk inputs, size: 512 (num 2)
chunk inputs, size: 512 (num 4)
ratio 0.50 (pair), 0.1 GB (evict 230367 pairs)
  r=0.4 ours_combine     peak= 8.499GB acc=1.00 hr=0.5 fb=1599 segs=1
chunk inputs, size: 512 (num 4)
ratio 0.60 (pair), 0.2 GB (evict 230685 pairs)
  r=0.6 kvzip            peak= 9.769GB acc=1.00 hr=0.6 fb=None segs=None
chunk inputs, size: 512 (num 4)
chunk inputs, size: 512 (num 3)
ratio 0.60 (pair), 0.1 GB (evict 171729 pairs)
  r=0.6 ours             peak= 8.469GB acc=1.00 hr=0.6 fb=1999 segs=1
chunk inputs, size: 512 (num 4)
chunk inputs, size: 512 (num 4)
chunk inputs, size: 512 (num 2)
ratio 0.60 (pair), 0.1 GB (evict 118072 pairs)
  r=0.6 ours_predict_next peak= 8.492GB acc=1.00 hr=0.6 fb=1999 segs=1
chunk inputs, size: 512 (num 4)
chunk inputs, size: 512 (num 3)
chunk inputs, size: 512 (num 3)
ratio 0.60 (pair), 0.1 GB (evict 171588 pairs)
  r=0.6 ours_combine     peak= 8.498GB acc=1.00 hr=0.6 fb=1999 segs=1
chunk inputs, size: 512 (num 4)
ratio 0.80 (pair), 0.2 GB (evict 115769 pairs)
  r=0.8 kvzip            peak= 9.769GB acc=1.00 hr=0.8 fb=None segs=None
chunk inputs, size: 512 (num 4)
chunk inputs, size: 512 (num 3)
ratio 0.80 (pair), 0.2 GB (evict 85818 pairs)
  r=0.8 ours             peak= 8.469GB acc=1.00 hr=0.8 fb=1999 segs=1
chunk inputs, size: 512 (num 4)
chunk inputs, size: 512 (num 4)
chunk inputs, size: 512 (num 2)
ratio 0.80 (pair), 0.1 GB (evict 59050 pairs)
  r=0.8 ours_predict_next peak= 8.492GB acc=1.00 hr=0.8 fb=1999 segs=1
chunk inputs, size: 512 (num 4)
chunk inputs, size: 512 (num 3)
chunk inputs, size: 512 (num 3)
ratio 0.80 (pair), 0.2 GB (evict 85797 pairs)
  r=0.8 ours_combine     peak= 8.498GB acc=1.00 hr=0.8 fb=1999 segs=1
chunk inputs, size: 512 (num 4)
ratio 1.00 (pair), 0.3 GB (evict 0 pairs)
  r=1.0 kvzip            peak= 9.769GB acc=1.00 hr=1.0 fb=None segs=None
chunk inputs, size: 512 (num 4)
chunk inputs, size: 512 (num 4)
ratio 1.00 (pair), 0.3 GB (evict 0 pairs)
  r=1.0 ours             peak= 8.538GB acc=1.00 hr=1.0 fb=1999 segs=0
chunk inputs, size: 512 (num 4)
chunk inputs, size: 512 (num 4)
chunk inputs, size: 512 (num 4)
ratio 1.00 (pair), 0.3 GB (evict 0 pairs)
  r=1.0 ours_predict_next peak= 8.500GB acc=1.00 hr=1.0 fb=1999 segs=0
chunk inputs, size: 512 (num 4)
chunk inputs, size: 512 (num 4)
chunk inputs, size: 512 (num 4)
chunk inputs, size: 512 (num 4)
ratio 1.00 (pair), 0.3 GB (evict 0 pairs)
  r=1.0 ours_combine     peak= 8.535GB acc=1.00 hr=1.0 fb=1999 segs=0
insertion at 1376
================================================================================ 
[ctx_len=2000 depth=70% q=0.7 true_len=1999]
chunk inputs, size: 512 (num 4)
ratio 0.00 (pair), 0.0 GB (evict 575712 pairs)
  r=0.0 kvzip            peak= 9.769GB acc=0.00 hr=0.0 fb=None segs=None
chunk inputs, size: 512 (num 4)
chunk inputs, size: 512 (num 2)
chunk inputs, size: 512 (num 2)
ratio 0.00 (pair), 0.0 GB (evict 18432 pairs)
  r=0.0 ours             peak= 8.391GB acc=0.00 hr=0.0 fb=64 segs=1
chunk inputs, size: 512 (num 4)
ratio 0.00 (pair), 0.0 GB (evict 18432 pairs)
  r=0.0 ours_predict_next peak= 8.451GB acc=0.00 hr=0.0 fb=64 segs=1
chunk inputs, size: 512 (num 4)
chunk inputs, size: 512 (num 2)
chunk inputs, size: 512 (num 2)
chunk inputs, size: 512 (num 2)
ratio 0.00 (pair), 0.0 GB (evict 18432 pairs)
  r=0.0 ours_combine     peak= 8.425GB acc=0.00 hr=0.0 fb=64 segs=1
chunk inputs, size: 512 (num 4)
ratio 0.20 (pair), 0.1 GB (evict 460593 pairs)
  r=0.2 kvzip            peak= 9.769GB acc=1.00 hr=0.2 fb=None segs=None
chunk inputs, size: 512 (num 4)
chunk inputs, size: 512 (num 2)
chunk inputs, size: 512 (num 2)
ratio 0.50 (pair), 0.1 GB (evict 115231 pairs)
  r=0.2 ours             peak= 8.445GB acc=1.00 hr=0.5 fb=800 segs=1
chunk inputs, size: 512 (num 4)
chunk inputs, size: 512 (num 2)
ratio 0.50 (pair), 0.1 GB (evict 115297 pairs)
  r=0.2 ours_predict_next peak= 8.451GB acc=0.50 hr=0.5 fb=800 segs=1
chunk inputs, size: 512 (num 4)
chunk inputs, size: 512 (num 2)
chunk inputs, size: 512 (num 2)
chunk inputs, size: 512 (num 2)
chunk inputs, size: 512 (num 2)
ratio 0.50 (pair), 0.1 GB (evict 115339 pairs)
  r=0.2 ours_combine     peak= 8.442GB acc=1.00 hr=0.5 fb=800 segs=1
chunk inputs, size: 512 (num 4)
ratio 0.40 (pair), 0.1 GB (evict 345670 pairs)
  r=0.4 kvzip            peak= 9.769GB acc=1.00 hr=0.4 fb=None segs=None
chunk inputs, size: 512 (num 4)
chunk inputs, size: 512 (num 2)
chunk inputs, size: 512 (num 2)
ratio 0.50 (pair), 0.1 GB (evict 230296 pairs)
  r=0.4 ours             peak= 8.500GB acc=1.00 hr=0.5 fb=1599 segs=1
chunk inputs, size: 512 (num 4)
chunk inputs, size: 512 (num 3)
ratio 0.50 (pair), 0.1 GB (evict 184671 pairs)
  r=0.4 ours_predict_next peak= 8.451GB acc=1.00 hr=0.5 fb=1599 segs=1
chunk inputs, size: 512 (num 4)
chunk inputs, size: 512 (num 2)
chunk inputs, size: 512 (num 2)
chunk inputs, size: 512 (num 2)
chunk inputs, size: 512 (num 4)
ratio 0.50 (pair), 0.1 GB (evict 230488 pairs)
  r=0.4 ours_combine     peak= 8.499GB acc=1.00 hr=0.5 fb=1599 segs=1
chunk inputs, size: 512 (num 4)
ratio 0.60 (pair), 0.2 GB (evict 230656 pairs)
  r=0.6 kvzip            peak= 9.769GB acc=1.00 hr=0.6 fb=None segs=None
chunk inputs, size: 512 (num 4)
chunk inputs, size: 512 (num 3)
ratio 0.60 (pair), 0.1 GB (evict 171728 pairs)
  r=0.6 ours             peak= 8.469GB acc=1.00 hr=0.6 fb=1999 segs=1
chunk inputs, size: 512 (num 4)
chunk inputs, size: 512 (num 4)
chunk inputs, size: 512 (num 2)
ratio 0.60 (pair), 0.1 GB (evict 118114 pairs)
  r=0.6 ours_predict_next peak= 8.495GB acc=1.00 hr=0.6 fb=1999 segs=1
chunk inputs, size: 512 (num 4)
chunk inputs, size: 512 (num 3)
chunk inputs, size: 512 (num 3)
ratio 0.60 (pair), 0.1 GB (evict 171528 pairs)
  r=0.6 ours_combine     peak= 8.498GB acc=1.00 hr=0.6 fb=1999 segs=1
chunk inputs, size: 512 (num 4)
ratio 0.80 (pair), 0.2 GB (evict 115728 pairs)
  r=0.8 kvzip            peak= 9.769GB acc=1.00 hr=0.8 fb=None segs=None
chunk inputs, size: 512 (num 4)
chunk inputs, size: 512 (num 3)
ratio 0.80 (pair), 0.2 GB (evict 85789 pairs)
  r=0.8 ours             peak= 8.469GB acc=1.00 hr=0.8 fb=1999 segs=1
chunk inputs, size: 512 (num 4)
chunk inputs, size: 512 (num 4)
chunk inputs, size: 512 (num 2)
ratio 0.80 (pair), 0.1 GB (evict 59081 pairs)
  r=0.8 ours_predict_next peak= 8.495GB acc=1.00 hr=0.8 fb=1999 segs=1
chunk inputs, size: 512 (num 4)
chunk inputs, size: 512 (num 3)
chunk inputs, size: 512 (num 3)
ratio 0.80 (pair), 0.2 GB (evict 85829 pairs)
  r=0.8 ours_combine     peak= 8.498GB acc=1.00 hr=0.8 fb=1999 segs=1
chunk inputs, size: 512 (num 4)
ratio 1.00 (pair), 0.3 GB (evict 0 pairs)
  r=1.0 kvzip            peak= 9.769GB acc=1.00 hr=1.0 fb=None segs=None
chunk inputs, size: 512 (num 4)
chunk inputs, size: 512 (num 4)
ratio 1.00 (pair), 0.3 GB (evict 0 pairs)
  r=1.0 ours             peak= 8.538GB acc=1.00 hr=1.0 fb=1999 segs=0
chunk inputs, size: 512 (num 4)
chunk inputs, size: 512 (num 4)
chunk inputs, size: 512 (num 4)
ratio 1.00 (pair), 0.3 GB (evict 0 pairs)
  r=1.0 ours_predict_next peak= 8.500GB acc=1.00 hr=1.0 fb=1999 segs=0
chunk inputs, size: 512 (num 4)
chunk inputs, size: 512 (num 4)
chunk inputs, size: 512 (num 4)
chunk inputs, size: 512 (num 4)
ratio 1.00 (pair), 0.3 GB (evict 0 pairs)
  r=1.0 ours_combine     peak= 8.535GB acc=1.00 hr=1.0 fb=1999 segs=0
insertion at 1544
================================================================================ 
[ctx_len=2000 depth=80% q=0.8 true_len=1999]
chunk inputs, size: 512 (num 4)
ratio 0.00 (pair), 0.0 GB (evict 575712 pairs)
  r=0.0 kvzip            peak= 9.769GB acc=0.00 hr=0.0 fb=None segs=None
chunk inputs, size: 512 (num 4)
chunk inputs, size: 512 (num 2)
chunk inputs, size: 512 (num 2)
ratio 0.00 (pair), 0.0 GB (evict 18432 pairs)
  r=0.0 ours             peak= 8.391GB acc=0.00 hr=0.0 fb=64 segs=1
chunk inputs, size: 512 (num 4)
ratio 0.00 (pair), 0.0 GB (evict 18432 pairs)
  r=0.0 ours_predict_next peak= 8.435GB acc=0.00 hr=0.0 fb=64 segs=1
chunk inputs, size: 512 (num 4)
chunk inputs, size: 512 (num 2)
chunk inputs, size: 512 (num 2)
chunk inputs, size: 512 (num 2)
ratio 0.00 (pair), 0.0 GB (evict 18432 pairs)
  r=0.0 ours_combine     peak= 8.425GB acc=0.00 hr=0.0 fb=64 segs=1
chunk inputs, size: 512 (num 4)
ratio 0.20 (pair), 0.1 GB (evict 460594 pairs)
  r=0.2 kvzip            peak= 9.769GB acc=1.00 hr=0.2 fb=None segs=None
chunk inputs, size: 512 (num 4)
chunk inputs, size: 512 (num 2)
chunk inputs, size: 512 (num 2)
ratio 0.50 (pair), 0.1 GB (evict 115349 pairs)
  r=0.2 ours             peak= 8.445GB acc=1.00 hr=0.5 fb=800 segs=1
chunk inputs, size: 512 (num 4)
chunk inputs, size: 512 (num 2)
ratio 0.50 (pair), 0.1 GB (evict 115263 pairs)
  r=0.2 ours_predict_next peak= 8.435GB acc=1.00 hr=0.5 fb=800 segs=1
chunk inputs, size: 512 (num 4)
chunk inputs, size: 512 (num 2)
chunk inputs, size: 512 (num 2)
chunk inputs, size: 512 (num 2)
chunk inputs, size: 512 (num 2)
ratio 0.50 (pair), 0.1 GB (evict 115254 pairs)
  r=0.2 ours_combine     peak= 8.442GB acc=1.00 hr=0.5 fb=800 segs=1
chunk inputs, size: 512 (num 4)
ratio 0.40 (pair), 0.1 GB (evict 345664 pairs)
  r=0.4 kvzip            peak= 9.769GB acc=1.00 hr=0.4 fb=None segs=None
chunk inputs, size: 512 (num 4)
chunk inputs, size: 512 (num 2)
chunk inputs, size: 512 (num 2)
ratio 0.50 (pair), 0.1 GB (evict 230588 pairs)
  r=0.4 ours             peak= 8.500GB acc=1.00 hr=0.5 fb=1599 segs=1
chunk inputs, size: 512 (num 4)
chunk inputs, size: 512 (num 3)
ratio 0.50 (pair), 0.1 GB (evict 184630 pairs)
  r=0.4 ours_predict_next peak= 8.435GB acc=1.00 hr=0.5 fb=1599 segs=1
chunk inputs, size: 512 (num 4)
chunk inputs, size: 512 (num 2)
chunk inputs, size: 512 (num 2)
chunk inputs, size: 512 (num 2)
chunk inputs, size: 512 (num 4)
ratio 0.50 (pair), 0.1 GB (evict 230425 pairs)
  r=0.4 ours_combine     peak= 8.499GB acc=1.00 hr=0.5 fb=1599 segs=1
chunk inputs, size: 512 (num 4)
ratio 0.60 (pair), 0.2 GB (evict 230549 pairs)
  r=0.6 kvzip            peak= 9.769GB acc=1.00 hr=0.6 fb=None segs=None
chunk inputs, size: 512 (num 4)
chunk inputs, size: 512 (num 3)
ratio 0.60 (pair), 0.1 GB (evict 171386 pairs)
  r=0.6 ours             peak= 8.469GB acc=1.00 hr=0.6 fb=1999 segs=1
chunk inputs, size: 512 (num 4)
chunk inputs, size: 512 (num 4)
chunk inputs, size: 512 (num 2)
ratio 0.60 (pair), 0.1 GB (evict 118048 pairs)
  r=0.6 ours_predict_next peak= 8.480GB acc=1.00 hr=0.6 fb=1999 segs=1
chunk inputs, size: 512 (num 4)
chunk inputs, size: 512 (num 3)
chunk inputs, size: 512 (num 3)
ratio 0.60 (pair), 0.1 GB (evict 171451 pairs)
  r=0.6 ours_combine     peak= 8.498GB acc=1.00 hr=0.6 fb=1999 segs=1
chunk inputs, size: 512 (num 4)
ratio 0.80 (pair), 0.2 GB (evict 115641 pairs)
  r=0.8 kvzip            peak= 9.769GB acc=1.00 hr=0.8 fb=None segs=None
chunk inputs, size: 512 (num 4)
chunk inputs, size: 512 (num 3)
ratio 0.80 (pair), 0.2 GB (evict 86028 pairs)
  r=0.8 ours             peak= 8.469GB acc=1.00 hr=0.8 fb=1999 segs=1
chunk inputs, size: 512 (num 4)
chunk inputs, size: 512 (num 4)
chunk inputs, size: 512 (num 2)
ratio 0.80 (pair), 0.1 GB (evict 59099 pairs)
  r=0.8 ours_predict_next peak= 8.480GB acc=1.00 hr=0.8 fb=1999 segs=1
chunk inputs, size: 512 (num 4)
chunk inputs, size: 512 (num 3)
chunk inputs, size: 512 (num 3)
ratio 0.80 (pair), 0.2 GB (evict 85678 pairs)
  r=0.8 ours_combine     peak= 8.498GB acc=1.00 hr=0.8 fb=1999 segs=1
chunk inputs, size: 512 (num 4)
ratio 1.00 (pair), 0.3 GB (evict 0 pairs)
  r=1.0 kvzip            peak= 9.769GB acc=1.00 hr=1.0 fb=None segs=None
chunk inputs, size: 512 (num 4)
chunk inputs, size: 512 (num 4)
ratio 1.00 (pair), 0.3 GB (evict 0 pairs)
  r=1.0 ours             peak= 8.538GB acc=1.00 hr=1.0 fb=1999 segs=0
chunk inputs, size: 512 (num 4)
chunk inputs, size: 512 (num 4)
chunk inputs, size: 512 (num 4)
ratio 1.00 (pair), 0.2 GB (evict 0 pairs)
  r=1.0 ours_predict_next peak= 8.482GB acc=1.00 hr=1.0 fb=1999 segs=0
chunk inputs, size: 512 (num 4)
chunk inputs, size: 512 (num 4)
chunk inputs, size: 512 (num 4)
chunk inputs, size: 512 (num 4)
ratio 1.00 (pair), 0.3 GB (evict 0 pairs)
  r=1.0 ours_combine     peak= 8.535GB acc=1.00 hr=1.0 fb=1999 segs=0
insertion at 1759
================================================================================ 
[ctx_len=2000 depth=90% q=0.9 true_len=1999]
chunk inputs, size: 512 (num 4)
ratio 0.00 (pair), 0.0 GB (evict 575712 pairs)
  r=0.0 kvzip            peak= 9.769GB acc=0.00 hr=0.0 fb=None segs=None
chunk inputs, size: 512 (num 4)
chunk inputs, size: 512 (num 2)
chunk inputs, size: 512 (num 2)
ratio 0.00 (pair), 0.0 GB (evict 18432 pairs)
  r=0.0 ours             peak= 8.391GB acc=0.00 hr=0.0 fb=64 segs=1
chunk inputs, size: 512 (num 4)
ratio 0.00 (pair), 0.0 GB (evict 18432 pairs)
  r=0.0 ours_predict_next peak= 8.427GB acc=0.00 hr=0.0 fb=64 segs=1
chunk inputs, size: 512 (num 4)
chunk inputs, size: 512 (num 2)
chunk inputs, size: 512 (num 2)
chunk inputs, size: 512 (num 2)
ratio 0.00 (pair), 0.0 GB (evict 18432 pairs)
  r=0.0 ours_combine     peak= 8.425GB acc=0.00 hr=0.0 fb=64 segs=1
chunk inputs, size: 512 (num 4)
ratio 0.20 (pair), 0.1 GB (evict 460632 pairs)
  r=0.2 kvzip            peak= 9.769GB acc=1.00 hr=0.2 fb=None segs=None
chunk inputs, size: 512 (num 4)
chunk inputs, size: 512 (num 2)
chunk inputs, size: 512 (num 2)
ratio 0.50 (pair), 0.1 GB (evict 115336 pairs)
  r=0.2 ours             peak= 8.445GB acc=1.00 hr=0.5 fb=800 segs=1
chunk inputs, size: 512 (num 4)
chunk inputs, size: 512 (num 2)
ratio 0.50 (pair), 0.1 GB (evict 115217 pairs)
  r=0.2 ours_predict_next peak= 8.427GB acc=1.00 hr=0.5 fb=800 segs=1
chunk inputs, size: 512 (num 4)
chunk inputs, size: 512 (num 2)
chunk inputs, size: 512 (num 2)
chunk inputs, size: 512 (num 2)
chunk inputs, size: 512 (num 2)
ratio 0.50 (pair), 0.1 GB (evict 115302 pairs)
  r=0.2 ours_combine     peak= 8.442GB acc=1.00 hr=0.5 fb=800 segs=1
chunk inputs, size: 512 (num 4)
ratio 0.40 (pair), 0.1 GB (evict 345613 pairs)
  r=0.4 kvzip            peak= 9.769GB acc=1.00 hr=0.4 fb=None segs=None
chunk inputs, size: 512 (num 4)
chunk inputs, size: 512 (num 2)
chunk inputs, size: 512 (num 2)
ratio 0.50 (pair), 0.1 GB (evict 230676 pairs)
  r=0.4 ours             peak= 8.500GB acc=1.00 hr=0.5 fb=1599 segs=1
chunk inputs, size: 512 (num 4)
chunk inputs, size: 512 (num 3)
ratio 0.50 (pair), 0.1 GB (evict 184816 pairs)
  r=0.4 ours_predict_next peak= 8.433GB acc=1.00 hr=0.5 fb=1599 segs=1
chunk inputs, size: 512 (num 4)
chunk inputs, size: 512 (num 2)
chunk inputs, size: 512 (num 2)
chunk inputs, size: 512 (num 2)
chunk inputs, size: 512 (num 4)
ratio 0.50 (pair), 0.1 GB (evict 230272 pairs)
  r=0.4 ours_combine     peak= 8.499GB acc=1.00 hr=0.5 fb=1599 segs=1
chunk inputs, size: 512 (num 4)
ratio 0.60 (pair), 0.2 GB (evict 230570 pairs)
  r=0.6 kvzip            peak= 9.769GB acc=1.00 hr=0.6 fb=None segs=None
chunk inputs, size: 512 (num 4)
chunk inputs, size: 512 (num 3)
ratio 0.60 (pair), 0.1 GB (evict 171411 pairs)
  r=0.6 ours             peak= 8.469GB acc=1.00 hr=0.6 fb=1999 segs=1
chunk inputs, size: 512 (num 4)
chunk inputs, size: 512 (num 4)
chunk inputs, size: 512 (num 2)
ratio 0.60 (pair), 0.1 GB (evict 118065 pairs)
  r=0.6 ours_predict_next peak= 8.477GB acc=1.00 hr=0.6 fb=1999 segs=1
chunk inputs, size: 512 (num 4)
chunk inputs, size: 512 (num 3)
chunk inputs, size: 512 (num 3)
ratio 0.60 (pair), 0.1 GB (evict 171443 pairs)
  r=0.6 ours_combine     peak= 8.498GB acc=1.00 hr=0.6 fb=1999 segs=1
chunk inputs, size: 512 (num 4)
ratio 0.80 (pair), 0.2 GB (evict 115732 pairs)
  r=0.8 kvzip            peak= 9.769GB acc=1.00 hr=0.8 fb=None segs=None
chunk inputs, size: 512 (num 4)
chunk inputs, size: 512 (num 3)
ratio 0.80 (pair), 0.2 GB (evict 85893 pairs)
  r=0.8 ours             peak= 8.469GB acc=1.00 hr=0.8 fb=1999 segs=1
chunk inputs, size: 512 (num 4)
chunk inputs, size: 512 (num 4)
chunk inputs, size: 512 (num 2)
ratio 0.80 (pair), 0.1 GB (evict 59058 pairs)
  r=0.8 ours_predict_next peak= 8.477GB acc=1.00 hr=0.8 fb=1999 segs=1
chunk inputs, size: 512 (num 4)
chunk inputs, size: 512 (num 3)
chunk inputs, size: 512 (num 3)
ratio 0.80 (pair), 0.2 GB (evict 85841 pairs)
  r=0.8 ours_combine     peak= 8.498GB acc=1.00 hr=0.8 fb=1999 segs=1
chunk inputs, size: 512 (num 4)
ratio 1.00 (pair), 0.3 GB (evict 0 pairs)
  r=1.0 kvzip            peak= 9.769GB acc=1.00 hr=1.0 fb=None segs=None
chunk inputs, size: 512 (num 4)
chunk inputs, size: 512 (num 4)
ratio 1.00 (pair), 0.3 GB (evict 0 pairs)
  r=1.0 ours             peak= 8.538GB acc=1.00 hr=1.0 fb=1999 segs=0
chunk inputs, size: 512 (num 4)
chunk inputs, size: 512 (num 4)
chunk inputs, size: 512 (num 4)
ratio 1.00 (pair), 0.2 GB (evict 0 pairs)
  r=1.0 ours_predict_next peak= 8.483GB acc=1.00 hr=1.0 fb=1999 segs=0
chunk inputs, size: 512 (num 4)
chunk inputs, size: 512 (num 4)
chunk inputs, size: 512 (num 4)
chunk inputs, size: 512 (num 4)
ratio 1.00 (pair), 0.3 GB (evict 0 pairs)
  r=1.0 ours_combine     peak= 8.535GB acc=1.00 hr=1.0 fb=1999 segs=0
insertion at 1976
================================================================================ 
[ctx_len=2000 depth=100% q=1.0 true_len=2000]
chunk inputs, size: 512 (num 4)
ratio 0.00 (pair), 0.0 GB (evict 576000 pairs)
  r=0.0 kvzip            peak= 9.770GB acc=0.00 hr=0.0 fb=None segs=None
chunk inputs, size: 512 (num 4)
chunk inputs, size: 512 (num 2)
chunk inputs, size: 512 (num 2)
ratio 0.00 (pair), 0.0 GB (evict 18432 pairs)
  r=0.0 ours             peak= 8.391GB acc=0.00 hr=0.0 fb=64 segs=1
chunk inputs, size: 512 (num 4)
ratio 0.00 (pair), 0.0 GB (evict 18432 pairs)
  r=0.0 ours_predict_next peak= 8.433GB acc=0.00 hr=0.0 fb=64 segs=1
chunk inputs, size: 512 (num 4)
chunk inputs, size: 512 (num 2)
chunk inputs, size: 512 (num 2)
chunk inputs, size: 512 (num 2)
ratio 0.00 (pair), 0.0 GB (evict 18432 pairs)
  r=0.0 ours_combine     peak= 8.425GB acc=0.00 hr=0.0 fb=64 segs=1
chunk inputs, size: 512 (num 4)
ratio 0.20 (pair), 0.1 GB (evict 460841 pairs)
  r=0.2 kvzip            peak= 9.770GB acc=1.00 hr=0.2 fb=None segs=None
chunk inputs, size: 512 (num 4)
chunk inputs, size: 512 (num 2)
chunk inputs, size: 512 (num 2)
ratio 0.50 (pair), 0.1 GB (evict 115263 pairs)
  r=0.2 ours             peak= 8.441GB acc=1.00 hr=0.5 fb=800 segs=1
chunk inputs, size: 512 (num 4)
chunk inputs, size: 512 (num 2)
ratio 0.50 (pair), 0.1 GB (evict 115293 pairs)
  r=0.2 ours_predict_next peak= 8.433GB acc=1.00 hr=0.5 fb=800 segs=1
chunk inputs, size: 512 (num 4)
chunk inputs, size: 512 (num 2)
chunk inputs, size: 512 (num 2)
chunk inputs, size: 512 (num 2)
chunk inputs, size: 512 (num 2)
ratio 0.50 (pair), 0.1 GB (evict 115305 pairs)
  r=0.2 ours_combine     peak= 8.443GB acc=1.00 hr=0.5 fb=800 segs=1
chunk inputs, size: 512 (num 4)
ratio 0.40 (pair), 0.1 GB (evict 345713 pairs)
  r=0.4 kvzip            peak= 9.770GB acc=1.00 hr=0.4 fb=None segs=None
chunk inputs, size: 512 (num 4)
chunk inputs, size: 512 (num 2)
chunk inputs, size: 512 (num 2)
ratio 0.50 (pair), 0.1 GB (evict 230798 pairs)
  r=0.4 ours             peak= 8.499GB acc=1.00 hr=0.5 fb=1600 segs=1
chunk inputs, size: 512 (num 4)
chunk inputs, size: 512 (num 3)
ratio 0.50 (pair), 0.1 GB (evict 184795 pairs)
  r=0.4 ours_predict_next peak= 8.433GB acc=1.00 hr=0.5 fb=1600 segs=1
chunk inputs, size: 512 (num 4)
chunk inputs, size: 512 (num 2)
chunk inputs, size: 512 (num 2)
chunk inputs, size: 512 (num 2)
chunk inputs, size: 512 (num 4)
ratio 0.50 (pair), 0.1 GB (evict 230577 pairs)
  r=0.4 ours_combine     peak= 8.496GB acc=1.00 hr=0.5 fb=1600 segs=1
chunk inputs, size: 512 (num 4)
ratio 0.60 (pair), 0.2 GB (evict 230762 pairs)
  r=0.6 kvzip            peak= 9.770GB acc=1.00 hr=0.6 fb=None segs=None
chunk inputs, size: 512 (num 4)
chunk inputs, size: 512 (num 3)
ratio 0.60 (pair), 0.1 GB (evict 171607 pairs)
  r=0.6 ours             peak= 8.469GB acc=1.00 hr=0.6 fb=2000 segs=1
chunk inputs, size: 512 (num 4)
chunk inputs, size: 512 (num 4)
chunk inputs, size: 512 (num 2)
ratio 0.60 (pair), 0.1 GB (evict 118144 pairs)
  r=0.6 ours_predict_next peak= 8.476GB acc=1.00 hr=0.6 fb=2000 segs=1
chunk inputs, size: 512 (num 4)
chunk inputs, size: 512 (num 3)
chunk inputs, size: 512 (num 3)
ratio 0.60 (pair), 0.1 GB (evict 171525 pairs)
  r=0.6 ours_combine     peak= 8.500GB acc=1.00 hr=0.6 fb=2000 segs=1
chunk inputs, size: 512 (num 4)
ratio 0.80 (pair), 0.2 GB (evict 115477 pairs)
  r=0.8 kvzip            peak= 9.770GB acc=1.00 hr=0.8 fb=None segs=None
chunk inputs, size: 512 (num 4)
chunk inputs, size: 512 (num 3)
ratio 0.80 (pair), 0.2 GB (evict 86055 pairs)
  r=0.8 ours             peak= 8.469GB acc=1.00 hr=0.8 fb=2000 segs=1
chunk inputs, size: 512 (num 4)
chunk inputs, size: 512 (num 4)
chunk inputs, size: 512 (num 2)
ratio 0.80 (pair), 0.1 GB (evict 59090 pairs)
  r=0.8 ours_predict_next peak= 8.476GB acc=1.00 hr=0.8 fb=2000 segs=1
chunk inputs, size: 512 (num 4)
chunk inputs, size: 512 (num 3)
chunk inputs, size: 512 (num 3)
ratio 0.80 (pair), 0.2 GB (evict 85730 pairs)
  r=0.8 ours_combine     peak= 8.500GB acc=1.00 hr=0.8 fb=2000 segs=1
chunk inputs, size: 512 (num 4)
ratio 1.00 (pair), 0.3 GB (evict 0 pairs)
  r=1.0 kvzip            peak= 9.770GB acc=1.00 hr=1.0 fb=None segs=None
chunk inputs, size: 512 (num 4)
chunk inputs, size: 512 (num 4)
ratio 1.00 (pair), 0.3 GB (evict 0 pairs)
  r=1.0 ours             peak= 8.531GB acc=1.00 hr=1.0 fb=2000 segs=0
chunk inputs, size: 512 (num 4)
chunk inputs, size: 512 (num 4)
chunk inputs, size: 512 (num 4)
ratio 1.00 (pair), 0.2 GB (evict 0 pairs)
  r=1.0 ours_predict_next peak= 8.481GB acc=1.00 hr=1.0 fb=2000 segs=0
chunk inputs, size: 512 (num 4)
chunk inputs, size: 512 (num 4)
chunk inputs, size: 512 (num 4)
chunk inputs, size: 512 (num 4)
ratio 1.00 (pair), 0.3 GB (evict 0 pairs)
  r=1.0 ours_combine     peak= 8.538GB acc=1.00 hr=1.0 fb=2000 segs=0
insertion at 0
================================================================================ 
[ctx_len=8000 depth=0% q=0.0 true_len=7999]
chunk inputs, size: 512 (num 16)
chunk inputs, size: 2000 (num 4)
ratio 0.00 (pair), 0.0 GB (evict 2303712 pairs)
  r=0.0 kvzip            peak=10.674GB acc=0.00 hr=0.0 fb=None segs=None
chunk inputs, size: 512 (num 16)
chunk inputs, size: 512 (num 2)
chunk inputs, size: 512 (num 2)
chunk inputs, size: 512 (num 2)
chunk inputs, size: 512 (num 2)
chunk inputs, size: 512 (num 2)
chunk inputs, size: 512 (num 2)
chunk inputs, size: 512 (num 2)
chunk inputs, size: 512 (num 2)
ratio 0.00 (pair), 0.0 GB (evict 18432 pairs)
  r=0.0 ours             peak= 8.417GB acc=0.00 hr=0.0 fb=64 segs=7
chunk inputs, size: 512 (num 16)
ratio 0.00 (pair), 0.0 GB (evict 18432 pairs)
  r=0.0 ours_predict_next peak= 8.487GB acc=0.00 hr=0.0 fb=64 segs=5
chunk inputs, size: 512 (num 16)
chunk inputs, size: 512 (num 2)
chunk inputs, size: 512 (num 2)
chunk inputs, size: 512 (num 2)
chunk inputs, size: 512 (num 2)
chunk inputs, size: 512 (num 2)
chunk inputs, size: 512 (num 2)
chunk inputs, size: 512 (num 2)
chunk inputs, size: 512 (num 2)
chunk inputs, size: 512 (num 2)
ratio 0.00 (pair), 0.0 GB (evict 18432 pairs)
  r=0.0 ours_combine     peak= 8.429GB acc=0.00 hr=0.0 fb=64 segs=7
chunk inputs, size: 512 (num 16)
chunk inputs, size: 2000 (num 4)
ratio 0.20 (pair), 0.2 GB (evict 1843315 pairs)
  r=0.2 kvzip            peak=10.674GB acc=1.00 hr=0.2 fb=None segs=None
chunk inputs, size: 512 (num 16)
chunk inputs, size: 512 (num 2)
chunk inputs, size: 512 (num 2)
chunk inputs, size: 512 (num 2)
chunk inputs, size: 512 (num 2)
chunk inputs, size: 512 (num 2)
chunk inputs, size: 512 (num 2)
chunk inputs, size: 512 (num 2)
chunk inputs, size: 512 (num 2)
ratio 0.50 (pair), 0.2 GB (evict 461504 pairs)
  r=0.2 ours             peak= 8.775GB acc=1.00 hr=0.5 fb=3200 segs=7
chunk inputs, size: 512 (num 16)
chunk inputs, size: 512 (num 5)
ratio 0.50 (pair), 0.2 GB (evict 341448 pairs)
  r=0.2 ours_predict_next peak= 8.653GB acc=0.00 hr=0.5 fb=3200 segs=5
chunk inputs, size: 512 (num 16)
chunk inputs, size: 512 (num 2)
chunk inputs, size: 512 (num 2)
chunk inputs, size: 512 (num 2)
chunk inputs, size: 512 (num 2)
chunk inputs, size: 512 (num 2)
chunk inputs, size: 512 (num 2)
chunk inputs, size: 512 (num 2)
chunk inputs, size: 512 (num 2)
chunk inputs, size: 512 (num 2)
chunk inputs, size: 512 (num 7)
ratio 0.50 (pair), 0.2 GB (evict 461212 pairs)
  r=0.2 ours_combine     peak= 8.775GB acc=0.50 hr=0.5 fb=3200 segs=7
chunk inputs, size: 512 (num 16)
chunk inputs, size: 2000 (num 4)
ratio 0.40 (pair), 0.5 GB (evict 1383081 pairs)
  r=0.4 kvzip            peak=10.674GB acc=1.00 hr=0.4 fb=None segs=None
chunk inputs, size: 512 (num 16)
chunk inputs, size: 512 (num 2)
chunk inputs, size: 512 (num 2)
chunk inputs, size: 512 (num 2)
chunk inputs, size: 512 (num 2)
chunk inputs, size: 512 (num 2)
chunk inputs, size: 512 (num 2)
chunk inputs, size: 512 (num 2)
chunk inputs, size: 512 (num 2)
ratio 0.50 (pair), 0.5 GB (evict 922489 pairs)
  r=0.4 ours             peak= 9.198GB acc=1.00 hr=0.5 fb=6399 segs=7
chunk inputs, size: 512 (num 16)
chunk inputs, size: 512 (num 9)
ratio 0.50 (pair), 0.3 GB (evict 636691 pairs)
  r=0.4 ours_predict_next peak= 8.887GB acc=1.00 hr=0.5 fb=6399 segs=5
chunk inputs, size: 512 (num 16)
chunk inputs, size: 512 (num 2)
chunk inputs, size: 512 (num 2)
chunk inputs, size: 512 (num 2)
chunk inputs, size: 512 (num 2)
chunk inputs, size: 512 (num 2)
chunk inputs, size: 512 (num 2)
chunk inputs, size: 512 (num 2)
chunk inputs, size: 512 (num 2)
chunk inputs, size: 512 (num 2)
chunk inputs, size: 512 (num 13)
ratio 0.50 (pair), 0.5 GB (evict 922166 pairs)
  r=0.4 ours_combine     peak= 9.198GB acc=1.00 hr=0.5 fb=6399 segs=7
chunk inputs, size: 512 (num 16)
chunk inputs, size: 2000 (num 4)
ratio 0.60 (pair), 0.7 GB (evict 922419 pairs)
  r=0.6 kvzip            peak=10.674GB acc=1.00 hr=0.6 fb=None segs=None
chunk inputs, size: 512 (num 16)
chunk inputs, size: 512 (num 3)
chunk inputs, size: 512 (num 3)
chunk inputs, size: 512 (num 3)
chunk inputs, size: 512 (num 3)
chunk inputs, size: 512 (num 3)
ratio 0.60 (pair), 0.5 GB (evict 626598 pairs)
  r=0.6 ours             peak= 9.073GB acc=1.00 hr=0.6 fb=7999 segs=5
chunk inputs, size: 512 (num 16)
chunk inputs, size: 512 (num 3)
chunk inputs, size: 512 (num 9)
ratio 0.60 (pair), 0.4 GB (evict 510212 pairs)
  r=0.6 ours_predict_next peak= 8.888GB acc=1.00 hr=0.6 fb=7999 segs=3
chunk inputs, size: 512 (num 16)
chunk inputs, size: 512 (num 3)
chunk inputs, size: 512 (num 3)
chunk inputs, size: 512 (num 3)
chunk inputs, size: 512 (num 3)
chunk inputs, size: 512 (num 3)
chunk inputs, size: 512 (num 11)
ratio 0.60 (pair), 0.5 GB (evict 627112 pairs)
  r=0.6 ours_combine     peak= 9.067GB acc=1.00 hr=0.6 fb=7999 segs=5
chunk inputs, size: 512 (num 16)
chunk inputs, size: 2000 (num 4)
ratio 0.80 (pair), 0.9 GB (evict 461321 pairs)
  r=0.8 kvzip            peak=10.674GB acc=1.00 hr=0.8 fb=None segs=None
chunk inputs, size: 512 (num 16)
chunk inputs, size: 512 (num 3)
chunk inputs, size: 512 (num 3)
chunk inputs, size: 512 (num 3)
chunk inputs, size: 512 (num 3)
chunk inputs, size: 512 (num 3)
ratio 0.80 (pair), 0.6 GB (evict 313758 pairs)
  r=0.8 ours             peak= 9.073GB acc=1.00 hr=0.8 fb=7999 segs=5
chunk inputs, size: 512 (num 16)
chunk inputs, size: 512 (num 3)
chunk inputs, size: 512 (num 9)
ratio 0.80 (pair), 0.5 GB (evict 255604 pairs)
  r=0.8 ours_predict_next peak= 8.888GB acc=1.00 hr=0.8 fb=7999 segs=3
chunk inputs, size: 512 (num 16)
chunk inputs, size: 512 (num 3)
chunk inputs, size: 512 (num 3)
chunk inputs, size: 512 (num 3)
chunk inputs, size: 512 (num 3)
chunk inputs, size: 512 (num 3)
chunk inputs, size: 512 (num 11)
ratio 0.80 (pair), 0.6 GB (evict 313864 pairs)
  r=0.8 ours_combine     peak= 9.067GB acc=1.00 hr=0.8 fb=7999 segs=5
chunk inputs, size: 512 (num 16)
chunk inputs, size: 2000 (num 4)
ratio 1.00 (pair), 1.2 GB (evict 0 pairs)
  r=1.0 kvzip            peak=10.674GB acc=1.00 hr=1.0 fb=None segs=None
chunk inputs, size: 512 (num 16)
chunk inputs, size: 512 (num 16)
ratio 1.00 (pair), 1.2 GB (evict 0 pairs)
  r=1.0 ours             peak= 9.417GB acc=1.00 hr=1.0 fb=7999 segs=0
chunk inputs, size: 512 (num 16)
chunk inputs, size: 512 (num 13)
chunk inputs, size: 512 (num 13)
ratio 1.00 (pair), 0.9 GB (evict 0 pairs)
  r=1.0 ours_predict_next peak= 9.162GB acc=1.00 hr=1.0 fb=7999 segs=0
chunk inputs, size: 512 (num 16)
chunk inputs, size: 512 (num 16)
chunk inputs, size: 512 (num 16)
chunk inputs, size: 512 (num 16)
ratio 1.00 (pair), 1.2 GB (evict 0 pairs)
  r=1.0 ours_combine     peak= 9.416GB acc=1.00 hr=1.0 fb=7999 segs=0
insertion at 788
================================================================================ 
[ctx_len=8000 depth=10% q=0.1 true_len=7999]
chunk inputs, size: 512 (num 16)
chunk inputs, size: 2000 (num 4)
ratio 0.00 (pair), 0.0 GB (evict 2303712 pairs)
  r=0.0 kvzip            peak=10.674GB acc=0.00 hr=0.0 fb=None segs=None
chunk inputs, size: 512 (num 16)
chunk inputs, size: 512 (num 2)
chunk inputs, size: 512 (num 2)
chunk inputs, size: 512 (num 2)
chunk inputs, size: 512 (num 2)
chunk inputs, size: 512 (num 2)
chunk inputs, size: 512 (num 2)
chunk inputs, size: 512 (num 2)
chunk inputs, size: 512 (num 2)
ratio 0.00 (pair), 0.0 GB (evict 18432 pairs)
  r=0.0 ours             peak= 8.417GB acc=0.00 hr=0.0 fb=64 segs=7
chunk inputs, size: 512 (num 16)
ratio 0.00 (pair), 0.0 GB (evict 18432 pairs)
  r=0.0 ours_predict_next peak= 8.489GB acc=0.00 hr=0.0 fb=64 segs=5
chunk inputs, size: 512 (num 16)
chunk inputs, size: 512 (num 2)
chunk inputs, size: 512 (num 2)
chunk inputs, size: 512 (num 2)
chunk inputs, size: 512 (num 2)
chunk inputs, size: 512 (num 2)
chunk inputs, size: 512 (num 2)
chunk inputs, size: 512 (num 2)
chunk inputs, size: 512 (num 2)
chunk inputs, size: 512 (num 2)
ratio 0.00 (pair), 0.0 GB (evict 18432 pairs)
  r=0.0 ours_combine     peak= 8.429GB acc=0.00 hr=0.0 fb=64 segs=7
chunk inputs, size: 512 (num 16)
chunk inputs, size: 2000 (num 4)
ratio 0.20 (pair), 0.2 GB (evict 1843385 pairs)
  r=0.2 kvzip            peak=10.674GB acc=1.00 hr=0.2 fb=None segs=None
chunk inputs, size: 512 (num 16)
chunk inputs, size: 512 (num 2)
chunk inputs, size: 512 (num 2)
chunk inputs, size: 512 (num 2)
chunk inputs, size: 512 (num 2)
chunk inputs, size: 512 (num 2)
chunk inputs, size: 512 (num 2)
chunk inputs, size: 512 (num 2)
chunk inputs, size: 512 (num 2)
ratio 0.50 (pair), 0.2 GB (evict 461422 pairs)
  r=0.2 ours             peak= 8.775GB acc=1.00 hr=0.5 fb=3200 segs=7
chunk inputs, size: 512 (num 16)
chunk inputs, size: 512 (num 5)
ratio 0.50 (pair), 0.2 GB (evict 341467 pairs)
  r=0.2 ours_predict_next peak= 8.656GB acc=0.00 hr=0.5 fb=3200 segs=5
chunk inputs, size: 512 (num 16)
chunk inputs, size: 512 (num 2)
chunk inputs, size: 512 (num 2)
chunk inputs, size: 512 (num 2)
chunk inputs, size: 512 (num 2)
chunk inputs, size: 512 (num 2)
chunk inputs, size: 512 (num 2)
chunk inputs, size: 512 (num 2)
chunk inputs, size: 512 (num 2)
chunk inputs, size: 512 (num 2)
chunk inputs, size: 512 (num 7)
ratio 0.50 (pair), 0.2 GB (evict 461136 pairs)
  r=0.2 ours_combine     peak= 8.775GB acc=1.00 hr=0.5 fb=3200 segs=7
chunk inputs, size: 512 (num 16)
chunk inputs, size: 2000 (num 4)
ratio 0.40 (pair), 0.5 GB (evict 1382655 pairs)
  r=0.4 kvzip            peak=10.674GB acc=1.00 hr=0.4 fb=None segs=None
chunk inputs, size: 512 (num 16)
chunk inputs, size: 512 (num 2)
chunk inputs, size: 512 (num 2)
chunk inputs, size: 512 (num 2)
chunk inputs, size: 512 (num 2)
chunk inputs, size: 512 (num 2)
chunk inputs, size: 512 (num 2)
chunk inputs, size: 512 (num 2)
chunk inputs, size: 512 (num 2)
ratio 0.50 (pair), 0.5 GB (evict 921777 pairs)
  r=0.4 ours             peak= 9.198GB acc=1.00 hr=0.5 fb=6399 segs=7
chunk inputs, size: 512 (num 16)
chunk inputs, size: 512 (num 9)
ratio 0.50 (pair), 0.3 GB (evict 636387 pairs)
  r=0.4 ours_predict_next peak= 8.886GB acc=0.50 hr=0.5 fb=6399 segs=5
chunk inputs, size: 512 (num 16)
chunk inputs, size: 512 (num 2)
chunk inputs, size: 512 (num 2)
chunk inputs, size: 512 (num 2)
chunk inputs, size: 512 (num 2)
chunk inputs, size: 512 (num 2)
chunk inputs, size: 512 (num 2)
chunk inputs, size: 512 (num 2)
chunk inputs, size: 512 (num 2)
chunk inputs, size: 512 (num 2)
chunk inputs, size: 512 (num 13)
ratio 0.50 (pair), 0.5 GB (evict 922085 pairs)
  r=0.4 ours_combine     peak= 9.198GB acc=1.00 hr=0.5 fb=6399 segs=7
chunk inputs, size: 512 (num 16)
chunk inputs, size: 2000 (num 4)
ratio 0.60 (pair), 0.7 GB (evict 922713 pairs)
  r=0.6 kvzip            peak=10.674GB acc=1.00 hr=0.6 fb=None segs=None
chunk inputs, size: 512 (num 16)
chunk inputs, size: 512 (num 3)
chunk inputs, size: 512 (num 3)
chunk inputs, size: 512 (num 3)
chunk inputs, size: 512 (num 3)
chunk inputs, size: 512 (num 3)
ratio 0.60 (pair), 0.5 GB (evict 627009 pairs)
  r=0.6 ours             peak= 9.073GB acc=1.00 hr=0.6 fb=7999 segs=5
chunk inputs, size: 512 (num 16)
chunk inputs, size: 512 (num 3)
chunk inputs, size: 512 (num 9)
ratio 0.60 (pair), 0.4 GB (evict 508937 pairs)
  r=0.6 ours_predict_next peak= 8.887GB acc=0.50 hr=0.6 fb=7999 segs=3
chunk inputs, size: 512 (num 16)
chunk inputs, size: 512 (num 3)
chunk inputs, size: 512 (num 3)
chunk inputs, size: 512 (num 3)
chunk inputs, size: 512 (num 3)
chunk inputs, size: 512 (num 3)
chunk inputs, size: 512 (num 11)
ratio 0.60 (pair), 0.5 GB (evict 626899 pairs)
  r=0.6 ours_combine     peak= 9.067GB acc=1.00 hr=0.6 fb=7999 segs=5
chunk inputs, size: 512 (num 16)
chunk inputs, size: 2000 (num 4)
ratio 0.80 (pair), 0.9 GB (evict 461875 pairs)
  r=0.8 kvzip            peak=10.674GB acc=1.00 hr=0.8 fb=None segs=None
chunk inputs, size: 512 (num 16)
chunk inputs, size: 512 (num 3)
chunk inputs, size: 512 (num 3)
chunk inputs, size: 512 (num 3)
chunk inputs, size: 512 (num 3)
chunk inputs, size: 512 (num 3)
ratio 0.80 (pair), 0.6 GB (evict 313491 pairs)
  r=0.8 ours             peak= 9.073GB acc=1.00 hr=0.8 fb=7999 segs=5
chunk inputs, size: 512 (num 16)
chunk inputs, size: 512 (num 3)
chunk inputs, size: 512 (num 9)
ratio 0.80 (pair), 0.5 GB (evict 254307 pairs)
  r=0.8 ours_predict_next peak= 8.887GB acc=0.50 hr=0.8 fb=7999 segs=3
chunk inputs, size: 512 (num 16)
chunk inputs, size: 512 (num 3)
chunk inputs, size: 512 (num 3)
chunk inputs, size: 512 (num 3)
chunk inputs, size: 512 (num 3)
chunk inputs, size: 512 (num 3)
chunk inputs, size: 512 (num 11)
ratio 0.80 (pair), 0.6 GB (evict 314150 pairs)
  r=0.8 ours_combine     peak= 9.067GB acc=1.00 hr=0.8 fb=7999 segs=5
chunk inputs, size: 512 (num 16)
chunk inputs, size: 2000 (num 4)
ratio 1.00 (pair), 1.2 GB (evict 0 pairs)
  r=1.0 kvzip            peak=10.674GB acc=1.00 hr=1.0 fb=None segs=None
chunk inputs, size: 512 (num 16)
chunk inputs, size: 512 (num 16)
ratio 1.00 (pair), 1.2 GB (evict 0 pairs)
  r=1.0 ours             peak= 9.417GB acc=1.00 hr=1.0 fb=7999 segs=0
chunk inputs, size: 512 (num 16)
chunk inputs, size: 512 (num 13)
chunk inputs, size: 512 (num 13)
ratio 1.00 (pair), 0.9 GB (evict 0 pairs)
  r=1.0 ours_predict_next peak= 9.161GB acc=0.50 hr=1.0 fb=7999 segs=0
chunk inputs, size: 512 (num 16)
chunk inputs, size: 512 (num 16)
chunk inputs, size: 512 (num 16)
chunk inputs, size: 512 (num 16)
ratio 1.00 (pair), 1.2 GB (evict 0 pairs)
  r=1.0 ours_combine     peak= 9.416GB acc=1.00 hr=1.0 fb=7999 segs=0
insertion at 1584
================================================================================ 
[ctx_len=8000 depth=20% q=0.2 true_len=7999]
chunk inputs, size: 512 (num 16)
chunk inputs, size: 2000 (num 4)
ratio 0.00 (pair), 0.0 GB (evict 2303712 pairs)
  r=0.0 kvzip            peak=10.674GB acc=0.00 hr=0.0 fb=None segs=None
chunk inputs, size: 512 (num 16)
chunk inputs, size: 512 (num 2)
chunk inputs, size: 512 (num 2)
chunk inputs, size: 512 (num 2)
chunk inputs, size: 512 (num 2)
chunk inputs, size: 512 (num 2)
chunk inputs, size: 512 (num 2)
chunk inputs, size: 512 (num 2)
chunk inputs, size: 512 (num 2)
ratio 0.00 (pair), 0.0 GB (evict 18432 pairs)
  r=0.0 ours             peak= 8.417GB acc=0.00 hr=0.0 fb=64 segs=7
chunk inputs, size: 512 (num 16)
ratio 0.00 (pair), 0.0 GB (evict 18432 pairs)
  r=0.0 ours_predict_next peak= 8.486GB acc=0.00 hr=0.0 fb=64 segs=5
chunk inputs, size: 512 (num 16)
chunk inputs, size: 512 (num 2)
chunk inputs, size: 512 (num 2)
chunk inputs, size: 512 (num 2)
chunk inputs, size: 512 (num 2)
chunk inputs, size: 512 (num 2)
chunk inputs, size: 512 (num 2)
chunk inputs, size: 512 (num 2)
chunk inputs, size: 512 (num 2)
chunk inputs, size: 512 (num 2)
ratio 0.00 (pair), 0.0 GB (evict 18432 pairs)
  r=0.0 ours_combine     peak= 8.429GB acc=0.00 hr=0.0 fb=64 segs=7
chunk inputs, size: 512 (num 16)
chunk inputs, size: 2000 (num 4)
ratio 0.20 (pair), 0.2 GB (evict 1843750 pairs)
  r=0.2 kvzip            peak=10.674GB acc=1.00 hr=0.2 fb=None segs=None
chunk inputs, size: 512 (num 16)
chunk inputs, size: 512 (num 2)
chunk inputs, size: 512 (num 2)
chunk inputs, size: 512 (num 2)
chunk inputs, size: 512 (num 2)
chunk inputs, size: 512 (num 2)
chunk inputs, size: 512 (num 2)
chunk inputs, size: 512 (num 2)
chunk inputs, size: 512 (num 2)
ratio 0.50 (pair), 0.2 GB (evict 461491 pairs)
  r=0.2 ours             peak= 8.775GB acc=0.50 hr=0.5 fb=3200 segs=7
chunk inputs, size: 512 (num 16)
chunk inputs, size: 512 (num 5)
ratio 0.50 (pair), 0.2 GB (evict 341407 pairs)
  r=0.2 ours_predict_next peak= 8.655GB acc=0.00 hr=0.5 fb=3200 segs=5
chunk inputs, size: 512 (num 16)
chunk inputs, size: 512 (num 2)
chunk inputs, size: 512 (num 2)
chunk inputs, size: 512 (num 2)
chunk inputs, size: 512 (num 2)
chunk inputs, size: 512 (num 2)
chunk inputs, size: 512 (num 2)
chunk inputs, size: 512 (num 2)
chunk inputs, size: 512 (num 2)
chunk inputs, size: 512 (num 2)
chunk inputs, size: 512 (num 7)
ratio 0.50 (pair), 0.2 GB (evict 461068 pairs)
  r=0.2 ours_combine     peak= 8.775GB acc=0.50 hr=0.5 fb=3200 segs=7
chunk inputs, size: 512 (num 16)
chunk inputs, size: 2000 (num 4)
ratio 0.40 (pair), 0.5 GB (evict 1382954 pairs)
  r=0.4 kvzip            peak=10.674GB acc=1.00 hr=0.4 fb=None segs=None
chunk inputs, size: 512 (num 16)
chunk inputs, size: 512 (num 2)
chunk inputs, size: 512 (num 2)
chunk inputs, size: 512 (num 2)
chunk inputs, size: 512 (num 2)
chunk inputs, size: 512 (num 2)
chunk inputs, size: 512 (num 2)
chunk inputs, size: 512 (num 2)
chunk inputs, size: 512 (num 2)
ratio 0.50 (pair), 0.5 GB (evict 921858 pairs)
  r=0.4 ours             peak= 9.198GB acc=1.00 hr=0.5 fb=6399 segs=7
chunk inputs, size: 512 (num 16)
chunk inputs, size: 512 (num 9)
ratio 0.50 (pair), 0.3 GB (evict 636513 pairs)
  r=0.4 ours_predict_next peak= 8.886GB acc=0.50 hr=0.5 fb=6399 segs=5
chunk inputs, size: 512 (num 16)
chunk inputs, size: 512 (num 2)
chunk inputs, size: 512 (num 2)
chunk inputs, size: 512 (num 2)
chunk inputs, size: 512 (num 2)
chunk inputs, size: 512 (num 2)
chunk inputs, size: 512 (num 2)
chunk inputs, size: 512 (num 2)
chunk inputs, size: 512 (num 2)
chunk inputs, size: 512 (num 2)
chunk inputs, size: 512 (num 13)
ratio 0.50 (pair), 0.5 GB (evict 921925 pairs)
  r=0.4 ours_combine     peak= 9.198GB acc=1.00 hr=0.5 fb=6399 segs=7
chunk inputs, size: 512 (num 16)
chunk inputs, size: 2000 (num 4)
ratio 0.60 (pair), 0.7 GB (evict 921807 pairs)
  r=0.6 kvzip            peak=10.674GB acc=1.00 hr=0.6 fb=None segs=None
chunk inputs, size: 512 (num 16)
chunk inputs, size: 512 (num 3)
chunk inputs, size: 512 (num 3)
chunk inputs, size: 512 (num 3)
chunk inputs, size: 512 (num 3)
chunk inputs, size: 512 (num 3)
ratio 0.60 (pair), 0.5 GB (evict 627369 pairs)
  r=0.6 ours             peak= 9.073GB acc=1.00 hr=0.6 fb=7999 segs=5
chunk inputs, size: 512 (num 16)
chunk inputs, size: 512 (num 3)
chunk inputs, size: 512 (num 9)
ratio 0.60 (pair), 0.4 GB (evict 508206 pairs)
  r=0.6 ours_predict_next peak= 8.886GB acc=1.00 hr=0.6 fb=7999 segs=3
chunk inputs, size: 512 (num 16)
chunk inputs, size: 512 (num 3)
chunk inputs, size: 512 (num 3)
chunk inputs, size: 512 (num 3)
chunk inputs, size: 512 (num 3)
chunk inputs, size: 512 (num 3)
chunk inputs, size: 512 (num 11)
ratio 0.60 (pair), 0.5 GB (evict 626617 pairs)
  r=0.6 ours_combine     peak= 9.067GB acc=1.00 hr=0.6 fb=7999 segs=5
chunk inputs, size: 512 (num 16)
chunk inputs, size: 2000 (num 4)
ratio 0.80 (pair), 0.9 GB (evict 461648 pairs)
  r=0.8 kvzip            peak=10.674GB acc=1.00 hr=0.8 fb=None segs=None
chunk inputs, size: 512 (num 16)
chunk inputs, size: 512 (num 3)
chunk inputs, size: 512 (num 3)
chunk inputs, size: 512 (num 3)
chunk inputs, size: 512 (num 3)
chunk inputs, size: 512 (num 3)
ratio 0.80 (pair), 0.6 GB (evict 313954 pairs)
  r=0.8 ours             peak= 9.073GB acc=1.00 hr=0.8 fb=7999 segs=5
chunk inputs, size: 512 (num 16)
chunk inputs, size: 512 (num 3)
chunk inputs, size: 512 (num 9)
ratio 0.80 (pair), 0.5 GB (evict 254243 pairs)
  r=0.8 ours_predict_next peak= 8.886GB acc=1.00 hr=0.8 fb=7999 segs=3
chunk inputs, size: 512 (num 16)
chunk inputs, size: 512 (num 3)
chunk inputs, size: 512 (num 3)
chunk inputs, size: 512 (num 3)
chunk inputs, size: 512 (num 3)
chunk inputs, size: 512 (num 3)
chunk inputs, size: 512 (num 11)
ratio 0.80 (pair), 0.6 GB (evict 313542 pairs)
  r=0.8 ours_combine     peak= 9.067GB acc=1.00 hr=0.8 fb=7999 segs=5
chunk inputs, size: 512 (num 16)
chunk inputs, size: 2000 (num 4)
ratio 1.00 (pair), 1.2 GB (evict 0 pairs)
  r=1.0 kvzip            peak=10.674GB acc=1.00 hr=1.0 fb=None segs=None
chunk inputs, size: 512 (num 16)
chunk inputs, size: 512 (num 16)
ratio 1.00 (pair), 1.2 GB (evict 0 pairs)
  r=1.0 ours             peak= 9.417GB acc=1.00 hr=1.0 fb=7999 segs=0
chunk inputs, size: 512 (num 16)
chunk inputs, size: 512 (num 13)
chunk inputs, size: 512 (num 13)
ratio 1.00 (pair), 0.9 GB (evict 0 pairs)
  r=1.0 ours_predict_next peak= 9.154GB acc=1.00 hr=1.0 fb=7999 segs=0
chunk inputs, size: 512 (num 16)
chunk inputs, size: 512 (num 16)
chunk inputs, size: 512 (num 16)
chunk inputs, size: 512 (num 16)
ratio 1.00 (pair), 1.2 GB (evict 0 pairs)
  r=1.0 ours_combine     peak= 9.416GB acc=1.00 hr=1.0 fb=7999 segs=0
insertion at 2374
================================================================================ 
[ctx_len=8000 depth=30% q=0.3 true_len=7999]
chunk inputs, size: 512 (num 16)
chunk inputs, size: 2000 (num 4)
ratio 0.00 (pair), 0.0 GB (evict 2303712 pairs)
  r=0.0 kvzip            peak=10.674GB acc=0.00 hr=0.0 fb=None segs=None
chunk inputs, size: 512 (num 16)
chunk inputs, size: 512 (num 2)
chunk inputs, size: 512 (num 2)
chunk inputs, size: 512 (num 2)
chunk inputs, size: 512 (num 2)
chunk inputs, size: 512 (num 2)
chunk inputs, size: 512 (num 2)
chunk inputs, size: 512 (num 2)
chunk inputs, size: 512 (num 2)
ratio 0.00 (pair), 0.0 GB (evict 18432 pairs)
  r=0.0 ours             peak= 8.417GB acc=0.00 hr=0.0 fb=64 segs=7
chunk inputs, size: 512 (num 16)
ratio 0.00 (pair), 0.0 GB (evict 18432 pairs)
  r=0.0 ours_predict_next peak= 8.490GB acc=0.00 hr=0.0 fb=64 segs=5
chunk inputs, size: 512 (num 16)
chunk inputs, size: 512 (num 2)
chunk inputs, size: 512 (num 2)
chunk inputs, size: 512 (num 2)
chunk inputs, size: 512 (num 2)
chunk inputs, size: 512 (num 2)
chunk inputs, size: 512 (num 2)
chunk inputs, size: 512 (num 2)
chunk inputs, size: 512 (num 2)
chunk inputs, size: 512 (num 2)
ratio 0.00 (pair), 0.0 GB (evict 18432 pairs)
  r=0.0 ours_combine     peak= 8.429GB acc=0.00 hr=0.0 fb=64 segs=7
chunk inputs, size: 512 (num 16)
chunk inputs, size: 2000 (num 4)
ratio 0.20 (pair), 0.2 GB (evict 1843433 pairs)
  r=0.2 kvzip            peak=10.674GB acc=1.00 hr=0.2 fb=None segs=None
chunk inputs, size: 512 (num 16)
chunk inputs, size: 512 (num 2)
chunk inputs, size: 512 (num 2)
chunk inputs, size: 512 (num 2)
chunk inputs, size: 512 (num 2)
chunk inputs, size: 512 (num 2)
chunk inputs, size: 512 (num 2)
chunk inputs, size: 512 (num 2)
chunk inputs, size: 512 (num 2)
ratio 0.50 (pair), 0.2 GB (evict 460965 pairs)
  r=0.2 ours             peak= 8.775GB acc=0.50 hr=0.5 fb=3200 segs=7
chunk inputs, size: 512 (num 16)
chunk inputs, size: 512 (num 5)
ratio 0.50 (pair), 0.2 GB (evict 341410 pairs)
  r=0.2 ours_predict_next peak= 8.652GB acc=0.00 hr=0.5 fb=3200 segs=5
chunk inputs, size: 512 (num 16)
chunk inputs, size: 512 (num 2)
chunk inputs, size: 512 (num 2)
chunk inputs, size: 512 (num 2)
chunk inputs, size: 512 (num 2)
chunk inputs, size: 512 (num 2)
chunk inputs, size: 512 (num 2)
chunk inputs, size: 512 (num 2)
chunk inputs, size: 512 (num 2)
chunk inputs, size: 512 (num 2)
chunk inputs, size: 512 (num 7)
ratio 0.50 (pair), 0.2 GB (evict 461546 pairs)
  r=0.2 ours_combine     peak= 8.775GB acc=0.50 hr=0.5 fb=3200 segs=7
chunk inputs, size: 512 (num 16)
chunk inputs, size: 2000 (num 4)
ratio 0.40 (pair), 0.5 GB (evict 1382478 pairs)
  r=0.4 kvzip            peak=10.674GB acc=1.00 hr=0.4 fb=None segs=None
chunk inputs, size: 512 (num 16)
chunk inputs, size: 512 (num 2)
chunk inputs, size: 512 (num 2)
chunk inputs, size: 512 (num 2)
chunk inputs, size: 512 (num 2)
chunk inputs, size: 512 (num 2)
chunk inputs, size: 512 (num 2)
chunk inputs, size: 512 (num 2)
chunk inputs, size: 512 (num 2)
ratio 0.50 (pair), 0.5 GB (evict 921856 pairs)
  r=0.4 ours             peak= 9.198GB acc=1.00 hr=0.5 fb=6399 segs=7
chunk inputs, size: 512 (num 16)
chunk inputs, size: 512 (num 3)
chunk inputs, size: 512 (num 8)
ratio 0.50 (pair), 0.3 GB (evict 589694 pairs)
  r=0.4 ours_predict_next peak= 8.909GB acc=0.00 hr=0.5 fb=6399 segs=5
chunk inputs, size: 512 (num 16)
chunk inputs, size: 512 (num 2)
chunk inputs, size: 512 (num 2)
chunk inputs, size: 512 (num 2)
chunk inputs, size: 512 (num 2)
chunk inputs, size: 512 (num 2)
chunk inputs, size: 512 (num 2)
chunk inputs, size: 512 (num 2)
chunk inputs, size: 512 (num 2)
chunk inputs, size: 512 (num 2)
chunk inputs, size: 512 (num 13)
ratio 0.50 (pair), 0.5 GB (evict 922217 pairs)
  r=0.4 ours_combine     peak= 9.198GB acc=1.00 hr=0.5 fb=6399 segs=7
chunk inputs, size: 512 (num 16)
chunk inputs, size: 2000 (num 4)
ratio 0.60 (pair), 0.7 GB (evict 921784 pairs)
  r=0.6 kvzip            peak=10.674GB acc=1.00 hr=0.6 fb=None segs=None
chunk inputs, size: 512 (num 16)
chunk inputs, size: 512 (num 3)
chunk inputs, size: 512 (num 3)
chunk inputs, size: 512 (num 3)
chunk inputs, size: 512 (num 3)
chunk inputs, size: 512 (num 3)
ratio 0.60 (pair), 0.5 GB (evict 627336 pairs)
  r=0.6 ours             peak= 9.073GB acc=1.00 hr=0.6 fb=7999 segs=5
chunk inputs, size: 512 (num 16)
chunk inputs, size: 512 (num 3)
chunk inputs, size: 512 (num 9)
ratio 0.60 (pair), 0.4 GB (evict 509558 pairs)
  r=0.6 ours_predict_next peak= 8.888GB acc=0.00 hr=0.6 fb=7999 segs=3
chunk inputs, size: 512 (num 16)
chunk inputs, size: 512 (num 3)
chunk inputs, size: 512 (num 3)
chunk inputs, size: 512 (num 3)
chunk inputs, size: 512 (num 3)
chunk inputs, size: 512 (num 3)
chunk inputs, size: 512 (num 11)
ratio 0.60 (pair), 0.5 GB (evict 626841 pairs)
  r=0.6 ours_combine     peak= 9.067GB acc=1.00 hr=0.6 fb=7999 segs=5
chunk inputs, size: 512 (num 16)
chunk inputs, size: 2000 (num 4)
ratio 0.80 (pair), 0.9 GB (evict 461607 pairs)
  r=0.8 kvzip            peak=10.674GB acc=1.00 hr=0.8 fb=None segs=None
chunk inputs, size: 512 (num 16)
chunk inputs, size: 512 (num 3)
chunk inputs, size: 512 (num 3)
chunk inputs, size: 512 (num 3)
chunk inputs, size: 512 (num 3)
chunk inputs, size: 512 (num 3)
ratio 0.80 (pair), 0.6 GB (evict 313604 pairs)
  r=0.8 ours             peak= 9.073GB acc=1.00 hr=0.8 fb=7999 segs=5
chunk inputs, size: 512 (num 16)
chunk inputs, size: 512 (num 3)
chunk inputs, size: 512 (num 9)
ratio 0.80 (pair), 0.5 GB (evict 255140 pairs)
  r=0.8 ours_predict_next peak= 8.888GB acc=0.00 hr=0.8 fb=7999 segs=3
chunk inputs, size: 512 (num 16)
chunk inputs, size: 512 (num 3)
chunk inputs, size: 512 (num 3)
chunk inputs, size: 512 (num 3)
chunk inputs, size: 512 (num 3)
chunk inputs, size: 512 (num 3)
chunk inputs, size: 512 (num 11)
ratio 0.80 (pair), 0.6 GB (evict 313795 pairs)
  r=0.8 ours_combine     peak= 9.067GB acc=1.00 hr=0.8 fb=7999 segs=5
chunk inputs, size: 512 (num 16)
chunk inputs, size: 2000 (num 4)
ratio 1.00 (pair), 1.2 GB (evict 0 pairs)
  r=1.0 kvzip            peak=10.674GB acc=1.00 hr=1.0 fb=None segs=None
chunk inputs, size: 512 (num 16)
chunk inputs, size: 512 (num 16)
ratio 1.00 (pair), 1.2 GB (evict 0 pairs)
  r=1.0 ours             peak= 9.417GB acc=1.00 hr=1.0 fb=7999 segs=0
chunk inputs, size: 512 (num 16)
chunk inputs, size: 512 (num 13)
chunk inputs, size: 512 (num 13)
ratio 1.00 (pair), 0.9 GB (evict 0 pairs)
  r=1.0 ours_predict_next peak= 9.166GB acc=0.50 hr=1.0 fb=7999 segs=0
chunk inputs, size: 512 (num 16)
chunk inputs, size: 512 (num 16)
chunk inputs, size: 512 (num 16)
chunk inputs, size: 512 (num 16)
ratio 1.00 (pair), 1.2 GB (evict 0 pairs)
  r=1.0 ours_combine     peak= 9.416GB acc=1.00 hr=1.0 fb=7999 segs=0
insertion at 3152
================================================================================ 
[ctx_len=8000 depth=40% q=0.4 true_len=7999]
chunk inputs, size: 512 (num 16)
chunk inputs, size: 2000 (num 4)
ratio 0.00 (pair), 0.0 GB (evict 2303712 pairs)
  r=0.0 kvzip            peak=10.674GB acc=0.00 hr=0.0 fb=None segs=None
chunk inputs, size: 512 (num 16)
chunk inputs, size: 512 (num 2)
chunk inputs, size: 512 (num 2)
chunk inputs, size: 512 (num 2)
chunk inputs, size: 512 (num 2)
chunk inputs, size: 512 (num 2)
chunk inputs, size: 512 (num 2)
chunk inputs, size: 512 (num 2)
chunk inputs, size: 512 (num 2)
ratio 0.00 (pair), 0.0 GB (evict 18432 pairs)
  r=0.0 ours             peak= 8.417GB acc=0.00 hr=0.0 fb=64 segs=7
chunk inputs, size: 512 (num 16)
ratio 0.00 (pair), 0.0 GB (evict 18432 pairs)
  r=0.0 ours_predict_next peak= 8.511GB acc=0.00 hr=0.0 fb=64 segs=5
chunk inputs, size: 512 (num 16)
chunk inputs, size: 512 (num 2)
chunk inputs, size: 512 (num 2)
chunk inputs, size: 512 (num 2)
chunk inputs, size: 512 (num 2)
chunk inputs, size: 512 (num 2)
chunk inputs, size: 512 (num 2)
chunk inputs, size: 512 (num 2)
chunk inputs, size: 512 (num 2)
chunk inputs, size: 512 (num 2)
ratio 0.00 (pair), 0.0 GB (evict 18432 pairs)
  r=0.0 ours_combine     peak= 8.429GB acc=0.00 hr=0.0 fb=64 segs=7
chunk inputs, size: 512 (num 16)
chunk inputs, size: 2000 (num 4)
ratio 0.20 (pair), 0.2 GB (evict 1843723 pairs)
  r=0.2 kvzip            peak=10.674GB acc=1.00 hr=0.2 fb=None segs=None
chunk inputs, size: 512 (num 16)
chunk inputs, size: 512 (num 2)
chunk inputs, size: 512 (num 2)
chunk inputs, size: 512 (num 2)
chunk inputs, size: 512 (num 2)
chunk inputs, size: 512 (num 2)
chunk inputs, size: 512 (num 2)
chunk inputs, size: 512 (num 2)
chunk inputs, size: 512 (num 2)
ratio 0.50 (pair), 0.2 GB (evict 461002 pairs)
  r=0.2 ours             peak= 8.775GB acc=0.50 hr=0.5 fb=3200 segs=7
chunk inputs, size: 512 (num 16)
chunk inputs, size: 512 (num 3)
chunk inputs, size: 512 (num 5)
ratio 0.50 (pair), 0.2 GB (evict 295320 pairs)
  r=0.2 ours_predict_next peak= 8.672GB acc=0.00 hr=0.5 fb=3200 segs=5
chunk inputs, size: 512 (num 16)
chunk inputs, size: 512 (num 2)
chunk inputs, size: 512 (num 2)
chunk inputs, size: 512 (num 2)
chunk inputs, size: 512 (num 2)
chunk inputs, size: 512 (num 2)
chunk inputs, size: 512 (num 2)
chunk inputs, size: 512 (num 2)
chunk inputs, size: 512 (num 2)
chunk inputs, size: 512 (num 2)
chunk inputs, size: 512 (num 7)
ratio 0.50 (pair), 0.2 GB (evict 461054 pairs)
  r=0.2 ours_combine     peak= 8.775GB acc=0.50 hr=0.5 fb=3200 segs=7
chunk inputs, size: 512 (num 16)
chunk inputs, size: 2000 (num 4)
ratio 0.40 (pair), 0.5 GB (evict 1382973 pairs)
  r=0.4 kvzip            peak=10.674GB acc=1.00 hr=0.4 fb=None segs=None
chunk inputs, size: 512 (num 16)
chunk inputs, size: 512 (num 2)
chunk inputs, size: 512 (num 2)
chunk inputs, size: 512 (num 2)
chunk inputs, size: 512 (num 2)
chunk inputs, size: 512 (num 2)
chunk inputs, size: 512 (num 2)
chunk inputs, size: 512 (num 2)
chunk inputs, size: 512 (num 2)
ratio 0.50 (pair), 0.5 GB (evict 922013 pairs)
  r=0.4 ours             peak= 9.198GB acc=1.00 hr=0.5 fb=6399 segs=7
chunk inputs, size: 512 (num 16)
chunk inputs, size: 512 (num 9)
ratio 0.50 (pair), 0.3 GB (evict 636622 pairs)
  r=0.4 ours_predict_next peak= 8.887GB acc=0.00 hr=0.5 fb=6399 segs=5
chunk inputs, size: 512 (num 16)
chunk inputs, size: 512 (num 2)
chunk inputs, size: 512 (num 2)
chunk inputs, size: 512 (num 2)
chunk inputs, size: 512 (num 2)
chunk inputs, size: 512 (num 2)
chunk inputs, size: 512 (num 2)
chunk inputs, size: 512 (num 2)
chunk inputs, size: 512 (num 2)
chunk inputs, size: 512 (num 2)
chunk inputs, size: 512 (num 13)
ratio 0.50 (pair), 0.5 GB (evict 921863 pairs)
  r=0.4 ours_combine     peak= 9.198GB acc=1.00 hr=0.5 fb=6399 segs=7
chunk inputs, size: 512 (num 16)
chunk inputs, size: 2000 (num 4)
ratio 0.60 (pair), 0.7 GB (evict 922409 pairs)
  r=0.6 kvzip            peak=10.674GB acc=1.00 hr=0.6 fb=None segs=None
chunk inputs, size: 512 (num 16)
chunk inputs, size: 512 (num 3)
chunk inputs, size: 512 (num 3)
chunk inputs, size: 512 (num 3)
chunk inputs, size: 512 (num 3)
chunk inputs, size: 512 (num 3)
ratio 0.60 (pair), 0.5 GB (evict 627533 pairs)
  r=0.6 ours             peak= 9.073GB acc=1.00 hr=0.6 fb=7999 segs=5
chunk inputs, size: 512 (num 16)
chunk inputs, size: 512 (num 3)
chunk inputs, size: 512 (num 9)
ratio 0.60 (pair), 0.4 GB (evict 509979 pairs)
  r=0.6 ours_predict_next peak= 8.888GB acc=0.50 hr=0.6 fb=7999 segs=3
chunk inputs, size: 512 (num 16)
chunk inputs, size: 512 (num 3)
chunk inputs, size: 512 (num 3)
chunk inputs, size: 512 (num 3)
chunk inputs, size: 512 (num 3)
chunk inputs, size: 512 (num 3)
chunk inputs, size: 512 (num 11)
ratio 0.60 (pair), 0.5 GB (evict 626997 pairs)
  r=0.6 ours_combine     peak= 9.067GB acc=1.00 hr=0.6 fb=7999 segs=5
chunk inputs, size: 512 (num 16)
chunk inputs, size: 2000 (num 4)
ratio 0.80 (pair), 0.9 GB (evict 461237 pairs)
  r=0.8 kvzip            peak=10.674GB acc=1.00 hr=0.8 fb=None segs=None
chunk inputs, size: 512 (num 16)
chunk inputs, size: 512 (num 3)
chunk inputs, size: 512 (num 3)
chunk inputs, size: 512 (num 3)
chunk inputs, size: 512 (num 3)
chunk inputs, size: 512 (num 3)
ratio 0.80 (pair), 0.6 GB (evict 313535 pairs)
  r=0.8 ours             peak= 9.073GB acc=1.00 hr=0.8 fb=7999 segs=5
chunk inputs, size: 512 (num 16)
chunk inputs, size: 512 (num 3)
chunk inputs, size: 512 (num 9)
ratio 0.80 (pair), 0.5 GB (evict 255144 pairs)
  r=0.8 ours_predict_next peak= 8.888GB acc=0.50 hr=0.8 fb=7999 segs=3
chunk inputs, size: 512 (num 16)
chunk inputs, size: 512 (num 3)
chunk inputs, size: 512 (num 3)
chunk inputs, size: 512 (num 3)
chunk inputs, size: 512 (num 3)
chunk inputs, size: 512 (num 3)
chunk inputs, size: 512 (num 11)
ratio 0.80 (pair), 0.6 GB (evict 314252 pairs)
  r=0.8 ours_combine     peak= 9.067GB acc=1.00 hr=0.8 fb=7999 segs=5
chunk inputs, size: 512 (num 16)
chunk inputs, size: 2000 (num 4)
ratio 1.00 (pair), 1.2 GB (evict 0 pairs)
  r=1.0 kvzip            peak=10.674GB acc=1.00 hr=1.0 fb=None segs=None
chunk inputs, size: 512 (num 16)
chunk inputs, size: 512 (num 16)
ratio 1.00 (pair), 1.2 GB (evict 0 pairs)
  r=1.0 ours             peak= 9.417GB acc=1.00 hr=1.0 fb=7999 segs=0
chunk inputs, size: 512 (num 16)
chunk inputs, size: 512 (num 13)
chunk inputs, size: 512 (num 13)
ratio 1.00 (pair), 1.0 GB (evict 0 pairs)
  r=1.0 ours_predict_next peak= 9.190GB acc=0.50 hr=1.0 fb=7999 segs=0
chunk inputs, size: 512 (num 16)
chunk inputs, size: 512 (num 16)
chunk inputs, size: 512 (num 16)
chunk inputs, size: 512 (num 16)
ratio 1.00 (pair), 1.2 GB (evict 0 pairs)
  r=1.0 ours_combine     peak= 9.416GB acc=1.00 hr=1.0 fb=7999 segs=0
insertion at 3983
================================================================================ 
[ctx_len=8000 depth=50% q=0.5 true_len=7999]
chunk inputs, size: 512 (num 16)
chunk inputs, size: 2000 (num 4)
ratio 0.00 (pair), 0.0 GB (evict 2303712 pairs)
  r=0.0 kvzip            peak=10.674GB acc=0.00 hr=0.0 fb=None segs=None
chunk inputs, size: 512 (num 16)
chunk inputs, size: 512 (num 2)
chunk inputs, size: 512 (num 2)
chunk inputs, size: 512 (num 2)
chunk inputs, size: 512 (num 2)
chunk inputs, size: 512 (num 2)
chunk inputs, size: 512 (num 2)
chunk inputs, size: 512 (num 2)
chunk inputs, size: 512 (num 2)
ratio 0.00 (pair), 0.0 GB (evict 18432 pairs)
  r=0.0 ours             peak= 8.417GB acc=0.00 hr=0.0 fb=64 segs=7
chunk inputs, size: 512 (num 16)
ratio 0.00 (pair), 0.0 GB (evict 18432 pairs)
  r=0.0 ours_predict_next peak= 8.511GB acc=0.00 hr=0.0 fb=64 segs=5
chunk inputs, size: 512 (num 16)
chunk inputs, size: 512 (num 2)
chunk inputs, size: 512 (num 2)
chunk inputs, size: 512 (num 2)
chunk inputs, size: 512 (num 2)
chunk inputs, size: 512 (num 2)
chunk inputs, size: 512 (num 2)
chunk inputs, size: 512 (num 2)
chunk inputs, size: 512 (num 2)
chunk inputs, size: 512 (num 2)
ratio 0.00 (pair), 0.0 GB (evict 18432 pairs)
  r=0.0 ours_combine     peak= 8.429GB acc=0.00 hr=0.0 fb=64 segs=7
chunk inputs, size: 512 (num 16)
chunk inputs, size: 2000 (num 4)
ratio 0.20 (pair), 0.2 GB (evict 1843740 pairs)
  r=0.2 kvzip            peak=10.674GB acc=1.00 hr=0.2 fb=None segs=None
chunk inputs, size: 512 (num 16)
chunk inputs, size: 512 (num 2)
chunk inputs, size: 512 (num 2)
chunk inputs, size: 512 (num 2)
chunk inputs, size: 512 (num 2)
chunk inputs, size: 512 (num 2)
chunk inputs, size: 512 (num 2)
chunk inputs, size: 512 (num 2)
chunk inputs, size: 512 (num 2)
ratio 0.50 (pair), 0.2 GB (evict 461032 pairs)
  r=0.2 ours             peak= 8.775GB acc=1.00 hr=0.5 fb=3200 segs=7
chunk inputs, size: 512 (num 16)
chunk inputs, size: 512 (num 5)
ratio 0.50 (pair), 0.2 GB (evict 341597 pairs)
  r=0.2 ours_predict_next peak= 8.653GB acc=0.00 hr=0.5 fb=3200 segs=5
chunk inputs, size: 512 (num 16)
chunk inputs, size: 512 (num 2)
chunk inputs, size: 512 (num 2)
chunk inputs, size: 512 (num 2)
chunk inputs, size: 512 (num 2)
chunk inputs, size: 512 (num 2)
chunk inputs, size: 512 (num 2)
chunk inputs, size: 512 (num 2)
chunk inputs, size: 512 (num 2)
chunk inputs, size: 512 (num 2)
chunk inputs, size: 512 (num 7)
ratio 0.50 (pair), 0.2 GB (evict 461193 pairs)
  r=0.2 ours_combine     peak= 8.775GB acc=0.50 hr=0.5 fb=3200 segs=7
chunk inputs, size: 512 (num 16)
chunk inputs, size: 2000 (num 4)
ratio 0.40 (pair), 0.5 GB (evict 1383625 pairs)
  r=0.4 kvzip            peak=10.674GB acc=1.00 hr=0.4 fb=None segs=None
chunk inputs, size: 512 (num 16)
chunk inputs, size: 512 (num 2)
chunk inputs, size: 512 (num 2)
chunk inputs, size: 512 (num 2)
chunk inputs, size: 512 (num 2)
chunk inputs, size: 512 (num 2)
chunk inputs, size: 512 (num 2)
chunk inputs, size: 512 (num 2)
chunk inputs, size: 512 (num 2)
ratio 0.50 (pair), 0.5 GB (evict 922464 pairs)
  r=0.4 ours             peak= 9.198GB acc=1.00 hr=0.5 fb=6399 segs=7
chunk inputs, size: 512 (num 16)
chunk inputs, size: 512 (num 9)
ratio 0.50 (pair), 0.3 GB (evict 636204 pairs)
  r=0.4 ours_predict_next peak= 8.887GB acc=0.00 hr=0.5 fb=6399 segs=5
chunk inputs, size: 512 (num 16)
chunk inputs, size: 512 (num 2)
chunk inputs, size: 512 (num 2)
chunk inputs, size: 512 (num 2)
chunk inputs, size: 512 (num 2)
chunk inputs, size: 512 (num 2)
chunk inputs, size: 512 (num 2)
chunk inputs, size: 512 (num 2)
chunk inputs, size: 512 (num 2)
chunk inputs, size: 512 (num 2)
chunk inputs, size: 512 (num 13)
ratio 0.50 (pair), 0.5 GB (evict 921615 pairs)
  r=0.4 ours_combine     peak= 9.198GB acc=1.00 hr=0.5 fb=6399 segs=7
chunk inputs, size: 512 (num 16)
chunk inputs, size: 2000 (num 4)
ratio 0.60 (pair), 0.7 GB (evict 921536 pairs)
  r=0.6 kvzip            peak=10.674GB acc=1.00 hr=0.6 fb=None segs=None
chunk inputs, size: 512 (num 16)
chunk inputs, size: 512 (num 3)
chunk inputs, size: 512 (num 3)
chunk inputs, size: 512 (num 3)
chunk inputs, size: 512 (num 3)
chunk inputs, size: 512 (num 3)
ratio 0.60 (pair), 0.5 GB (evict 626833 pairs)
  r=0.6 ours             peak= 9.073GB acc=1.00 hr=0.6 fb=7999 segs=5
chunk inputs, size: 512 (num 16)
chunk inputs, size: 512 (num 3)
chunk inputs, size: 512 (num 9)
ratio 0.60 (pair), 0.4 GB (evict 510508 pairs)
  r=0.6 ours_predict_next peak= 8.889GB acc=1.00 hr=0.6 fb=7999 segs=3
chunk inputs, size: 512 (num 16)
chunk inputs, size: 512 (num 3)
chunk inputs, size: 512 (num 3)
chunk inputs, size: 512 (num 3)
chunk inputs, size: 512 (num 3)
chunk inputs, size: 512 (num 3)
chunk inputs, size: 512 (num 11)
ratio 0.60 (pair), 0.5 GB (evict 626669 pairs)
  r=0.6 ours_combine     peak= 9.067GB acc=1.00 hr=0.6 fb=7999 segs=5
chunk inputs, size: 512 (num 16)
chunk inputs, size: 2000 (num 4)
ratio 0.80 (pair), 0.9 GB (evict 461535 pairs)
  r=0.8 kvzip            peak=10.674GB acc=1.00 hr=0.8 fb=None segs=None
chunk inputs, size: 512 (num 16)
chunk inputs, size: 512 (num 3)
chunk inputs, size: 512 (num 3)
chunk inputs, size: 512 (num 3)
chunk inputs, size: 512 (num 3)
chunk inputs, size: 512 (num 3)
ratio 0.80 (pair), 0.6 GB (evict 313720 pairs)
  r=0.8 ours             peak= 9.073GB acc=1.00 hr=0.8 fb=7999 segs=5
chunk inputs, size: 512 (num 16)
chunk inputs, size: 512 (num 3)
chunk inputs, size: 512 (num 9)
ratio 0.80 (pair), 0.5 GB (evict 255819 pairs)
  r=0.8 ours_predict_next peak= 8.889GB acc=1.00 hr=0.8 fb=7999 segs=3
chunk inputs, size: 512 (num 16)
chunk inputs, size: 512 (num 3)
chunk inputs, size: 512 (num 3)
chunk inputs, size: 512 (num 3)
chunk inputs, size: 512 (num 3)
chunk inputs, size: 512 (num 3)
chunk inputs, size: 512 (num 11)
ratio 0.80 (pair), 0.6 GB (evict 314132 pairs)
  r=0.8 ours_combine     peak= 9.067GB acc=1.00 hr=0.8 fb=7999 segs=5
chunk inputs, size: 512 (num 16)
chunk inputs, size: 2000 (num 4)
ratio 1.00 (pair), 1.2 GB (evict 0 pairs)
  r=1.0 kvzip            peak=10.674GB acc=1.00 hr=1.0 fb=None segs=None
chunk inputs, size: 512 (num 16)
chunk inputs, size: 512 (num 16)
ratio 1.00 (pair), 1.2 GB (evict 0 pairs)
  r=1.0 ours             peak= 9.417GB acc=1.00 hr=1.0 fb=7999 segs=0
chunk inputs, size: 512 (num 16)
chunk inputs, size: 512 (num 13)
chunk inputs, size: 512 (num 13)
ratio 1.00 (pair), 1.0 GB (evict 0 pairs)
  r=1.0 ours_predict_next peak= 9.192GB acc=1.00 hr=1.0 fb=7999 segs=0
chunk inputs, size: 512 (num 16)
chunk inputs, size: 512 (num 16)
chunk inputs, size: 512 (num 16)
chunk inputs, size: 512 (num 16)
ratio 1.00 (pair), 1.2 GB (evict 0 pairs)
  r=1.0 ours_combine     peak= 9.416GB acc=1.00 hr=1.0 fb=7999 segs=0
insertion at 4751
================================================================================ 
[ctx_len=8000 depth=60% q=0.6 true_len=7999]
chunk inputs, size: 512 (num 16)
chunk inputs, size: 2000 (num 4)
ratio 0.00 (pair), 0.0 GB (evict 2303712 pairs)
  r=0.0 kvzip            peak=10.674GB acc=0.00 hr=0.0 fb=None segs=None
chunk inputs, size: 512 (num 16)
chunk inputs, size: 512 (num 2)
chunk inputs, size: 512 (num 2)
chunk inputs, size: 512 (num 2)
chunk inputs, size: 512 (num 2)
chunk inputs, size: 512 (num 2)
chunk inputs, size: 512 (num 2)
chunk inputs, size: 512 (num 2)
chunk inputs, size: 512 (num 2)
ratio 0.00 (pair), 0.0 GB (evict 18432 pairs)
  r=0.0 ours             peak= 8.417GB acc=0.00 hr=0.0 fb=64 segs=7
chunk inputs, size: 512 (num 16)
ratio 0.00 (pair), 0.0 GB (evict 18432 pairs)
  r=0.0 ours_predict_next peak= 8.511GB acc=0.00 hr=0.0 fb=64 segs=5
chunk inputs, size: 512 (num 16)
chunk inputs, size: 512 (num 2)
chunk inputs, size: 512 (num 2)
chunk inputs, size: 512 (num 2)
chunk inputs, size: 512 (num 2)
chunk inputs, size: 512 (num 2)
chunk inputs, size: 512 (num 2)
chunk inputs, size: 512 (num 2)
chunk inputs, size: 512 (num 2)
chunk inputs, size: 512 (num 2)
ratio 0.00 (pair), 0.0 GB (evict 18432 pairs)
  r=0.0 ours_combine     peak= 8.429GB acc=0.00 hr=0.0 fb=64 segs=7
chunk inputs, size: 512 (num 16)
chunk inputs, size: 2000 (num 4)
ratio 0.20 (pair), 0.2 GB (evict 1843646 pairs)
  r=0.2 kvzip            peak=10.674GB acc=1.00 hr=0.2 fb=None segs=None
chunk inputs, size: 512 (num 16)
chunk inputs, size: 512 (num 2)
chunk inputs, size: 512 (num 2)
chunk inputs, size: 512 (num 2)
chunk inputs, size: 512 (num 2)
chunk inputs, size: 512 (num 2)
chunk inputs, size: 512 (num 2)
chunk inputs, size: 512 (num 2)
chunk inputs, size: 512 (num 2)
ratio 0.50 (pair), 0.2 GB (evict 461153 pairs)
  r=0.2 ours             peak= 8.775GB acc=0.50 hr=0.5 fb=3200 segs=7
chunk inputs, size: 512 (num 16)
chunk inputs, size: 512 (num 5)
ratio 0.50 (pair), 0.2 GB (evict 341671 pairs)
  r=0.2 ours_predict_next peak= 8.653GB acc=0.50 hr=0.5 fb=3200 segs=5
chunk inputs, size: 512 (num 16)
chunk inputs, size: 512 (num 2)
chunk inputs, size: 512 (num 2)
chunk inputs, size: 512 (num 2)
chunk inputs, size: 512 (num 2)
chunk inputs, size: 512 (num 2)
chunk inputs, size: 512 (num 2)
chunk inputs, size: 512 (num 2)
chunk inputs, size: 512 (num 2)
chunk inputs, size: 512 (num 2)
chunk inputs, size: 512 (num 7)
ratio 0.50 (pair), 0.2 GB (evict 460914 pairs)
  r=0.2 ours_combine     peak= 8.775GB acc=0.50 hr=0.5 fb=3200 segs=7
chunk inputs, size: 512 (num 16)
chunk inputs, size: 2000 (num 4)
ratio 0.40 (pair), 0.5 GB (evict 1382780 pairs)
  r=0.4 kvzip            peak=10.674GB acc=1.00 hr=0.4 fb=None segs=None
chunk inputs, size: 512 (num 16)
chunk inputs, size: 512 (num 2)
chunk inputs, size: 512 (num 2)
chunk inputs, size: 512 (num 2)
chunk inputs, size: 512 (num 2)
chunk inputs, size: 512 (num 2)
chunk inputs, size: 512 (num 2)
chunk inputs, size: 512 (num 2)
chunk inputs, size: 512 (num 2)
ratio 0.50 (pair), 0.5 GB (evict 921998 pairs)
  r=0.4 ours             peak= 9.198GB acc=1.00 hr=0.5 fb=6399 segs=7
chunk inputs, size: 512 (num 16)
chunk inputs, size: 512 (num 9)
ratio 0.50 (pair), 0.3 GB (evict 636319 pairs)
  r=0.4 ours_predict_next peak= 8.887GB acc=1.00 hr=0.5 fb=6399 segs=5
chunk inputs, size: 512 (num 16)
chunk inputs, size: 512 (num 2)
chunk inputs, size: 512 (num 2)
chunk inputs, size: 512 (num 2)
chunk inputs, size: 512 (num 2)
chunk inputs, size: 512 (num 2)
chunk inputs, size: 512 (num 2)
chunk inputs, size: 512 (num 2)
chunk inputs, size: 512 (num 2)
chunk inputs, size: 512 (num 2)
chunk inputs, size: 512 (num 13)
ratio 0.50 (pair), 0.5 GB (evict 921547 pairs)
  r=0.4 ours_combine     peak= 9.198GB acc=1.00 hr=0.5 fb=6399 segs=7
chunk inputs, size: 512 (num 16)
chunk inputs, size: 2000 (num 4)
ratio 0.60 (pair), 0.7 GB (evict 921512 pairs)
  r=0.6 kvzip            peak=10.674GB acc=1.00 hr=0.6 fb=None segs=None
chunk inputs, size: 512 (num 16)
chunk inputs, size: 512 (num 3)
chunk inputs, size: 512 (num 3)
chunk inputs, size: 512 (num 3)
chunk inputs, size: 512 (num 3)
chunk inputs, size: 512 (num 3)
ratio 0.60 (pair), 0.5 GB (evict 627138 pairs)
  r=0.6 ours             peak= 9.073GB acc=1.00 hr=0.6 fb=7999 segs=5
chunk inputs, size: 512 (num 16)
chunk inputs, size: 512 (num 3)
chunk inputs, size: 512 (num 9)
ratio 0.60 (pair), 0.4 GB (evict 510336 pairs)
  r=0.6 ours_predict_next peak= 8.887GB acc=1.00 hr=0.6 fb=7999 segs=3
chunk inputs, size: 512 (num 16)
chunk inputs, size: 512 (num 3)
chunk inputs, size: 512 (num 3)
chunk inputs, size: 512 (num 3)
chunk inputs, size: 512 (num 3)
chunk inputs, size: 512 (num 3)
chunk inputs, size: 512 (num 11)
ratio 0.60 (pair), 0.5 GB (evict 626773 pairs)
  r=0.6 ours_combine     peak= 9.067GB acc=1.00 hr=0.6 fb=7999 segs=5
chunk inputs, size: 512 (num 16)
chunk inputs, size: 2000 (num 4)
ratio 0.80 (pair), 0.9 GB (evict 461827 pairs)
  r=0.8 kvzip            peak=10.674GB acc=1.00 hr=0.8 fb=None segs=None
chunk inputs, size: 512 (num 16)
chunk inputs, size: 512 (num 3)
chunk inputs, size: 512 (num 3)
chunk inputs, size: 512 (num 3)
chunk inputs, size: 512 (num 3)
chunk inputs, size: 512 (num 3)
ratio 0.80 (pair), 0.6 GB (evict 313483 pairs)
  r=0.8 ours             peak= 9.073GB acc=1.00 hr=0.8 fb=7999 segs=5
chunk inputs, size: 512 (num 16)
chunk inputs, size: 512 (num 3)
chunk inputs, size: 512 (num 9)
ratio 0.80 (pair), 0.5 GB (evict 255191 pairs)
  r=0.8 ours_predict_next peak= 8.887GB acc=1.00 hr=0.8 fb=7999 segs=3
chunk inputs, size: 512 (num 16)
chunk inputs, size: 512 (num 3)
chunk inputs, size: 512 (num 3)
chunk inputs, size: 512 (num 3)
chunk inputs, size: 512 (num 3)
chunk inputs, size: 512 (num 3)
chunk inputs, size: 512 (num 11)
ratio 0.80 (pair), 0.6 GB (evict 313447 pairs)
  r=0.8 ours_combine     peak= 9.067GB acc=1.00 hr=0.8 fb=7999 segs=5
chunk inputs, size: 512 (num 16)
chunk inputs, size: 2000 (num 4)
ratio 1.00 (pair), 1.2 GB (evict 0 pairs)
  r=1.0 kvzip            peak=10.674GB acc=1.00 hr=1.0 fb=None segs=None
chunk inputs, size: 512 (num 16)
chunk inputs, size: 512 (num 16)
ratio 1.00 (pair), 1.2 GB (evict 0 pairs)
  r=1.0 ours             peak= 9.417GB acc=1.00 hr=1.0 fb=7999 segs=0
chunk inputs, size: 512 (num 16)
chunk inputs, size: 512 (num 13)
chunk inputs, size: 512 (num 13)
ratio 1.00 (pair), 1.0 GB (evict 0 pairs)
  r=1.0 ours_predict_next peak= 9.217GB acc=1.00 hr=1.0 fb=7999 segs=0
chunk inputs, size: 512 (num 16)
chunk inputs, size: 512 (num 16)
chunk inputs, size: 512 (num 16)
chunk inputs, size: 512 (num 16)
ratio 1.00 (pair), 1.2 GB (evict 0 pairs)
  r=1.0 ours_combine     peak= 9.416GB acc=1.00 hr=1.0 fb=7999 segs=0
insertion at 5577
================================================================================ 
[ctx_len=8000 depth=70% q=0.7 true_len=7999]
chunk inputs, size: 512 (num 16)
chunk inputs, size: 2000 (num 4)
ratio 0.00 (pair), 0.0 GB (evict 2303712 pairs)
  r=0.0 kvzip            peak=10.674GB acc=0.00 hr=0.0 fb=None segs=None
chunk inputs, size: 512 (num 16)
chunk inputs, size: 512 (num 2)
chunk inputs, size: 512 (num 2)
chunk inputs, size: 512 (num 2)
chunk inputs, size: 512 (num 2)
chunk inputs, size: 512 (num 2)
chunk inputs, size: 512 (num 2)
chunk inputs, size: 512 (num 2)
chunk inputs, size: 512 (num 2)
ratio 0.00 (pair), 0.0 GB (evict 18432 pairs)
  r=0.0 ours             peak= 8.417GB acc=0.00 hr=0.0 fb=64 segs=7
chunk inputs, size: 512 (num 16)
ratio 0.00 (pair), 0.0 GB (evict 18432 pairs)
  r=0.0 ours_predict_next peak= 8.511GB acc=0.00 hr=0.0 fb=64 segs=5
chunk inputs, size: 512 (num 16)
chunk inputs, size: 512 (num 2)
chunk inputs, size: 512 (num 2)
chunk inputs, size: 512 (num 2)
chunk inputs, size: 512 (num 2)
chunk inputs, size: 512 (num 2)
chunk inputs, size: 512 (num 2)
chunk inputs, size: 512 (num 2)
chunk inputs, size: 512 (num 2)
chunk inputs, size: 512 (num 2)
ratio 0.00 (pair), 0.0 GB (evict 18432 pairs)
  r=0.0 ours_combine     peak= 8.429GB acc=0.00 hr=0.0 fb=64 segs=7
chunk inputs, size: 512 (num 16)
chunk inputs, size: 2000 (num 4)
ratio 0.20 (pair), 0.2 GB (evict 1843279 pairs)
  r=0.2 kvzip            peak=10.674GB acc=1.00 hr=0.2 fb=None segs=None
chunk inputs, size: 512 (num 16)
chunk inputs, size: 512 (num 2)
chunk inputs, size: 512 (num 2)
chunk inputs, size: 512 (num 2)
chunk inputs, size: 512 (num 2)
chunk inputs, size: 512 (num 2)
chunk inputs, size: 512 (num 2)
chunk inputs, size: 512 (num 2)
chunk inputs, size: 512 (num 2)
ratio 0.50 (pair), 0.2 GB (evict 461418 pairs)
  r=0.2 ours             peak= 8.775GB acc=0.50 hr=0.5 fb=3200 segs=7
chunk inputs, size: 512 (num 16)
chunk inputs, size: 512 (num 5)
ratio 0.50 (pair), 0.2 GB (evict 341394 pairs)
  r=0.2 ours_predict_next peak= 8.642GB acc=0.50 hr=0.5 fb=3200 segs=5
chunk inputs, size: 512 (num 16)
chunk inputs, size: 512 (num 2)
chunk inputs, size: 512 (num 2)
chunk inputs, size: 512 (num 2)
chunk inputs, size: 512 (num 2)
chunk inputs, size: 512 (num 2)
chunk inputs, size: 512 (num 2)
chunk inputs, size: 512 (num 2)
chunk inputs, size: 512 (num 2)
chunk inputs, size: 512 (num 2)
chunk inputs, size: 512 (num 7)
ratio 0.50 (pair), 0.2 GB (evict 460976 pairs)
  r=0.2 ours_combine     peak= 8.775GB acc=0.50 hr=0.5 fb=3200 segs=7
chunk inputs, size: 512 (num 16)
chunk inputs, size: 2000 (num 4)
ratio 0.40 (pair), 0.5 GB (evict 1382981 pairs)
  r=0.4 kvzip            peak=10.674GB acc=1.00 hr=0.4 fb=None segs=None
chunk inputs, size: 512 (num 16)
chunk inputs, size: 512 (num 2)
chunk inputs, size: 512 (num 2)
chunk inputs, size: 512 (num 2)
chunk inputs, size: 512 (num 2)
chunk inputs, size: 512 (num 2)
chunk inputs, size: 512 (num 2)
chunk inputs, size: 512 (num 2)
chunk inputs, size: 512 (num 2)
ratio 0.50 (pair), 0.5 GB (evict 921670 pairs)
  r=0.4 ours             peak= 9.198GB acc=1.00 hr=0.5 fb=6399 segs=7
chunk inputs, size: 512 (num 16)
chunk inputs, size: 512 (num 9)
ratio 0.50 (pair), 0.3 GB (evict 636042 pairs)
  r=0.4 ours_predict_next peak= 8.887GB acc=1.00 hr=0.5 fb=6399 segs=5
chunk inputs, size: 512 (num 16)
chunk inputs, size: 512 (num 2)
chunk inputs, size: 512 (num 2)
chunk inputs, size: 512 (num 2)
chunk inputs, size: 512 (num 2)
chunk inputs, size: 512 (num 2)
chunk inputs, size: 512 (num 2)
chunk inputs, size: 512 (num 2)
chunk inputs, size: 512 (num 2)
chunk inputs, size: 512 (num 2)
chunk inputs, size: 512 (num 13)
ratio 0.50 (pair), 0.5 GB (evict 922174 pairs)
  r=0.4 ours_combine     peak= 9.198GB acc=1.00 hr=0.5 fb=6399 segs=7
chunk inputs, size: 512 (num 16)
chunk inputs, size: 2000 (num 4)
ratio 0.60 (pair), 0.7 GB (evict 921601 pairs)
  r=0.6 kvzip            peak=10.674GB acc=1.00 hr=0.6 fb=None segs=None
chunk inputs, size: 512 (num 16)
chunk inputs, size: 512 (num 3)
chunk inputs, size: 512 (num 3)
chunk inputs, size: 512 (num 3)
chunk inputs, size: 512 (num 3)
chunk inputs, size: 512 (num 3)
ratio 0.60 (pair), 0.5 GB (evict 626967 pairs)
  r=0.6 ours             peak= 9.073GB acc=1.00 hr=0.6 fb=7999 segs=5
chunk inputs, size: 512 (num 16)
chunk inputs, size: 512 (num 3)
chunk inputs, size: 512 (num 9)
ratio 0.60 (pair), 0.4 GB (evict 509707 pairs)
  r=0.6 ours_predict_next peak= 8.887GB acc=1.00 hr=0.6 fb=7999 segs=3
chunk inputs, size: 512 (num 16)
chunk inputs, size: 512 (num 3)
chunk inputs, size: 512 (num 3)
chunk inputs, size: 512 (num 3)
chunk inputs, size: 512 (num 3)
chunk inputs, size: 512 (num 3)
chunk inputs, size: 512 (num 11)
ratio 0.60 (pair), 0.5 GB (evict 626968 pairs)
  r=0.6 ours_combine     peak= 9.067GB acc=1.00 hr=0.6 fb=7999 segs=5
chunk inputs, size: 512 (num 16)
chunk inputs, size: 2000 (num 4)
ratio 0.80 (pair), 0.9 GB (evict 461442 pairs)
  r=0.8 kvzip            peak=10.674GB acc=1.00 hr=0.8 fb=None segs=None
chunk inputs, size: 512 (num 16)
chunk inputs, size: 512 (num 3)
chunk inputs, size: 512 (num 3)
chunk inputs, size: 512 (num 3)
chunk inputs, size: 512 (num 3)
chunk inputs, size: 512 (num 3)
ratio 0.80 (pair), 0.6 GB (evict 314099 pairs)
  r=0.8 ours             peak= 9.073GB acc=1.00 hr=0.8 fb=7999 segs=5
chunk inputs, size: 512 (num 16)
chunk inputs, size: 512 (num 3)
chunk inputs, size: 512 (num 9)
ratio 0.80 (pair), 0.5 GB (evict 255108 pairs)
  r=0.8 ours_predict_next peak= 8.887GB acc=1.00 hr=0.8 fb=7999 segs=3
chunk inputs, size: 512 (num 16)
chunk inputs, size: 512 (num 3)
chunk inputs, size: 512 (num 3)
chunk inputs, size: 512 (num 3)
chunk inputs, size: 512 (num 3)
chunk inputs, size: 512 (num 3)
chunk inputs, size: 512 (num 11)
ratio 0.80 (pair), 0.6 GB (evict 313344 pairs)
  r=0.8 ours_combine     peak= 9.067GB acc=1.00 hr=0.8 fb=7999 segs=5
chunk inputs, size: 512 (num 16)
chunk inputs, size: 2000 (num 4)
ratio 1.00 (pair), 1.2 GB (evict 0 pairs)
  r=1.0 kvzip            peak=10.674GB acc=1.00 hr=1.0 fb=None segs=None
chunk inputs, size: 512 (num 16)
chunk inputs, size: 512 (num 16)
ratio 1.00 (pair), 1.2 GB (evict 0 pairs)
  r=1.0 ours             peak= 9.417GB acc=1.00 hr=1.0 fb=7999 segs=0
chunk inputs, size: 512 (num 16)
chunk inputs, size: 512 (num 13)
chunk inputs, size: 512 (num 13)
ratio 1.00 (pair), 1.0 GB (evict 0 pairs)
  r=1.0 ours_predict_next peak= 9.202GB acc=1.00 hr=1.0 fb=7999 segs=0
chunk inputs, size: 512 (num 16)
chunk inputs, size: 512 (num 16)
chunk inputs, size: 512 (num 16)
chunk inputs, size: 512 (num 16)
ratio 1.00 (pair), 1.2 GB (evict 0 pairs)
  r=1.0 ours_combine     peak= 9.416GB acc=1.00 hr=1.0 fb=7999 segs=0
insertion at 6307
================================================================================ 
[ctx_len=8000 depth=80% q=0.8 true_len=7999]
chunk inputs, size: 512 (num 16)
chunk inputs, size: 2000 (num 4)
ratio 0.00 (pair), 0.0 GB (evict 2303712 pairs)
  r=0.0 kvzip            peak=10.674GB acc=0.00 hr=0.0 fb=None segs=None
chunk inputs, size: 512 (num 16)
chunk inputs, size: 512 (num 2)
chunk inputs, size: 512 (num 2)
chunk inputs, size: 512 (num 2)
chunk inputs, size: 512 (num 2)
chunk inputs, size: 512 (num 2)
chunk inputs, size: 512 (num 2)
chunk inputs, size: 512 (num 2)
chunk inputs, size: 512 (num 2)
ratio 0.00 (pair), 0.0 GB (evict 18432 pairs)
  r=0.0 ours             peak= 8.417GB acc=0.00 hr=0.0 fb=64 segs=7
chunk inputs, size: 512 (num 16)
ratio 0.00 (pair), 0.0 GB (evict 18432 pairs)
  r=0.0 ours_predict_next peak= 8.511GB acc=0.00 hr=0.0 fb=64 segs=5
chunk inputs, size: 512 (num 16)
chunk inputs, size: 512 (num 2)
chunk inputs, size: 512 (num 2)
chunk inputs, size: 512 (num 2)
chunk inputs, size: 512 (num 2)
chunk inputs, size: 512 (num 2)
chunk inputs, size: 512 (num 2)
chunk inputs, size: 512 (num 2)
chunk inputs, size: 512 (num 2)
chunk inputs, size: 512 (num 2)
ratio 0.00 (pair), 0.0 GB (evict 18432 pairs)
  r=0.0 ours_combine     peak= 8.429GB acc=0.00 hr=0.0 fb=64 segs=7
chunk inputs, size: 512 (num 16)
chunk inputs, size: 2000 (num 4)
ratio 0.20 (pair), 0.2 GB (evict 1843832 pairs)
  r=0.2 kvzip            peak=10.674GB acc=1.00 hr=0.2 fb=None segs=None
chunk inputs, size: 512 (num 16)
chunk inputs, size: 512 (num 2)
chunk inputs, size: 512 (num 2)
chunk inputs, size: 512 (num 2)
chunk inputs, size: 512 (num 2)
chunk inputs, size: 512 (num 2)
chunk inputs, size: 512 (num 2)
chunk inputs, size: 512 (num 2)
chunk inputs, size: 512 (num 2)
ratio 0.50 (pair), 0.2 GB (evict 461185 pairs)
  r=0.2 ours             peak= 8.775GB acc=0.50 hr=0.5 fb=3200 segs=7
chunk inputs, size: 512 (num 16)
chunk inputs, size: 512 (num 5)
ratio 0.50 (pair), 0.2 GB (evict 341516 pairs)
  r=0.2 ours_predict_next peak= 8.666GB acc=0.00 hr=0.5 fb=3200 segs=5
chunk inputs, size: 512 (num 16)
chunk inputs, size: 512 (num 2)
chunk inputs, size: 512 (num 2)
chunk inputs, size: 512 (num 2)
chunk inputs, size: 512 (num 2)
chunk inputs, size: 512 (num 2)
chunk inputs, size: 512 (num 2)
chunk inputs, size: 512 (num 2)
chunk inputs, size: 512 (num 2)
chunk inputs, size: 512 (num 2)
chunk inputs, size: 512 (num 7)
ratio 0.50 (pair), 0.2 GB (evict 461487 pairs)
  r=0.2 ours_combine     peak= 8.775GB acc=0.50 hr=0.5 fb=3200 segs=7
chunk inputs, size: 512 (num 16)
chunk inputs, size: 2000 (num 4)
ratio 0.40 (pair), 0.5 GB (evict 1384023 pairs)
  r=0.4 kvzip            peak=10.674GB acc=1.00 hr=0.4 fb=None segs=None
chunk inputs, size: 512 (num 16)
chunk inputs, size: 512 (num 2)
chunk inputs, size: 512 (num 2)
chunk inputs, size: 512 (num 2)
chunk inputs, size: 512 (num 2)
chunk inputs, size: 512 (num 2)
chunk inputs, size: 512 (num 2)
chunk inputs, size: 512 (num 2)
chunk inputs, size: 512 (num 2)
ratio 0.50 (pair), 0.5 GB (evict 921512 pairs)
  r=0.4 ours             peak= 9.198GB acc=1.00 hr=0.5 fb=6399 segs=7
chunk inputs, size: 512 (num 16)
chunk inputs, size: 512 (num 9)
ratio 0.50 (pair), 0.3 GB (evict 636175 pairs)
  r=0.4 ours_predict_next peak= 8.886GB acc=0.00 hr=0.5 fb=6399 segs=5
chunk inputs, size: 512 (num 16)
chunk inputs, size: 512 (num 2)
chunk inputs, size: 512 (num 2)
chunk inputs, size: 512 (num 2)
chunk inputs, size: 512 (num 2)
chunk inputs, size: 512 (num 2)
chunk inputs, size: 512 (num 2)
chunk inputs, size: 512 (num 2)
chunk inputs, size: 512 (num 2)
chunk inputs, size: 512 (num 2)
chunk inputs, size: 512 (num 13)
ratio 0.50 (pair), 0.5 GB (evict 921690 pairs)
  r=0.4 ours_combine     peak= 9.198GB acc=1.00 hr=0.5 fb=6399 segs=7
chunk inputs, size: 512 (num 16)
chunk inputs, size: 2000 (num 4)
ratio 0.60 (pair), 0.7 GB (evict 922664 pairs)
  r=0.6 kvzip            peak=10.674GB acc=1.00 hr=0.6 fb=None segs=None
chunk inputs, size: 512 (num 16)
chunk inputs, size: 512 (num 3)
chunk inputs, size: 512 (num 3)
chunk inputs, size: 512 (num 3)
chunk inputs, size: 512 (num 3)
chunk inputs, size: 512 (num 3)
ratio 0.60 (pair), 0.5 GB (evict 626618 pairs)
  r=0.6 ours             peak= 9.073GB acc=1.00 hr=0.6 fb=7999 segs=5
chunk inputs, size: 512 (num 16)
chunk inputs, size: 512 (num 3)
chunk inputs, size: 512 (num 9)
ratio 0.60 (pair), 0.4 GB (evict 510232 pairs)
  r=0.6 ours_predict_next peak= 8.889GB acc=0.50 hr=0.6 fb=7999 segs=3
chunk inputs, size: 512 (num 16)
chunk inputs, size: 512 (num 3)
chunk inputs, size: 512 (num 3)
chunk inputs, size: 512 (num 3)
chunk inputs, size: 512 (num 3)
chunk inputs, size: 512 (num 3)
chunk inputs, size: 512 (num 11)
ratio 0.60 (pair), 0.5 GB (evict 627192 pairs)
  r=0.6 ours_combine     peak= 9.067GB acc=1.00 hr=0.6 fb=7999 segs=5
chunk inputs, size: 512 (num 16)
chunk inputs, size: 2000 (num 4)
ratio 0.80 (pair), 0.9 GB (evict 461097 pairs)
  r=0.8 kvzip            peak=10.674GB acc=1.00 hr=0.8 fb=None segs=None
chunk inputs, size: 512 (num 16)
chunk inputs, size: 512 (num 3)
chunk inputs, size: 512 (num 3)
chunk inputs, size: 512 (num 3)
chunk inputs, size: 512 (num 3)
chunk inputs, size: 512 (num 3)
ratio 0.80 (pair), 0.6 GB (evict 313779 pairs)
  r=0.8 ours             peak= 9.073GB acc=1.00 hr=0.8 fb=7999 segs=5
chunk inputs, size: 512 (num 16)
chunk inputs, size: 512 (num 3)
chunk inputs, size: 512 (num 9)
ratio 0.80 (pair), 0.5 GB (evict 255163 pairs)
  r=0.8 ours_predict_next peak= 8.889GB acc=0.50 hr=0.8 fb=7999 segs=3
chunk inputs, size: 512 (num 16)
chunk inputs, size: 512 (num 3)
chunk inputs, size: 512 (num 3)
chunk inputs, size: 512 (num 3)
chunk inputs, size: 512 (num 3)
chunk inputs, size: 512 (num 3)
chunk inputs, size: 512 (num 11)
ratio 0.80 (pair), 0.6 GB (evict 313941 pairs)
  r=0.8 ours_combine     peak= 9.067GB acc=1.00 hr=0.8 fb=7999 segs=5
chunk inputs, size: 512 (num 16)
chunk inputs, size: 2000 (num 4)
ratio 1.00 (pair), 1.2 GB (evict 0 pairs)
  r=1.0 kvzip            peak=10.674GB acc=1.00 hr=1.0 fb=None segs=None
chunk inputs, size: 512 (num 16)
chunk inputs, size: 512 (num 16)
ratio 1.00 (pair), 1.2 GB (evict 0 pairs)
  r=1.0 ours             peak= 9.417GB acc=1.00 hr=1.0 fb=7999 segs=0
chunk inputs, size: 512 (num 16)
chunk inputs, size: 512 (num 14)
chunk inputs, size: 512 (num 14)
ratio 1.00 (pair), 1.0 GB (evict 0 pairs)
  r=1.0 ours_predict_next peak= 9.224GB acc=0.50 hr=1.0 fb=7999 segs=0
chunk inputs, size: 512 (num 16)
chunk inputs, size: 512 (num 16)
chunk inputs, size: 512 (num 16)
chunk inputs, size: 512 (num 16)
ratio 1.00 (pair), 1.2 GB (evict 0 pairs)
  r=1.0 ours_combine     peak= 9.416GB acc=1.00 hr=1.0 fb=7999 segs=0
insertion at 7149
================================================================================ 
[ctx_len=8000 depth=90% q=0.9 true_len=7999]
chunk inputs, size: 512 (num 16)
chunk inputs, size: 2000 (num 4)
ratio 0.00 (pair), 0.0 GB (evict 2303712 pairs)
  r=0.0 kvzip            peak=10.674GB acc=0.00 hr=0.0 fb=None segs=None
chunk inputs, size: 512 (num 16)
chunk inputs, size: 512 (num 2)
chunk inputs, size: 512 (num 2)
chunk inputs, size: 512 (num 2)
chunk inputs, size: 512 (num 2)
chunk inputs, size: 512 (num 2)
chunk inputs, size: 512 (num 2)
chunk inputs, size: 512 (num 2)
chunk inputs, size: 512 (num 2)
ratio 0.00 (pair), 0.0 GB (evict 18432 pairs)
  r=0.0 ours             peak= 8.417GB acc=0.00 hr=0.0 fb=64 segs=7
chunk inputs, size: 512 (num 16)
ratio 0.00 (pair), 0.0 GB (evict 18432 pairs)
  r=0.0 ours_predict_next peak= 8.511GB acc=0.00 hr=0.0 fb=64 segs=5
chunk inputs, size: 512 (num 16)
chunk inputs, size: 512 (num 2)
chunk inputs, size: 512 (num 2)
chunk inputs, size: 512 (num 2)
chunk inputs, size: 512 (num 2)
chunk inputs, size: 512 (num 2)
chunk inputs, size: 512 (num 2)
chunk inputs, size: 512 (num 2)
chunk inputs, size: 512 (num 2)
chunk inputs, size: 512 (num 2)
ratio 0.00 (pair), 0.0 GB (evict 18432 pairs)
  r=0.0 ours_combine     peak= 8.429GB acc=0.00 hr=0.0 fb=64 segs=7
chunk inputs, size: 512 (num 16)
chunk inputs, size: 2000 (num 4)
ratio 0.20 (pair), 0.2 GB (evict 1843017 pairs)
  r=0.2 kvzip            peak=10.674GB acc=1.00 hr=0.2 fb=None segs=None
chunk inputs, size: 512 (num 16)
chunk inputs, size: 512 (num 2)
chunk inputs, size: 512 (num 2)
chunk inputs, size: 512 (num 2)
chunk inputs, size: 512 (num 2)
chunk inputs, size: 512 (num 2)
chunk inputs, size: 512 (num 2)
chunk inputs, size: 512 (num 2)
chunk inputs, size: 512 (num 2)
ratio 0.50 (pair), 0.2 GB (evict 461047 pairs)
  r=0.2 ours             peak= 8.775GB acc=1.00 hr=0.5 fb=3200 segs=7
chunk inputs, size: 512 (num 16)
chunk inputs, size: 512 (num 3)
chunk inputs, size: 512 (num 5)
ratio 0.50 (pair), 0.2 GB (evict 295428 pairs)
  r=0.2 ours_predict_next peak= 8.667GB acc=0.50 hr=0.5 fb=3200 segs=5
chunk inputs, size: 512 (num 16)
chunk inputs, size: 512 (num 2)
chunk inputs, size: 512 (num 2)
chunk inputs, size: 512 (num 2)
chunk inputs, size: 512 (num 2)
chunk inputs, size: 512 (num 2)
chunk inputs, size: 512 (num 2)
chunk inputs, size: 512 (num 2)
chunk inputs, size: 512 (num 2)
chunk inputs, size: 512 (num 2)
chunk inputs, size: 512 (num 7)
ratio 0.50 (pair), 0.2 GB (evict 461286 pairs)
  r=0.2 ours_combine     peak= 8.775GB acc=1.00 hr=0.5 fb=3200 segs=7
chunk inputs, size: 512 (num 16)
chunk inputs, size: 2000 (num 4)
ratio 0.40 (pair), 0.5 GB (evict 1383486 pairs)
  r=0.4 kvzip            peak=10.674GB acc=1.00 hr=0.4 fb=None segs=None
chunk inputs, size: 512 (num 16)
chunk inputs, size: 512 (num 2)
chunk inputs, size: 512 (num 2)
chunk inputs, size: 512 (num 2)
chunk inputs, size: 512 (num 2)
chunk inputs, size: 512 (num 2)
chunk inputs, size: 512 (num 2)
chunk inputs, size: 512 (num 2)
chunk inputs, size: 512 (num 2)
ratio 0.50 (pair), 0.5 GB (evict 921464 pairs)
  r=0.4 ours             peak= 9.198GB acc=1.00 hr=0.5 fb=6399 segs=7
chunk inputs, size: 512 (num 16)
chunk inputs, size: 512 (num 3)
chunk inputs, size: 512 (num 8)
ratio 0.50 (pair), 0.3 GB (evict 590539 pairs)
  r=0.4 ours_predict_next peak= 8.899GB acc=1.00 hr=0.5 fb=6399 segs=5
chunk inputs, size: 512 (num 16)
chunk inputs, size: 512 (num 2)
chunk inputs, size: 512 (num 2)
chunk inputs, size: 512 (num 2)
chunk inputs, size: 512 (num 2)
chunk inputs, size: 512 (num 2)
chunk inputs, size: 512 (num 2)
chunk inputs, size: 512 (num 2)
chunk inputs, size: 512 (num 2)
chunk inputs, size: 512 (num 2)
chunk inputs, size: 512 (num 13)
ratio 0.50 (pair), 0.5 GB (evict 922252 pairs)
  r=0.4 ours_combine     peak= 9.198GB acc=1.00 hr=0.5 fb=6399 segs=7
chunk inputs, size: 512 (num 16)
chunk inputs, size: 2000 (num 4)
ratio 0.60 (pair), 0.7 GB (evict 921615 pairs)
  r=0.6 kvzip            peak=10.674GB acc=1.00 hr=0.6 fb=None segs=None
chunk inputs, size: 512 (num 16)
chunk inputs, size: 512 (num 3)
chunk inputs, size: 512 (num 3)
chunk inputs, size: 512 (num 3)
chunk inputs, size: 512 (num 3)
chunk inputs, size: 512 (num 3)
ratio 0.60 (pair), 0.5 GB (evict 627018 pairs)
  r=0.6 ours             peak= 9.073GB acc=1.00 hr=0.6 fb=7999 segs=5
chunk inputs, size: 512 (num 16)
chunk inputs, size: 512 (num 3)
chunk inputs, size: 512 (num 9)
ratio 0.60 (pair), 0.4 GB (evict 499998 pairs)
  r=0.6 ours_predict_next peak= 8.886GB acc=1.00 hr=0.6 fb=7999 segs=3
chunk inputs, size: 512 (num 16)
chunk inputs, size: 512 (num 3)
chunk inputs, size: 512 (num 3)
chunk inputs, size: 512 (num 3)
chunk inputs, size: 512 (num 3)
chunk inputs, size: 512 (num 3)
chunk inputs, size: 512 (num 11)
ratio 0.60 (pair), 0.5 GB (evict 626653 pairs)
  r=0.6 ours_combine     peak= 9.067GB acc=1.00 hr=0.6 fb=7999 segs=5
chunk inputs, size: 512 (num 16)
chunk inputs, size: 2000 (num 4)
ratio 0.80 (pair), 0.9 GB (evict 461414 pairs)
  r=0.8 kvzip            peak=10.674GB acc=1.00 hr=0.8 fb=None segs=None
chunk inputs, size: 512 (num 16)
chunk inputs, size: 512 (num 3)
chunk inputs, size: 512 (num 3)
chunk inputs, size: 512 (num 3)
chunk inputs, size: 512 (num 3)
chunk inputs, size: 512 (num 3)
ratio 0.80 (pair), 0.6 GB (evict 314015 pairs)
  r=0.8 ours             peak= 9.073GB acc=1.00 hr=0.8 fb=7999 segs=5
chunk inputs, size: 512 (num 16)
chunk inputs, size: 512 (num 3)
chunk inputs, size: 512 (num 9)
ratio 0.80 (pair), 0.5 GB (evict 250288 pairs)
  r=0.8 ours_predict_next peak= 8.886GB acc=1.00 hr=0.8 fb=7999 segs=3
chunk inputs, size: 512 (num 16)
chunk inputs, size: 512 (num 3)
chunk inputs, size: 512 (num 3)
chunk inputs, size: 512 (num 3)
chunk inputs, size: 512 (num 3)
chunk inputs, size: 512 (num 3)
chunk inputs, size: 512 (num 11)
ratio 0.80 (pair), 0.6 GB (evict 313880 pairs)
  r=0.8 ours_combine     peak= 9.067GB acc=1.00 hr=0.8 fb=7999 segs=5
chunk inputs, size: 512 (num 16)
chunk inputs, size: 2000 (num 4)
ratio 1.00 (pair), 1.2 GB (evict 0 pairs)
  r=1.0 kvzip            peak=10.674GB acc=1.00 hr=1.0 fb=None segs=None
chunk inputs, size: 512 (num 16)
chunk inputs, size: 512 (num 16)
ratio 1.00 (pair), 1.2 GB (evict 0 pairs)
  r=1.0 ours             peak= 9.417GB acc=1.00 hr=1.0 fb=7999 segs=0
chunk inputs, size: 512 (num 16)
chunk inputs, size: 512 (num 13)
chunk inputs, size: 512 (num 13)
ratio 1.00 (pair), 1.0 GB (evict 0 pairs)
  r=1.0 ours_predict_next peak= 9.212GB acc=1.00 hr=1.0 fb=7999 segs=0
chunk inputs, size: 512 (num 16)
chunk inputs, size: 512 (num 16)
chunk inputs, size: 512 (num 16)
chunk inputs, size: 512 (num 16)
ratio 1.00 (pair), 1.2 GB (evict 0 pairs)
  r=1.0 ours_combine     peak= 9.416GB acc=1.00 hr=1.0 fb=7999 segs=0
insertion at 7976
================================================================================ 
[ctx_len=8000 depth=100% q=1.0 true_len=8000]
chunk inputs, size: 512 (num 16)
chunk inputs, size: 2000 (num 4)
ratio 0.00 (pair), 0.0 GB (evict 2304000 pairs)
  r=0.0 kvzip            peak=10.676GB acc=0.00 hr=0.0 fb=None segs=None
chunk inputs, size: 512 (num 16)
chunk inputs, size: 512 (num 2)
chunk inputs, size: 512 (num 2)
chunk inputs, size: 512 (num 2)
chunk inputs, size: 512 (num 2)
chunk inputs, size: 512 (num 2)
chunk inputs, size: 512 (num 2)
chunk inputs, size: 512 (num 2)
chunk inputs, size: 512 (num 2)
ratio 0.00 (pair), 0.0 GB (evict 18432 pairs)
  r=0.0 ours             peak= 8.417GB acc=0.00 hr=0.0 fb=64 segs=7
chunk inputs, size: 512 (num 16)
chunk inputs, size: 512 (num 3)
ratio 0.00 (pair), 0.0 GB (evict 18432 pairs)
  r=0.0 ours_predict_next peak= 8.511GB acc=0.00 hr=0.0 fb=64 segs=5
chunk inputs, size: 512 (num 16)
chunk inputs, size: 512 (num 2)
chunk inputs, size: 512 (num 2)
chunk inputs, size: 512 (num 2)
chunk inputs, size: 512 (num 2)
chunk inputs, size: 512 (num 2)
chunk inputs, size: 512 (num 2)
chunk inputs, size: 512 (num 2)
chunk inputs, size: 512 (num 2)
chunk inputs, size: 512 (num 2)
ratio 0.00 (pair), 0.0 GB (evict 18432 pairs)
  r=0.0 ours_combine     peak= 8.429GB acc=0.00 hr=0.0 fb=64 segs=7
chunk inputs, size: 512 (num 16)
chunk inputs, size: 2000 (num 4)
ratio 0.20 (pair), 0.2 GB (evict 1843992 pairs)
  r=0.2 kvzip            peak=10.676GB acc=1.00 hr=0.2 fb=None segs=None
chunk inputs, size: 512 (num 16)
chunk inputs, size: 512 (num 2)
chunk inputs, size: 512 (num 2)
chunk inputs, size: 512 (num 2)
chunk inputs, size: 512 (num 2)
chunk inputs, size: 512 (num 2)
chunk inputs, size: 512 (num 2)
chunk inputs, size: 512 (num 2)
chunk inputs, size: 512 (num 2)
ratio 0.50 (pair), 0.2 GB (evict 461218 pairs)
  r=0.2 ours             peak= 8.776GB acc=1.00 hr=0.5 fb=3200 segs=7
chunk inputs, size: 512 (num 16)
chunk inputs, size: 512 (num 3)
chunk inputs, size: 512 (num 5)
ratio 0.50 (pair), 0.2 GB (evict 295423 pairs)
  r=0.2 ours_predict_next peak= 8.665GB acc=1.00 hr=0.5 fb=3200 segs=5
chunk inputs, size: 512 (num 16)
chunk inputs, size: 512 (num 2)
chunk inputs, size: 512 (num 2)
chunk inputs, size: 512 (num 2)
chunk inputs, size: 512 (num 2)
chunk inputs, size: 512 (num 2)
chunk inputs, size: 512 (num 2)
chunk inputs, size: 512 (num 2)
chunk inputs, size: 512 (num 2)
chunk inputs, size: 512 (num 2)
chunk inputs, size: 512 (num 7)
ratio 0.50 (pair), 0.2 GB (evict 461045 pairs)
  r=0.2 ours_combine     peak= 8.775GB acc=1.00 hr=0.5 fb=3200 segs=7
chunk inputs, size: 512 (num 16)
chunk inputs, size: 2000 (num 4)
ratio 0.40 (pair), 0.5 GB (evict 1382494 pairs)
  r=0.4 kvzip            peak=10.676GB acc=1.00 hr=0.4 fb=None segs=None
chunk inputs, size: 512 (num 16)
chunk inputs, size: 512 (num 2)
chunk inputs, size: 512 (num 2)
chunk inputs, size: 512 (num 2)
chunk inputs, size: 512 (num 2)
chunk inputs, size: 512 (num 2)
chunk inputs, size: 512 (num 2)
chunk inputs, size: 512 (num 2)
chunk inputs, size: 512 (num 2)
ratio 0.50 (pair), 0.5 GB (evict 922514 pairs)
  r=0.4 ours             peak= 9.198GB acc=1.00 hr=0.5 fb=6400 segs=7
chunk inputs, size: 512 (num 16)
chunk inputs, size: 512 (num 3)
chunk inputs, size: 512 (num 8)
ratio 0.50 (pair), 0.3 GB (evict 589819 pairs)
  r=0.4 ours_predict_next peak= 8.882GB acc=1.00 hr=0.5 fb=6400 segs=5
chunk inputs, size: 512 (num 16)
chunk inputs, size: 512 (num 2)
chunk inputs, size: 512 (num 2)
chunk inputs, size: 512 (num 2)
chunk inputs, size: 512 (num 2)
chunk inputs, size: 512 (num 2)
chunk inputs, size: 512 (num 2)
chunk inputs, size: 512 (num 2)
chunk inputs, size: 512 (num 2)
chunk inputs, size: 512 (num 2)
chunk inputs, size: 512 (num 13)
ratio 0.50 (pair), 0.5 GB (evict 922255 pairs)
  r=0.4 ours_combine     peak= 9.198GB acc=1.00 hr=0.5 fb=6400 segs=7
chunk inputs, size: 512 (num 16)
chunk inputs, size: 2000 (num 4)
ratio 0.60 (pair), 0.7 GB (evict 921891 pairs)
  r=0.6 kvzip            peak=10.676GB acc=1.00 hr=0.6 fb=None segs=None
chunk inputs, size: 512 (num 16)
chunk inputs, size: 512 (num 3)
chunk inputs, size: 512 (num 3)
chunk inputs, size: 512 (num 3)
chunk inputs, size: 512 (num 3)
chunk inputs, size: 512 (num 3)
ratio 0.60 (pair), 0.5 GB (evict 626909 pairs)
  r=0.6 ours             peak= 9.073GB acc=1.00 hr=0.6 fb=8000 segs=5
chunk inputs, size: 512 (num 16)
chunk inputs, size: 512 (num 3)
chunk inputs, size: 512 (num 9)
ratio 0.60 (pair), 0.4 GB (evict 485990 pairs)
  r=0.6 ours_predict_next peak= 8.886GB acc=1.00 hr=0.6 fb=8000 segs=3
chunk inputs, size: 512 (num 16)
chunk inputs, size: 512 (num 3)
chunk inputs, size: 512 (num 3)
chunk inputs, size: 512 (num 3)
chunk inputs, size: 512 (num 3)
chunk inputs, size: 512 (num 3)
chunk inputs, size: 512 (num 11)
ratio 0.60 (pair), 0.5 GB (evict 627159 pairs)
  r=0.6 ours_combine     peak= 9.067GB acc=1.00 hr=0.6 fb=8000 segs=5
chunk inputs, size: 512 (num 16)
chunk inputs, size: 2000 (num 4)
ratio 0.80 (pair), 0.9 GB (evict 461682 pairs)
  r=0.8 kvzip            peak=10.676GB acc=1.00 hr=0.8 fb=None segs=None
chunk inputs, size: 512 (num 16)
chunk inputs, size: 512 (num 3)
chunk inputs, size: 512 (num 3)
chunk inputs, size: 512 (num 3)
chunk inputs, size: 512 (num 3)
chunk inputs, size: 512 (num 3)
ratio 0.80 (pair), 0.6 GB (evict 313554 pairs)
  r=0.8 ours             peak= 9.073GB acc=1.00 hr=0.8 fb=8000 segs=5
chunk inputs, size: 512 (num 16)
chunk inputs, size: 512 (num 3)
chunk inputs, size: 512 (num 9)
ratio 0.80 (pair), 0.5 GB (evict 243039 pairs)
  r=0.8 ours_predict_next peak= 8.886GB acc=1.00 hr=0.8 fb=8000 segs=3
chunk inputs, size: 512 (num 16)
chunk inputs, size: 512 (num 3)
chunk inputs, size: 512 (num 3)
chunk inputs, size: 512 (num 3)
chunk inputs, size: 512 (num 3)
chunk inputs, size: 512 (num 3)
chunk inputs, size: 512 (num 11)
ratio 0.80 (pair), 0.6 GB (evict 313710 pairs)
  r=0.8 ours_combine     peak= 9.067GB acc=1.00 hr=0.8 fb=8000 segs=5
chunk inputs, size: 512 (num 16)
chunk inputs, size: 2000 (num 4)
ratio 1.00 (pair), 1.2 GB (evict 0 pairs)
  r=1.0 kvzip            peak=10.676GB acc=1.00 hr=1.0 fb=None segs=None
chunk inputs, size: 512 (num 16)
chunk inputs, size: 512 (num 16)
ratio 1.00 (pair), 1.2 GB (evict 0 pairs)
  r=1.0 ours             peak= 9.417GB acc=1.00 hr=1.0 fb=8000 segs=0
chunk inputs, size: 512 (num 16)
chunk inputs, size: 512 (num 13)
chunk inputs, size: 512 (num 13)
ratio 1.00 (pair), 1.0 GB (evict 0 pairs)
  r=1.0 ours_predict_next peak= 9.195GB acc=1.00 hr=1.0 fb=8000 segs=0
chunk inputs, size: 512 (num 16)
chunk inputs, size: 512 (num 16)
chunk inputs, size: 512 (num 16)
chunk inputs, size: 512 (num 16)
ratio 1.00 (pair), 1.2 GB (evict 0 pairs)
  r=1.0 ours_combine     peak= 9.416GB acc=1.00 hr=1.0 fb=8000 segs=0

[recorded] detail -> results/niah_grid/qwen3-4b_ours_per_head_full_sink_20260528-042306.json
[recorded] master -> results/niah_grid_runs.jsonl

DONE: 792 cells recorded.

Loading checkpoint shards:   0%|          | 0/3 [00:00<?, ?it/s]
Loading checkpoint shards:  33%|███▎      | 1/3 [00:00<00:01,  1.66it/s]
Loading checkpoint shards:  67%|██████▋   | 2/3 [00:01<00:00,  1.79it/s]
Loading checkpoint shards: 100%|██████████| 3/3 [00:01<00:00,  2.63it/s]
Token indices sequence length is longer than the specified maximum sequence length for this model (149704 > 131072). Running this sequence through the model will result in indexing errors

Prefill:   0%|          | 0/2 [00:00<?, ?it/s]
Prefill:  50%|█████     | 1/2 [00:00<00:00,  2.79it/s]
Prefill: 100%|██████████| 2/2 [00:00<00:00,  4.66it/s]

Importance scoring:   0%|          | 0/1 [00:00<?, ?it/s]
Importance scoring: 100%|██████████| 1/1 [00:00<00:00,  8.06it/s]
Importance scoring: 100%|██████████| 1/1 [00:00<00:00,  8.05it/s]

Prefill:   0%|          | 0/2 [00:00<?, ?it/s]
Prefill: 100%|██████████| 2/2 [00:00<00:00, 20.37it/s]

Importance scoring:   0%|          | 0/1 [00:00<?, ?it/s]
Importance scoring: 100%|██████████| 1/1 [00:00<00:00,  9.87it/s]
Importance scoring: 100%|██████████| 1/1 [00:00<00:00,  9.86it/s]

Prefill:   0%|          | 0/2 [00:00<?, ?it/s]
Prefill: 100%|██████████| 2/2 [00:00<00:00, 20.62it/s]

Importance scoring:   0%|          | 0/1 [00:00<?, ?it/s]
Importance scoring: 100%|██████████| 1/1 [00:00<00:00,  9.96it/s]
Importance scoring: 100%|██████████| 1/1 [00:00<00:00,  9.95it/s]

Prefill:   0%|          | 0/2 [00:00<?, ?it/s]
Prefill: 100%|██████████| 2/2 [00:00<00:00, 18.72it/s]
Prefill: 100%|██████████| 2/2 [00:00<00:00, 18.70it/s]

Importance scoring:   0%|          | 0/1 [00:00<?, ?it/s]
Importance scoring: 100%|██████████| 1/1 [00:00<00:00,  9.76it/s]
Importance scoring: 100%|██████████| 1/1 [00:00<00:00,  9.75it/s]

Prefill:   0%|          | 0/2 [00:00<?, ?it/s]
Prefill: 100%|██████████| 2/2 [00:00<00:00, 18.48it/s]
Prefill: 100%|██████████| 2/2 [00:00<00:00, 18.46it/s]

Importance scoring:   0%|          | 0/1 [00:00<?, ?it/s]
Importance scoring: 100%|██████████| 1/1 [00:00<00:00,  9.81it/s]
Importance scoring: 100%|██████████| 1/1 [00:00<00:00,  9.80it/s]

Prefill:   0%|          | 0/2 [00:00<?, ?it/s]
Prefill: 100%|██████████| 2/2 [00:00<00:00, 18.71it/s]
Prefill: 100%|██████████| 2/2 [00:00<00:00, 18.68it/s]

Importance scoring:   0%|          | 0/1 [00:00<?, ?it/s]
Importance scoring: 100%|██████████| 1/1 [00:00<00:00,  9.86it/s]
Importance scoring: 100%|██████████| 1/1 [00:00<00:00,  9.85it/s]

Prefill:   0%|          | 0/2 [00:00<?, ?it/s]
Prefill: 100%|██████████| 2/2 [00:00<00:00, 18.51it/s]
Prefill: 100%|██████████| 2/2 [00:00<00:00, 18.48it/s]

Importance scoring:   0%|          | 0/1 [00:00<?, ?it/s]
Importance scoring: 100%|██████████| 1/1 [00:00<00:00,  9.78it/s]
Importance scoring: 100%|██████████| 1/1 [00:00<00:00,  9.77it/s]

Prefill:   0%|          | 0/2 [00:00<?, ?it/s]
Prefill: 100%|██████████| 2/2 [00:00<00:00, 18.42it/s]
Prefill: 100%|██████████| 2/2 [00:00<00:00, 18.40it/s]

Importance scoring:   0%|          | 0/1 [00:00<?, ?it/s]
Importance scoring: 100%|██████████| 1/1 [00:00<00:00,  9.85it/s]
Importance scoring: 100%|██████████| 1/1 [00:00<00:00,  9.84it/s]

Prefill:   0%|          | 0/2 [00:00<?, ?it/s]
Prefill: 100%|██████████| 2/2 [00:00<00:00, 18.31it/s]
Prefill: 100%|██████████| 2/2 [00:00<00:00, 18.29it/s]

Importance scoring:   0%|          | 0/1 [00:00<?, ?it/s]
Importance scoring: 100%|██████████| 1/1 [00:00<00:00,  9.79it/s]
Importance scoring: 100%|██████████| 1/1 [00:00<00:00,  9.78it/s]

Prefill:   0%|          | 0/2 [00:00<?, ?it/s]
Prefill: 100%|██████████| 2/2 [00:00<00:00, 18.50it/s]
Prefill: 100%|██████████| 2/2 [00:00<00:00, 18.47it/s]

Importance scoring:   0%|          | 0/1 [00:00<?, ?it/s]
Importance scoring: 100%|██████████| 1/1 [00:00<00:00,  9.67it/s]
Importance scoring: 100%|██████████| 1/1 [00:00<00:00,  9.66it/s]

Prefill:   0%|          | 0/2 [00:00<?, ?it/s]
Prefill: 100%|██████████| 2/2 [00:00<00:00, 18.12it/s]
Prefill: 100%|██████████| 2/2 [00:00<00:00, 18.09it/s]

Importance scoring:   0%|          | 0/1 [00:00<?, ?it/s]
Importance scoring: 100%|██████████| 1/1 [00:00<00:00,  9.73it/s]
Importance scoring: 100%|██████████| 1/1 [00:00<00:00,  9.72it/s]

Prefill:   0%|          | 0/2 [00:00<?, ?it/s]
Prefill: 100%|██████████| 2/2 [00:00<00:00, 18.46it/s]
Prefill: 100%|██████████| 2/2 [00:00<00:00, 18.44it/s]

Importance scoring:   0%|          | 0/1 [00:00<?, ?it/s]
Importance scoring: 100%|██████████| 1/1 [00:00<00:00,  9.67it/s]
Importance scoring: 100%|██████████| 1/1 [00:00<00:00,  9.66it/s]

Prefill:   0%|          | 0/2 [00:00<?, ?it/s]
Prefill: 100%|██████████| 2/2 [00:00<00:00, 18.58it/s]
Prefill: 100%|██████████| 2/2 [00:00<00:00, 18.56it/s]

Importance scoring:   0%|          | 0/1 [00:00<?, ?it/s]
Importance scoring: 100%|██████████| 1/1 [00:00<00:00,  9.73it/s]
Importance scoring: 100%|██████████| 1/1 [00:00<00:00,  9.72it/s]

Prefill:   0%|          | 0/2 [00:00<?, ?it/s]
Prefill: 100%|██████████| 2/2 [00:00<00:00, 18.26it/s]
Prefill: 100%|██████████| 2/2 [00:00<00:00, 18.24it/s]

Importance scoring:   0%|          | 0/1 [00:00<?, ?it/s]
Importance scoring: 100%|██████████| 1/1 [00:00<00:00,  9.64it/s]
Importance scoring: 100%|██████████| 1/1 [00:00<00:00,  9.64it/s]

Prefill:   0%|          | 0/2 [00:00<?, ?it/s]
Prefill: 100%|██████████| 2/2 [00:00<00:00, 18.03it/s]
Prefill: 100%|██████████| 2/2 [00:00<00:00, 18.00it/s]

Importance scoring:   0%|          | 0/1 [00:00<?, ?it/s]
Importance scoring: 100%|██████████| 1/1 [00:00<00:00,  9.57it/s]
Importance scoring: 100%|██████████| 1/1 [00:00<00:00,  9.56it/s]

Prefill:   0%|          | 0/2 [00:00<?, ?it/s]
Prefill: 100%|██████████| 2/2 [00:00<00:00, 18.17it/s]
Prefill: 100%|██████████| 2/2 [00:00<00:00, 18.15it/s]

Importance scoring:   0%|          | 0/1 [00:00<?, ?it/s]
Importance scoring: 100%|██████████| 1/1 [00:00<00:00,  9.58it/s]
Importance scoring: 100%|██████████| 1/1 [00:00<00:00,  9.58it/s]

Prefill:   0%|          | 0/2 [00:00<?, ?it/s]
Prefill: 100%|██████████| 2/2 [00:00<00:00, 18.29it/s]
Prefill: 100%|██████████| 2/2 [00:00<00:00, 18.27it/s]

Importance scoring:   0%|          | 0/1 [00:00<?, ?it/s]
Importance scoring: 100%|██████████| 1/1 [00:00<00:00,  9.65it/s]
Importance scoring: 100%|██████████| 1/1 [00:00<00:00,  9.64it/s]

Prefill:   0%|          | 0/2 [00:00<?, ?it/s]
Prefill: 100%|██████████| 2/2 [00:00<00:00, 18.42it/s]
Prefill: 100%|██████████| 2/2 [00:00<00:00, 18.40it/s]

Importance scoring:   0%|          | 0/1 [00:00<?, ?it/s]
Importance scoring: 100%|██████████| 1/1 [00:00<00:00,  9.58it/s]
Importance scoring: 100%|██████████| 1/1 [00:00<00:00,  9.57it/s]

Prefill:   0%|          | 0/2 [00:00<?, ?it/s]
Prefill: 100%|██████████| 2/2 [00:00<00:00, 18.31it/s]
Prefill: 100%|██████████| 2/2 [00:00<00:00, 18.29it/s]

Importance scoring:   0%|          | 0/1 [00:00<?, ?it/s]
Importance scoring: 100%|██████████| 1/1 [00:00<00:00,  9.58it/s]
Importance scoring: 100%|██████████| 1/1 [00:00<00:00,  9.57it/s]

Prefill:   0%|          | 0/2 [00:00<?, ?it/s]
Prefill: 100%|██████████| 2/2 [00:00<00:00, 18.28it/s]
Prefill: 100%|██████████| 2/2 [00:00<00:00, 18.26it/s]

Importance scoring:   0%|          | 0/1 [00:00<?, ?it/s]
Importance scoring: 100%|██████████| 1/1 [00:00<00:00,  9.64it/s]
Importance scoring: 100%|██████████| 1/1 [00:00<00:00,  9.63it/s]

Prefill:   0%|          | 0/2 [00:00<?, ?it/s]
Prefill: 100%|██████████| 2/2 [00:00<00:00, 18.03it/s]
Prefill: 100%|██████████| 2/2 [00:00<00:00, 18.01it/s]

Importance scoring:   0%|          | 0/1 [00:00<?, ?it/s]
Importance scoring: 100%|██████████| 1/1 [00:00<00:00,  9.58it/s]
Importance scoring: 100%|██████████| 1/1 [00:00<00:00,  9.57it/s]

Prefill:   0%|          | 0/2 [00:00<?, ?it/s]
Prefill: 100%|██████████| 2/2 [00:00<00:00, 18.21it/s]
Prefill: 100%|██████████| 2/2 [00:00<00:00, 18.19it/s]

Importance scoring:   0%|          | 0/1 [00:00<?, ?it/s]
Importance scoring: 100%|██████████| 1/1 [00:00<00:00,  9.48it/s]
Importance scoring: 100%|██████████| 1/1 [00:00<00:00,  9.47it/s]

Prefill:   0%|          | 0/2 [00:00<?, ?it/s]
Prefill: 100%|██████████| 2/2 [00:00<00:00, 17.90it/s]
Prefill: 100%|██████████| 2/2 [00:00<00:00, 17.88it/s]

Importance scoring:   0%|          | 0/1 [00:00<?, ?it/s]
Importance scoring: 100%|██████████| 1/1 [00:00<00:00,  9.68it/s]
Importance scoring: 100%|██████████| 1/1 [00:00<00:00,  9.67it/s]

Prefill:   0%|          | 0/2 [00:00<?, ?it/s]
Prefill: 100%|██████████| 2/2 [00:00<00:00, 17.90it/s]
Prefill: 100%|██████████| 2/2 [00:00<00:00, 17.88it/s]

Importance scoring:   0%|          | 0/1 [00:00<?, ?it/s]
Importance scoring: 100%|██████████| 1/1 [00:00<00:00,  9.45it/s]
Importance scoring: 100%|██████████| 1/1 [00:00<00:00,  9.44it/s]

Prefill:   0%|          | 0/2 [00:00<?, ?it/s]
Prefill: 100%|██████████| 2/2 [00:00<00:00, 17.88it/s]
Prefill: 100%|██████████| 2/2 [00:00<00:00, 17.86it/s]

Importance scoring:   0%|          | 0/1 [00:00<?, ?it/s]
Importance scoring: 100%|██████████| 1/1 [00:00<00:00,  9.60it/s]
Importance scoring: 100%|██████████| 1/1 [00:00<00:00,  9.59it/s]

Prefill:   0%|          | 0/2 [00:00<?, ?it/s]
Prefill: 100%|██████████| 2/2 [00:00<00:00, 18.07it/s]
Prefill: 100%|██████████| 2/2 [00:00<00:00, 18.05it/s]

Importance scoring:   0%|          | 0/1 [00:00<?, ?it/s]
Importance scoring: 100%|██████████| 1/1 [00:00<00:00,  9.45it/s]
Importance scoring: 100%|██████████| 1/1 [00:00<00:00,  9.44it/s]

Prefill:   0%|          | 0/2 [00:00<?, ?it/s]
Prefill: 100%|██████████| 2/2 [00:00<00:00, 17.96it/s]
Prefill: 100%|██████████| 2/2 [00:00<00:00, 17.94it/s]

Importance scoring:   0%|          | 0/1 [00:00<?, ?it/s]
Importance scoring: 100%|██████████| 1/1 [00:00<00:00,  9.58it/s]
Importance scoring: 100%|██████████| 1/1 [00:00<00:00,  9.57it/s]

Prefill:   0%|          | 0/2 [00:00<?, ?it/s]
Prefill: 100%|██████████| 2/2 [00:00<00:00, 18.00it/s]
Prefill: 100%|██████████| 2/2 [00:00<00:00, 17.98it/s]

Importance scoring:   0%|          | 0/1 [00:00<?, ?it/s]
Importance scoring: 100%|██████████| 1/1 [00:00<00:00,  9.57it/s]
Importance scoring: 100%|██████████| 1/1 [00:00<00:00,  9.56it/s]

Prefill:   0%|          | 0/2 [00:00<?, ?it/s]
Prefill: 100%|██████████| 2/2 [00:00<00:00, 17.98it/s]
Prefill: 100%|██████████| 2/2 [00:00<00:00, 17.97it/s]

Importance scoring:   0%|          | 0/1 [00:00<?, ?it/s]
Importance scoring: 100%|██████████| 1/1 [00:00<00:00,  9.44it/s]
Importance scoring: 100%|██████████| 1/1 [00:00<00:00,  9.43it/s]

Prefill:   0%|          | 0/2 [00:00<?, ?it/s]
Prefill: 100%|██████████| 2/2 [00:00<00:00, 17.70it/s]
Prefill: 100%|██████████| 2/2 [00:00<00:00, 17.68it/s]

Importance scoring:   0%|          | 0/1 [00:00<?, ?it/s]
Importance scoring: 100%|██████████| 1/1 [00:00<00:00,  9.39it/s]
Importance scoring: 100%|██████████| 1/1 [00:00<00:00,  9.38it/s]

Prefill:   0%|          | 0/2 [00:00<?, ?it/s]
Prefill: 100%|██████████| 2/2 [00:00<00:00, 18.00it/s]
Prefill: 100%|██████████| 2/2 [00:00<00:00, 17.98it/s]

Importance scoring:   0%|          | 0/1 [00:00<?, ?it/s]
Importance scoring: 100%|██████████| 1/1 [00:00<00:00,  9.41it/s]
Importance scoring: 100%|██████████| 1/1 [00:00<00:00,  9.40it/s]

Prefill:   0%|          | 0/2 [00:00<?, ?it/s]
Prefill: 100%|██████████| 2/2 [00:00<00:00, 17.87it/s]
Prefill: 100%|██████████| 2/2 [00:00<00:00, 17.85it/s]

Importance scoring:   0%|          | 0/1 [00:00<?, ?it/s]
Importance scoring: 100%|██████████| 1/1 [00:00<00:00,  9.56it/s]
Importance scoring: 100%|██████████| 1/1 [00:00<00:00,  9.55it/s]

Prefill:   0%|          | 0/2 [00:00<?, ?it/s]
Prefill: 100%|██████████| 2/2 [00:00<00:00, 18.05it/s]
Prefill: 100%|██████████| 2/2 [00:00<00:00, 18.03it/s]

Importance scoring:   0%|          | 0/1 [00:00<?, ?it/s]
Importance scoring: 100%|██████████| 1/1 [00:00<00:00,  9.53it/s]
Importance scoring: 100%|██████████| 1/1 [00:00<00:00,  9.52it/s]

Prefill:   0%|          | 0/2 [00:00<?, ?it/s]
Prefill: 100%|██████████| 2/2 [00:00<00:00, 18.00it/s]
Prefill: 100%|██████████| 2/2 [00:00<00:00, 17.98it/s]

Importance scoring:   0%|          | 0/1 [00:00<?, ?it/s]
Importance scoring: 100%|██████████| 1/1 [00:00<00:00,  9.52it/s]
Importance scoring: 100%|██████████| 1/1 [00:00<00:00,  9.51it/s]

Prefill:   0%|          | 0/2 [00:00<?, ?it/s]
Prefill: 100%|██████████| 2/2 [00:00<00:00, 18.00it/s]
Prefill: 100%|██████████| 2/2 [00:00<00:00, 17.98it/s]

Importance scoring:   0%|          | 0/1 [00:00<?, ?it/s]
Importance scoring: 100%|██████████| 1/1 [00:00<00:00,  9.58it/s]
Importance scoring: 100%|██████████| 1/1 [00:00<00:00,  9.57it/s]

Prefill:   0%|          | 0/2 [00:00<?, ?it/s]
Prefill: 100%|██████████| 2/2 [00:00<00:00, 17.98it/s]
Prefill: 100%|██████████| 2/2 [00:00<00:00, 17.97it/s]

Importance scoring:   0%|          | 0/1 [00:00<?, ?it/s]
Importance scoring: 100%|██████████| 1/1 [00:00<00:00,  9.55it/s]
Importance scoring: 100%|██████████| 1/1 [00:00<00:00,  9.54it/s]

Prefill:   0%|          | 0/2 [00:00<?, ?it/s]
Prefill: 100%|██████████| 2/2 [00:00<00:00, 18.29it/s]
Prefill: 100%|██████████| 2/2 [00:00<00:00, 18.28it/s]

Importance scoring:   0%|          | 0/1 [00:00<?, ?it/s]
Importance scoring: 100%|██████████| 1/1 [00:00<00:00,  9.58it/s]
Importance scoring: 100%|██████████| 1/1 [00:00<00:00,  9.57it/s]

Prefill:   0%|          | 0/2 [00:00<?, ?it/s]
Prefill: 100%|██████████| 2/2 [00:00<00:00, 17.87it/s]
Prefill: 100%|██████████| 2/2 [00:00<00:00, 17.86it/s]

Importance scoring:   0%|          | 0/1 [00:00<?, ?it/s]
Importance scoring: 100%|██████████| 1/1 [00:00<00:00,  9.41it/s]
Importance scoring: 100%|██████████| 1/1 [00:00<00:00,  9.40it/s]

Prefill:   0%|          | 0/2 [00:00<?, ?it/s]
Prefill: 100%|██████████| 2/2 [00:00<00:00, 17.93it/s]
Prefill: 100%|██████████| 2/2 [00:00<00:00, 17.91it/s]

Importance scoring:   0%|          | 0/1 [00:00<?, ?it/s]
Importance scoring: 100%|██████████| 1/1 [00:00<00:00,  9.37it/s]
Importance scoring: 100%|██████████| 1/1 [00:00<00:00,  9.36it/s]

Prefill:   0%|          | 0/2 [00:00<?, ?it/s]
Prefill: 100%|██████████| 2/2 [00:00<00:00, 18.04it/s]
Prefill: 100%|██████████| 2/2 [00:00<00:00, 18.02it/s]

Importance scoring:   0%|          | 0/1 [00:00<?, ?it/s]
Importance scoring: 100%|██████████| 1/1 [00:00<00:00,  9.59it/s]
Importance scoring: 100%|██████████| 1/1 [00:00<00:00,  9.59it/s]

Prefill:   0%|          | 0/2 [00:00<?, ?it/s]
Prefill: 100%|██████████| 2/2 [00:00<00:00, 17.93it/s]
Prefill: 100%|██████████| 2/2 [00:00<00:00, 17.91it/s]

Importance scoring:   0%|          | 0/1 [00:00<?, ?it/s]
Importance scoring: 100%|██████████| 1/1 [00:00<00:00,  9.67it/s]
Importance scoring: 100%|██████████| 1/1 [00:00<00:00,  9.66it/s]

Prefill:   0%|          | 0/2 [00:00<?, ?it/s]
Prefill: 100%|██████████| 2/2 [00:00<00:00, 17.90it/s]
Prefill: 100%|██████████| 2/2 [00:00<00:00, 17.89it/s]

Importance scoring:   0%|          | 0/1 [00:00<?, ?it/s]
Importance scoring: 100%|██████████| 1/1 [00:00<00:00,  9.68it/s]
Importance scoring: 100%|██████████| 1/1 [00:00<00:00,  9.67it/s]

Prefill:   0%|          | 0/2 [00:00<?, ?it/s]
Prefill: 100%|██████████| 2/2 [00:00<00:00, 18.04it/s]
Prefill: 100%|██████████| 2/2 [00:00<00:00, 18.02it/s]

Importance scoring:   0%|          | 0/1 [00:00<?, ?it/s]
Importance scoring: 100%|██████████| 1/1 [00:00<00:00,  9.44it/s]
Importance scoring: 100%|██████████| 1/1 [00:00<00:00,  9.43it/s]

Prefill:   0%|          | 0/2 [00:00<?, ?it/s]
Prefill: 100%|██████████| 2/2 [00:00<00:00, 18.19it/s]
Prefill: 100%|██████████| 2/2 [00:00<00:00, 18.17it/s]

Importance scoring:   0%|          | 0/1 [00:00<?, ?it/s]
Importance scoring: 100%|██████████| 1/1 [00:00<00:00,  9.43it/s]
Importance scoring: 100%|██████████| 1/1 [00:00<00:00,  9.43it/s]

Prefill:   0%|          | 0/2 [00:00<?, ?it/s]
Prefill: 100%|██████████| 2/2 [00:00<00:00, 17.61it/s]
Prefill: 100%|██████████| 2/2 [00:00<00:00, 17.60it/s]

Importance scoring:   0%|          | 0/1 [00:00<?, ?it/s]
Importance scoring: 100%|██████████| 1/1 [00:00<00:00,  9.47it/s]
Importance scoring: 100%|██████████| 1/1 [00:00<00:00,  9.46it/s]

Prefill:   0%|          | 0/2 [00:00<?, ?it/s]
Prefill: 100%|██████████| 2/2 [00:00<00:00, 17.80it/s]
Prefill: 100%|██████████| 2/2 [00:00<00:00, 17.79it/s]

Importance scoring:   0%|          | 0/1 [00:00<?, ?it/s]
Importance scoring: 100%|██████████| 1/1 [00:00<00:00,  9.53it/s]
Importance scoring: 100%|██████████| 1/1 [00:00<00:00,  9.52it/s]

Prefill:   0%|          | 0/2 [00:00<?, ?it/s]
Prefill: 100%|██████████| 2/2 [00:00<00:00, 18.14it/s]
Prefill: 100%|██████████| 2/2 [00:00<00:00, 18.12it/s]

Importance scoring:   0%|          | 0/1 [00:00<?, ?it/s]
Importance scoring: 100%|██████████| 1/1 [00:00<00:00,  9.49it/s]
Importance scoring: 100%|██████████| 1/1 [00:00<00:00,  9.49it/s]

Prefill:   0%|          | 0/2 [00:00<?, ?it/s]
Prefill: 100%|██████████| 2/2 [00:00<00:00, 18.01it/s]
Prefill: 100%|██████████| 2/2 [00:00<00:00, 17.99it/s]

Importance scoring:   0%|          | 0/1 [00:00<?, ?it/s]
Importance scoring: 100%|██████████| 1/1 [00:00<00:00,  9.54it/s]
Importance scoring: 100%|██████████| 1/1 [00:00<00:00,  9.53it/s]

Prefill:   0%|          | 0/2 [00:00<?, ?it/s]
Prefill: 100%|██████████| 2/2 [00:00<00:00, 18.02it/s]
Prefill: 100%|██████████| 2/2 [00:00<00:00, 18.00it/s]

Importance scoring:   0%|          | 0/1 [00:00<?, ?it/s]
Importance scoring: 100%|██████████| 1/1 [00:00<00:00,  9.47it/s]
Importance scoring: 100%|██████████| 1/1 [00:00<00:00,  9.46it/s]

Prefill:   0%|          | 0/2 [00:00<?, ?it/s]
Prefill: 100%|██████████| 2/2 [00:00<00:00, 18.11it/s]
Prefill: 100%|██████████| 2/2 [00:00<00:00, 18.10it/s]

Importance scoring:   0%|          | 0/1 [00:00<?, ?it/s]
Importance scoring: 100%|██████████| 1/1 [00:00<00:00,  9.56it/s]
Importance scoring: 100%|██████████| 1/1 [00:00<00:00,  9.55it/s]

Prefill:   0%|          | 0/2 [00:00<?, ?it/s]
Prefill: 100%|██████████| 2/2 [00:00<00:00, 18.08it/s]
Prefill: 100%|██████████| 2/2 [00:00<00:00, 18.06it/s]

Importance scoring:   0%|          | 0/1 [00:00<?, ?it/s]
Importance scoring: 100%|██████████| 1/1 [00:00<00:00,  9.63it/s]
Importance scoring: 100%|██████████| 1/1 [00:00<00:00,  9.62it/s]

Prefill:   0%|          | 0/2 [00:00<?, ?it/s]
Prefill: 100%|██████████| 2/2 [00:00<00:00, 18.12it/s]
Prefill: 100%|██████████| 2/2 [00:00<00:00, 18.10it/s]

Importance scoring:   0%|          | 0/1 [00:00<?, ?it/s]
Importance scoring: 100%|██████████| 1/1 [00:00<00:00,  9.57it/s]
Importance scoring: 100%|██████████| 1/1 [00:00<00:00,  9.56it/s]

Prefill:   0%|          | 0/2 [00:00<?, ?it/s]
Prefill: 100%|██████████| 2/2 [00:00<00:00, 18.09it/s]
Prefill: 100%|██████████| 2/2 [00:00<00:00, 18.07it/s]

Importance scoring:   0%|          | 0/1 [00:00<?, ?it/s]
Importance scoring: 100%|██████████| 1/1 [00:00<00:00,  9.55it/s]
Importance scoring: 100%|██████████| 1/1 [00:00<00:00,  9.54it/s]

Prefill:   0%|          | 0/2 [00:00<?, ?it/s]
Prefill: 100%|██████████| 2/2 [00:00<00:00, 18.07it/s]
Prefill: 100%|██████████| 2/2 [00:00<00:00, 18.06it/s]

Importance scoring:   0%|          | 0/1 [00:00<?, ?it/s]
Importance scoring: 100%|██████████| 1/1 [00:00<00:00,  9.51it/s]
Importance scoring: 100%|██████████| 1/1 [00:00<00:00,  9.50it/s]

Prefill:   0%|          | 0/2 [00:00<?, ?it/s]
Prefill: 100%|██████████| 2/2 [00:00<00:00, 18.19it/s]
Prefill: 100%|██████████| 2/2 [00:00<00:00, 18.18it/s]

Importance scoring:   0%|          | 0/1 [00:00<?, ?it/s]
Importance scoring: 100%|██████████| 1/1 [00:00<00:00,  9.41it/s]
Importance scoring: 100%|██████████| 1/1 [00:00<00:00,  9.40it/s]

Prefill:   0%|          | 0/2 [00:00<?, ?it/s]
Prefill: 100%|██████████| 2/2 [00:00<00:00, 17.92it/s]
Prefill: 100%|██████████| 2/2 [00:00<00:00, 17.90it/s]

Importance scoring:   0%|          | 0/1 [00:00<?, ?it/s]
Importance scoring: 100%|██████████| 1/1 [00:00<00:00,  9.44it/s]
Importance scoring: 100%|██████████| 1/1 [00:00<00:00,  9.43it/s]

Prefill:   0%|          | 0/2 [00:00<?, ?it/s]
Prefill: 100%|██████████| 2/2 [00:00<00:00, 18.08it/s]
Prefill: 100%|██████████| 2/2 [00:00<00:00, 18.06it/s]

Importance scoring:   0%|          | 0/1 [00:00<?, ?it/s]
Importance scoring: 100%|██████████| 1/1 [00:00<00:00,  9.41it/s]
Importance scoring: 100%|██████████| 1/1 [00:00<00:00,  9.40it/s]

Prefill:   0%|          | 0/2 [00:00<?, ?it/s]
Prefill: 100%|██████████| 2/2 [00:00<00:00, 18.20it/s]
Prefill: 100%|██████████| 2/2 [00:00<00:00, 18.19it/s]

Importance scoring:   0%|          | 0/1 [00:00<?, ?it/s]
Importance scoring: 100%|██████████| 1/1 [00:00<00:00,  9.64it/s]
Importance scoring: 100%|██████████| 1/1 [00:00<00:00,  9.63it/s]

Prefill:   0%|          | 0/2 [00:00<?, ?it/s]
Prefill: 100%|██████████| 2/2 [00:00<00:00, 18.14it/s]
Prefill: 100%|██████████| 2/2 [00:00<00:00, 18.12it/s]

Importance scoring:   0%|          | 0/1 [00:00<?, ?it/s]
Importance scoring: 100%|██████████| 1/1 [00:00<00:00,  9.42it/s]
Importance scoring: 100%|██████████| 1/1 [00:00<00:00,  9.41it/s]

Prefill:   0%|          | 0/2 [00:00<?, ?it/s]
Prefill: 100%|██████████| 2/2 [00:00<00:00, 17.70it/s]
Prefill: 100%|██████████| 2/2 [00:00<00:00, 17.69it/s]

Importance scoring:   0%|          | 0/1 [00:00<?, ?it/s]
Importance scoring: 100%|██████████| 1/1 [00:00<00:00,  9.49it/s]
Importance scoring: 100%|██████████| 1/1 [00:00<00:00,  9.48it/s]

Prefill:   0%|          | 0/2 [00:00<?, ?it/s]
Prefill: 100%|██████████| 2/2 [00:00<00:00, 18.02it/s]
Prefill: 100%|██████████| 2/2 [00:00<00:00, 18.00it/s]

Importance scoring:   0%|          | 0/1 [00:00<?, ?it/s]
Importance scoring: 100%|██████████| 1/1 [00:00<00:00,  9.58it/s]
Importance scoring: 100%|██████████| 1/1 [00:00<00:00,  9.58it/s]

Prefill:   0%|          | 0/2 [00:00<?, ?it/s]
Prefill: 100%|██████████| 2/2 [00:00<00:00, 17.93it/s]
Prefill: 100%|██████████| 2/2 [00:00<00:00, 17.91it/s]

Importance scoring:   0%|          | 0/1 [00:00<?, ?it/s]
Importance scoring: 100%|██████████| 1/1 [00:00<00:00,  9.55it/s]
Importance scoring: 100%|██████████| 1/1 [00:00<00:00,  9.54it/s]

Prefill:   0%|          | 0/2 [00:00<?, ?it/s]
Prefill: 100%|██████████| 2/2 [00:00<00:00, 17.99it/s]
Prefill: 100%|██████████| 2/2 [00:00<00:00, 17.97it/s]

Importance scoring:   0%|          | 0/1 [00:00<?, ?it/s]
Importance scoring: 100%|██████████| 1/1 [00:00<00:00,  9.46it/s]
Importance scoring: 100%|██████████| 1/1 [00:00<00:00,  9.45it/s]

Prefill:   0%|          | 0/2 [00:00<?, ?it/s]
Prefill: 100%|██████████| 2/2 [00:00<00:00, 17.60it/s]
Prefill: 100%|██████████| 2/2 [00:00<00:00, 17.59it/s]

Importance scoring:   0%|          | 0/1 [00:00<?, ?it/s]
Importance scoring: 100%|██████████| 1/1 [00:00<00:00,  9.41it/s]
Importance scoring: 100%|██████████| 1/1 [00:00<00:00,  9.40it/s]

Prefill:   0%|          | 0/2 [00:00<?, ?it/s]
Prefill: 100%|██████████| 2/2 [00:00<00:00, 18.02it/s]
Prefill: 100%|██████████| 2/2 [00:00<00:00, 18.00it/s]

Importance scoring:   0%|          | 0/1 [00:00<?, ?it/s]
Importance scoring: 100%|██████████| 1/1 [00:00<00:00,  9.44it/s]
Importance scoring: 100%|██████████| 1/1 [00:00<00:00,  9.44it/s]

Prefill:   0%|          | 0/2 [00:00<?, ?it/s]
Prefill: 100%|██████████| 2/2 [00:00<00:00, 18.00it/s]
Prefill: 100%|██████████| 2/2 [00:00<00:00, 17.98it/s]

Importance scoring:   0%|          | 0/1 [00:00<?, ?it/s]
Importance scoring: 100%|██████████| 1/1 [00:00<00:00,  9.51it/s]
Importance scoring: 100%|██████████| 1/1 [00:00<00:00,  9.50it/s]

Prefill:   0%|          | 0/4 [00:00<?, ?it/s]
Prefill:  50%|█████     | 2/4 [00:00<00:00, 13.64it/s]
Prefill: 100%|██████████| 4/4 [00:00<00:00, 10.57it/s]
Prefill: 100%|██████████| 4/4 [00:00<00:00, 10.94it/s]

Importance scoring:   0%|          | 0/1 [00:00<?, ?it/s]
Importance scoring: 100%|██████████| 1/1 [00:00<00:00,  1.49it/s]
Importance scoring: 100%|██████████| 1/1 [00:00<00:00,  1.49it/s]

Prefill:   0%|          | 0/4 [00:00<?, ?it/s]
Prefill:  50%|█████     | 2/4 [00:00<00:00, 13.72it/s]
Prefill: 100%|██████████| 4/4 [00:00<00:00, 10.67it/s]
Prefill: 100%|██████████| 4/4 [00:00<00:00, 11.04it/s]

Importance scoring:   0%|          | 0/1 [00:00<?, ?it/s]
Importance scoring: 100%|██████████| 1/1 [00:00<00:00,  1.51it/s]
Importance scoring: 100%|██████████| 1/1 [00:00<00:00,  1.51it/s]

Prefill:   0%|          | 0/4 [00:00<?, ?it/s]
Prefill:  50%|█████     | 2/4 [00:00<00:00, 13.99it/s]
Prefill: 100%|██████████| 4/4 [00:00<00:00, 10.86it/s]
Prefill: 100%|██████████| 4/4 [00:00<00:00, 11.23it/s]

Importance scoring:   0%|          | 0/1 [00:00<?, ?it/s]
Importance scoring: 100%|██████████| 1/1 [00:00<00:00,  1.52it/s]
Importance scoring: 100%|██████████| 1/1 [00:00<00:00,  1.52it/s]

Prefill:   0%|          | 0/4 [00:00<?, ?it/s]
Prefill:  50%|█████     | 2/4 [00:00<00:00, 14.09it/s]
Prefill: 100%|██████████| 4/4 [00:00<00:00, 10.96it/s]
Prefill: 100%|██████████| 4/4 [00:00<00:00, 11.34it/s]

Importance scoring:   0%|          | 0/1 [00:00<?, ?it/s]
Importance scoring: 100%|██████████| 1/1 [00:00<00:00,  1.52it/s]
Importance scoring: 100%|██████████| 1/1 [00:00<00:00,  1.52it/s]

Prefill:   0%|          | 0/4 [00:00<?, ?it/s]
Prefill:  50%|█████     | 2/4 [00:00<00:00, 13.96it/s]
Prefill: 100%|██████████| 4/4 [00:00<00:00, 10.92it/s]
Prefill: 100%|██████████| 4/4 [00:00<00:00, 11.28it/s]

Importance scoring:   0%|          | 0/1 [00:00<?, ?it/s]
Importance scoring: 100%|██████████| 1/1 [00:00<00:00,  1.52it/s]
Importance scoring: 100%|██████████| 1/1 [00:00<00:00,  1.52it/s]

Prefill:   0%|          | 0/4 [00:00<?, ?it/s]
Prefill:  50%|█████     | 2/4 [00:00<00:00, 13.97it/s]
Prefill: 100%|██████████| 4/4 [00:00<00:00, 10.84it/s]
Prefill: 100%|██████████| 4/4 [00:00<00:00, 11.21it/s]

Importance scoring:   0%|          | 0/1 [00:00<?, ?it/s]
Importance scoring: 100%|██████████| 1/1 [00:00<00:00,  1.51it/s]
Importance scoring: 100%|██████████| 1/1 [00:00<00:00,  1.51it/s]

Prefill:   0%|          | 0/4 [00:00<?, ?it/s]
Prefill:  50%|█████     | 2/4 [00:00<00:00, 13.74it/s]
Prefill: 100%|██████████| 4/4 [00:00<00:00, 10.72it/s]
Prefill: 100%|██████████| 4/4 [00:00<00:00, 11.08it/s]

Importance scoring:   0%|          | 0/1 [00:00<?, ?it/s]
Importance scoring: 100%|██████████| 1/1 [00:00<00:00,  1.51it/s]
Importance scoring: 100%|██████████| 1/1 [00:00<00:00,  1.51it/s]

Prefill:   0%|          | 0/4 [00:00<?, ?it/s]
Prefill:  50%|█████     | 2/4 [00:00<00:00, 13.49it/s]
Prefill: 100%|██████████| 4/4 [00:00<00:00, 10.51it/s]
Prefill: 100%|██████████| 4/4 [00:00<00:00, 10.87it/s]

Importance scoring:   0%|          | 0/1 [00:00<?, ?it/s]
Importance scoring: 100%|██████████| 1/1 [00:00<00:00,  1.49it/s]
Importance scoring: 100%|██████████| 1/1 [00:00<00:00,  1.49it/s]

Prefill:   0%|          | 0/4 [00:00<?, ?it/s]
Prefill:  50%|█████     | 2/4 [00:00<00:00, 13.45it/s]
Prefill: 100%|██████████| 4/4 [00:00<00:00, 10.47it/s]
Prefill: 100%|██████████| 4/4 [00:00<00:00, 10.82it/s]

Importance scoring:   0%|          | 0/1 [00:00<?, ?it/s]
Importance scoring: 100%|██████████| 1/1 [00:00<00:00,  1.49it/s]
Importance scoring: 100%|██████████| 1/1 [00:00<00:00,  1.49it/s]

Prefill:   0%|          | 0/4 [00:00<?, ?it/s]
Prefill:  50%|█████     | 2/4 [00:00<00:00, 13.73it/s]
Prefill: 100%|██████████| 4/4 [00:00<00:00, 10.69it/s]
Prefill: 100%|██████████| 4/4 [00:00<00:00, 11.05it/s]

Importance scoring:   0%|          | 0/1 [00:00<?, ?it/s]
Importance scoring: 100%|██████████| 1/1 [00:00<00:00,  1.51it/s]
Importance scoring: 100%|██████████| 1/1 [00:00<00:00,  1.51it/s]

Prefill:   0%|          | 0/4 [00:00<?, ?it/s]
Prefill:  50%|█████     | 2/4 [00:00<00:00, 13.85it/s]
Prefill: 100%|██████████| 4/4 [00:00<00:00, 10.73it/s]
Prefill: 100%|██████████| 4/4 [00:00<00:00, 11.10it/s]

Importance scoring:   0%|          | 0/1 [00:00<?, ?it/s]
Importance scoring: 100%|██████████| 1/1 [00:00<00:00,  1.51it/s]
Importance scoring: 100%|██████████| 1/1 [00:00<00:00,  1.51it/s]

Prefill:   0%|          | 0/4 [00:00<?, ?it/s]
Prefill:  50%|█████     | 2/4 [00:00<00:00, 13.90it/s]
Prefill: 100%|██████████| 4/4 [00:00<00:00, 10.74it/s]
Prefill: 100%|██████████| 4/4 [00:00<00:00, 11.12it/s]

Importance scoring:   0%|          | 0/1 [00:00<?, ?it/s]
Importance scoring: 100%|██████████| 1/1 [00:00<00:00,  1.50it/s]
Importance scoring: 100%|██████████| 1/1 [00:00<00:00,  1.50it/s]

Prefill:   0%|          | 0/4 [00:00<?, ?it/s]
Prefill:  50%|█████     | 2/4 [00:00<00:00, 13.52it/s]
Prefill: 100%|██████████| 4/4 [00:00<00:00, 10.56it/s]
Prefill: 100%|██████████| 4/4 [00:00<00:00, 10.92it/s]

Importance scoring:   0%|          | 0/1 [00:00<?, ?it/s]
Importance scoring: 100%|██████████| 1/1 [00:00<00:00,  1.50it/s]
Importance scoring: 100%|██████████| 1/1 [00:00<00:00,  1.50it/s]

Prefill:   0%|          | 0/4 [00:00<?, ?it/s]
Prefill:  50%|█████     | 2/4 [00:00<00:00, 13.64it/s]
Prefill: 100%|██████████| 4/4 [00:00<00:00, 10.49it/s]
Prefill: 100%|██████████| 4/4 [00:00<00:00, 10.87it/s]

Importance scoring:   0%|          | 0/1 [00:00<?, ?it/s]
Importance scoring: 100%|██████████| 1/1 [00:00<00:00,  1.49it/s]
Importance scoring: 100%|██████████| 1/1 [00:00<00:00,  1.49it/s]

Prefill:   0%|          | 0/4 [00:00<?, ?it/s]
Prefill:  50%|█████     | 2/4 [00:00<00:00, 13.60it/s]
Prefill: 100%|██████████| 4/4 [00:00<00:00, 10.53it/s]
Prefill: 100%|██████████| 4/4 [00:00<00:00, 10.90it/s]

Importance scoring:   0%|          | 0/1 [00:00<?, ?it/s]
Importance scoring: 100%|██████████| 1/1 [00:00<00:00,  1.49it/s]
Importance scoring: 100%|██████████| 1/1 [00:00<00:00,  1.49it/s]

Prefill:   0%|          | 0/4 [00:00<?, ?it/s]
Prefill:  50%|█████     | 2/4 [00:00<00:00, 13.63it/s]
Prefill: 100%|██████████| 4/4 [00:00<00:00, 10.60it/s]
Prefill: 100%|██████████| 4/4 [00:00<00:00, 10.96it/s]

Importance scoring:   0%|          | 0/1 [00:00<?, ?it/s]
Importance scoring: 100%|██████████| 1/1 [00:00<00:00,  1.50it/s]
Importance scoring: 100%|██████████| 1/1 [00:00<00:00,  1.50it/s]

Prefill:   0%|          | 0/4 [00:00<?, ?it/s]
Prefill:  50%|█████     | 2/4 [00:00<00:00, 13.65it/s]
Prefill: 100%|██████████| 4/4 [00:00<00:00, 10.59it/s]
Prefill: 100%|██████████| 4/4 [00:00<00:00, 10.96it/s]

Importance scoring:   0%|          | 0/1 [00:00<?, ?it/s]
Importance scoring: 100%|██████████| 1/1 [00:00<00:00,  1.49it/s]
Importance scoring: 100%|██████████| 1/1 [00:00<00:00,  1.49it/s]

Prefill:   0%|          | 0/4 [00:00<?, ?it/s]
Prefill:  50%|█████     | 2/4 [00:00<00:00, 13.54it/s]
Prefill: 100%|██████████| 4/4 [00:00<00:00, 10.54it/s]
Prefill: 100%|██████████| 4/4 [00:00<00:00, 10.90it/s]

Importance scoring:   0%|          | 0/1 [00:00<?, ?it/s]
Importance scoring: 100%|██████████| 1/1 [00:00<00:00,  1.49it/s]
Importance scoring: 100%|██████████| 1/1 [00:00<00:00,  1.49it/s]

Prefill:   0%|          | 0/4 [00:00<?, ?it/s]
Prefill:  50%|█████     | 2/4 [00:00<00:00, 13.63it/s]
Prefill: 100%|██████████| 4/4 [00:00<00:00, 10.60it/s]
Prefill: 100%|██████████| 4/4 [00:00<00:00, 10.96it/s]

Importance scoring:   0%|          | 0/1 [00:00<?, ?it/s]
Importance scoring: 100%|██████████| 1/1 [00:00<00:00,  1.50it/s]
Importance scoring: 100%|██████████| 1/1 [00:00<00:00,  1.50it/s]

Prefill:   0%|          | 0/4 [00:00<?, ?it/s]
Prefill:  50%|█████     | 2/4 [00:00<00:00, 13.48it/s]
Prefill: 100%|██████████| 4/4 [00:00<00:00, 10.49it/s]
Prefill: 100%|██████████| 4/4 [00:00<00:00, 10.85it/s]

Importance scoring:   0%|          | 0/1 [00:00<?, ?it/s]
Importance scoring: 100%|██████████| 1/1 [00:00<00:00,  1.49it/s]
Importance scoring: 100%|██████████| 1/1 [00:00<00:00,  1.49it/s]

Prefill:   0%|          | 0/4 [00:00<?, ?it/s]
Prefill:  50%|█████     | 2/4 [00:00<00:00, 13.53it/s]
Prefill: 100%|██████████| 4/4 [00:00<00:00, 10.54it/s]
Prefill: 100%|██████████| 4/4 [00:00<00:00, 10.90it/s]

Importance scoring:   0%|          | 0/1 [00:00<?, ?it/s]
Importance scoring: 100%|██████████| 1/1 [00:00<00:00,  1.49it/s]
Importance scoring: 100%|██████████| 1/1 [00:00<00:00,  1.49it/s]

Prefill:   0%|          | 0/4 [00:00<?, ?it/s]
Prefill:  50%|█████     | 2/4 [00:00<00:00, 13.66it/s]
Prefill: 100%|██████████| 4/4 [00:00<00:00, 10.65it/s]
Prefill: 100%|██████████| 4/4 [00:00<00:00, 11.01it/s]

Importance scoring:   0%|          | 0/1 [00:00<?, ?it/s]
Importance scoring: 100%|██████████| 1/1 [00:00<00:00,  1.49it/s]
Importance scoring: 100%|██████████| 1/1 [00:00<00:00,  1.49it/s]

Prefill:   0%|          | 0/4 [00:00<?, ?it/s]
Prefill:  50%|█████     | 2/4 [00:00<00:00, 13.57it/s]
Prefill: 100%|██████████| 4/4 [00:00<00:00, 10.58it/s]
Prefill: 100%|██████████| 4/4 [00:00<00:00, 10.94it/s]

Importance scoring:   0%|          | 0/1 [00:00<?, ?it/s]
Importance scoring: 100%|██████████| 1/1 [00:00<00:00,  1.49it/s]
Importance scoring: 100%|██████████| 1/1 [00:00<00:00,  1.49it/s]

Prefill:   0%|          | 0/4 [00:00<?, ?it/s]
Prefill:  50%|█████     | 2/4 [00:00<00:00, 13.59it/s]
Prefill: 100%|██████████| 4/4 [00:00<00:00, 10.55it/s]
Prefill: 100%|██████████| 4/4 [00:00<00:00, 10.91it/s]

Importance scoring:   0%|          | 0/1 [00:00<?, ?it/s]
Importance scoring: 100%|██████████| 1/1 [00:00<00:00,  1.49it/s]
Importance scoring: 100%|██████████| 1/1 [00:00<00:00,  1.49it/s]

Prefill:   0%|          | 0/4 [00:00<?, ?it/s]
Prefill:  50%|█████     | 2/4 [00:00<00:00, 13.69it/s]
Prefill: 100%|██████████| 4/4 [00:00<00:00, 10.65it/s]
Prefill: 100%|██████████| 4/4 [00:00<00:00, 11.01it/s]

Importance scoring:   0%|          | 0/1 [00:00<?, ?it/s]
Importance scoring: 100%|██████████| 1/1 [00:00<00:00,  1.50it/s]
Importance scoring: 100%|██████████| 1/1 [00:00<00:00,  1.50it/s]

Prefill:   0%|          | 0/4 [00:00<?, ?it/s]
Prefill:  50%|█████     | 2/4 [00:00<00:00, 13.74it/s]
Prefill: 100%|██████████| 4/4 [00:00<00:00, 10.63it/s]
Prefill: 100%|██████████| 4/4 [00:00<00:00, 11.00it/s]

Importance scoring:   0%|          | 0/1 [00:00<?, ?it/s]
Importance scoring: 100%|██████████| 1/1 [00:00<00:00,  1.50it/s]
Importance scoring: 100%|██████████| 1/1 [00:00<00:00,  1.50it/s]

Prefill:   0%|          | 0/4 [00:00<?, ?it/s]
Prefill:  50%|█████     | 2/4 [00:00<00:00, 13.63it/s]
Prefill: 100%|██████████| 4/4 [00:00<00:00, 10.56it/s]
Prefill: 100%|██████████| 4/4 [00:00<00:00, 10.93it/s]

Importance scoring:   0%|          | 0/1 [00:00<?, ?it/s]
Importance scoring: 100%|██████████| 1/1 [00:00<00:00,  1.49it/s]
Importance scoring: 100%|██████████| 1/1 [00:00<00:00,  1.49it/s]

Prefill:   0%|          | 0/4 [00:00<?, ?it/s]
Prefill:  50%|█████     | 2/4 [00:00<00:00, 13.49it/s]
Prefill: 100%|██████████| 4/4 [00:00<00:00, 10.55it/s]
Prefill: 100%|██████████| 4/4 [00:00<00:00, 10.90it/s]

Importance scoring:   0%|          | 0/1 [00:00<?, ?it/s]
Importance scoring: 100%|██████████| 1/1 [00:00<00:00,  1.49it/s]
Importance scoring: 100%|██████████| 1/1 [00:00<00:00,  1.49it/s]

Prefill:   0%|          | 0/4 [00:00<?, ?it/s]
Prefill:  50%|█████     | 2/4 [00:00<00:00, 13.64it/s]
Prefill: 100%|██████████| 4/4 [00:00<00:00, 10.62it/s]
Prefill: 100%|██████████| 4/4 [00:00<00:00, 10.98it/s]

Importance scoring:   0%|          | 0/1 [00:00<?, ?it/s]
Importance scoring: 100%|██████████| 1/1 [00:00<00:00,  1.49it/s]
Importance scoring: 100%|██████████| 1/1 [00:00<00:00,  1.49it/s]

Prefill:   0%|          | 0/4 [00:00<?, ?it/s]
Prefill:  50%|█████     | 2/4 [00:00<00:00, 13.93it/s]
Prefill: 100%|██████████| 4/4 [00:00<00:00, 10.86it/s]
Prefill: 100%|██████████| 4/4 [00:00<00:00, 11.22it/s]

Importance scoring:   0%|          | 0/1 [00:00<?, ?it/s]
Importance scoring: 100%|██████████| 1/1 [00:00<00:00,  1.51it/s]
Importance scoring: 100%|██████████| 1/1 [00:00<00:00,  1.51it/s]

Prefill:   0%|          | 0/4 [00:00<?, ?it/s]
Prefill:  50%|█████     | 2/4 [00:00<00:00, 14.02it/s]
Prefill: 100%|██████████| 4/4 [00:00<00:00, 10.75it/s]
Prefill: 100%|██████████| 4/4 [00:00<00:00, 11.14it/s]

Importance scoring:   0%|          | 0/1 [00:00<?, ?it/s]
Importance scoring: 100%|██████████| 1/1 [00:00<00:00,  1.51it/s]
Importance scoring: 100%|██████████| 1/1 [00:00<00:00,  1.51it/s]

Prefill:   0%|          | 0/4 [00:00<?, ?it/s]
Prefill:  50%|█████     | 2/4 [00:00<00:00, 13.88it/s]
Prefill: 100%|██████████| 4/4 [00:00<00:00, 10.77it/s]
Prefill: 100%|██████████| 4/4 [00:00<00:00, 11.14it/s]

Importance scoring:   0%|          | 0/1 [00:00<?, ?it/s]
Importance scoring: 100%|██████████| 1/1 [00:00<00:00,  1.52it/s]
Importance scoring: 100%|██████████| 1/1 [00:00<00:00,  1.52it/s]

Prefill:   0%|          | 0/4 [00:00<?, ?it/s]
Prefill:  50%|█████     | 2/4 [00:00<00:00, 13.93it/s]
Prefill: 100%|██████████| 4/4 [00:00<00:00, 10.76it/s]
Prefill: 100%|██████████| 4/4 [00:00<00:00, 11.14it/s]

Importance scoring:   0%|          | 0/1 [00:00<?, ?it/s]
Importance scoring: 100%|██████████| 1/1 [00:00<00:00,  1.52it/s]
Importance scoring: 100%|██████████| 1/1 [00:00<00:00,  1.52it/s]

Prefill:   0%|          | 0/4 [00:00<?, ?it/s]
Prefill:  50%|█████     | 2/4 [00:00<00:00, 13.73it/s]
Prefill: 100%|██████████| 4/4 [00:00<00:00, 10.64it/s]
Prefill: 100%|██████████| 4/4 [00:00<00:00, 11.01it/s]

Importance scoring:   0%|          | 0/1 [00:00<?, ?it/s]
Importance scoring: 100%|██████████| 1/1 [00:00<00:00,  1.50it/s]
Importance scoring: 100%|██████████| 1/1 [00:00<00:00,  1.50it/s]

Prefill:   0%|          | 0/4 [00:00<?, ?it/s]
Prefill:  50%|█████     | 2/4 [00:00<00:00, 13.62it/s]
Prefill: 100%|██████████| 4/4 [00:00<00:00, 10.63it/s]
Prefill: 100%|██████████| 4/4 [00:00<00:00, 10.99it/s]

Importance scoring:   0%|          | 0/1 [00:00<?, ?it/s]
Importance scoring: 100%|██████████| 1/1 [00:00<00:00,  1.50it/s]
Importance scoring: 100%|██████████| 1/1 [00:00<00:00,  1.50it/s]

Prefill:   0%|          | 0/4 [00:00<?, ?it/s]
Prefill:  50%|█████     | 2/4 [00:00<00:00, 13.66it/s]
Prefill: 100%|██████████| 4/4 [00:00<00:00, 10.51it/s]
Prefill: 100%|██████████| 4/4 [00:00<00:00, 10.89it/s]

Importance scoring:   0%|          | 0/1 [00:00<?, ?it/s]
Importance scoring: 100%|██████████| 1/1 [00:00<00:00,  1.48it/s]
Importance scoring: 100%|██████████| 1/1 [00:00<00:00,  1.48it/s]

Prefill:   0%|          | 0/4 [00:00<?, ?it/s]
Prefill:  50%|█████     | 2/4 [00:00<00:00, 13.53it/s]
Prefill: 100%|██████████| 4/4 [00:00<00:00, 10.50it/s]
Prefill: 100%|██████████| 4/4 [00:00<00:00, 10.86it/s]

Importance scoring:   0%|          | 0/1 [00:00<?, ?it/s]
Importance scoring: 100%|██████████| 1/1 [00:00<00:00,  1.49it/s]
Importance scoring: 100%|██████████| 1/1 [00:00<00:00,  1.49it/s]

Prefill:   0%|          | 0/4 [00:00<?, ?it/s]
Prefill:  50%|█████     | 2/4 [00:00<00:00, 13.48it/s]
Prefill: 100%|██████████| 4/4 [00:00<00:00, 10.48it/s]
Prefill: 100%|██████████| 4/4 [00:00<00:00, 10.84it/s]

Importance scoring:   0%|          | 0/1 [00:00<?, ?it/s]
Importance scoring: 100%|██████████| 1/1 [00:00<00:00,  1.49it/s]
Importance scoring: 100%|██████████| 1/1 [00:00<00:00,  1.49it/s]

Prefill:   0%|          | 0/4 [00:00<?, ?it/s]
Prefill:  50%|█████     | 2/4 [00:00<00:00, 13.77it/s]
Prefill: 100%|██████████| 4/4 [00:00<00:00, 10.66it/s]
Prefill: 100%|██████████| 4/4 [00:00<00:00, 11.03it/s]

Importance scoring:   0%|          | 0/1 [00:00<?, ?it/s]
Importance scoring: 100%|██████████| 1/1 [00:00<00:00,  1.51it/s]
Importance scoring: 100%|██████████| 1/1 [00:00<00:00,  1.50it/s]

Prefill:   0%|          | 0/4 [00:00<?, ?it/s]
Prefill:  50%|█████     | 2/4 [00:00<00:00, 13.81it/s]
Prefill: 100%|██████████| 4/4 [00:00<00:00, 10.74it/s]
Prefill: 100%|██████████| 4/4 [00:00<00:00, 11.11it/s]

Importance scoring:   0%|          | 0/1 [00:00<?, ?it/s]
Importance scoring: 100%|██████████| 1/1 [00:00<00:00,  1.51it/s]
Importance scoring: 100%|██████████| 1/1 [00:00<00:00,  1.51it/s]

Prefill:   0%|          | 0/4 [00:00<?, ?it/s]
Prefill:  50%|█████     | 2/4 [00:00<00:00, 13.72it/s]
Prefill: 100%|██████████| 4/4 [00:00<00:00, 10.73it/s]
Prefill: 100%|██████████| 4/4 [00:00<00:00, 11.09it/s]

Importance scoring:   0%|          | 0/1 [00:00<?, ?it/s]
Importance scoring: 100%|██████████| 1/1 [00:00<00:00,  1.51it/s]
Importance scoring: 100%|██████████| 1/1 [00:00<00:00,  1.51it/s]

Prefill:   0%|          | 0/4 [00:00<?, ?it/s]
Prefill:  50%|█████     | 2/4 [00:00<00:00, 13.60it/s]
Prefill: 100%|██████████| 4/4 [00:00<00:00, 10.64it/s]
Prefill: 100%|██████████| 4/4 [00:00<00:00, 11.00it/s]

Importance scoring:   0%|          | 0/1 [00:00<?, ?it/s]
Importance scoring: 100%|██████████| 1/1 [00:00<00:00,  1.50it/s]
Importance scoring: 100%|██████████| 1/1 [00:00<00:00,  1.50it/s]

Prefill:   0%|          | 0/4 [00:00<?, ?it/s]
Prefill:  50%|█████     | 2/4 [00:00<00:00, 13.59it/s]
Prefill: 100%|██████████| 4/4 [00:00<00:00, 10.57it/s]
Prefill: 100%|██████████| 4/4 [00:00<00:00, 10.93it/s]

Importance scoring:   0%|          | 0/1 [00:00<?, ?it/s]
Importance scoring: 100%|██████████| 1/1 [00:00<00:00,  1.49it/s]
Importance scoring: 100%|██████████| 1/1 [00:00<00:00,  1.49it/s]

Prefill:   0%|          | 0/4 [00:00<?, ?it/s]
Prefill:  50%|█████     | 2/4 [00:00<00:00, 13.52it/s]
Prefill: 100%|██████████| 4/4 [00:00<00:00, 10.50it/s]
Prefill: 100%|██████████| 4/4 [00:00<00:00, 10.86it/s]

Importance scoring:   0%|          | 0/1 [00:00<?, ?it/s]
Importance scoring: 100%|██████████| 1/1 [00:00<00:00,  1.48it/s]
Importance scoring: 100%|██████████| 1/1 [00:00<00:00,  1.48it/s]

Prefill:   0%|          | 0/4 [00:00<?, ?it/s]
Prefill:  50%|█████     | 2/4 [00:00<00:00, 13.74it/s]
Prefill: 100%|██████████| 4/4 [00:00<00:00, 10.68it/s]
Prefill: 100%|██████████| 4/4 [00:00<00:00, 11.05it/s]

Importance scoring:   0%|          | 0/1 [00:00<?, ?it/s]
Importance scoring: 100%|██████████| 1/1 [00:00<00:00,  1.50it/s]
Importance scoring: 100%|██████████| 1/1 [00:00<00:00,  1.50it/s]

Prefill:   0%|          | 0/4 [00:00<?, ?it/s]
Prefill:  50%|█████     | 2/4 [00:00<00:00, 13.76it/s]
Prefill: 100%|██████████| 4/4 [00:00<00:00, 10.74it/s]
Prefill: 100%|██████████| 4/4 [00:00<00:00, 11.10it/s]

Importance scoring:   0%|          | 0/1 [00:00<?, ?it/s]
Importance scoring: 100%|██████████| 1/1 [00:00<00:00,  1.51it/s]
Importance scoring: 100%|██████████| 1/1 [00:00<00:00,  1.51it/s]

Prefill:   0%|          | 0/4 [00:00<?, ?it/s]
Prefill:  50%|█████     | 2/4 [00:00<00:00, 13.91it/s]
Prefill: 100%|██████████| 4/4 [00:00<00:00, 10.85it/s]
Prefill: 100%|██████████| 4/4 [00:00<00:00, 11.22it/s]

Importance scoring:   0%|          | 0/1 [00:00<?, ?it/s]
Importance scoring: 100%|██████████| 1/1 [00:00<00:00,  1.52it/s]
Importance scoring: 100%|██████████| 1/1 [00:00<00:00,  1.52it/s]

Prefill:   0%|          | 0/4 [00:00<?, ?it/s]
Prefill:  50%|█████     | 2/4 [00:00<00:00, 13.96it/s]
Prefill: 100%|██████████| 4/4 [00:00<00:00, 10.80it/s]
Prefill: 100%|██████████| 4/4 [00:00<00:00, 11.18it/s]

Importance scoring:   0%|          | 0/1 [00:00<?, ?it/s]
Importance scoring: 100%|██████████| 1/1 [00:00<00:00,  1.51it/s]
Importance scoring: 100%|██████████| 1/1 [00:00<00:00,  1.51it/s]

Prefill:   0%|          | 0/4 [00:00<?, ?it/s]
Prefill:  50%|█████     | 2/4 [00:00<00:00, 13.79it/s]
Prefill: 100%|██████████| 4/4 [00:00<00:00, 10.74it/s]
Prefill: 100%|██████████| 4/4 [00:00<00:00, 11.11it/s]

Importance scoring:   0%|          | 0/1 [00:00<?, ?it/s]
Importance scoring: 100%|██████████| 1/1 [00:00<00:00,  1.51it/s]
Importance scoring: 100%|██████████| 1/1 [00:00<00:00,  1.51it/s]

Prefill:   0%|          | 0/4 [00:00<?, ?it/s]
Prefill:  50%|█████     | 2/4 [00:00<00:00, 13.67it/s]
Prefill: 100%|██████████| 4/4 [00:00<00:00, 10.61it/s]
Prefill: 100%|██████████| 4/4 [00:00<00:00, 10.98it/s]

Importance scoring:   0%|          | 0/1 [00:00<?, ?it/s]
Importance scoring: 100%|██████████| 1/1 [00:00<00:00,  1.50it/s]
Importance scoring: 100%|██████████| 1/1 [00:00<00:00,  1.50it/s]

Prefill:   0%|          | 0/4 [00:00<?, ?it/s]
Prefill:  50%|█████     | 2/4 [00:00<00:00, 13.54it/s]
Prefill: 100%|██████████| 4/4 [00:00<00:00, 10.53it/s]
Prefill: 100%|██████████| 4/4 [00:00<00:00, 10.89it/s]

Importance scoring:   0%|          | 0/1 [00:00<?, ?it/s]
Importance scoring: 100%|██████████| 1/1 [00:00<00:00,  1.48it/s]
Importance scoring: 100%|██████████| 1/1 [00:00<00:00,  1.48it/s]

Prefill:   0%|          | 0/4 [00:00<?, ?it/s]
Prefill:  50%|█████     | 2/4 [00:00<00:00, 13.54it/s]
Prefill: 100%|██████████| 4/4 [00:00<00:00, 10.48it/s]
Prefill: 100%|██████████| 4/4 [00:00<00:00, 10.85it/s]

Importance scoring:   0%|          | 0/1 [00:00<?, ?it/s]
Importance scoring: 100%|██████████| 1/1 [00:00<00:00,  1.48it/s]
Importance scoring: 100%|██████████| 1/1 [00:00<00:00,  1.48it/s]

Prefill:   0%|          | 0/4 [00:00<?, ?it/s]
Prefill:  50%|█████     | 2/4 [00:00<00:00, 13.85it/s]
Prefill: 100%|██████████| 4/4 [00:00<00:00, 10.69it/s]
Prefill: 100%|██████████| 4/4 [00:00<00:00, 11.07it/s]

Importance scoring:   0%|          | 0/1 [00:00<?, ?it/s]
Importance scoring: 100%|██████████| 1/1 [00:00<00:00,  1.50it/s]
Importance scoring: 100%|██████████| 1/1 [00:00<00:00,  1.50it/s]

Prefill:   0%|          | 0/4 [00:00<?, ?it/s]
Prefill:  50%|█████     | 2/4 [00:00<00:00, 14.03it/s]
Prefill: 100%|██████████| 4/4 [00:00<00:00, 10.87it/s]
Prefill: 100%|██████████| 4/4 [00:00<00:00, 11.25it/s]

Importance scoring:   0%|          | 0/1 [00:00<?, ?it/s]
Importance scoring: 100%|██████████| 1/1 [00:00<00:00,  1.51it/s]
Importance scoring: 100%|██████████| 1/1 [00:00<00:00,  1.51it/s]

Prefill:   0%|          | 0/4 [00:00<?, ?it/s]
Prefill:  50%|█████     | 2/4 [00:00<00:00, 13.87it/s]
Prefill: 100%|██████████| 4/4 [00:00<00:00, 10.74it/s]
Prefill: 100%|██████████| 4/4 [00:00<00:00, 11.12it/s]

Importance scoring:   0%|          | 0/1 [00:00<?, ?it/s]
Importance scoring: 100%|██████████| 1/1 [00:00<00:00,  1.51it/s]
Importance scoring: 100%|██████████| 1/1 [00:00<00:00,  1.51it/s]

Prefill:   0%|          | 0/4 [00:00<?, ?it/s]
Prefill:  50%|█████     | 2/4 [00:00<00:00, 13.85it/s]
Prefill: 100%|██████████| 4/4 [00:00<00:00, 10.72it/s]
Prefill: 100%|██████████| 4/4 [00:00<00:00, 11.09it/s]

Importance scoring:   0%|          | 0/1 [00:00<?, ?it/s]
Importance scoring: 100%|██████████| 1/1 [00:00<00:00,  1.52it/s]
Importance scoring: 100%|██████████| 1/1 [00:00<00:00,  1.52it/s]

Prefill:   0%|          | 0/4 [00:00<?, ?it/s]
Prefill:  50%|█████     | 2/4 [00:00<00:00, 13.66it/s]
Prefill: 100%|██████████| 4/4 [00:00<00:00, 10.65it/s]
Prefill: 100%|██████████| 4/4 [00:00<00:00, 11.01it/s]

Importance scoring:   0%|          | 0/1 [00:00<?, ?it/s]
Importance scoring: 100%|██████████| 1/1 [00:00<00:00,  1.51it/s]
Importance scoring: 100%|██████████| 1/1 [00:00<00:00,  1.51it/s]

Prefill:   0%|          | 0/4 [00:00<?, ?it/s]
Prefill:  50%|█████     | 2/4 [00:00<00:00, 13.77it/s]
Prefill: 100%|██████████| 4/4 [00:00<00:00, 10.74it/s]
Prefill: 100%|██████████| 4/4 [00:00<00:00, 11.10it/s]

Importance scoring:   0%|          | 0/1 [00:00<?, ?it/s]
Importance scoring: 100%|██████████| 1/1 [00:00<00:00,  1.51it/s]
Importance scoring: 100%|██████████| 1/1 [00:00<00:00,  1.51it/s]

Prefill:   0%|          | 0/4 [00:00<?, ?it/s]
Prefill:  50%|█████     | 2/4 [00:00<00:00, 13.57it/s]
Prefill: 100%|██████████| 4/4 [00:00<00:00, 10.53it/s]
Prefill: 100%|██████████| 4/4 [00:00<00:00, 10.90it/s]

Importance scoring:   0%|          | 0/1 [00:00<?, ?it/s]
Importance scoring: 100%|██████████| 1/1 [00:00<00:00,  1.49it/s]
Importance scoring: 100%|██████████| 1/1 [00:00<00:00,  1.49it/s]

Prefill:   0%|          | 0/4 [00:00<?, ?it/s]
Prefill:  50%|█████     | 2/4 [00:00<00:00, 13.39it/s]
Prefill: 100%|██████████| 4/4 [00:00<00:00, 10.42it/s]
Prefill: 100%|██████████| 4/4 [00:00<00:00, 10.78it/s]

Importance scoring:   0%|          | 0/1 [00:00<?, ?it/s]
Importance scoring: 100%|██████████| 1/1 [00:00<00:00,  1.48it/s]
Importance scoring: 100%|██████████| 1/1 [00:00<00:00,  1.48it/s]

Prefill:   0%|          | 0/4 [00:00<?, ?it/s]
Prefill:  50%|█████     | 2/4 [00:00<00:00, 14.11it/s]
Prefill: 100%|██████████| 4/4 [00:00<00:00, 10.85it/s]
Prefill: 100%|██████████| 4/4 [00:00<00:00, 11.24it/s]

Importance scoring:   0%|          | 0/1 [00:00<?, ?it/s]
Importance scoring: 100%|██████████| 1/1 [00:00<00:00,  1.53it/s]
Importance scoring: 100%|██████████| 1/1 [00:00<00:00,  1.53it/s]

Prefill:   0%|          | 0/4 [00:00<?, ?it/s]
Prefill:  50%|█████     | 2/4 [00:00<00:00, 14.26it/s]
Prefill: 100%|██████████| 4/4 [00:00<00:00, 11.05it/s]
Prefill: 100%|██████████| 4/4 [00:00<00:00, 11.43it/s]

Importance scoring:   0%|          | 0/1 [00:00<?, ?it/s]
Importance scoring: 100%|██████████| 1/1 [00:00<00:00,  1.54it/s]
Importance scoring: 100%|██████████| 1/1 [00:00<00:00,  1.54it/s]

Prefill:   0%|          | 0/4 [00:00<?, ?it/s]
Prefill:  50%|█████     | 2/4 [00:00<00:00, 14.25it/s]
Prefill: 100%|██████████| 4/4 [00:00<00:00, 11.10it/s]
Prefill: 100%|██████████| 4/4 [00:00<00:00, 11.47it/s]

Importance scoring:   0%|          | 0/1 [00:00<?, ?it/s]
Importance scoring: 100%|██████████| 1/1 [00:00<00:00,  1.55it/s]
Importance scoring: 100%|██████████| 1/1 [00:00<00:00,  1.55it/s]

Prefill:   0%|          | 0/4 [00:00<?, ?it/s]
Prefill:  50%|█████     | 2/4 [00:00<00:00, 14.19it/s]
Prefill: 100%|██████████| 4/4 [00:00<00:00, 11.13it/s]
Prefill: 100%|██████████| 4/4 [00:00<00:00, 11.50it/s]

Importance scoring:   0%|          | 0/1 [00:00<?, ?it/s]
Importance scoring: 100%|██████████| 1/1 [00:00<00:00,  1.55it/s]
Importance scoring: 100%|██████████| 1/1 [00:00<00:00,  1.55it/s]

Prefill:   0%|          | 0/4 [00:00<?, ?it/s]
Prefill:  50%|█████     | 2/4 [00:00<00:00, 14.56it/s]
Prefill: 100%|██████████| 4/4 [00:00<00:00, 11.28it/s]
Prefill: 100%|██████████| 4/4 [00:00<00:00, 11.67it/s]

Importance scoring:   0%|          | 0/1 [00:00<?, ?it/s]
Importance scoring: 100%|██████████| 1/1 [00:00<00:00,  1.55it/s]
Importance scoring: 100%|██████████| 1/1 [00:00<00:00,  1.55it/s]

Prefill:   0%|          | 0/4 [00:00<?, ?it/s]
Prefill:  50%|█████     | 2/4 [00:00<00:00, 14.34it/s]
Prefill: 100%|██████████| 4/4 [00:00<00:00, 11.19it/s]
Prefill: 100%|██████████| 4/4 [00:00<00:00, 11.57it/s]

Importance scoring:   0%|          | 0/1 [00:00<?, ?it/s]
Importance scoring: 100%|██████████| 1/1 [00:00<00:00,  1.55it/s]
Importance scoring: 100%|██████████| 1/1 [00:00<00:00,  1.55it/s]

Prefill:   0%|          | 0/16 [00:00<?, ?it/s]
Prefill:  12%|█▎        | 2/16 [00:00<00:00, 14.33it/s]
Prefill:  25%|██▌       | 4/16 [00:00<00:01, 11.14it/s]
Prefill:  38%|███▊      | 6/16 [00:00<00:00, 10.03it/s]
Prefill:  50%|█████     | 8/16 [00:00<00:00,  9.32it/s]
Prefill:  56%|█████▋    | 9/16 [00:00<00:00,  8.80it/s]
Prefill:  62%|██████▎   | 10/16 [00:01<00:00,  8.35it/s]
Prefill:  69%|██████▉   | 11/16 [00:01<00:00,  7.95it/s]
Prefill:  75%|███████▌  | 12/16 [00:01<00:00,  7.73it/s]
Prefill:  81%|████████▏ | 13/16 [00:01<00:00,  7.58it/s]
Prefill:  88%|████████▊ | 14/16 [00:01<00:00,  7.40it/s]
Prefill:  94%|█████████▍| 15/16 [00:01<00:00,  7.21it/s]
Prefill: 100%|██████████| 16/16 [00:01<00:00,  7.28it/s]
Prefill: 100%|██████████| 16/16 [00:01<00:00,  8.29it/s]

Importance scoring:   0%|          | 0/4 [00:00<?, ?it/s]
Importance scoring:  25%|██▌       | 1/4 [00:00<00:02,  1.38it/s]
Importance scoring:  50%|█████     | 2/4 [00:01<00:02,  1.03s/it]
Importance scoring:  75%|███████▌  | 3/4 [00:03<00:01,  1.13s/it]
Importance scoring: 100%|██████████| 4/4 [00:04<00:00,  1.16s/it]
Importance scoring: 100%|██████████| 4/4 [00:04<00:00,  1.11s/it]

Prefill:   0%|          | 0/16 [00:00<?, ?it/s]
Prefill:  12%|█▎        | 2/16 [00:00<00:00, 14.00it/s]
Prefill:  25%|██▌       | 4/16 [00:00<00:01, 10.81it/s]
Prefill:  38%|███▊      | 6/16 [00:00<00:01,  9.73it/s]
Prefill:  50%|█████     | 8/16 [00:00<00:00,  9.00it/s]
Prefill:  56%|█████▋    | 9/16 [00:00<00:00,  8.49it/s]
Prefill:  62%|██████▎   | 10/16 [00:01<00:00,  8.04it/s]
Prefill:  69%|██████▉   | 11/16 [00:01<00:00,  7.71it/s]
Prefill:  75%|███████▌  | 12/16 [00:01<00:00,  7.53it/s]
Prefill:  81%|████████▏ | 13/16 [00:01<00:00,  7.39it/s]
Prefill:  88%|████████▊ | 14/16 [00:01<00:00,  7.23it/s]
Prefill:  94%|█████████▍| 15/16 [00:01<00:00,  6.99it/s]
Prefill: 100%|██████████| 16/16 [00:01<00:00,  7.03it/s]
Prefill: 100%|██████████| 16/16 [00:01<00:00,  8.03it/s]

Importance scoring:   0%|          | 0/4 [00:00<?, ?it/s]
Importance scoring:  25%|██▌       | 1/4 [00:00<00:02,  1.37it/s]
Importance scoring:  50%|█████     | 2/4 [00:01<00:02,  1.05s/it]
Importance scoring:  75%|███████▌  | 3/4 [00:03<00:01,  1.15s/it]
Importance scoring: 100%|██████████| 4/4 [00:04<00:00,  1.18s/it]
Importance scoring: 100%|██████████| 4/4 [00:04<00:00,  1.12s/it]

Prefill:   0%|          | 0/16 [00:00<?, ?it/s]
Prefill:  12%|█▎        | 2/16 [00:00<00:01, 13.43it/s]
Prefill:  25%|██▌       | 4/16 [00:00<00:01, 10.34it/s]
Prefill:  38%|███▊      | 6/16 [00:00<00:01,  9.30it/s]
Prefill:  44%|████▍     | 7/16 [00:00<00:01,  8.91it/s]
Prefill:  50%|█████     | 8/16 [00:00<00:00,  8.40it/s]
Prefill:  56%|█████▋    | 9/16 [00:01<00:00,  7.92it/s]
Prefill:  62%|██████▎   | 10/16 [00:01<00:00,  7.46it/s]
Prefill:  69%|██████▉   | 11/16 [00:01<00:00,  7.20it/s]
Prefill:  75%|███████▌  | 12/16 [00:01<00:00,  7.09it/s]
Prefill:  81%|████████▏ | 13/16 [00:01<00:00,  6.98it/s]
Prefill:  88%|████████▊ | 14/16 [00:01<00:00,  6.83it/s]
Prefill:  94%|█████████▍| 15/16 [00:01<00:00,  6.55it/s]
Prefill: 100%|██████████| 16/16 [00:02<00:00,  6.59it/s]
Prefill: 100%|██████████| 16/16 [00:02<00:00,  7.63it/s]

Importance scoring:   0%|          | 0/4 [00:00<?, ?it/s]
Importance scoring:  25%|██▌       | 1/4 [00:00<00:02,  1.34it/s]
Importance scoring:  50%|█████     | 2/4 [00:02<00:02,  1.07s/it]
Importance scoring:  75%|███████▌  | 3/4 [00:03<00:01,  1.17s/it]
Importance scoring: 100%|██████████| 4/4 [00:04<00:00,  1.20s/it]
Importance scoring: 100%|██████████| 4/4 [00:04<00:00,  1.15s/it]

Prefill:   0%|          | 0/16 [00:00<?, ?it/s]
Prefill:  12%|█▎        | 2/16 [00:00<00:01, 13.77it/s]
Prefill:  25%|██▌       | 4/16 [00:00<00:01, 10.70it/s]
Prefill:  38%|███▊      | 6/16 [00:00<00:01,  9.65it/s]
Prefill:  44%|████▍     | 7/16 [00:00<00:00,  9.26it/s]
Prefill:  50%|█████     | 8/16 [00:00<00:00,  8.81it/s]
Prefill:  56%|█████▋    | 9/16 [00:00<00:00,  8.23it/s]
Prefill:  62%|██████▎   | 10/16 [00:01<00:00,  7.80it/s]
Prefill:  69%|██████▉   | 11/16 [00:01<00:00,  7.46it/s]
Prefill:  75%|███████▌  | 12/16 [00:01<00:00,  7.33it/s]
Prefill:  81%|████████▏ | 13/16 [00:01<00:00,  7.22it/s]
Prefill:  88%|████████▊ | 14/16 [00:01<00:00,  7.10it/s]
Prefill:  94%|█████████▍| 15/16 [00:01<00:00,  6.87it/s]
Prefill: 100%|██████████| 16/16 [00:02<00:00,  6.91it/s]
Prefill: 100%|██████████| 16/16 [00:02<00:00,  7.95it/s]

Importance scoring:   0%|          | 0/4 [00:00<?, ?it/s]
Importance scoring:  25%|██▌       | 1/4 [00:00<00:02,  1.36it/s]
Importance scoring:  50%|█████     | 2/4 [00:02<00:02,  1.05s/it]
Importance scoring:  75%|███████▌  | 3/4 [00:03<00:01,  1.15s/it]
Importance scoring: 100%|██████████| 4/4 [00:04<00:00,  1.18s/it]
Importance scoring: 100%|██████████| 4/4 [00:04<00:00,  1.13s/it]

Prefill:   0%|          | 0/16 [00:00<?, ?it/s]
Prefill:  12%|█▎        | 2/16 [00:00<00:01, 13.50it/s]
Prefill:  25%|██▌       | 4/16 [00:00<00:01, 10.55it/s]
Prefill:  38%|███▊      | 6/16 [00:00<00:01,  9.51it/s]
Prefill:  44%|████▍     | 7/16 [00:00<00:00,  9.11it/s]
Prefill:  50%|█████     | 8/16 [00:00<00:00,  8.66it/s]
Prefill:  56%|█████▋    | 9/16 [00:01<00:00,  8.09it/s]
Prefill:  62%|██████▎   | 10/16 [00:01<00:00,  7.66it/s]
Prefill:  69%|██████▉   | 11/16 [00:01<00:00,  7.36it/s]
Prefill:  75%|███████▌  | 12/16 [00:01<00:00,  7.23it/s]
Prefill:  81%|████████▏ | 13/16 [00:01<00:00,  7.13it/s]
Prefill:  88%|████████▊ | 14/16 [00:01<00:00,  7.00it/s]
Prefill:  94%|█████████▍| 15/16 [00:01<00:00,  6.74it/s]
Prefill: 100%|██████████| 16/16 [00:02<00:00,  6.78it/s]
Prefill: 100%|██████████| 16/16 [00:02<00:00,  7.82it/s]

Importance scoring:   0%|          | 0/4 [00:00<?, ?it/s]
Importance scoring:  25%|██▌       | 1/4 [00:00<00:02,  1.35it/s]
Importance scoring:  50%|█████     | 2/4 [00:02<00:02,  1.06s/it]
Importance scoring:  75%|███████▌  | 3/4 [00:03<00:01,  1.16s/it]
Importance scoring: 100%|██████████| 4/4 [00:04<00:00,  1.19s/it]
Importance scoring: 100%|██████████| 4/4 [00:04<00:00,  1.14s/it]

Prefill:   0%|          | 0/16 [00:00<?, ?it/s]
Prefill:  12%|█▎        | 2/16 [00:00<00:01, 13.71it/s]
Prefill:  25%|██▌       | 4/16 [00:00<00:01, 10.62it/s]
Prefill:  38%|███▊      | 6/16 [00:00<00:01,  9.54it/s]
Prefill:  44%|████▍     | 7/16 [00:00<00:00,  9.16it/s]
Prefill:  50%|█████     | 8/16 [00:00<00:00,  8.70it/s]
Prefill:  56%|█████▋    | 9/16 [00:00<00:00,  8.14it/s]
Prefill:  62%|██████▎   | 10/16 [00:01<00:00,  7.73it/s]
Prefill:  69%|██████▉   | 11/16 [00:01<00:00,  7.44it/s]
Prefill:  75%|███████▌  | 12/16 [00:01<00:00,  7.27it/s]
Prefill:  81%|████████▏ | 13/16 [00:01<00:00,  7.16it/s]
Prefill:  88%|████████▊ | 14/16 [00:01<00:00,  7.05it/s]
Prefill:  94%|█████████▍| 15/16 [00:01<00:00,  6.82it/s]
Prefill: 100%|██████████| 16/16 [00:02<00:00,  6.84it/s]
Prefill: 100%|██████████| 16/16 [00:02<00:00,  7.88it/s]

Importance scoring:   0%|          | 0/4 [00:00<?, ?it/s]
Importance scoring:  25%|██▌       | 1/4 [00:00<00:02,  1.35it/s]
Importance scoring:  50%|█████     | 2/4 [00:02<00:02,  1.06s/it]
Importance scoring:  75%|███████▌  | 3/4 [00:03<00:01,  1.16s/it]
Importance scoring: 100%|██████████| 4/4 [00:04<00:00,  1.19s/it]
Importance scoring: 100%|██████████| 4/4 [00:04<00:00,  1.14s/it]

Prefill:   0%|          | 0/16 [00:00<?, ?it/s]
Prefill:  12%|█▎        | 2/16 [00:00<00:01, 13.58it/s]
Prefill:  25%|██▌       | 4/16 [00:00<00:01, 10.54it/s]
Prefill:  38%|███▊      | 6/16 [00:00<00:01,  9.46it/s]
Prefill:  44%|████▍     | 7/16 [00:00<00:00,  9.07it/s]
Prefill:  50%|█████     | 8/16 [00:00<00:00,  8.61it/s]
Prefill:  56%|█████▋    | 9/16 [00:01<00:00,  8.06it/s]
Prefill:  62%|██████▎   | 10/16 [00:01<00:00,  7.64it/s]
Prefill:  69%|██████▉   | 11/16 [00:01<00:00,  7.34it/s]
Prefill:  75%|███████▌  | 12/16 [00:01<00:00,  7.22it/s]
Prefill:  81%|████████▏ | 13/16 [00:01<00:00,  7.10it/s]
Prefill:  88%|████████▊ | 14/16 [00:01<00:00,  6.98it/s]
Prefill:  94%|█████████▍| 15/16 [00:01<00:00,  6.71it/s]
Prefill: 100%|██████████| 16/16 [00:02<00:00,  6.73it/s]
Prefill: 100%|██████████| 16/16 [00:02<00:00,  7.79it/s]

Importance scoring:   0%|          | 0/4 [00:00<?, ?it/s]
Importance scoring:  25%|██▌       | 1/4 [00:00<00:02,  1.35it/s]
Importance scoring:  50%|█████     | 2/4 [00:02<00:02,  1.06s/it]
Importance scoring:  75%|███████▌  | 3/4 [00:03<00:01,  1.17s/it]
Importance scoring: 100%|██████████| 4/4 [00:04<00:00,  1.20s/it]
Importance scoring: 100%|██████████| 4/4 [00:04<00:00,  1.14s/it]

Prefill:   0%|          | 0/16 [00:00<?, ?it/s]
Prefill:  12%|█▎        | 2/16 [00:00<00:00, 14.10it/s]
Prefill:  25%|██▌       | 4/16 [00:00<00:01, 10.91it/s]
Prefill:  38%|███▊      | 6/16 [00:00<00:01,  9.79it/s]
Prefill:  50%|█████     | 8/16 [00:00<00:00,  9.04it/s]
Prefill:  56%|█████▋    | 9/16 [00:00<00:00,  8.54it/s]
Prefill:  62%|██████▎   | 10/16 [00:01<00:00,  8.09it/s]
Prefill:  69%|██████▉   | 11/16 [00:01<00:00,  7.74it/s]
Prefill:  75%|███████▌  | 12/16 [00:01<00:00,  7.56it/s]
Prefill:  81%|████████▏ | 13/16 [00:01<00:00,  7.43it/s]
Prefill:  88%|████████▊ | 14/16 [00:01<00:00,  7.27it/s]
Prefill:  94%|█████████▍| 15/16 [00:01<00:00,  7.06it/s]
Prefill: 100%|██████████| 16/16 [00:01<00:00,  7.10it/s]
Prefill: 100%|██████████| 16/16 [00:01<00:00,  8.09it/s]

Importance scoring:   0%|          | 0/4 [00:00<?, ?it/s]
Importance scoring:  25%|██▌       | 1/4 [00:00<00:02,  1.37it/s]
Importance scoring:  50%|█████     | 2/4 [00:01<00:02,  1.04s/it]
Importance scoring:  75%|███████▌  | 3/4 [00:03<00:01,  1.14s/it]
Importance scoring: 100%|██████████| 4/4 [00:04<00:00,  1.17s/it]
Importance scoring: 100%|██████████| 4/4 [00:04<00:00,  1.12s/it]

Prefill:   0%|          | 0/16 [00:00<?, ?it/s]
Prefill:  12%|█▎        | 2/16 [00:00<00:01, 13.81it/s]
Prefill:  25%|██▌       | 4/16 [00:00<00:01, 10.81it/s]
Prefill:  38%|███▊      | 6/16 [00:00<00:01,  9.77it/s]
Prefill:  50%|█████     | 8/16 [00:00<00:00,  8.99it/s]
Prefill:  56%|█████▋    | 9/16 [00:00<00:00,  8.51it/s]
Prefill:  62%|██████▎   | 10/16 [00:01<00:00,  8.07it/s]
Prefill:  69%|██████▉   | 11/16 [00:01<00:00,  7.65it/s]
Prefill:  75%|███████▌  | 12/16 [00:01<00:00,  7.44it/s]
Prefill:  81%|████████▏ | 13/16 [00:01<00:00,  7.33it/s]
Prefill:  88%|████████▊ | 14/16 [00:01<00:00,  7.19it/s]
Prefill:  94%|█████████▍| 15/16 [00:01<00:00,  7.04it/s]
Prefill: 100%|██████████| 16/16 [00:01<00:00,  7.07it/s]
Prefill: 100%|██████████| 16/16 [00:01<00:00,  8.03it/s]

Importance scoring:   0%|          | 0/4 [00:00<?, ?it/s]
Importance scoring:  25%|██▌       | 1/4 [00:00<00:02,  1.36it/s]
Importance scoring:  50%|█████     | 2/4 [00:01<00:02,  1.05s/it]
Importance scoring:  75%|███████▌  | 3/4 [00:03<00:01,  1.15s/it]
Importance scoring: 100%|██████████| 4/4 [00:04<00:00,  1.18s/it]
Importance scoring: 100%|██████████| 4/4 [00:04<00:00,  1.12s/it]

Prefill:   0%|          | 0/16 [00:00<?, ?it/s]
Prefill:  12%|█▎        | 2/16 [00:00<00:01, 13.40it/s]
Prefill:  25%|██▌       | 4/16 [00:00<00:01, 10.45it/s]
Prefill:  38%|███▊      | 6/16 [00:00<00:01,  9.42it/s]
Prefill:  44%|████▍     | 7/16 [00:00<00:00,  9.03it/s]
Prefill:  50%|█████     | 8/16 [00:00<00:00,  8.54it/s]
Prefill:  56%|█████▋    | 9/16 [00:01<00:00,  8.04it/s]
Prefill:  62%|██████▎   | 10/16 [00:01<00:00,  7.61it/s]
Prefill:  69%|██████▉   | 11/16 [00:01<00:00,  7.30it/s]
Prefill:  75%|███████▌  | 12/16 [00:01<00:00,  7.17it/s]
Prefill:  81%|████████▏ | 13/16 [00:01<00:00,  7.09it/s]
Prefill:  88%|████████▊ | 14/16 [00:01<00:00,  6.96it/s]
Prefill:  94%|█████████▍| 15/16 [00:01<00:00,  6.66it/s]
Prefill: 100%|██████████| 16/16 [00:02<00:00,  6.70it/s]
Prefill: 100%|██████████| 16/16 [00:02<00:00,  7.75it/s]

Importance scoring:   0%|          | 0/4 [00:00<?, ?it/s]
Importance scoring:  25%|██▌       | 1/4 [00:00<00:02,  1.35it/s]
Importance scoring:  50%|█████     | 2/4 [00:02<00:02,  1.07s/it]
Importance scoring:  75%|███████▌  | 3/4 [00:03<00:01,  1.17s/it]
Importance scoring: 100%|██████████| 4/4 [00:04<00:00,  1.20s/it]
Importance scoring: 100%|██████████| 4/4 [00:04<00:00,  1.14s/it]

Prefill:   0%|          | 0/16 [00:00<?, ?it/s]
Prefill:  12%|█▎        | 2/16 [00:00<00:01, 13.49it/s]
Prefill:  25%|██▌       | 4/16 [00:00<00:01, 10.50it/s]
Prefill:  38%|███▊      | 6/16 [00:00<00:01,  9.46it/s]
Prefill:  44%|████▍     | 7/16 [00:00<00:00,  9.08it/s]
Prefill:  50%|█████     | 8/16 [00:00<00:00,  8.62it/s]
Prefill:  56%|█████▋    | 9/16 [00:01<00:00,  8.06it/s]
Prefill:  62%|██████▎   | 10/16 [00:01<00:00,  7.60it/s]
Prefill:  69%|██████▉   | 11/16 [00:01<00:00,  7.31it/s]
Prefill:  75%|███████▌  | 12/16 [00:01<00:00,  7.20it/s]
Prefill:  81%|████████▏ | 13/16 [00:01<00:00,  7.10it/s]
Prefill:  88%|████████▊ | 14/16 [00:01<00:00,  6.93it/s]
Prefill:  94%|█████████▍| 15/16 [00:01<00:00,  6.70it/s]
Prefill: 100%|██████████| 16/16 [00:02<00:00,  6.73it/s]
Prefill: 100%|██████████| 16/16 [00:02<00:00,  7.77it/s]

Importance scoring:   0%|          | 0/4 [00:00<?, ?it/s]
Importance scoring:  25%|██▌       | 1/4 [00:00<00:02,  1.35it/s]
Importance scoring:  50%|█████     | 2/4 [00:02<00:02,  1.06s/it]
Importance scoring:  75%|███████▌  | 3/4 [00:03<00:01,  1.17s/it]
Importance scoring: 100%|██████████| 4/4 [00:04<00:00,  1.20s/it]
Importance scoring: 100%|██████████| 4/4 [00:04<00:00,  1.14s/it]

Prefill:   0%|          | 0/16 [00:00<?, ?it/s]
Prefill:  12%|█▎        | 2/16 [00:00<00:01, 13.57it/s]
Prefill:  25%|██▌       | 4/16 [00:00<00:01, 10.50it/s]
Prefill:  38%|███▊      | 6/16 [00:00<00:01,  9.47it/s]
Prefill:  44%|████▍     | 7/16 [00:00<00:00,  9.09it/s]
Prefill:  50%|█████     | 8/16 [00:00<00:00,  8.60it/s]
Prefill:  56%|█████▋    | 9/16 [00:01<00:00,  8.05it/s]
Prefill:  62%|██████▎   | 10/16 [00:01<00:00,  7.63it/s]
Prefill:  69%|██████▉   | 11/16 [00:01<00:00,  7.38it/s]
Prefill:  75%|███████▌  | 12/16 [00:01<00:00,  7.23it/s]
Prefill:  81%|████████▏ | 13/16 [00:01<00:00,  7.11it/s]
Prefill:  88%|████████▊ | 14/16 [00:01<00:00,  6.97it/s]
Prefill:  94%|█████████▍| 15/16 [00:01<00:00,  6.70it/s]
Prefill: 100%|██████████| 16/16 [00:02<00:00,  6.73it/s]
Prefill: 100%|██████████| 16/16 [00:02<00:00,  7.79it/s]

Importance scoring:   0%|          | 0/4 [00:00<?, ?it/s]
Importance scoring:  25%|██▌       | 1/4 [00:00<00:02,  1.35it/s]
Importance scoring:  50%|█████     | 2/4 [00:02<00:02,  1.06s/it]
Importance scoring:  75%|███████▌  | 3/4 [00:03<00:01,  1.16s/it]
Importance scoring: 100%|██████████| 4/4 [00:04<00:00,  1.20s/it]
Importance scoring: 100%|██████████| 4/4 [00:04<00:00,  1.14s/it]

Prefill:   0%|          | 0/16 [00:00<?, ?it/s]
Prefill:  12%|█▎        | 2/16 [00:00<00:01, 13.58it/s]
Prefill:  25%|██▌       | 4/16 [00:00<00:01, 10.51it/s]
Prefill:  38%|███▊      | 6/16 [00:00<00:01,  9.39it/s]
Prefill:  44%|████▍     | 7/16 [00:00<00:00,  9.01it/s]
Prefill:  50%|█████     | 8/16 [00:00<00:00,  8.52it/s]
Prefill:  56%|█████▋    | 9/16 [00:01<00:00,  7.99it/s]
Prefill:  62%|██████▎   | 10/16 [00:01<00:00,  7.59it/s]
Prefill:  69%|██████▉   | 11/16 [00:01<00:00,  7.31it/s]
Prefill:  75%|███████▌  | 12/16 [00:01<00:00,  7.21it/s]
Prefill:  81%|████████▏ | 13/16 [00:01<00:00,  7.09it/s]
Prefill:  88%|████████▊ | 14/16 [00:01<00:00,  6.91it/s]
Prefill:  94%|█████████▍| 15/16 [00:01<00:00,  6.65it/s]
Prefill: 100%|██████████| 16/16 [00:02<00:00,  6.68it/s]
Prefill: 100%|██████████| 16/16 [00:02<00:00,  7.74it/s]

Importance scoring:   0%|          | 0/4 [00:00<?, ?it/s]
Importance scoring:  25%|██▌       | 1/4 [00:00<00:02,  1.35it/s]
Importance scoring:  50%|█████     | 2/4 [00:02<00:02,  1.06s/it]
Importance scoring:  75%|███████▌  | 3/4 [00:03<00:01,  1.17s/it]
Importance scoring: 100%|██████████| 4/4 [00:04<00:00,  1.20s/it]
Importance scoring: 100%|██████████| 4/4 [00:04<00:00,  1.14s/it]

Prefill:   0%|          | 0/16 [00:00<?, ?it/s]
Prefill:  12%|█▎        | 2/16 [00:00<00:01, 13.51it/s]
Prefill:  25%|██▌       | 4/16 [00:00<00:01, 10.41it/s]
Prefill:  38%|███▊      | 6/16 [00:00<00:01,  9.38it/s]
Prefill:  44%|████▍     | 7/16 [00:00<00:00,  9.01it/s]
Prefill:  50%|█████     | 8/16 [00:00<00:00,  8.52it/s]
Prefill:  56%|█████▋    | 9/16 [00:01<00:00,  8.01it/s]
Prefill:  62%|██████▎   | 10/16 [00:01<00:00,  7.57it/s]
Prefill:  69%|██████▉   | 11/16 [00:01<00:00,  7.28it/s]
Prefill:  75%|███████▌  | 12/16 [00:01<00:00,  7.14it/s]
Prefill:  81%|████████▏ | 13/16 [00:01<00:00,  7.00it/s]
Prefill:  88%|████████▊ | 14/16 [00:01<00:00,  6.88it/s]
Prefill:  94%|█████████▍| 15/16 [00:01<00:00,  6.62it/s]
Prefill: 100%|██████████| 16/16 [00:02<00:00,  6.65it/s]
Prefill: 100%|██████████| 16/16 [00:02<00:00,  7.70it/s]

Importance scoring:   0%|          | 0/4 [00:00<?, ?it/s]
Importance scoring:  25%|██▌       | 1/4 [00:00<00:02,  1.35it/s]
Importance scoring:  50%|█████     | 2/4 [00:02<00:02,  1.06s/it]
Importance scoring:  75%|███████▌  | 3/4 [00:03<00:01,  1.17s/it]
Importance scoring: 100%|██████████| 4/4 [00:04<00:00,  1.20s/it]
Importance scoring: 100%|██████████| 4/4 [00:04<00:00,  1.14s/it]

Prefill:   0%|          | 0/16 [00:00<?, ?it/s]
Prefill:  12%|█▎        | 2/16 [00:00<00:01, 13.57it/s]
Prefill:  25%|██▌       | 4/16 [00:00<00:01, 10.57it/s]
Prefill:  38%|███▊      | 6/16 [00:00<00:01,  9.52it/s]
Prefill:  44%|████▍     | 7/16 [00:00<00:00,  9.12it/s]
Prefill:  50%|█████     | 8/16 [00:00<00:00,  8.67it/s]
Prefill:  56%|█████▋    | 9/16 [00:01<00:00,  8.10it/s]
Prefill:  62%|██████▎   | 10/16 [00:01<00:00,  7.72it/s]
Prefill:  69%|██████▉   | 11/16 [00:01<00:00,  7.38it/s]
Prefill:  75%|███████▌  | 12/16 [00:01<00:00,  7.25it/s]
Prefill:  81%|████████▏ | 13/16 [00:01<00:00,  7.15it/s]
Prefill:  88%|████████▊ | 14/16 [00:01<00:00,  6.99it/s]
Prefill:  94%|█████████▍| 15/16 [00:01<00:00,  6.73it/s]
Prefill: 100%|██████████| 16/16 [00:02<00:00,  6.75it/s]
Prefill: 100%|██████████| 16/16 [00:02<00:00,  7.82it/s]

Importance scoring:   0%|          | 0/4 [00:00<?, ?it/s]
Importance scoring:  25%|██▌       | 1/4 [00:00<00:02,  1.35it/s]
Importance scoring:  50%|█████     | 2/4 [00:02<00:02,  1.06s/it]
Importance scoring:  75%|███████▌  | 3/4 [00:03<00:01,  1.16s/it]
Importance scoring: 100%|██████████| 4/4 [00:04<00:00,  1.19s/it]
Importance scoring: 100%|██████████| 4/4 [00:04<00:00,  1.13s/it]

Prefill:   0%|          | 0/16 [00:00<?, ?it/s]
Prefill:  12%|█▎        | 2/16 [00:00<00:01, 13.55it/s]
Prefill:  25%|██▌       | 4/16 [00:00<00:01, 10.47it/s]
Prefill:  38%|███▊      | 6/16 [00:00<00:01,  9.43it/s]
Prefill:  44%|████▍     | 7/16 [00:00<00:00,  9.04it/s]
Prefill:  50%|█████     | 8/16 [00:00<00:00,  8.53it/s]
Prefill:  56%|█████▋    | 9/16 [00:01<00:00,  8.00it/s]
Prefill:  62%|██████▎   | 10/16 [00:01<00:00,  7.58it/s]
Prefill:  69%|██████▉   | 11/16 [00:01<00:00,  7.32it/s]
Prefill:  75%|███████▌  | 12/16 [00:01<00:00,  7.20it/s]
Prefill:  81%|████████▏ | 13/16 [00:01<00:00,  7.09it/s]
Prefill:  88%|████████▊ | 14/16 [00:01<00:00,  6.97it/s]
Prefill:  94%|█████████▍| 15/16 [00:01<00:00,  6.69it/s]
Prefill: 100%|██████████| 16/16 [00:02<00:00,  6.70it/s]
Prefill: 100%|██████████| 16/16 [00:02<00:00,  7.75it/s]

Importance scoring:   0%|          | 0/4 [00:00<?, ?it/s]
Importance scoring:  25%|██▌       | 1/4 [00:00<00:02,  1.35it/s]
Importance scoring:  50%|█████     | 2/4 [00:02<00:02,  1.06s/it]
Importance scoring:  75%|███████▌  | 3/4 [00:03<00:01,  1.16s/it]
Importance scoring: 100%|██████████| 4/4 [00:04<00:00,  1.20s/it]
Importance scoring: 100%|██████████| 4/4 [00:04<00:00,  1.14s/it]

Prefill:   0%|          | 0/16 [00:00<?, ?it/s]
Prefill:  12%|█▎        | 2/16 [00:00<00:01, 13.53it/s]
Prefill:  25%|██▌       | 4/16 [00:00<00:01, 10.47it/s]
Prefill:  38%|███▊      | 6/16 [00:00<00:01,  9.38it/s]
Prefill:  44%|████▍     | 7/16 [00:00<00:01,  9.00it/s]
Prefill:  50%|█████     | 8/16 [00:00<00:00,  8.50it/s]
Prefill:  56%|█████▋    | 9/16 [00:01<00:00,  7.99it/s]
Prefill:  62%|██████▎   | 10/16 [00:01<00:00,  7.59it/s]
Prefill:  69%|██████▉   | 11/16 [00:01<00:00,  7.30it/s]
Prefill:  75%|███████▌  | 12/16 [00:01<00:00,  7.17it/s]
Prefill:  81%|████████▏ | 13/16 [00:01<00:00,  7.09it/s]
Prefill:  88%|████████▊ | 14/16 [00:01<00:00,  6.92it/s]
Prefill:  94%|█████████▍| 15/16 [00:01<00:00,  6.65it/s]
Prefill: 100%|██████████| 16/16 [00:02<00:00,  6.68it/s]
Prefill: 100%|██████████| 16/16 [00:02<00:00,  7.73it/s]

Importance scoring:   0%|          | 0/4 [00:00<?, ?it/s]
Importance scoring:  25%|██▌       | 1/4 [00:00<00:02,  1.35it/s]
Importance scoring:  50%|█████     | 2/4 [00:02<00:02,  1.06s/it]
Importance scoring:  75%|███████▌  | 3/4 [00:03<00:01,  1.16s/it]
Importance scoring: 100%|██████████| 4/4 [00:04<00:00,  1.20s/it]
Importance scoring: 100%|██████████| 4/4 [00:04<00:00,  1.14s/it]

Prefill:   0%|          | 0/16 [00:00<?, ?it/s]
Prefill:  12%|█▎        | 2/16 [00:00<00:01, 13.53it/s]
Prefill:  25%|██▌       | 4/16 [00:00<00:01, 10.48it/s]
Prefill:  38%|███▊      | 6/16 [00:00<00:01,  9.45it/s]
Prefill:  44%|████▍     | 7/16 [00:00<00:00,  9.03it/s]
Prefill:  50%|█████     | 8/16 [00:00<00:00,  8.53it/s]
Prefill:  56%|█████▋    | 9/16 [00:01<00:00,  7.96it/s]
Prefill:  62%|██████▎   | 10/16 [00:01<00:00,  7.58it/s]
Prefill:  69%|██████▉   | 11/16 [00:01<00:00,  7.30it/s]
Prefill:  75%|███████▌  | 12/16 [00:01<00:00,  7.18it/s]
Prefill:  81%|████████▏ | 13/16 [00:01<00:00,  7.08it/s]
Prefill:  88%|████████▊ | 14/16 [00:01<00:00,  6.93it/s]
Prefill:  94%|█████████▍| 15/16 [00:01<00:00,  6.66it/s]
Prefill: 100%|██████████| 16/16 [00:02<00:00,  6.69it/s]
Prefill: 100%|██████████| 16/16 [00:02<00:00,  7.74it/s]

Importance scoring:   0%|          | 0/4 [00:00<?, ?it/s]
Importance scoring:  25%|██▌       | 1/4 [00:00<00:02,  1.34it/s]
Importance scoring:  50%|█████     | 2/4 [00:02<00:02,  1.06s/it]
Importance scoring:  75%|███████▌  | 3/4 [00:03<00:01,  1.17s/it]
Importance scoring: 100%|██████████| 4/4 [00:04<00:00,  1.20s/it]
Importance scoring: 100%|██████████| 4/4 [00:04<00:00,  1.14s/it]

Prefill:   0%|          | 0/16 [00:00<?, ?it/s]
Prefill:  12%|█▎        | 2/16 [00:00<00:01, 13.75it/s]
Prefill:  25%|██▌       | 4/16 [00:00<00:01, 10.51it/s]
Prefill:  38%|███▊      | 6/16 [00:00<00:01,  9.45it/s]
Prefill:  44%|████▍     | 7/16 [00:00<00:00,  9.05it/s]
Prefill:  50%|█████     | 8/16 [00:00<00:00,  8.58it/s]
Prefill:  56%|█████▋    | 9/16 [00:01<00:00,  8.03it/s]
Prefill:  62%|██████▎   | 10/16 [00:01<00:00,  7.63it/s]
Prefill:  69%|██████▉   | 11/16 [00:01<00:00,  7.32it/s]
Prefill:  75%|███████▌  | 12/16 [00:01<00:00,  7.16it/s]
Prefill:  81%|████████▏ | 13/16 [00:01<00:00,  7.10it/s]
Prefill:  88%|████████▊ | 14/16 [00:01<00:00,  6.97it/s]
Prefill:  94%|█████████▍| 15/16 [00:01<00:00,  6.70it/s]
Prefill: 100%|██████████| 16/16 [00:02<00:00,  6.72it/s]
Prefill: 100%|██████████| 16/16 [00:02<00:00,  7.77it/s]

Importance scoring:   0%|          | 0/4 [00:00<?, ?it/s]
Importance scoring:  25%|██▌       | 1/4 [00:00<00:02,  1.35it/s]
Importance scoring:  50%|█████     | 2/4 [00:02<00:02,  1.06s/it]
Importance scoring:  75%|███████▌  | 3/4 [00:03<00:01,  1.16s/it]
Importance scoring: 100%|██████████| 4/4 [00:04<00:00,  1.19s/it]
Importance scoring: 100%|██████████| 4/4 [00:04<00:00,  1.14s/it]

Prefill:   0%|          | 0/16 [00:00<?, ?it/s]
Prefill:  12%|█▎        | 2/16 [00:00<00:01, 13.31it/s]
Prefill:  25%|██▌       | 4/16 [00:00<00:01, 10.42it/s]
Prefill:  38%|███▊      | 6/16 [00:00<00:01,  9.44it/s]
Prefill:  44%|████▍     | 7/16 [00:00<00:00,  9.02it/s]
Prefill:  50%|█████     | 8/16 [00:00<00:00,  8.53it/s]
Prefill:  56%|█████▋    | 9/16 [00:01<00:00,  7.94it/s]
Prefill:  62%|██████▎   | 10/16 [00:01<00:00,  7.54it/s]
Prefill:  69%|██████▉   | 11/16 [00:01<00:00,  7.27it/s]
Prefill:  75%|███████▌  | 12/16 [00:01<00:00,  7.17it/s]
Prefill:  81%|████████▏ | 13/16 [00:01<00:00,  7.09it/s]
Prefill:  88%|████████▊ | 14/16 [00:01<00:00,  6.93it/s]
Prefill:  94%|█████████▍| 15/16 [00:01<00:00,  6.65it/s]
Prefill: 100%|██████████| 16/16 [00:02<00:00,  6.68it/s]
Prefill: 100%|██████████| 16/16 [00:02<00:00,  7.72it/s]

Importance scoring:   0%|          | 0/4 [00:00<?, ?it/s]
Importance scoring:  25%|██▌       | 1/4 [00:00<00:02,  1.35it/s]
Importance scoring:  50%|█████     | 2/4 [00:02<00:02,  1.06s/it]
Importance scoring:  75%|███████▌  | 3/4 [00:03<00:01,  1.16s/it]
Importance scoring: 100%|██████████| 4/4 [00:04<00:00,  1.20s/it]
Importance scoring: 100%|██████████| 4/4 [00:04<00:00,  1.14s/it]

Prefill:   0%|          | 0/16 [00:00<?, ?it/s]
Prefill:  12%|█▎        | 2/16 [00:00<00:01, 13.44it/s]
Prefill:  25%|██▌       | 4/16 [00:00<00:01, 10.45it/s]
Prefill:  38%|███▊      | 6/16 [00:00<00:01,  9.40it/s]
Prefill:  44%|████▍     | 7/16 [00:00<00:00,  9.01it/s]
Prefill:  50%|█████     | 8/16 [00:00<00:00,  8.54it/s]
Prefill:  56%|█████▋    | 9/16 [00:01<00:00,  8.01it/s]
Prefill:  62%|██████▎   | 10/16 [00:01<00:00,  7.60it/s]
Prefill:  69%|██████▉   | 11/16 [00:01<00:00,  7.30it/s]
Prefill:  75%|███████▌  | 12/16 [00:01<00:00,  7.16it/s]
Prefill:  81%|████████▏ | 13/16 [00:01<00:00,  7.06it/s]
Prefill:  88%|████████▊ | 14/16 [00:01<00:00,  6.93it/s]
Prefill:  94%|█████████▍| 15/16 [00:01<00:00,  6.67it/s]
Prefill: 100%|██████████| 16/16 [00:02<00:00,  6.69it/s]
Prefill: 100%|██████████| 16/16 [00:02<00:00,  7.74it/s]

Importance scoring:   0%|          | 0/4 [00:00<?, ?it/s]
Importance scoring:  25%|██▌       | 1/4 [00:00<00:02,  1.35it/s]
Importance scoring:  50%|█████     | 2/4 [00:02<00:02,  1.06s/it]
Importance scoring:  75%|███████▌  | 3/4 [00:03<00:01,  1.17s/it]
Importance scoring: 100%|██████████| 4/4 [00:04<00:00,  1.20s/it]
Importance scoring: 100%|██████████| 4/4 [00:04<00:00,  1.14s/it]

Prefill:   0%|          | 0/16 [00:00<?, ?it/s]
Prefill:  12%|█▎        | 2/16 [00:00<00:01, 13.62it/s]
Prefill:  25%|██▌       | 4/16 [00:00<00:01, 10.49it/s]
Prefill:  38%|███▊      | 6/16 [00:00<00:01,  9.43it/s]
Prefill:  44%|████▍     | 7/16 [00:00<00:00,  9.03it/s]
Prefill:  50%|█████     | 8/16 [00:00<00:00,  8.51it/s]
Prefill:  56%|█████▋    | 9/16 [00:01<00:00,  7.97it/s]
Prefill:  62%|██████▎   | 10/16 [00:01<00:00,  7.54it/s]
Prefill:  69%|██████▉   | 11/16 [00:01<00:00,  7.29it/s]
Prefill:  75%|███████▌  | 12/16 [00:01<00:00,  7.20it/s]
Prefill:  81%|████████▏ | 13/16 [00:01<00:00,  7.10it/s]
Prefill:  88%|████████▊ | 14/16 [00:01<00:00,  6.93it/s]
Prefill:  94%|█████████▍| 15/16 [00:01<00:00,  6.64it/s]
Prefill: 100%|██████████| 16/16 [00:02<00:00,  6.67it/s]
Prefill: 100%|██████████| 16/16 [00:02<00:00,  7.73it/s]

Importance scoring:   0%|          | 0/4 [00:00<?, ?it/s]
Importance scoring:  25%|██▌       | 1/4 [00:00<00:02,  1.35it/s]
Importance scoring:  50%|█████     | 2/4 [00:02<00:02,  1.06s/it]
Importance scoring:  75%|███████▌  | 3/4 [00:03<00:01,  1.17s/it]
Importance scoring: 100%|██████████| 4/4 [00:04<00:00,  1.20s/it]
Importance scoring: 100%|██████████| 4/4 [00:04<00:00,  1.14s/it]

Prefill:   0%|          | 0/16 [00:00<?, ?it/s]
Prefill:  12%|█▎        | 2/16 [00:00<00:01, 13.45it/s]
Prefill:  25%|██▌       | 4/16 [00:00<00:01, 10.42it/s]
Prefill:  38%|███▊      | 6/16 [00:00<00:01,  9.34it/s]
Prefill:  44%|████▍     | 7/16 [00:00<00:01,  8.96it/s]
Prefill:  50%|█████     | 8/16 [00:00<00:00,  8.48it/s]
Prefill:  56%|█████▋    | 9/16 [00:01<00:00,  7.96it/s]
Prefill:  62%|██████▎   | 10/16 [00:01<00:00,  7.53it/s]
Prefill:  69%|██████▉   | 11/16 [00:01<00:00,  7.32it/s]
Prefill:  75%|███████▌  | 12/16 [00:01<00:00,  7.18it/s]
Prefill:  81%|████████▏ | 13/16 [00:01<00:00,  7.08it/s]
Prefill:  88%|████████▊ | 14/16 [00:01<00:00,  6.92it/s]
Prefill:  94%|█████████▍| 15/16 [00:01<00:00,  6.65it/s]
Prefill: 100%|██████████| 16/16 [00:02<00:00,  6.68it/s]
Prefill: 100%|██████████| 16/16 [00:02<00:00,  7.72it/s]

Importance scoring:   0%|          | 0/4 [00:00<?, ?it/s]
Importance scoring:  25%|██▌       | 1/4 [00:00<00:02,  1.35it/s]
Importance scoring:  50%|█████     | 2/4 [00:02<00:02,  1.06s/it]
Importance scoring:  75%|███████▌  | 3/4 [00:03<00:01,  1.17s/it]
Importance scoring: 100%|██████████| 4/4 [00:04<00:00,  1.20s/it]
Importance scoring: 100%|██████████| 4/4 [00:04<00:00,  1.14s/it]

Prefill:   0%|          | 0/16 [00:00<?, ?it/s]
Prefill:  12%|█▎        | 2/16 [00:00<00:01, 13.47it/s]
Prefill:  25%|██▌       | 4/16 [00:00<00:01, 10.44it/s]
Prefill:  38%|███▊      | 6/16 [00:00<00:01,  9.38it/s]
Prefill:  44%|████▍     | 7/16 [00:00<00:00,  9.01it/s]
Prefill:  50%|█████     | 8/16 [00:00<00:00,  8.49it/s]
Prefill:  56%|█████▋    | 9/16 [00:01<00:00,  7.95it/s]
Prefill:  62%|██████▎   | 10/16 [00:01<00:00,  7.55it/s]
Prefill:  69%|██████▉   | 11/16 [00:01<00:00,  7.27it/s]
Prefill:  75%|███████▌  | 12/16 [00:01<00:00,  7.14it/s]
Prefill:  81%|████████▏ | 13/16 [00:01<00:00,  7.08it/s]
Prefill:  88%|████████▊ | 14/16 [00:01<00:00,  6.90it/s]
Prefill:  94%|█████████▍| 15/16 [00:01<00:00,  6.62it/s]
Prefill: 100%|██████████| 16/16 [00:02<00:00,  6.66it/s]
Prefill: 100%|██████████| 16/16 [00:02<00:00,  7.71it/s]

Importance scoring:   0%|          | 0/4 [00:00<?, ?it/s]
Importance scoring:  25%|██▌       | 1/4 [00:00<00:02,  1.35it/s]
Importance scoring:  50%|█████     | 2/4 [00:02<00:02,  1.06s/it]
Importance scoring:  75%|███████▌  | 3/4 [00:03<00:01,  1.16s/it]
Importance scoring: 100%|██████████| 4/4 [00:04<00:00,  1.20s/it]
Importance scoring: 100%|██████████| 4/4 [00:04<00:00,  1.14s/it]

Prefill:   0%|          | 0/16 [00:00<?, ?it/s]
Prefill:  12%|█▎        | 2/16 [00:00<00:01, 13.59it/s]
Prefill:  25%|██▌       | 4/16 [00:00<00:01, 10.50it/s]
Prefill:  38%|███▊      | 6/16 [00:00<00:01,  9.41it/s]
Prefill:  44%|████▍     | 7/16 [00:00<00:00,  9.02it/s]
Prefill:  50%|█████     | 8/16 [00:00<00:00,  8.56it/s]
Prefill:  56%|█████▋    | 9/16 [00:01<00:00,  8.01it/s]
Prefill:  62%|██████▎   | 10/16 [00:01<00:00,  7.59it/s]
Prefill:  69%|██████▉   | 11/16 [00:01<00:00,  7.30it/s]
Prefill:  75%|███████▌  | 12/16 [00:01<00:00,  7.18it/s]
Prefill:  81%|████████▏ | 13/16 [00:01<00:00,  7.09it/s]
Prefill:  88%|████████▊ | 14/16 [00:01<00:00,  6.92it/s]
Prefill:  94%|█████████▍| 15/16 [00:01<00:00,  6.67it/s]
Prefill: 100%|██████████| 16/16 [00:02<00:00,  6.70it/s]
Prefill: 100%|██████████| 16/16 [00:02<00:00,  7.75it/s]

Importance scoring:   0%|          | 0/4 [00:00<?, ?it/s]
Importance scoring:  25%|██▌       | 1/4 [00:00<00:02,  1.35it/s]
Importance scoring:  50%|█████     | 2/4 [00:02<00:02,  1.06s/it]
Importance scoring:  75%|███████▌  | 3/4 [00:03<00:01,  1.17s/it]
Importance scoring: 100%|██████████| 4/4 [00:04<00:00,  1.20s/it]
Importance scoring: 100%|██████████| 4/4 [00:04<00:00,  1.14s/it]

Prefill:   0%|          | 0/16 [00:00<?, ?it/s]
Prefill:  12%|█▎        | 2/16 [00:00<00:01, 13.67it/s]
Prefill:  25%|██▌       | 4/16 [00:00<00:01, 10.63it/s]
Prefill:  38%|███▊      | 6/16 [00:00<00:01,  9.59it/s]
Prefill:  44%|████▍     | 7/16 [00:00<00:00,  9.19it/s]
Prefill:  50%|█████     | 8/16 [00:00<00:00,  8.76it/s]
Prefill:  56%|█████▋    | 9/16 [00:00<00:00,  8.19it/s]
Prefill:  62%|██████▎   | 10/16 [00:01<00:00,  7.76it/s]
Prefill:  69%|██████▉   | 11/16 [00:01<00:00,  7.43it/s]
Prefill:  75%|███████▌  | 12/16 [00:01<00:00,  7.29it/s]
Prefill:  81%|████████▏ | 13/16 [00:01<00:00,  7.20it/s]
Prefill:  88%|████████▊ | 14/16 [00:01<00:00,  7.07it/s]
Prefill:  94%|█████████▍| 15/16 [00:01<00:00,  6.82it/s]
Prefill: 100%|██████████| 16/16 [00:02<00:00,  6.87it/s]
Prefill: 100%|██████████| 16/16 [00:02<00:00,  7.91it/s]

Importance scoring:   0%|          | 0/4 [00:00<?, ?it/s]
Importance scoring:  25%|██▌       | 1/4 [00:00<00:02,  1.35it/s]
Importance scoring:  50%|█████     | 2/4 [00:02<00:02,  1.06s/it]
Importance scoring:  75%|███████▌  | 3/4 [00:03<00:01,  1.16s/it]
Importance scoring: 100%|██████████| 4/4 [00:04<00:00,  1.19s/it]
Importance scoring: 100%|██████████| 4/4 [00:04<00:00,  1.13s/it]

Prefill:   0%|          | 0/16 [00:00<?, ?it/s]
Prefill:  12%|█▎        | 2/16 [00:00<00:01, 13.44it/s]
Prefill:  25%|██▌       | 4/16 [00:00<00:01, 10.44it/s]
Prefill:  38%|███▊      | 6/16 [00:00<00:01,  9.41it/s]
Prefill:  44%|████▍     | 7/16 [00:00<00:00,  9.00it/s]
Prefill:  50%|█████     | 8/16 [00:00<00:00,  8.53it/s]
Prefill:  56%|█████▋    | 9/16 [00:01<00:00,  8.00it/s]
Prefill:  62%|██████▎   | 10/16 [00:01<00:00,  7.53it/s]
Prefill:  69%|██████▉   | 11/16 [00:01<00:00,  7.27it/s]
Prefill:  75%|███████▌  | 12/16 [00:01<00:00,  7.15it/s]
Prefill:  81%|████████▏ | 13/16 [00:01<00:00,  7.01it/s]
Prefill:  88%|████████▊ | 14/16 [00:01<00:00,  6.87it/s]
Prefill:  94%|█████████▍| 15/16 [00:01<00:00,  6.62it/s]
Prefill: 100%|██████████| 16/16 [00:02<00:00,  6.68it/s]
Prefill: 100%|██████████| 16/16 [00:02<00:00,  7.71it/s]

Importance scoring:   0%|          | 0/4 [00:00<?, ?it/s]
Importance scoring:  25%|██▌       | 1/4 [00:00<00:02,  1.35it/s]
Importance scoring:  50%|█████     | 2/4 [00:02<00:02,  1.06s/it]
Importance scoring:  75%|███████▌  | 3/4 [00:03<00:01,  1.17s/it]
Importance scoring: 100%|██████████| 4/4 [00:04<00:00,  1.20s/it]
Importance scoring: 100%|██████████| 4/4 [00:04<00:00,  1.14s/it]

Prefill:   0%|          | 0/16 [00:00<?, ?it/s]
Prefill:  12%|█▎        | 2/16 [00:00<00:01, 13.51it/s]
Prefill:  25%|██▌       | 4/16 [00:00<00:01, 10.49it/s]
Prefill:  38%|███▊      | 6/16 [00:00<00:01,  9.44it/s]
Prefill:  44%|████▍     | 7/16 [00:00<00:00,  9.03it/s]
Prefill:  50%|█████     | 8/16 [00:00<00:00,  8.53it/s]
Prefill:  56%|█████▋    | 9/16 [00:01<00:00,  7.96it/s]
Prefill:  62%|██████▎   | 10/16 [00:01<00:00,  7.57it/s]
Prefill:  69%|██████▉   | 11/16 [00:01<00:00,  7.28it/s]
Prefill:  75%|███████▌  | 12/16 [00:01<00:00,  7.18it/s]
Prefill:  81%|████████▏ | 13/16 [00:01<00:00,  7.09it/s]
Prefill:  88%|████████▊ | 14/16 [00:01<00:00,  6.92it/s]
Prefill:  94%|█████████▍| 15/16 [00:01<00:00,  6.66it/s]
Prefill: 100%|██████████| 16/16 [00:02<00:00,  6.70it/s]
Prefill: 100%|██████████| 16/16 [00:02<00:00,  7.74it/s]

Importance scoring:   0%|          | 0/4 [00:00<?, ?it/s]
Importance scoring:  25%|██▌       | 1/4 [00:00<00:02,  1.35it/s]
Importance scoring:  50%|█████     | 2/4 [00:02<00:02,  1.06s/it]
Importance scoring:  75%|███████▌  | 3/4 [00:03<00:01,  1.16s/it]
Importance scoring: 100%|██████████| 4/4 [00:04<00:00,  1.20s/it]
Importance scoring: 100%|██████████| 4/4 [00:04<00:00,  1.14s/it]

Prefill:   0%|          | 0/16 [00:00<?, ?it/s]
Prefill:  12%|█▎        | 2/16 [00:00<00:01, 13.59it/s]
Prefill:  25%|██▌       | 4/16 [00:00<00:01, 10.48it/s]
Prefill:  38%|███▊      | 6/16 [00:00<00:01,  9.44it/s]
Prefill:  44%|████▍     | 7/16 [00:00<00:00,  9.05it/s]
Prefill:  50%|█████     | 8/16 [00:00<00:00,  8.54it/s]
Prefill:  56%|█████▋    | 9/16 [00:01<00:00,  7.94it/s]
Prefill:  62%|██████▎   | 10/16 [00:01<00:00,  7.53it/s]
Prefill:  69%|██████▉   | 11/16 [00:01<00:00,  7.26it/s]
Prefill:  75%|███████▌  | 12/16 [00:01<00:00,  7.10it/s]
Prefill:  81%|████████▏ | 13/16 [00:01<00:00,  7.04it/s]
Prefill:  88%|████████▊ | 14/16 [00:01<00:00,  6.88it/s]
Prefill:  94%|█████████▍| 15/16 [00:01<00:00,  6.64it/s]
Prefill: 100%|██████████| 16/16 [00:02<00:00,  6.68it/s]
Prefill: 100%|██████████| 16/16 [00:02<00:00,  7.71it/s]

Importance scoring:   0%|          | 0/4 [00:00<?, ?it/s]
Importance scoring:  25%|██▌       | 1/4 [00:00<00:02,  1.35it/s]
Importance scoring:  50%|█████     | 2/4 [00:02<00:02,  1.06s/it]
Importance scoring:  75%|███████▌  | 3/4 [00:03<00:01,  1.16s/it]
Importance scoring: 100%|██████████| 4/4 [00:04<00:00,  1.20s/it]
Importance scoring: 100%|██████████| 4/4 [00:04<00:00,  1.14s/it]

Prefill:   0%|          | 0/16 [00:00<?, ?it/s]
Prefill:  12%|█▎        | 2/16 [00:00<00:01, 13.50it/s]
Prefill:  25%|██▌       | 4/16 [00:00<00:01, 10.47it/s]
Prefill:  38%|███▊      | 6/16 [00:00<00:01,  9.38it/s]
Prefill:  44%|████▍     | 7/16 [00:00<00:00,  9.01it/s]
Prefill:  50%|█████     | 8/16 [00:00<00:00,  8.49it/s]
Prefill:  56%|█████▋    | 9/16 [00:01<00:00,  7.98it/s]
Prefill:  62%|██████▎   | 10/16 [00:01<00:00,  7.53it/s]
Prefill:  69%|██████▉   | 11/16 [00:01<00:00,  7.27it/s]
Prefill:  75%|███████▌  | 12/16 [00:01<00:00,  7.15it/s]
Prefill:  81%|████████▏ | 13/16 [00:01<00:00,  7.04it/s]
Prefill:  88%|████████▊ | 14/16 [00:01<00:00,  6.91it/s]
Prefill:  94%|█████████▍| 15/16 [00:01<00:00,  6.64it/s]
Prefill: 100%|██████████| 16/16 [00:02<00:00,  6.67it/s]
Prefill: 100%|██████████| 16/16 [00:02<00:00,  7.72it/s]

Importance scoring:   0%|          | 0/4 [00:00<?, ?it/s]
Importance scoring:  25%|██▌       | 1/4 [00:00<00:02,  1.35it/s]
Importance scoring:  50%|█████     | 2/4 [00:02<00:02,  1.06s/it]
Importance scoring:  75%|███████▌  | 3/4 [00:03<00:01,  1.16s/it]
Importance scoring: 100%|██████████| 4/4 [00:04<00:00,  1.20s/it]
Importance scoring: 100%|██████████| 4/4 [00:04<00:00,  1.14s/it]

Prefill:   0%|          | 0/16 [00:00<?, ?it/s]
Prefill:  12%|█▎        | 2/16 [00:00<00:01, 13.55it/s]
Prefill:  25%|██▌       | 4/16 [00:00<00:01, 10.48it/s]
Prefill:  38%|███▊      | 6/16 [00:00<00:01,  9.42it/s]
Prefill:  44%|████▍     | 7/16 [00:00<00:00,  9.03it/s]
Prefill:  50%|█████     | 8/16 [00:00<00:00,  8.50it/s]
Prefill:  56%|█████▋    | 9/16 [00:01<00:00,  7.99it/s]
Prefill:  62%|██████▎   | 10/16 [00:01<00:00,  7.57it/s]
Prefill:  69%|██████▉   | 11/16 [00:01<00:00,  7.33it/s]
Prefill:  75%|███████▌  | 12/16 [00:01<00:00,  7.18it/s]
Prefill:  81%|████████▏ | 13/16 [00:01<00:00,  7.10it/s]
Prefill:  88%|████████▊ | 14/16 [00:01<00:00,  6.95it/s]
Prefill:  94%|█████████▍| 15/16 [00:01<00:00,  6.67it/s]
Prefill: 100%|██████████| 16/16 [00:02<00:00,  6.71it/s]
Prefill: 100%|██████████| 16/16 [00:02<00:00,  7.75it/s]

Importance scoring:   0%|          | 0/4 [00:00<?, ?it/s]
Importance scoring:  25%|██▌       | 1/4 [00:00<00:02,  1.35it/s]
Importance scoring:  50%|█████     | 2/4 [00:02<00:02,  1.06s/it]
Importance scoring:  75%|███████▌  | 3/4 [00:03<00:01,  1.16s/it]
Importance scoring: 100%|██████████| 4/4 [00:04<00:00,  1.20s/it]
Importance scoring: 100%|██████████| 4/4 [00:04<00:00,  1.14s/it]

Prefill:   0%|          | 0/16 [00:00<?, ?it/s]
Prefill:  12%|█▎        | 2/16 [00:00<00:01, 13.31it/s]
Prefill:  25%|██▌       | 4/16 [00:00<00:01, 10.40it/s]
Prefill:  38%|███▊      | 6/16 [00:00<00:01,  9.38it/s]
Prefill:  44%|████▍     | 7/16 [00:00<00:01,  8.99it/s]
Prefill:  50%|█████     | 8/16 [00:00<00:00,  8.53it/s]
Prefill:  56%|█████▋    | 9/16 [00:01<00:00,  7.99it/s]
Prefill:  62%|██████▎   | 10/16 [00:01<00:00,  7.54it/s]
Prefill:  69%|██████▉   | 11/16 [00:01<00:00,  7.28it/s]
Prefill:  75%|███████▌  | 12/16 [00:01<00:00,  7.20it/s]
Prefill:  81%|████████▏ | 13/16 [00:01<00:00,  7.08it/s]
Prefill:  88%|████████▊ | 14/16 [00:01<00:00,  6.92it/s]
Prefill:  94%|█████████▍| 15/16 [00:01<00:00,  6.65it/s]
Prefill: 100%|██████████| 16/16 [00:02<00:00,  6.68it/s]
Prefill: 100%|██████████| 16/16 [00:02<00:00,  7.72it/s]

Importance scoring:   0%|          | 0/4 [00:00<?, ?it/s]
Importance scoring:  25%|██▌       | 1/4 [00:00<00:02,  1.35it/s]
Importance scoring:  50%|█████     | 2/4 [00:02<00:02,  1.06s/it]
Importance scoring:  75%|███████▌  | 3/4 [00:03<00:01,  1.16s/it]
Importance scoring: 100%|██████████| 4/4 [00:04<00:00,  1.20s/it]
Importance scoring: 100%|██████████| 4/4 [00:04<00:00,  1.14s/it]

Prefill:   0%|          | 0/16 [00:00<?, ?it/s]
Prefill:  12%|█▎        | 2/16 [00:00<00:01, 13.52it/s]
Prefill:  25%|██▌       | 4/16 [00:00<00:01, 10.48it/s]
Prefill:  38%|███▊      | 6/16 [00:00<00:01,  9.43it/s]
Prefill:  44%|████▍     | 7/16 [00:00<00:00,  9.02it/s]
Prefill:  50%|█████     | 8/16 [00:00<00:00,  8.52it/s]
Prefill:  56%|█████▋    | 9/16 [00:01<00:00,  8.01it/s]
Prefill:  62%|██████▎   | 10/16 [00:01<00:00,  7.56it/s]
Prefill:  69%|██████▉   | 11/16 [00:01<00:00,  7.31it/s]
Prefill:  75%|███████▌  | 12/16 [00:01<00:00,  7.13it/s]
Prefill:  81%|████████▏ | 13/16 [00:01<00:00,  7.03it/s]
Prefill:  88%|████████▊ | 14/16 [00:01<00:00,  6.91it/s]
Prefill:  94%|█████████▍| 15/16 [00:01<00:00,  6.63it/s]
Prefill: 100%|██████████| 16/16 [00:02<00:00,  6.66it/s]
Prefill: 100%|██████████| 16/16 [00:02<00:00,  7.72it/s]

Importance scoring:   0%|          | 0/4 [00:00<?, ?it/s]
Importance scoring:  25%|██▌       | 1/4 [00:00<00:02,  1.35it/s]
Importance scoring:  50%|█████     | 2/4 [00:02<00:02,  1.06s/it]
Importance scoring:  75%|███████▌  | 3/4 [00:03<00:01,  1.17s/it]
Importance scoring: 100%|██████████| 4/4 [00:04<00:00,  1.20s/it]
Importance scoring: 100%|██████████| 4/4 [00:04<00:00,  1.14s/it]

Prefill:   0%|          | 0/16 [00:00<?, ?it/s]
Prefill:  12%|█▎        | 2/16 [00:00<00:01, 13.41it/s]
Prefill:  25%|██▌       | 4/16 [00:00<00:01, 10.44it/s]
Prefill:  38%|███▊      | 6/16 [00:00<00:01,  9.42it/s]
Prefill:  44%|████▍     | 7/16 [00:00<00:00,  9.03it/s]
Prefill:  50%|█████     | 8/16 [00:00<00:00,  8.54it/s]
Prefill:  56%|█████▋    | 9/16 [00:01<00:00,  7.99it/s]
Prefill:  62%|██████▎   | 10/16 [00:01<00:00,  7.56it/s]
Prefill:  69%|██████▉   | 11/16 [00:01<00:00,  7.31it/s]
Prefill:  75%|███████▌  | 12/16 [00:01<00:00,  7.18it/s]
Prefill:  81%|████████▏ | 13/16 [00:01<00:00,  7.04it/s]
Prefill:  88%|████████▊ | 14/16 [00:01<00:00,  6.91it/s]
Prefill:  94%|█████████▍| 15/16 [00:01<00:00,  6.66it/s]
Prefill: 100%|██████████| 16/16 [00:02<00:00,  6.68it/s]
Prefill: 100%|██████████| 16/16 [00:02<00:00,  7.73it/s]

Importance scoring:   0%|          | 0/4 [00:00<?, ?it/s]
Importance scoring:  25%|██▌       | 1/4 [00:00<00:02,  1.35it/s]
Importance scoring:  50%|█████     | 2/4 [00:02<00:02,  1.07s/it]
Importance scoring:  75%|███████▌  | 3/4 [00:03<00:01,  1.17s/it]
Importance scoring: 100%|██████████| 4/4 [00:04<00:00,  1.20s/it]
Importance scoring: 100%|██████████| 4/4 [00:04<00:00,  1.14s/it]

Prefill:   0%|          | 0/16 [00:00<?, ?it/s]
Prefill:  12%|█▎        | 2/16 [00:00<00:01, 13.23it/s]
Prefill:  25%|██▌       | 4/16 [00:00<00:01, 10.43it/s]
Prefill:  38%|███▊      | 6/16 [00:00<00:01,  9.40it/s]
Prefill:  44%|████▍     | 7/16 [00:00<00:00,  9.01it/s]
Prefill:  50%|█████     | 8/16 [00:00<00:00,  8.53it/s]
Prefill:  56%|█████▋    | 9/16 [00:01<00:00,  7.99it/s]
Prefill:  62%|██████▎   | 10/16 [00:01<00:00,  7.60it/s]
Prefill:  69%|██████▉   | 11/16 [00:01<00:00,  7.29it/s]
Prefill:  75%|███████▌  | 12/16 [00:01<00:00,  7.17it/s]
Prefill:  81%|████████▏ | 13/16 [00:01<00:00,  7.08it/s]
Prefill:  88%|████████▊ | 14/16 [00:01<00:00,  6.91it/s]
Prefill:  94%|█████████▍| 15/16 [00:01<00:00,  6.63it/s]
Prefill: 100%|██████████| 16/16 [00:02<00:00,  6.68it/s]
Prefill: 100%|██████████| 16/16 [00:02<00:00,  7.72it/s]

Importance scoring:   0%|          | 0/4 [00:00<?, ?it/s]
Importance scoring:  25%|██▌       | 1/4 [00:00<00:02,  1.34it/s]
Importance scoring:  50%|█████     | 2/4 [00:02<00:02,  1.06s/it]
Importance scoring:  75%|███████▌  | 3/4 [00:03<00:01,  1.17s/it]
Importance scoring: 100%|██████████| 4/4 [00:04<00:00,  1.20s/it]
Importance scoring: 100%|██████████| 4/4 [00:04<00:00,  1.14s/it]

Prefill:   0%|          | 0/16 [00:00<?, ?it/s]
Prefill:  12%|█▎        | 2/16 [00:00<00:01, 13.52it/s]
Prefill:  25%|██▌       | 4/16 [00:00<00:01, 10.44it/s]
Prefill:  38%|███▊      | 6/16 [00:00<00:01,  9.37it/s]
Prefill:  44%|████▍     | 7/16 [00:00<00:01,  9.00it/s]
Prefill:  50%|█████     | 8/16 [00:00<00:00,  8.53it/s]
Prefill:  56%|█████▋    | 9/16 [00:01<00:00,  8.01it/s]
Prefill:  62%|██████▎   | 10/16 [00:01<00:00,  7.56it/s]
Prefill:  69%|██████▉   | 11/16 [00:01<00:00,  7.34it/s]
Prefill:  75%|███████▌  | 12/16 [00:01<00:00,  7.22it/s]
Prefill:  81%|████████▏ | 13/16 [00:01<00:00,  7.11it/s]
Prefill:  88%|████████▊ | 14/16 [00:01<00:00,  6.94it/s]
Prefill:  94%|█████████▍| 15/16 [00:01<00:00,  6.66it/s]
Prefill: 100%|██████████| 16/16 [00:02<00:00,  6.68it/s]
Prefill: 100%|██████████| 16/16 [00:02<00:00,  7.74it/s]

Importance scoring:   0%|          | 0/4 [00:00<?, ?it/s]
Importance scoring:  25%|██▌       | 1/4 [00:00<00:02,  1.35it/s]
Importance scoring:  50%|█████     | 2/4 [00:02<00:02,  1.06s/it]
Importance scoring:  75%|███████▌  | 3/4 [00:03<00:01,  1.16s/it]
Importance scoring: 100%|██████████| 4/4 [00:04<00:00,  1.20s/it]
Importance scoring: 100%|██████████| 4/4 [00:04<00:00,  1.14s/it]

Prefill:   0%|          | 0/16 [00:00<?, ?it/s]
Prefill:  12%|█▎        | 2/16 [00:00<00:01, 13.37it/s]
Prefill:  25%|██▌       | 4/16 [00:00<00:01, 10.45it/s]
Prefill:  38%|███▊      | 6/16 [00:00<00:01,  9.46it/s]
Prefill:  44%|████▍     | 7/16 [00:00<00:00,  9.05it/s]
Prefill:  50%|█████     | 8/16 [00:00<00:00,  8.55it/s]
Prefill:  56%|█████▋    | 9/16 [00:01<00:00,  7.94it/s]
Prefill:  62%|██████▎   | 10/16 [00:01<00:00,  7.50it/s]
Prefill:  69%|██████▉   | 11/16 [00:01<00:00,  7.26it/s]
Prefill:  75%|███████▌  | 12/16 [00:01<00:00,  7.16it/s]
Prefill:  81%|████████▏ | 13/16 [00:01<00:00,  7.08it/s]
Prefill:  88%|████████▊ | 14/16 [00:01<00:00,  6.95it/s]
Prefill:  94%|█████████▍| 15/16 [00:01<00:00,  6.68it/s]
Prefill: 100%|██████████| 16/16 [00:02<00:00,  6.70it/s]
Prefill: 100%|██████████| 16/16 [00:02<00:00,  7.73it/s]

Importance scoring:   0%|          | 0/4 [00:00<?, ?it/s]
Importance scoring:  25%|██▌       | 1/4 [00:00<00:02,  1.34it/s]
Importance scoring:  50%|█████     | 2/4 [00:02<00:02,  1.07s/it]
Importance scoring:  75%|███████▌  | 3/4 [00:03<00:01,  1.17s/it]
Importance scoring: 100%|██████████| 4/4 [00:04<00:00,  1.20s/it]
Importance scoring: 100%|██████████| 4/4 [00:04<00:00,  1.14s/it]

Prefill:   0%|          | 0/16 [00:00<?, ?it/s]
Prefill:  12%|█▎        | 2/16 [00:00<00:01, 13.47it/s]
Prefill:  25%|██▌       | 4/16 [00:00<00:01, 10.43it/s]
Prefill:  38%|███▊      | 6/16 [00:00<00:01,  9.37it/s]
Prefill:  44%|████▍     | 7/16 [00:00<00:01,  8.98it/s]
Prefill:  50%|█████     | 8/16 [00:00<00:00,  8.48it/s]
Prefill:  56%|█████▋    | 9/16 [00:01<00:00,  7.92it/s]
Prefill:  62%|██████▎   | 10/16 [00:01<00:00,  7.56it/s]
Prefill:  69%|██████▉   | 11/16 [00:01<00:00,  7.30it/s]
Prefill:  75%|███████▌  | 12/16 [00:01<00:00,  7.20it/s]
Prefill:  81%|████████▏ | 13/16 [00:01<00:00,  7.09it/s]
Prefill:  88%|████████▊ | 14/16 [00:01<00:00,  6.95it/s]
Prefill:  94%|█████████▍| 15/16 [00:01<00:00,  6.65it/s]
Prefill: 100%|██████████| 16/16 [00:02<00:00,  6.70it/s]
Prefill: 100%|██████████| 16/16 [00:02<00:00,  7.73it/s]

Importance scoring:   0%|          | 0/4 [00:00<?, ?it/s]
Importance scoring:  25%|██▌       | 1/4 [00:00<00:02,  1.35it/s]
Importance scoring:  50%|█████     | 2/4 [00:02<00:02,  1.06s/it]
Importance scoring:  75%|███████▌  | 3/4 [00:03<00:01,  1.17s/it]
Importance scoring: 100%|██████████| 4/4 [00:04<00:00,  1.20s/it]
Importance scoring: 100%|██████████| 4/4 [00:04<00:00,  1.14s/it]

Prefill:   0%|          | 0/16 [00:00<?, ?it/s]
Prefill:  12%|█▎        | 2/16 [00:00<00:01, 13.52it/s]
Prefill:  25%|██▌       | 4/16 [00:00<00:01, 10.45it/s]
Prefill:  38%|███▊      | 6/16 [00:00<00:01,  9.40it/s]
Prefill:  44%|████▍     | 7/16 [00:00<00:00,  9.03it/s]
Prefill:  50%|█████     | 8/16 [00:00<00:00,  8.51it/s]
Prefill:  56%|█████▋    | 9/16 [00:01<00:00,  7.96it/s]
Prefill:  62%|██████▎   | 10/16 [00:01<00:00,  7.54it/s]
Prefill:  69%|██████▉   | 11/16 [00:01<00:00,  7.28it/s]
Prefill:  75%|███████▌  | 12/16 [00:01<00:00,  7.16it/s]
Prefill:  81%|████████▏ | 13/16 [00:01<00:00,  7.06it/s]
Prefill:  88%|████████▊ | 14/16 [00:01<00:00,  6.93it/s]
Prefill:  94%|█████████▍| 15/16 [00:01<00:00,  6.64it/s]
Prefill: 100%|██████████| 16/16 [00:02<00:00,  6.69it/s]
Prefill: 100%|██████████| 16/16 [00:02<00:00,  7.73it/s]

Importance scoring:   0%|          | 0/4 [00:00<?, ?it/s]
Importance scoring:  25%|██▌       | 1/4 [00:00<00:02,  1.35it/s]
Importance scoring:  50%|█████     | 2/4 [00:02<00:02,  1.06s/it]
Importance scoring:  75%|███████▌  | 3/4 [00:03<00:01,  1.16s/it]
Importance scoring: 100%|██████████| 4/4 [00:04<00:00,  1.20s/it]
Importance scoring: 100%|██████████| 4/4 [00:04<00:00,  1.14s/it]

Prefill:   0%|          | 0/16 [00:00<?, ?it/s]
Prefill:  12%|█▎        | 2/16 [00:00<00:01, 13.54it/s]
Prefill:  25%|██▌       | 4/16 [00:00<00:01, 10.46it/s]
Prefill:  38%|███▊      | 6/16 [00:00<00:01,  9.38it/s]
Prefill:  44%|████▍     | 7/16 [00:00<00:00,  9.02it/s]
Prefill:  50%|█████     | 8/16 [00:00<00:00,  8.52it/s]
Prefill:  56%|█████▋    | 9/16 [00:01<00:00,  7.99it/s]
Prefill:  62%|██████▎   | 10/16 [00:01<00:00,  7.60it/s]
Prefill:  69%|██████▉   | 11/16 [00:01<00:00,  7.33it/s]
Prefill:  75%|███████▌  | 12/16 [00:01<00:00,  7.15it/s]
Prefill:  81%|████████▏ | 13/16 [00:01<00:00,  7.02it/s]
Prefill:  88%|████████▊ | 14/16 [00:01<00:00,  6.90it/s]
Prefill:  94%|█████████▍| 15/16 [00:01<00:00,  6.64it/s]
Prefill: 100%|██████████| 16/16 [00:02<00:00,  6.69it/s]
Prefill: 100%|██████████| 16/16 [00:02<00:00,  7.73it/s]

Importance scoring:   0%|          | 0/4 [00:00<?, ?it/s]
Importance scoring:  25%|██▌       | 1/4 [00:00<00:02,  1.35it/s]
Importance scoring:  50%|█████     | 2/4 [00:02<00:02,  1.06s/it]
Importance scoring:  75%|███████▌  | 3/4 [00:03<00:01,  1.16s/it]
Importance scoring: 100%|██████████| 4/4 [00:04<00:00,  1.20s/it]
Importance scoring: 100%|██████████| 4/4 [00:04<00:00,  1.14s/it]

Prefill:   0%|          | 0/16 [00:00<?, ?it/s]
Prefill:  12%|█▎        | 2/16 [00:00<00:01, 13.60it/s]
Prefill:  25%|██▌       | 4/16 [00:00<00:01, 10.47it/s]
Prefill:  38%|███▊      | 6/16 [00:00<00:01,  9.42it/s]
Prefill:  44%|████▍     | 7/16 [00:00<00:00,  9.04it/s]
Prefill:  50%|█████     | 8/16 [00:00<00:00,  8.54it/s]
Prefill:  56%|█████▋    | 9/16 [00:01<00:00,  7.99it/s]
Prefill:  62%|██████▎   | 10/16 [00:01<00:00,  7.54it/s]
Prefill:  69%|██████▉   | 11/16 [00:01<00:00,  7.27it/s]
Prefill:  75%|███████▌  | 12/16 [00:01<00:00,  7.17it/s]
Prefill:  81%|████████▏ | 13/16 [00:01<00:00,  7.09it/s]
Prefill:  88%|████████▊ | 14/16 [00:01<00:00,  6.93it/s]
Prefill:  94%|█████████▍| 15/16 [00:01<00:00,  6.65it/s]
Prefill: 100%|██████████| 16/16 [00:02<00:00,  6.67it/s]
Prefill: 100%|██████████| 16/16 [00:02<00:00,  7.73it/s]

Importance scoring:   0%|          | 0/4 [00:00<?, ?it/s]
Importance scoring:  25%|██▌       | 1/4 [00:00<00:02,  1.35it/s]
Importance scoring:  50%|█████     | 2/4 [00:02<00:02,  1.07s/it]
Importance scoring:  75%|███████▌  | 3/4 [00:03<00:01,  1.17s/it]
Importance scoring: 100%|██████████| 4/4 [00:04<00:00,  1.20s/it]
Importance scoring: 100%|██████████| 4/4 [00:04<00:00,  1.14s/it]

Prefill:   0%|          | 0/16 [00:00<?, ?it/s]
Prefill:  12%|█▎        | 2/16 [00:00<00:01, 13.49it/s]
Prefill:  25%|██▌       | 4/16 [00:00<00:01, 10.49it/s]
Prefill:  38%|███▊      | 6/16 [00:00<00:01,  9.38it/s]
Prefill:  44%|████▍     | 7/16 [00:00<00:00,  9.00it/s]
Prefill:  50%|█████     | 8/16 [00:00<00:00,  8.51it/s]
Prefill:  56%|█████▋    | 9/16 [00:01<00:00,  7.98it/s]
Prefill:  62%|██████▎   | 10/16 [00:01<00:00,  7.57it/s]
Prefill:  69%|██████▉   | 11/16 [00:01<00:00,  7.31it/s]
Prefill:  75%|███████▌  | 12/16 [00:01<00:00,  7.19it/s]
Prefill:  81%|████████▏ | 13/16 [00:01<00:00,  7.08it/s]
Prefill:  88%|████████▊ | 14/16 [00:01<00:00,  6.91it/s]
Prefill:  94%|█████████▍| 15/16 [00:01<00:00,  6.64it/s]
Prefill: 100%|██████████| 16/16 [00:02<00:00,  6.69it/s]
Prefill: 100%|██████████| 16/16 [00:02<00:00,  7.73it/s]

Importance scoring:   0%|          | 0/4 [00:00<?, ?it/s]
Importance scoring:  25%|██▌       | 1/4 [00:00<00:02,  1.35it/s]
Importance scoring:  50%|█████     | 2/4 [00:02<00:02,  1.06s/it]
Importance scoring:  75%|███████▌  | 3/4 [00:03<00:01,  1.16s/it]
Importance scoring: 100%|██████████| 4/4 [00:04<00:00,  1.20s/it]
Importance scoring: 100%|██████████| 4/4 [00:04<00:00,  1.14s/it]

Prefill:   0%|          | 0/16 [00:00<?, ?it/s]
Prefill:  12%|█▎        | 2/16 [00:00<00:01, 13.66it/s]
Prefill:  25%|██▌       | 4/16 [00:00<00:01, 10.49it/s]
Prefill:  38%|███▊      | 6/16 [00:00<00:01,  9.40it/s]
Prefill:  44%|████▍     | 7/16 [00:00<00:00,  9.02it/s]
Prefill:  50%|█████     | 8/16 [00:00<00:00,  8.52it/s]
Prefill:  56%|█████▋    | 9/16 [00:01<00:00,  7.98it/s]
Prefill:  62%|██████▎   | 10/16 [00:01<00:00,  7.57it/s]
Prefill:  69%|██████▉   | 11/16 [00:01<00:00,  7.36it/s]
Prefill:  75%|███████▌  | 12/16 [00:01<00:00,  7.26it/s]
Prefill:  81%|████████▏ | 13/16 [00:01<00:00,  7.12it/s]
Prefill:  88%|████████▊ | 14/16 [00:01<00:00,  6.93it/s]
Prefill:  94%|█████████▍| 15/16 [00:01<00:00,  6.68it/s]
Prefill: 100%|██████████| 16/16 [00:02<00:00,  6.72it/s]
Prefill: 100%|██████████| 16/16 [00:02<00:00,  7.76it/s]

Importance scoring:   0%|          | 0/4 [00:00<?, ?it/s]
Importance scoring:  25%|██▌       | 1/4 [00:00<00:02,  1.35it/s]
Importance scoring:  50%|█████     | 2/4 [00:02<00:02,  1.06s/it]
Importance scoring:  75%|███████▌  | 3/4 [00:03<00:01,  1.16s/it]
Importance scoring: 100%|██████████| 4/4 [00:04<00:00,  1.20s/it]
Importance scoring: 100%|██████████| 4/4 [00:04<00:00,  1.14s/it]

Prefill:   0%|          | 0/16 [00:00<?, ?it/s]
Prefill:  12%|█▎        | 2/16 [00:00<00:01, 13.51it/s]
Prefill:  25%|██▌       | 4/16 [00:00<00:01, 10.44it/s]
Prefill:  38%|███▊      | 6/16 [00:00<00:01,  9.39it/s]
Prefill:  44%|████▍     | 7/16 [00:00<00:00,  9.00it/s]
Prefill:  50%|█████     | 8/16 [00:00<00:00,  8.50it/s]
Prefill:  56%|█████▋    | 9/16 [00:01<00:00,  7.97it/s]
Prefill:  62%|██████▎   | 10/16 [00:01<00:00,  7.57it/s]
Prefill:  69%|██████▉   | 11/16 [00:01<00:00,  7.31it/s]
Prefill:  75%|███████▌  | 12/16 [00:01<00:00,  7.17it/s]
Prefill:  81%|████████▏ | 13/16 [00:01<00:00,  7.04it/s]
Prefill:  88%|████████▊ | 14/16 [00:01<00:00,  6.88it/s]
Prefill:  94%|█████████▍| 15/16 [00:01<00:00,  6.62it/s]
Prefill: 100%|██████████| 16/16 [00:02<00:00,  6.65it/s]
Prefill: 100%|██████████| 16/16 [00:02<00:00,  7.71it/s]

Importance scoring:   0%|          | 0/4 [00:00<?, ?it/s]
Importance scoring:  25%|██▌       | 1/4 [00:00<00:02,  1.35it/s]
Importance scoring:  50%|█████     | 2/4 [00:02<00:02,  1.06s/it]
Importance scoring:  75%|███████▌  | 3/4 [00:03<00:01,  1.17s/it]
Importance scoring: 100%|██████████| 4/4 [00:04<00:00,  1.20s/it]
Importance scoring: 100%|██████████| 4/4 [00:04<00:00,  1.14s/it]

Prefill:   0%|          | 0/16 [00:00<?, ?it/s]
Prefill:  12%|█▎        | 2/16 [00:00<00:01, 13.49it/s]
Prefill:  25%|██▌       | 4/16 [00:00<00:01, 10.42it/s]
Prefill:  38%|███▊      | 6/16 [00:00<00:01,  9.38it/s]
Prefill:  44%|████▍     | 7/16 [00:00<00:00,  9.00it/s]
Prefill:  50%|█████     | 8/16 [00:00<00:00,  8.51it/s]
Prefill:  56%|█████▋    | 9/16 [00:01<00:00,  7.98it/s]
Prefill:  62%|██████▎   | 10/16 [00:01<00:00,  7.57it/s]
Prefill:  69%|██████▉   | 11/16 [00:01<00:00,  7.29it/s]
Prefill:  75%|███████▌  | 12/16 [00:01<00:00,  7.18it/s]
Prefill:  81%|████████▏ | 13/16 [00:01<00:00,  7.09it/s]
Prefill:  88%|████████▊ | 14/16 [00:01<00:00,  6.93it/s]
Prefill:  94%|█████████▍| 15/16 [00:01<00:00,  6.64it/s]
Prefill: 100%|██████████| 16/16 [00:02<00:00,  6.67it/s]
Prefill: 100%|██████████| 16/16 [00:02<00:00,  7.72it/s]

Importance scoring:   0%|          | 0/4 [00:00<?, ?it/s]
Importance scoring:  25%|██▌       | 1/4 [00:00<00:02,  1.35it/s]
Importance scoring:  50%|█████     | 2/4 [00:02<00:02,  1.06s/it]
Importance scoring:  75%|███████▌  | 3/4 [00:03<00:01,  1.16s/it]
Importance scoring: 100%|██████████| 4/4 [00:04<00:00,  1.20s/it]
Importance scoring: 100%|██████████| 4/4 [00:04<00:00,  1.14s/it]

Prefill:   0%|          | 0/16 [00:00<?, ?it/s]
Prefill:  12%|█▎        | 2/16 [00:00<00:01, 13.39it/s]
Prefill:  25%|██▌       | 4/16 [00:00<00:01, 10.44it/s]
Prefill:  38%|███▊      | 6/16 [00:00<00:01,  9.37it/s]
Prefill:  44%|████▍     | 7/16 [00:00<00:01,  8.99it/s]
Prefill:  50%|█████     | 8/16 [00:00<00:00,  8.49it/s]
Prefill:  56%|█████▋    | 9/16 [00:01<00:00,  7.94it/s]
Prefill:  62%|██████▎   | 10/16 [00:01<00:00,  7.52it/s]
Prefill:  69%|██████▉   | 11/16 [00:01<00:00,  7.26it/s]
Prefill:  75%|███████▌  | 12/16 [00:01<00:00,  7.13it/s]
Prefill:  81%|████████▏ | 13/16 [00:01<00:00,  7.06it/s]
Prefill:  88%|████████▊ | 14/16 [00:01<00:00,  6.88it/s]
Prefill:  94%|█████████▍| 15/16 [00:01<00:00,  6.63it/s]
Prefill: 100%|██████████| 16/16 [00:02<00:00,  6.67it/s]
Prefill: 100%|██████████| 16/16 [00:02<00:00,  7.70it/s]

Importance scoring:   0%|          | 0/4 [00:00<?, ?it/s]
Importance scoring:  25%|██▌       | 1/4 [00:00<00:02,  1.35it/s]
Importance scoring:  50%|█████     | 2/4 [00:02<00:02,  1.06s/it]
Importance scoring:  75%|███████▌  | 3/4 [00:03<00:01,  1.16s/it]
Importance scoring: 100%|██████████| 4/4 [00:04<00:00,  1.20s/it]
Importance scoring: 100%|██████████| 4/4 [00:04<00:00,  1.14s/it]

Prefill:   0%|          | 0/16 [00:00<?, ?it/s]
Prefill:  12%|█▎        | 2/16 [00:00<00:01, 13.57it/s]
Prefill:  25%|██▌       | 4/16 [00:00<00:01, 10.50it/s]
Prefill:  38%|███▊      | 6/16 [00:00<00:01,  9.43it/s]
Prefill:  44%|████▍     | 7/16 [00:00<00:00,  9.02it/s]
Prefill:  50%|█████     | 8/16 [00:00<00:00,  8.54it/s]
Prefill:  56%|█████▋    | 9/16 [00:01<00:00,  8.00it/s]
Prefill:  62%|██████▎   | 10/16 [00:01<00:00,  7.59it/s]
Prefill:  69%|██████▉   | 11/16 [00:01<00:00,  7.31it/s]
Prefill:  75%|███████▌  | 12/16 [00:01<00:00,  7.16it/s]
Prefill:  81%|████████▏ | 13/16 [00:01<00:00,  7.07it/s]
Prefill:  88%|████████▊ | 14/16 [00:01<00:00,  6.94it/s]
Prefill:  94%|█████████▍| 15/16 [00:01<00:00,  6.68it/s]
Prefill: 100%|██████████| 16/16 [00:02<00:00,  6.70it/s]
Prefill: 100%|██████████| 16/16 [00:02<00:00,  7.75it/s]

Importance scoring:   0%|          | 0/4 [00:00<?, ?it/s]
Importance scoring:  25%|██▌       | 1/4 [00:00<00:02,  1.35it/s]
Importance scoring:  50%|█████     | 2/4 [00:02<00:02,  1.06s/it]
Importance scoring:  75%|███████▌  | 3/4 [00:03<00:01,  1.17s/it]
Importance scoring: 100%|██████████| 4/4 [00:04<00:00,  1.20s/it]
Importance scoring: 100%|██████████| 4/4 [00:04<00:00,  1.14s/it]

Prefill:   0%|          | 0/16 [00:00<?, ?it/s]
Prefill:  12%|█▎        | 2/16 [00:00<00:01, 13.60it/s]
Prefill:  25%|██▌       | 4/16 [00:00<00:01, 10.53it/s]
Prefill:  38%|███▊      | 6/16 [00:00<00:01,  9.42it/s]
Prefill:  44%|████▍     | 7/16 [00:00<00:00,  9.03it/s]
Prefill:  50%|█████     | 8/16 [00:00<00:00,  8.52it/s]
Prefill:  56%|█████▋    | 9/16 [00:01<00:00,  7.99it/s]
Prefill:  62%|██████▎   | 10/16 [00:01<00:00,  7.53it/s]
Prefill:  69%|██████▉   | 11/16 [00:01<00:00,  7.27it/s]
Prefill:  75%|███████▌  | 12/16 [00:01<00:00,  7.16it/s]
Prefill:  81%|████████▏ | 13/16 [00:01<00:00,  7.07it/s]
Prefill:  88%|████████▊ | 14/16 [00:01<00:00,  6.93it/s]
Prefill:  94%|█████████▍| 15/16 [00:01<00:00,  6.69it/s]
Prefill: 100%|██████████| 16/16 [00:02<00:00,  6.69it/s]
Prefill: 100%|██████████| 16/16 [00:02<00:00,  7.74it/s]

Importance scoring:   0%|          | 0/4 [00:00<?, ?it/s]
Importance scoring:  25%|██▌       | 1/4 [00:00<00:02,  1.35it/s]
Importance scoring:  50%|█████     | 2/4 [00:02<00:02,  1.06s/it]
Importance scoring:  75%|███████▌  | 3/4 [00:03<00:01,  1.16s/it]
Importance scoring: 100%|██████████| 4/4 [00:04<00:00,  1.20s/it]
Importance scoring: 100%|██████████| 4/4 [00:04<00:00,  1.14s/it]

Prefill:   0%|          | 0/16 [00:00<?, ?it/s]
Prefill:  12%|█▎        | 2/16 [00:00<00:01, 13.56it/s]
Prefill:  25%|██▌       | 4/16 [00:00<00:01, 10.49it/s]
Prefill:  38%|███▊      | 6/16 [00:00<00:01,  9.45it/s]
Prefill:  44%|████▍     | 7/16 [00:00<00:00,  9.06it/s]
Prefill:  50%|█████     | 8/16 [00:00<00:00,  8.57it/s]
Prefill:  56%|█████▋    | 9/16 [00:01<00:00,  8.05it/s]
Prefill:  62%|██████▎   | 10/16 [00:01<00:00,  7.63it/s]
Prefill:  69%|██████▉   | 11/16 [00:01<00:00,  7.32it/s]
Prefill:  75%|███████▌  | 12/16 [00:01<00:00,  7.22it/s]
Prefill:  81%|████████▏ | 13/16 [00:01<00:00,  7.10it/s]
Prefill:  88%|████████▊ | 14/16 [00:01<00:00,  6.95it/s]
Prefill:  94%|█████████▍| 15/16 [00:01<00:00,  6.67it/s]
Prefill: 100%|██████████| 16/16 [00:02<00:00,  6.72it/s]
Prefill: 100%|██████████| 16/16 [00:02<00:00,  7.77it/s]

Importance scoring:   0%|          | 0/4 [00:00<?, ?it/s]
Importance scoring:  25%|██▌       | 1/4 [00:00<00:02,  1.35it/s]
Importance scoring:  50%|█████     | 2/4 [00:02<00:02,  1.06s/it]
Importance scoring:  75%|███████▌  | 3/4 [00:03<00:01,  1.16s/it]
Importance scoring: 100%|██████████| 4/4 [00:04<00:00,  1.20s/it]
Importance scoring: 100%|██████████| 4/4 [00:04<00:00,  1.14s/it]

Prefill:   0%|          | 0/16 [00:00<?, ?it/s]
Prefill:  12%|█▎        | 2/16 [00:00<00:01, 13.50it/s]
Prefill:  25%|██▌       | 4/16 [00:00<00:01, 10.43it/s]
Prefill:  38%|███▊      | 6/16 [00:00<00:01,  9.37it/s]
Prefill:  44%|████▍     | 7/16 [00:00<00:00,  9.00it/s]
Prefill:  50%|█████     | 8/16 [00:00<00:00,  8.53it/s]
Prefill:  56%|█████▋    | 9/16 [00:01<00:00,  7.97it/s]
Prefill:  62%|██████▎   | 10/16 [00:01<00:00,  7.56it/s]
Prefill:  69%|██████▉   | 11/16 [00:01<00:00,  7.29it/s]
Prefill:  75%|███████▌  | 12/16 [00:01<00:00,  7.16it/s]
Prefill:  81%|████████▏ | 13/16 [00:01<00:00,  7.03it/s]
Prefill:  88%|████████▊ | 14/16 [00:01<00:00,  6.90it/s]
Prefill:  94%|█████████▍| 15/16 [00:01<00:00,  6.64it/s]
Prefill: 100%|██████████| 16/16 [00:02<00:00,  6.66it/s]
Prefill: 100%|██████████| 16/16 [00:02<00:00,  7.71it/s]

Importance scoring:   0%|          | 0/4 [00:00<?, ?it/s]
Importance scoring:  25%|██▌       | 1/4 [00:00<00:02,  1.35it/s]
Importance scoring:  50%|█████     | 2/4 [00:02<00:02,  1.06s/it]
Importance scoring:  75%|███████▌  | 3/4 [00:03<00:01,  1.17s/it]
Importance scoring: 100%|██████████| 4/4 [00:04<00:00,  1.20s/it]
Importance scoring: 100%|██████████| 4/4 [00:04<00:00,  1.14s/it]

Prefill:   0%|          | 0/16 [00:00<?, ?it/s]
Prefill:  12%|█▎        | 2/16 [00:00<00:01, 13.57it/s]
Prefill:  25%|██▌       | 4/16 [00:00<00:01, 10.55it/s]
Prefill:  38%|███▊      | 6/16 [00:00<00:01,  9.47it/s]
Prefill:  44%|████▍     | 7/16 [00:00<00:00,  9.08it/s]
Prefill:  50%|█████     | 8/16 [00:00<00:00,  8.54it/s]
Prefill:  56%|█████▋    | 9/16 [00:01<00:00,  7.94it/s]
Prefill:  62%|██████▎   | 10/16 [00:01<00:00,  7.50it/s]
Prefill:  69%|██████▉   | 11/16 [00:01<00:00,  7.20it/s]
Prefill:  75%|███████▌  | 12/16 [00:01<00:00,  7.13it/s]
Prefill:  81%|████████▏ | 13/16 [00:01<00:00,  7.05it/s]
Prefill:  88%|████████▊ | 14/16 [00:01<00:00,  6.91it/s]
Prefill:  94%|█████████▍| 15/16 [00:01<00:00,  6.67it/s]
Prefill: 100%|██████████| 16/16 [00:02<00:00,  6.71it/s]
Prefill: 100%|██████████| 16/16 [00:02<00:00,  7.73it/s]

Importance scoring:   0%|          | 0/4 [00:00<?, ?it/s]
Importance scoring:  25%|██▌       | 1/4 [00:00<00:02,  1.34it/s]
Importance scoring:  50%|█████     | 2/4 [00:02<00:02,  1.06s/it]
Importance scoring:  75%|███████▌  | 3/4 [00:03<00:01,  1.17s/it]
Importance scoring: 100%|██████████| 4/4 [00:04<00:00,  1.20s/it]
Importance scoring: 100%|██████████| 4/4 [00:04<00:00,  1.14s/it]

Prefill:   0%|          | 0/16 [00:00<?, ?it/s]
Prefill:  12%|█▎        | 2/16 [00:00<00:01, 13.53it/s]
Prefill:  25%|██▌       | 4/16 [00:00<00:01, 10.41it/s]
Prefill:  38%|███▊      | 6/16 [00:00<00:01,  9.35it/s]
Prefill:  44%|████▍     | 7/16 [00:00<00:01,  8.97it/s]
Prefill:  50%|█████     | 8/16 [00:00<00:00,  8.48it/s]
Prefill:  56%|█████▋    | 9/16 [00:01<00:00,  7.94it/s]
Prefill:  62%|██████▎   | 10/16 [00:01<00:00,  7.53it/s]
Prefill:  69%|██████▉   | 11/16 [00:01<00:00,  7.29it/s]
Prefill:  75%|███████▌  | 12/16 [00:01<00:00,  7.16it/s]
Prefill:  81%|████████▏ | 13/16 [00:01<00:00,  7.01it/s]
Prefill:  88%|████████▊ | 14/16 [00:01<00:00,  6.89it/s]
Prefill:  94%|█████████▍| 15/16 [00:01<00:00,  6.64it/s]
Prefill: 100%|██████████| 16/16 [00:02<00:00,  6.66it/s]
Prefill: 100%|██████████| 16/16 [00:02<00:00,  7.70it/s]

Importance scoring:   0%|          | 0/4 [00:00<?, ?it/s]
Importance scoring:  25%|██▌       | 1/4 [00:00<00:02,  1.35it/s]
Importance scoring:  50%|█████     | 2/4 [00:02<00:02,  1.06s/it]
Importance scoring:  75%|███████▌  | 3/4 [00:03<00:01,  1.16s/it]
Importance scoring: 100%|██████████| 4/4 [00:04<00:00,  1.20s/it]
Importance scoring: 100%|██████████| 4/4 [00:04<00:00,  1.14s/it]

Prefill:   0%|          | 0/16 [00:00<?, ?it/s]
Prefill:  12%|█▎        | 2/16 [00:00<00:01, 13.33it/s]
Prefill:  25%|██▌       | 4/16 [00:00<00:01, 10.41it/s]
Prefill:  38%|███▊      | 6/16 [00:00<00:01,  9.36it/s]
Prefill:  44%|████▍     | 7/16 [00:00<00:01,  8.97it/s]
Prefill:  50%|█████     | 8/16 [00:00<00:00,  8.51it/s]
Prefill:  56%|█████▋    | 9/16 [00:01<00:00,  8.00it/s]
Prefill:  62%|██████▎   | 10/16 [00:01<00:00,  7.55it/s]
Prefill:  69%|██████▉   | 11/16 [00:01<00:00,  7.29it/s]
Prefill:  75%|███████▌  | 12/16 [00:01<00:00,  7.15it/s]
Prefill:  81%|████████▏ | 13/16 [00:01<00:00,  7.07it/s]
Prefill:  88%|████████▊ | 14/16 [00:01<00:00,  6.92it/s]
Prefill:  94%|█████████▍| 15/16 [00:01<00:00,  6.63it/s]
Prefill: 100%|██████████| 16/16 [00:02<00:00,  6.67it/s]
Prefill: 100%|██████████| 16/16 [00:02<00:00,  7.71it/s]

Importance scoring:   0%|          | 0/4 [00:00<?, ?it/s]
Importance scoring:  25%|██▌       | 1/4 [00:00<00:02,  1.35it/s]
Importance scoring:  50%|█████     | 2/4 [00:02<00:02,  1.06s/it]
Importance scoring:  75%|███████▌  | 3/4 [00:03<00:01,  1.17s/it]
Importance scoring: 100%|██████████| 4/4 [00:04<00:00,  1.20s/it]
Importance scoring: 100%|██████████| 4/4 [00:04<00:00,  1.14s/it]

Prefill:   0%|          | 0/16 [00:00<?, ?it/s]
Prefill:  12%|█▎        | 2/16 [00:00<00:01, 13.39it/s]
Prefill:  25%|██▌       | 4/16 [00:00<00:01, 10.48it/s]
Prefill:  38%|███▊      | 6/16 [00:00<00:01,  9.37it/s]
Prefill:  44%|████▍     | 7/16 [00:00<00:01,  8.99it/s]
Prefill:  50%|█████     | 8/16 [00:00<00:00,  8.44it/s]
Prefill:  56%|█████▋    | 9/16 [00:01<00:00,  7.91it/s]
Prefill:  62%|██████▎   | 10/16 [00:01<00:00,  7.47it/s]
Prefill:  69%|██████▉   | 11/16 [00:01<00:00,  7.16it/s]
Prefill:  75%|███████▌  | 12/16 [00:01<00:00,  7.06it/s]
Prefill:  81%|████████▏ | 13/16 [00:01<00:00,  7.00it/s]
Prefill:  88%|████████▊ | 14/16 [00:01<00:00,  6.88it/s]
Prefill:  94%|█████████▍| 15/16 [00:01<00:00,  6.69it/s]
Prefill: 100%|██████████| 16/16 [00:02<00:00,  6.73it/s]
Prefill: 100%|██████████| 16/16 [00:02<00:00,  7.70it/s]

Importance scoring:   0%|          | 0/4 [00:00<?, ?it/s]
Importance scoring:  25%|██▌       | 1/4 [00:00<00:02,  1.34it/s]
Importance scoring:  50%|█████     | 2/4 [00:02<00:02,  1.06s/it]
Importance scoring:  75%|███████▌  | 3/4 [00:03<00:01,  1.17s/it]
Importance scoring: 100%|██████████| 4/4 [00:04<00:00,  1.20s/it]
Importance scoring: 100%|██████████| 4/4 [00:04<00:00,  1.14s/it]

Prefill:   0%|          | 0/16 [00:00<?, ?it/s]
Prefill:  12%|█▎        | 2/16 [00:00<00:01, 13.44it/s]
Prefill:  25%|██▌       | 4/16 [00:00<00:01, 10.46it/s]
Prefill:  38%|███▊      | 6/16 [00:00<00:01,  9.39it/s]
Prefill:  44%|████▍     | 7/16 [00:00<00:00,  9.03it/s]
Prefill:  50%|█████     | 8/16 [00:00<00:00,  8.52it/s]
Prefill:  56%|█████▋    | 9/16 [00:01<00:00,  7.94it/s]
Prefill:  62%|██████▎   | 10/16 [00:01<00:00,  7.54it/s]
Prefill:  69%|██████▉   | 11/16 [00:01<00:00,  7.27it/s]
Prefill:  75%|███████▌  | 12/16 [00:01<00:00,  7.17it/s]
Prefill:  81%|████████▏ | 13/16 [00:01<00:00,  7.08it/s]
Prefill:  88%|████████▊ | 14/16 [00:01<00:00,  6.94it/s]
Prefill:  94%|█████████▍| 15/16 [00:01<00:00,  6.67it/s]
Prefill: 100%|██████████| 16/16 [00:02<00:00,  6.69it/s]
Prefill: 100%|██████████| 16/16 [00:02<00:00,  7.73it/s]

Importance scoring:   0%|          | 0/4 [00:00<?, ?it/s]
Importance scoring:  25%|██▌       | 1/4 [00:00<00:02,  1.35it/s]
Importance scoring:  50%|█████     | 2/4 [00:02<00:02,  1.06s/it]
Importance scoring:  75%|███████▌  | 3/4 [00:03<00:01,  1.17s/it]
Importance scoring: 100%|██████████| 4/4 [00:04<00:00,  1.20s/it]
Importance scoring: 100%|██████████| 4/4 [00:04<00:00,  1.14s/it]

Prefill:   0%|          | 0/16 [00:00<?, ?it/s]
Prefill:  12%|█▎        | 2/16 [00:00<00:01, 13.40it/s]
Prefill:  25%|██▌       | 4/16 [00:00<00:01, 10.43it/s]
Prefill:  38%|███▊      | 6/16 [00:00<00:01,  9.37it/s]
Prefill:  44%|████▍     | 7/16 [00:00<00:01,  9.00it/s]
Prefill:  50%|█████     | 8/16 [00:00<00:00,  8.50it/s]
Prefill:  56%|█████▋    | 9/16 [00:01<00:00,  8.01it/s]
Prefill:  62%|██████▎   | 10/16 [00:01<00:00,  7.60it/s]
Prefill:  69%|██████▉   | 11/16 [00:01<00:00,  7.30it/s]
Prefill:  75%|███████▌  | 12/16 [00:01<00:00,  7.19it/s]
Prefill:  81%|████████▏ | 13/16 [00:01<00:00,  7.09it/s]
Prefill:  88%|████████▊ | 14/16 [00:01<00:00,  6.95it/s]
Prefill:  94%|█████████▍| 15/16 [00:01<00:00,  6.67it/s]
Prefill: 100%|██████████| 16/16 [00:02<00:00,  6.71it/s]
Prefill: 100%|██████████| 16/16 [00:02<00:00,  7.74it/s]

Importance scoring:   0%|          | 0/4 [00:00<?, ?it/s]
Importance scoring:  25%|██▌       | 1/4 [00:00<00:02,  1.34it/s]
Importance scoring:  50%|█████     | 2/4 [00:02<00:02,  1.06s/it]
Importance scoring:  75%|███████▌  | 3/4 [00:03<00:01,  1.17s/it]
Importance scoring: 100%|██████████| 4/4 [00:04<00:00,  1.20s/it]
Importance scoring: 100%|██████████| 4/4 [00:04<00:00,  1.14s/it]

Prefill:   0%|          | 0/16 [00:00<?, ?it/s]
Prefill:  12%|█▎        | 2/16 [00:00<00:01, 13.30it/s]
Prefill:  25%|██▌       | 4/16 [00:00<00:01, 10.41it/s]
Prefill:  38%|███▊      | 6/16 [00:00<00:01,  9.39it/s]
Prefill:  44%|████▍     | 7/16 [00:00<00:00,  9.01it/s]
Prefill:  50%|█████     | 8/16 [00:00<00:00,  8.54it/s]
Prefill:  56%|█████▋    | 9/16 [00:01<00:00,  8.04it/s]
Prefill:  62%|██████▎   | 10/16 [00:01<00:00,  7.56it/s]
Prefill:  69%|██████▉   | 11/16 [00:01<00:00,  7.26it/s]
Prefill:  75%|███████▌  | 12/16 [00:01<00:00,  7.17it/s]
Prefill:  81%|████████▏ | 13/16 [00:01<00:00,  7.08it/s]
Prefill:  88%|████████▊ | 14/16 [00:01<00:00,  6.94it/s]
Prefill:  94%|█████████▍| 15/16 [00:01<00:00,  6.68it/s]
Prefill: 100%|██████████| 16/16 [00:02<00:00,  6.71it/s]
Prefill: 100%|██████████| 16/16 [00:02<00:00,  7.74it/s]

Importance scoring:   0%|          | 0/4 [00:00<?, ?it/s]
Importance scoring:  25%|██▌       | 1/4 [00:00<00:02,  1.35it/s]
Importance scoring:  50%|█████     | 2/4 [00:02<00:02,  1.06s/it]
Importance scoring:  75%|███████▌  | 3/4 [00:03<00:01,  1.16s/it]
Importance scoring: 100%|██████████| 4/4 [00:04<00:00,  1.20s/it]
Importance scoring: 100%|██████████| 4/4 [00:04<00:00,  1.14s/it]

Prefill:   0%|          | 0/16 [00:00<?, ?it/s]
Prefill:  12%|█▎        | 2/16 [00:00<00:01, 13.48it/s]
Prefill:  25%|██▌       | 4/16 [00:00<00:01, 10.45it/s]
Prefill:  38%|███▊      | 6/16 [00:00<00:01,  9.39it/s]
Prefill:  44%|████▍     | 7/16 [00:00<00:00,  9.02it/s]
Prefill:  50%|█████     | 8/16 [00:00<00:00,  8.51it/s]
Prefill:  56%|█████▋    | 9/16 [00:01<00:00,  8.00it/s]
Prefill:  62%|██████▎   | 10/16 [00:01<00:00,  7.61it/s]
Prefill:  69%|██████▉   | 11/16 [00:01<00:00,  7.33it/s]
Prefill:  75%|███████▌  | 12/16 [00:01<00:00,  7.22it/s]
Prefill:  81%|████████▏ | 13/16 [00:01<00:00,  7.10it/s]
Prefill:  88%|████████▊ | 14/16 [00:01<00:00,  6.94it/s]
Prefill:  94%|█████████▍| 15/16 [00:01<00:00,  6.67it/s]
Prefill: 100%|██████████| 16/16 [00:02<00:00,  6.68it/s]
Prefill: 100%|██████████| 16/16 [00:02<00:00,  7.74it/s]

Importance scoring:   0%|          | 0/4 [00:00<?, ?it/s]
Importance scoring:  25%|██▌       | 1/4 [00:00<00:02,  1.35it/s]
Importance scoring:  50%|█████     | 2/4 [00:02<00:02,  1.06s/it]
Importance scoring:  75%|███████▌  | 3/4 [00:03<00:01,  1.17s/it]
Importance scoring: 100%|██████████| 4/4 [00:04<00:00,  1.20s/it]
Importance scoring: 100%|██████████| 4/4 [00:04<00:00,  1.14s/it]

Prefill:   0%|          | 0/16 [00:00<?, ?it/s]
Prefill:  12%|█▎        | 2/16 [00:00<00:01, 13.55it/s]
Prefill:  25%|██▌       | 4/16 [00:00<00:01, 10.47it/s]
Prefill:  38%|███▊      | 6/16 [00:00<00:01,  9.38it/s]
Prefill:  44%|████▍     | 7/16 [00:00<00:01,  8.99it/s]
Prefill:  50%|█████     | 8/16 [00:00<00:00,  8.50it/s]
Prefill:  56%|█████▋    | 9/16 [00:01<00:00,  7.95it/s]
Prefill:  62%|██████▎   | 10/16 [00:01<00:00,  7.54it/s]
Prefill:  69%|██████▉   | 11/16 [00:01<00:00,  7.27it/s]
Prefill:  75%|███████▌  | 12/16 [00:01<00:00,  7.17it/s]
Prefill:  81%|████████▏ | 13/16 [00:01<00:00,  7.07it/s]
Prefill:  88%|████████▊ | 14/16 [00:01<00:00,  6.89it/s]
Prefill:  94%|█████████▍| 15/16 [00:01<00:00,  6.61it/s]
Prefill: 100%|██████████| 16/16 [00:02<00:00,  6.64it/s]
Prefill: 100%|██████████| 16/16 [00:02<00:00,  7.70it/s]

Importance scoring:   0%|          | 0/4 [00:00<?, ?it/s]
Importance scoring:  25%|██▌       | 1/4 [00:00<00:02,  1.35it/s]
Importance scoring:  50%|█████     | 2/4 [00:02<00:02,  1.06s/it]
Importance scoring:  75%|███████▌  | 3/4 [00:03<00:01,  1.17s/it]
Importance scoring: 100%|██████████| 4/4 [00:04<00:00,  1.20s/it]
Importance scoring: 100%|██████████| 4/4 [00:04<00:00,  1.14s/it]

Prefill:   0%|          | 0/16 [00:00<?, ?it/s]
Prefill:  12%|█▎        | 2/16 [00:00<00:01, 13.55it/s]
Prefill:  25%|██▌       | 4/16 [00:00<00:01, 10.45it/s]
Prefill:  38%|███▊      | 6/16 [00:00<00:01,  9.42it/s]
Prefill:  44%|████▍     | 7/16 [00:00<00:00,  9.03it/s]
Prefill:  50%|█████     | 8/16 [00:00<00:00,  8.55it/s]
Prefill:  56%|█████▋    | 9/16 [00:01<00:00,  8.03it/s]
Prefill:  62%|██████▎   | 10/16 [00:01<00:00,  7.62it/s]
Prefill:  69%|██████▉   | 11/16 [00:01<00:00,  7.32it/s]
Prefill:  75%|███████▌  | 12/16 [00:01<00:00,  7.21it/s]
Prefill:  81%|████████▏ | 13/16 [00:01<00:00,  7.09it/s]
Prefill:  88%|████████▊ | 14/16 [00:01<00:00,  6.95it/s]
Prefill:  94%|█████████▍| 15/16 [00:01<00:00,  6.69it/s]
Prefill: 100%|██████████| 16/16 [00:02<00:00,  6.71it/s]
Prefill: 100%|██████████| 16/16 [00:02<00:00,  7.76it/s]

Importance scoring:   0%|          | 0/4 [00:00<?, ?it/s]
Importance scoring:  25%|██▌       | 1/4 [00:00<00:02,  1.35it/s]
Importance scoring:  50%|█████     | 2/4 [00:02<00:02,  1.07s/it]
Importance scoring:  75%|███████▌  | 3/4 [00:03<00:01,  1.17s/it]
Importance scoring: 100%|██████████| 4/4 [00:04<00:00,  1.20s/it]
Importance scoring: 100%|██████████| 4/4 [00:04<00:00,  1.14s/it]

Prefill:   0%|          | 0/16 [00:00<?, ?it/s]
Prefill:  12%|█▎        | 2/16 [00:00<00:01, 13.72it/s]
Prefill:  25%|██▌       | 4/16 [00:00<00:01, 10.54it/s]
Prefill:  38%|███▊      | 6/16 [00:00<00:01,  9.45it/s]
Prefill:  44%|████▍     | 7/16 [00:00<00:00,  9.06it/s]
Prefill:  50%|█████     | 8/16 [00:00<00:00,  8.54it/s]
Prefill:  56%|█████▋    | 9/16 [00:01<00:00,  8.01it/s]
Prefill:  62%|██████▎   | 10/16 [00:01<00:00,  7.60it/s]
Prefill:  69%|██████▉   | 11/16 [00:01<00:00,  7.31it/s]
Prefill:  75%|███████▌  | 12/16 [00:01<00:00,  7.20it/s]
Prefill:  81%|████████▏ | 13/16 [00:01<00:00,  7.09it/s]
Prefill:  88%|████████▊ | 14/16 [00:01<00:00,  6.94it/s]
Prefill:  94%|█████████▍| 15/16 [00:01<00:00,  6.68it/s]
Prefill: 100%|██████████| 16/16 [00:02<00:00,  6.70it/s]
Prefill: 100%|██████████| 16/16 [00:02<00:00,  7.76it/s]

Importance scoring:   0%|          | 0/4 [00:00<?, ?it/s]
Importance scoring:  25%|██▌       | 1/4 [00:00<00:02,  1.35it/s]
Importance scoring:  50%|█████     | 2/4 [00:02<00:02,  1.06s/it]
Importance scoring:  75%|███████▌  | 3/4 [00:03<00:01,  1.16s/it]
Importance scoring: 100%|██████████| 4/4 [00:04<00:00,  1.21s/it]
Importance scoring: 100%|██████████| 4/4 [00:04<00:00,  1.15s/it]

Prefill:   0%|          | 0/16 [00:00<?, ?it/s]
Prefill:  12%|█▎        | 2/16 [00:00<00:01, 13.59it/s]
Prefill:  25%|██▌       | 4/16 [00:00<00:01, 10.48it/s]
Prefill:  38%|███▊      | 6/16 [00:00<00:01,  9.38it/s]
Prefill:  44%|████▍     | 7/16 [00:00<00:01,  8.97it/s]
Prefill:  50%|█████     | 8/16 [00:00<00:00,  8.53it/s]
Prefill:  56%|█████▋    | 9/16 [00:01<00:00,  7.99it/s]
Prefill:  62%|██████▎   | 10/16 [00:01<00:00,  7.57it/s]
Prefill:  69%|██████▉   | 11/16 [00:01<00:00,  7.29it/s]
Prefill:  75%|███████▌  | 12/16 [00:01<00:00,  7.17it/s]
Prefill:  81%|████████▏ | 13/16 [00:01<00:00,  7.06it/s]
Prefill:  88%|████████▊ | 14/16 [00:01<00:00,  6.90it/s]
Prefill:  94%|█████████▍| 15/16 [00:01<00:00,  6.63it/s]
Prefill: 100%|██████████| 16/16 [00:02<00:00,  6.67it/s]
Prefill: 100%|██████████| 16/16 [00:02<00:00,  7.72it/s]

Importance scoring:   0%|          | 0/4 [00:00<?, ?it/s]
Importance scoring:  25%|██▌       | 1/4 [00:00<00:02,  1.35it/s]
Importance scoring:  50%|█████     | 2/4 [00:02<00:02,  1.07s/it]
Importance scoring:  75%|███████▌  | 3/4 [00:03<00:01,  1.17s/it]
Importance scoring: 100%|██████████| 4/4 [00:04<00:00,  1.21s/it]
Importance scoring: 100%|██████████| 4/4 [00:04<00:00,  1.15s/it]

Prefill:   0%|          | 0/16 [00:00<?, ?it/s]
Prefill:  12%|█▎        | 2/16 [00:00<00:01, 13.46it/s]
Prefill:  25%|██▌       | 4/16 [00:00<00:01, 10.43it/s]
Prefill:  38%|███▊      | 6/16 [00:00<00:01,  9.36it/s]
Prefill:  44%|████▍     | 7/16 [00:00<00:01,  8.98it/s]
Prefill:  50%|█████     | 8/16 [00:00<00:00,  8.50it/s]
Prefill:  56%|█████▋    | 9/16 [00:01<00:00,  7.97it/s]
Prefill:  62%|██████▎   | 10/16 [00:01<00:00,  7.56it/s]
Prefill:  69%|██████▉   | 11/16 [00:01<00:00,  7.30it/s]
Prefill:  75%|███████▌  | 12/16 [00:01<00:00,  7.17it/s]
Prefill:  81%|████████▏ | 13/16 [00:01<00:00,  7.06it/s]
Prefill:  88%|████████▊ | 14/16 [00:01<00:00,  6.92it/s]
Prefill:  94%|█████████▍| 15/16 [00:01<00:00,  6.64it/s]
Prefill: 100%|██████████| 16/16 [00:02<00:00,  6.70it/s]
Prefill: 100%|██████████| 16/16 [00:02<00:00,  7.72it/s]

Importance scoring:   0%|          | 0/4 [00:00<?, ?it/s]
Importance scoring:  25%|██▌       | 1/4 [00:00<00:02,  1.35it/s]
Importance scoring:  50%|█████     | 2/4 [00:02<00:02,  1.06s/it]
Importance scoring:  75%|███████▌  | 3/4 [00:03<00:01,  1.16s/it]
Importance scoring: 100%|██████████| 4/4 [00:04<00:00,  1.21s/it]
Importance scoring: 100%|██████████| 4/4 [00:04<00:00,  1.15s/it]

Prefill:   0%|          | 0/16 [00:00<?, ?it/s]
Prefill:  12%|█▎        | 2/16 [00:00<00:01, 13.39it/s]
Prefill:  25%|██▌       | 4/16 [00:00<00:01, 10.36it/s]
Prefill:  38%|███▊      | 6/16 [00:00<00:01,  9.32it/s]
Prefill:  44%|████▍     | 7/16 [00:00<00:01,  8.94it/s]
Prefill:  50%|█████     | 8/16 [00:00<00:00,  8.42it/s]
Prefill:  56%|█████▋    | 9/16 [00:01<00:00,  7.82it/s]
Prefill:  62%|██████▎   | 10/16 [00:01<00:00,  7.42it/s]
Prefill:  69%|██████▉   | 11/16 [00:01<00:00,  7.13it/s]
Prefill:  75%|███████▌  | 12/16 [00:01<00:00,  7.06it/s]
Prefill:  81%|████████▏ | 13/16 [00:01<00:00,  6.99it/s]
Prefill:  88%|████████▊ | 14/16 [00:01<00:00,  6.82it/s]
Prefill:  94%|█████████▍| 15/16 [00:01<00:00,  6.54it/s]
Prefill: 100%|██████████| 16/16 [00:02<00:00,  6.58it/s]
Prefill: 100%|██████████| 16/16 [00:02<00:00,  7.61it/s]

Importance scoring:   0%|          | 0/4 [00:00<?, ?it/s]
Importance scoring:  25%|██▌       | 1/4 [00:00<00:02,  1.34it/s]
Importance scoring:  50%|█████     | 2/4 [00:02<00:02,  1.07s/it]
Importance scoring:  75%|███████▌  | 3/4 [00:03<00:01,  1.17s/it]
Importance scoring: 100%|██████████| 4/4 [00:04<00:00,  1.21s/it]
Importance scoring: 100%|██████████| 4/4 [00:04<00:00,  1.15s/it]

Prefill:   0%|          | 0/16 [00:00<?, ?it/s]
Prefill:  12%|█▎        | 2/16 [00:00<00:01, 13.41it/s]
Prefill:  25%|██▌       | 4/16 [00:00<00:01, 10.40it/s]
Prefill:  38%|███▊      | 6/16 [00:00<00:01,  9.39it/s]
Prefill:  44%|████▍     | 7/16 [00:00<00:00,  9.00it/s]
Prefill:  50%|█████     | 8/16 [00:00<00:00,  8.51it/s]
Prefill:  56%|█████▋    | 9/16 [00:01<00:00,  7.94it/s]
Prefill:  62%|██████▎   | 10/16 [00:01<00:00,  7.53it/s]
Prefill:  69%|██████▉   | 11/16 [00:01<00:00,  7.19it/s]
Prefill:  75%|███████▌  | 12/16 [00:01<00:00,  7.06it/s]
Prefill:  81%|████████▏ | 13/16 [00:01<00:00,  6.96it/s]
Prefill:  88%|████████▊ | 14/16 [00:01<00:00,  6.84it/s]
Prefill:  94%|█████████▍| 15/16 [00:01<00:00,  6.60it/s]
Prefill: 100%|██████████| 16/16 [00:02<00:00,  6.64it/s]
Prefill: 100%|██████████| 16/16 [00:02<00:00,  7.67it/s]

Importance scoring:   0%|          | 0/4 [00:00<?, ?it/s]
Importance scoring:  25%|██▌       | 1/4 [00:00<00:02,  1.35it/s]
Importance scoring:  50%|█████     | 2/4 [00:02<00:02,  1.06s/it]
Importance scoring:  75%|███████▌  | 3/4 [00:03<00:01,  1.17s/it]
Importance scoring: 100%|██████████| 4/4 [00:04<00:00,  1.21s/it]
Importance scoring: 100%|██████████| 4/4 [00:04<00:00,  1.15s/it]

Prefill:   0%|          | 0/16 [00:00<?, ?it/s]
Prefill:  12%|█▎        | 2/16 [00:00<00:01, 13.53it/s]
Prefill:  25%|██▌       | 4/16 [00:00<00:01, 10.43it/s]
Prefill:  38%|███▊      | 6/16 [00:00<00:01,  9.39it/s]
Prefill:  44%|████▍     | 7/16 [00:00<00:00,  9.01it/s]
Prefill:  50%|█████     | 8/16 [00:00<00:00,  8.54it/s]
Prefill:  56%|█████▋    | 9/16 [00:01<00:00,  7.99it/s]
Prefill:  62%|██████▎   | 10/16 [00:01<00:00,  7.55it/s]
Prefill:  69%|██████▉   | 11/16 [00:01<00:00,  7.26it/s]
Prefill:  75%|███████▌  | 12/16 [00:01<00:00,  7.15it/s]
Prefill:  81%|████████▏ | 13/16 [00:01<00:00,  7.07it/s]
Prefill:  88%|████████▊ | 14/16 [00:01<00:00,  6.89it/s]
Prefill:  94%|█████████▍| 15/16 [00:01<00:00,  6.65it/s]
Prefill: 100%|██████████| 16/16 [00:02<00:00,  6.68it/s]
Prefill: 100%|██████████| 16/16 [00:02<00:00,  7.72it/s]

Importance scoring:   0%|          | 0/4 [00:00<?, ?it/s]
Importance scoring:  25%|██▌       | 1/4 [00:00<00:02,  1.35it/s]
Importance scoring:  50%|█████     | 2/4 [00:02<00:02,  1.06s/it]
Importance scoring:  75%|███████▌  | 3/4 [00:03<00:01,  1.16s/it]
Importance scoring: 100%|██████████| 4/4 [00:04<00:00,  1.21s/it]
Importance scoring: 100%|██████████| 4/4 [00:04<00:00,  1.15s/it]


=== LLAMA3.2-3B START Thu May 28 04:23:07 UTC 2026 ===
GPU total ~23.7GB | model=llama3.2-3b level=per_head chunk=512 recent_window=64 head_ratio_target=0.5
grid: ctx=[500, 2000, 8000] depths=[0, 10, 20, 30, 40, 50, 60, 70, 80, 90, 100] ratios=[0.0, 0.2, 0.4, 0.6, 0.8, 1.0] methods=['kvzip', 'ours', 'ours_predict_next', 'ours_combine'] -> 792 cells
Replace llama attention with KVzip

Load meta-llama/Llama-3.2-3B-Instruct with torch.bfloat16
KV type: evict
env: NVIDIA L4 23.659GB | KV 0.11469 GB/1k tok | torch 2.6.0+cu124
insertion at 0
================================================================================ 
[ctx_len=500 depth=0% q=0.0 true_len=498]
chunk inputs, size: 512 (num 2)
ratio 0.00 (pair), 0.0 GB (evict 111552 pairs)
  r=0.0 kvzip            peak= 6.653GB acc=0.00 hr=0.0 fb=None segs=None
ratio 0.00 (pair), 0.0 GB (evict 14336 pairs)
  r=0.0 ours             peak= 6.676GB acc=0.00 hr=0.0 fb=64 segs=0
ratio 0.00 (pair), 0.0 GB (evict 14336 pairs)
  r=0.0 ours_predict_next peak= 6.676GB acc=0.00 hr=0.0 fb=64 segs=0
ratio 0.00 (pair), 0.0 GB (evict 14336 pairs)
  r=0.0 ours_combine     peak= 6.676GB acc=0.00 hr=0.0 fb=64 segs=0
chunk inputs, size: 512 (num 2)
ratio 0.20 (pair), 0.0 GB (evict 89279 pairs)
  r=0.2 kvzip            peak= 6.653GB acc=1.00 hr=0.2 fb=None segs=None
ratio 0.50 (pair), 0.0 GB (evict 22297 pairs)
  r=0.2 ours             peak= 6.676GB acc=1.00 hr=0.5 fb=199 segs=0
ratio 0.50 (pair), 0.0 GB (evict 22304 pairs)
  r=0.2 ours_predict_next peak= 6.676GB acc=1.00 hr=0.5 fb=199 segs=0
ratio 0.50 (pair), 0.0 GB (evict 22321 pairs)
  r=0.2 ours_combine     peak= 6.676GB acc=1.00 hr=0.5 fb=199 segs=0
chunk inputs, size: 512 (num 2)
ratio 0.40 (pair), 0.0 GB (evict 66995 pairs)
  r=0.4 kvzip            peak= 6.653GB acc=1.00 hr=0.4 fb=None segs=None
ratio 0.50 (pair), 0.0 GB (evict 44624 pairs)
  r=0.4 ours             peak= 6.676GB acc=1.00 hr=0.5 fb=398 segs=0
ratio 0.50 (pair), 0.0 GB (evict 44660 pairs)
  r=0.4 ours_predict_next peak= 6.676GB acc=1.00 hr=0.5 fb=398 segs=0
ratio 0.50 (pair), 0.0 GB (evict 44610 pairs)
  r=0.4 ours_combine     peak= 6.676GB acc=1.00 hr=0.5 fb=398 segs=0
chunk inputs, size: 512 (num 2)
ratio 0.60 (pair), 0.0 GB (evict 44636 pairs)
  r=0.6 kvzip            peak= 6.653GB acc=1.00 hr=0.6 fb=None segs=None
ratio 0.60 (pair), 0.0 GB (evict 44638 pairs)
  r=0.6 ours             peak= 6.676GB acc=1.00 hr=0.6 fb=498 segs=0
ratio 0.60 (pair), 0.0 GB (evict 44638 pairs)
  r=0.6 ours_predict_next peak= 6.676GB acc=1.00 hr=0.6 fb=498 segs=0
ratio 0.60 (pair), 0.0 GB (evict 44638 pairs)
  r=0.6 ours_combine     peak= 6.676GB acc=1.00 hr=0.6 fb=498 segs=0
chunk inputs, size: 512 (num 2)
ratio 0.80 (pair), 0.0 GB (evict 22373 pairs)
  r=0.8 kvzip            peak= 6.653GB acc=1.00 hr=0.8 fb=None segs=None
ratio 0.80 (pair), 0.0 GB (evict 22385 pairs)
  r=0.8 ours             peak= 6.676GB acc=1.00 hr=0.8 fb=498 segs=0
ratio 0.80 (pair), 0.0 GB (evict 22385 pairs)
  r=0.8 ours_predict_next peak= 6.676GB acc=1.00 hr=0.8 fb=498 segs=0
ratio 0.80 (pair), 0.0 GB (evict 22385 pairs)
  r=0.8 ours_combine     peak= 6.676GB acc=1.00 hr=0.8 fb=498 segs=0
chunk inputs, size: 512 (num 2)
ratio 1.00 (pair), 0.1 GB (evict 0 pairs)
  r=1.0 kvzip            peak= 6.653GB acc=1.00 hr=1.0 fb=None segs=None
ratio 1.00 (pair), 0.1 GB (evict 0 pairs)
  r=1.0 ours             peak= 6.676GB acc=1.00 hr=1.0 fb=498 segs=0
ratio 1.00 (pair), 0.1 GB (evict 0 pairs)
  r=1.0 ours_predict_next peak= 6.676GB acc=1.00 hr=1.0 fb=498 segs=0
ratio 1.00 (pair), 0.1 GB (evict 0 pairs)
  r=1.0 ours_combine     peak= 6.676GB acc=1.00 hr=1.0 fb=498 segs=0
insertion at 46
================================================================================ 
[ctx_len=500 depth=10% q=0.1 true_len=498]
chunk inputs, size: 512 (num 2)
ratio 0.00 (pair), 0.0 GB (evict 111552 pairs)
  r=0.0 kvzip            peak= 6.653GB acc=0.00 hr=0.0 fb=None segs=None
ratio 0.00 (pair), 0.0 GB (evict 14336 pairs)
  r=0.0 ours             peak= 6.676GB acc=0.00 hr=0.0 fb=64 segs=0
ratio 0.00 (pair), 0.0 GB (evict 14336 pairs)
  r=0.0 ours_predict_next peak= 6.676GB acc=0.00 hr=0.0 fb=64 segs=0
ratio 0.00 (pair), 0.0 GB (evict 14336 pairs)
  r=0.0 ours_combine     peak= 6.676GB acc=0.00 hr=0.0 fb=64 segs=0
chunk inputs, size: 512 (num 2)
ratio 0.20 (pair), 0.0 GB (evict 89295 pairs)
  r=0.2 kvzip            peak= 6.653GB acc=1.00 hr=0.2 fb=None segs=None
ratio 0.50 (pair), 0.0 GB (evict 22293 pairs)
  r=0.2 ours             peak= 6.676GB acc=1.00 hr=0.5 fb=199 segs=0
ratio 0.50 (pair), 0.0 GB (evict 22316 pairs)
  r=0.2 ours_predict_next peak= 6.676GB acc=1.00 hr=0.5 fb=199 segs=0
ratio 0.50 (pair), 0.0 GB (evict 22323 pairs)
  r=0.2 ours_combine     peak= 6.676GB acc=1.00 hr=0.5 fb=199 segs=0
chunk inputs, size: 512 (num 2)
ratio 0.40 (pair), 0.0 GB (evict 66961 pairs)
  r=0.4 kvzip            peak= 6.653GB acc=1.00 hr=0.4 fb=None segs=None
ratio 0.50 (pair), 0.0 GB (evict 44578 pairs)
  r=0.4 ours             peak= 6.676GB acc=1.00 hr=0.5 fb=398 segs=0
ratio 0.50 (pair), 0.0 GB (evict 44617 pairs)
  r=0.4 ours_predict_next peak= 6.676GB acc=1.00 hr=0.5 fb=398 segs=0
ratio 0.50 (pair), 0.0 GB (evict 44640 pairs)
  r=0.4 ours_combine     peak= 6.676GB acc=1.00 hr=0.5 fb=398 segs=0
chunk inputs, size: 512 (num 2)
ratio 0.60 (pair), 0.0 GB (evict 44724 pairs)
  r=0.6 kvzip            peak= 6.653GB acc=1.00 hr=0.6 fb=None segs=None
ratio 0.60 (pair), 0.0 GB (evict 44709 pairs)
  r=0.6 ours             peak= 6.676GB acc=1.00 hr=0.6 fb=498 segs=0
ratio 0.60 (pair), 0.0 GB (evict 44709 pairs)
  r=0.6 ours_predict_next peak= 6.676GB acc=1.00 hr=0.6 fb=498 segs=0
ratio 0.60 (pair), 0.0 GB (evict 44709 pairs)
  r=0.6 ours_combine     peak= 6.676GB acc=1.00 hr=0.6 fb=498 segs=0
chunk inputs, size: 512 (num 2)
ratio 0.80 (pair), 0.0 GB (evict 22392 pairs)
  r=0.8 kvzip            peak= 6.653GB acc=1.00 hr=0.8 fb=None segs=None
ratio 0.80 (pair), 0.0 GB (evict 22383 pairs)
  r=0.8 ours             peak= 6.676GB acc=1.00 hr=0.8 fb=498 segs=0
ratio 0.80 (pair), 0.0 GB (evict 22383 pairs)
  r=0.8 ours_predict_next peak= 6.676GB acc=1.00 hr=0.8 fb=498 segs=0
ratio 0.80 (pair), 0.0 GB (evict 22383 pairs)
  r=0.8 ours_combine     peak= 6.676GB acc=1.00 hr=0.8 fb=498 segs=0
chunk inputs, size: 512 (num 2)
ratio 1.00 (pair), 0.1 GB (evict 0 pairs)
  r=1.0 kvzip            peak= 6.653GB acc=1.00 hr=1.0 fb=None segs=None
ratio 1.00 (pair), 0.1 GB (evict 0 pairs)
  r=1.0 ours             peak= 6.676GB acc=1.00 hr=1.0 fb=498 segs=0
ratio 1.00 (pair), 0.1 GB (evict 0 pairs)
  r=1.0 ours_predict_next peak= 6.676GB acc=1.00 hr=1.0 fb=498 segs=0
ratio 1.00 (pair), 0.1 GB (evict 0 pairs)
  r=1.0 ours_combine     peak= 6.676GB acc=1.00 hr=1.0 fb=498 segs=0
insertion at 46
================================================================================ 
[ctx_len=500 depth=20% q=0.2 true_len=498]
chunk inputs, size: 512 (num 2)
ratio 0.00 (pair), 0.0 GB (evict 111552 pairs)
  r=0.0 kvzip            peak= 6.653GB acc=0.00 hr=0.0 fb=None segs=None
ratio 0.00 (pair), 0.0 GB (evict 14336 pairs)
  r=0.0 ours             peak= 6.676GB acc=0.00 hr=0.0 fb=64 segs=0
ratio 0.00 (pair), 0.0 GB (evict 14336 pairs)
  r=0.0 ours_predict_next peak= 6.676GB acc=0.00 hr=0.0 fb=64 segs=0
ratio 0.00 (pair), 0.0 GB (evict 14336 pairs)
  r=0.0 ours_combine     peak= 6.676GB acc=0.00 hr=0.0 fb=64 segs=0
chunk inputs, size: 512 (num 2)
ratio 0.20 (pair), 0.0 GB (evict 89295 pairs)
  r=0.2 kvzip            peak= 6.653GB acc=1.00 hr=0.2 fb=None segs=None
ratio 0.50 (pair), 0.0 GB (evict 22293 pairs)
  r=0.2 ours             peak= 6.676GB acc=1.00 hr=0.5 fb=199 segs=0
ratio 0.50 (pair), 0.0 GB (evict 22316 pairs)
  r=0.2 ours_predict_next peak= 6.676GB acc=1.00 hr=0.5 fb=199 segs=0
ratio 0.50 (pair), 0.0 GB (evict 22323 pairs)
  r=0.2 ours_combine     peak= 6.676GB acc=1.00 hr=0.5 fb=199 segs=0
chunk inputs, size: 512 (num 2)
ratio 0.40 (pair), 0.0 GB (evict 66961 pairs)
  r=0.4 kvzip            peak= 6.653GB acc=1.00 hr=0.4 fb=None segs=None
ratio 0.50 (pair), 0.0 GB (evict 44578 pairs)
  r=0.4 ours             peak= 6.676GB acc=1.00 hr=0.5 fb=398 segs=0
ratio 0.50 (pair), 0.0 GB (evict 44617 pairs)
  r=0.4 ours_predict_next peak= 6.676GB acc=1.00 hr=0.5 fb=398 segs=0
ratio 0.50 (pair), 0.0 GB (evict 44640 pairs)
  r=0.4 ours_combine     peak= 6.676GB acc=1.00 hr=0.5 fb=398 segs=0
chunk inputs, size: 512 (num 2)
ratio 0.60 (pair), 0.0 GB (evict 44724 pairs)
  r=0.6 kvzip            peak= 6.653GB acc=1.00 hr=0.6 fb=None segs=None
ratio 0.60 (pair), 0.0 GB (evict 44709 pairs)
  r=0.6 ours             peak= 6.676GB acc=1.00 hr=0.6 fb=498 segs=0
ratio 0.60 (pair), 0.0 GB (evict 44709 pairs)
  r=0.6 ours_predict_next peak= 6.676GB acc=1.00 hr=0.6 fb=498 segs=0
ratio 0.60 (pair), 0.0 GB (evict 44709 pairs)
  r=0.6 ours_combine     peak= 6.676GB acc=1.00 hr=0.6 fb=498 segs=0
chunk inputs, size: 512 (num 2)
ratio 0.80 (pair), 0.0 GB (evict 22392 pairs)
  r=0.8 kvzip            peak= 6.653GB acc=1.00 hr=0.8 fb=None segs=None
ratio 0.80 (pair), 0.0 GB (evict 22383 pairs)
  r=0.8 ours             peak= 6.676GB acc=1.00 hr=0.8 fb=498 segs=0
ratio 0.80 (pair), 0.0 GB (evict 22383 pairs)
  r=0.8 ours_predict_next peak= 6.676GB acc=1.00 hr=0.8 fb=498 segs=0
ratio 0.80 (pair), 0.0 GB (evict 22383 pairs)
  r=0.8 ours_combine     peak= 6.676GB acc=1.00 hr=0.8 fb=498 segs=0
chunk inputs, size: 512 (num 2)
ratio 1.00 (pair), 0.1 GB (evict 0 pairs)
  r=1.0 kvzip            peak= 6.653GB acc=1.00 hr=1.0 fb=None segs=None
ratio 1.00 (pair), 0.1 GB (evict 0 pairs)
  r=1.0 ours             peak= 6.676GB acc=1.00 hr=1.0 fb=498 segs=0
ratio 1.00 (pair), 0.1 GB (evict 0 pairs)
  r=1.0 ours_predict_next peak= 6.676GB acc=1.00 hr=1.0 fb=498 segs=0
ratio 1.00 (pair), 0.1 GB (evict 0 pairs)
  r=1.0 ours_combine     peak= 6.676GB acc=1.00 hr=1.0 fb=498 segs=0
insertion at 135
================================================================================ 
[ctx_len=500 depth=30% q=0.3 true_len=498]
chunk inputs, size: 512 (num 2)
ratio 0.00 (pair), 0.0 GB (evict 111552 pairs)
  r=0.0 kvzip            peak= 6.653GB acc=0.00 hr=0.0 fb=None segs=None
ratio 0.00 (pair), 0.0 GB (evict 14336 pairs)
  r=0.0 ours             peak= 6.676GB acc=0.00 hr=0.0 fb=64 segs=0
ratio 0.00 (pair), 0.0 GB (evict 14336 pairs)
  r=0.0 ours_predict_next peak= 6.676GB acc=0.00 hr=0.0 fb=64 segs=0
ratio 0.00 (pair), 0.0 GB (evict 14336 pairs)
  r=0.0 ours_combine     peak= 6.676GB acc=0.00 hr=0.0 fb=64 segs=0
chunk inputs, size: 512 (num 2)
ratio 0.20 (pair), 0.0 GB (evict 89298 pairs)
  r=0.2 kvzip            peak= 6.653GB acc=1.00 hr=0.2 fb=None segs=None
ratio 0.50 (pair), 0.0 GB (evict 22302 pairs)
  r=0.2 ours             peak= 6.676GB acc=1.00 hr=0.5 fb=199 segs=0
ratio 0.50 (pair), 0.0 GB (evict 22309 pairs)
  r=0.2 ours_predict_next peak= 6.676GB acc=1.00 hr=0.5 fb=199 segs=0
ratio 0.50 (pair), 0.0 GB (evict 22300 pairs)
  r=0.2 ours_combine     peak= 6.676GB acc=1.00 hr=0.5 fb=199 segs=0
chunk inputs, size: 512 (num 2)
ratio 0.40 (pair), 0.0 GB (evict 66956 pairs)
  r=0.4 kvzip            peak= 6.653GB acc=1.00 hr=0.4 fb=None segs=None
ratio 0.50 (pair), 0.0 GB (evict 44661 pairs)
  r=0.4 ours             peak= 6.676GB acc=1.00 hr=0.5 fb=398 segs=0
ratio 0.50 (pair), 0.0 GB (evict 44596 pairs)
  r=0.4 ours_predict_next peak= 6.676GB acc=1.00 hr=0.5 fb=398 segs=0
ratio 0.50 (pair), 0.0 GB (evict 44624 pairs)
  r=0.4 ours_combine     peak= 6.676GB acc=1.00 hr=0.5 fb=398 segs=0
chunk inputs, size: 512 (num 2)
ratio 0.60 (pair), 0.0 GB (evict 44652 pairs)
  r=0.6 kvzip            peak= 6.653GB acc=1.00 hr=0.6 fb=None segs=None
ratio 0.60 (pair), 0.0 GB (evict 44679 pairs)
  r=0.6 ours             peak= 6.676GB acc=1.00 hr=0.6 fb=498 segs=0
ratio 0.60 (pair), 0.0 GB (evict 44679 pairs)
  r=0.6 ours_predict_next peak= 6.676GB acc=1.00 hr=0.6 fb=498 segs=0
ratio 0.60 (pair), 0.0 GB (evict 44679 pairs)
  r=0.6 ours_combine     peak= 6.676GB acc=1.00 hr=0.6 fb=498 segs=0
chunk inputs, size: 512 (num 2)
ratio 0.80 (pair), 0.0 GB (evict 22377 pairs)
  r=0.8 kvzip            peak= 6.653GB acc=1.00 hr=0.8 fb=None segs=None
ratio 0.80 (pair), 0.0 GB (evict 22359 pairs)
  r=0.8 ours             peak= 6.676GB acc=1.00 hr=0.8 fb=498 segs=0
ratio 0.80 (pair), 0.0 GB (evict 22359 pairs)
  r=0.8 ours_predict_next peak= 6.676GB acc=1.00 hr=0.8 fb=498 segs=0
ratio 0.80 (pair), 0.0 GB (evict 22359 pairs)
  r=0.8 ours_combine     peak= 6.676GB acc=1.00 hr=0.8 fb=498 segs=0
chunk inputs, size: 512 (num 2)
ratio 1.00 (pair), 0.1 GB (evict 0 pairs)
  r=1.0 kvzip            peak= 6.653GB acc=1.00 hr=1.0 fb=None segs=None
ratio 1.00 (pair), 0.1 GB (evict 0 pairs)
  r=1.0 ours             peak= 6.676GB acc=1.00 hr=1.0 fb=498 segs=0
ratio 1.00 (pair), 0.1 GB (evict 0 pairs)
  r=1.0 ours_predict_next peak= 6.676GB acc=1.00 hr=1.0 fb=498 segs=0
ratio 1.00 (pair), 0.1 GB (evict 0 pairs)
  r=1.0 ours_combine     peak= 6.676GB acc=1.00 hr=1.0 fb=498 segs=0
insertion at 135
================================================================================ 
[ctx_len=500 depth=40% q=0.4 true_len=498]
chunk inputs, size: 512 (num 2)
ratio 0.00 (pair), 0.0 GB (evict 111552 pairs)
  r=0.0 kvzip            peak= 6.653GB acc=0.00 hr=0.0 fb=None segs=None
ratio 0.00 (pair), 0.0 GB (evict 14336 pairs)
  r=0.0 ours             peak= 6.676GB acc=0.00 hr=0.0 fb=64 segs=0
ratio 0.00 (pair), 0.0 GB (evict 14336 pairs)
  r=0.0 ours_predict_next peak= 6.676GB acc=0.00 hr=0.0 fb=64 segs=0
ratio 0.00 (pair), 0.0 GB (evict 14336 pairs)
  r=0.0 ours_combine     peak= 6.676GB acc=0.00 hr=0.0 fb=64 segs=0
chunk inputs, size: 512 (num 2)
ratio 0.20 (pair), 0.0 GB (evict 89298 pairs)
  r=0.2 kvzip            peak= 6.653GB acc=1.00 hr=0.2 fb=None segs=None
ratio 0.50 (pair), 0.0 GB (evict 22302 pairs)
  r=0.2 ours             peak= 6.676GB acc=1.00 hr=0.5 fb=199 segs=0
ratio 0.50 (pair), 0.0 GB (evict 22309 pairs)
  r=0.2 ours_predict_next peak= 6.676GB acc=1.00 hr=0.5 fb=199 segs=0
ratio 0.50 (pair), 0.0 GB (evict 22300 pairs)
  r=0.2 ours_combine     peak= 6.676GB acc=1.00 hr=0.5 fb=199 segs=0
chunk inputs, size: 512 (num 2)
ratio 0.40 (pair), 0.0 GB (evict 66956 pairs)
  r=0.4 kvzip            peak= 6.653GB acc=1.00 hr=0.4 fb=None segs=None
ratio 0.50 (pair), 0.0 GB (evict 44661 pairs)
  r=0.4 ours             peak= 6.676GB acc=1.00 hr=0.5 fb=398 segs=0
ratio 0.50 (pair), 0.0 GB (evict 44596 pairs)
  r=0.4 ours_predict_next peak= 6.676GB acc=1.00 hr=0.5 fb=398 segs=0
ratio 0.50 (pair), 0.0 GB (evict 44624 pairs)
  r=0.4 ours_combine     peak= 6.676GB acc=1.00 hr=0.5 fb=398 segs=0
chunk inputs, size: 512 (num 2)
ratio 0.60 (pair), 0.0 GB (evict 44652 pairs)
  r=0.6 kvzip            peak= 6.653GB acc=1.00 hr=0.6 fb=None segs=None
ratio 0.60 (pair), 0.0 GB (evict 44679 pairs)
  r=0.6 ours             peak= 6.676GB acc=1.00 hr=0.6 fb=498 segs=0
ratio 0.60 (pair), 0.0 GB (evict 44679 pairs)
  r=0.6 ours_predict_next peak= 6.676GB acc=1.00 hr=0.6 fb=498 segs=0
ratio 0.60 (pair), 0.0 GB (evict 44679 pairs)
  r=0.6 ours_combine     peak= 6.676GB acc=1.00 hr=0.6 fb=498 segs=0
chunk inputs, size: 512 (num 2)
ratio 0.80 (pair), 0.0 GB (evict 22377 pairs)
  r=0.8 kvzip            peak= 6.653GB acc=1.00 hr=0.8 fb=None segs=None
ratio 0.80 (pair), 0.0 GB (evict 22359 pairs)
  r=0.8 ours             peak= 6.676GB acc=1.00 hr=0.8 fb=498 segs=0
ratio 0.80 (pair), 0.0 GB (evict 22359 pairs)
  r=0.8 ours_predict_next peak= 6.676GB acc=1.00 hr=0.8 fb=498 segs=0
ratio 0.80 (pair), 0.0 GB (evict 22359 pairs)
  r=0.8 ours_combine     peak= 6.676GB acc=1.00 hr=0.8 fb=498 segs=0
chunk inputs, size: 512 (num 2)
ratio 1.00 (pair), 0.1 GB (evict 0 pairs)
  r=1.0 kvzip            peak= 6.653GB acc=1.00 hr=1.0 fb=None segs=None
ratio 1.00 (pair), 0.1 GB (evict 0 pairs)
  r=1.0 ours             peak= 6.676GB acc=1.00 hr=1.0 fb=498 segs=0
ratio 1.00 (pair), 0.1 GB (evict 0 pairs)
  r=1.0 ours_predict_next peak= 6.676GB acc=1.00 hr=1.0 fb=498 segs=0
ratio 1.00 (pair), 0.1 GB (evict 0 pairs)
  r=1.0 ours_combine     peak= 6.676GB acc=1.00 hr=1.0 fb=498 segs=0
insertion at 234
================================================================================ 
[ctx_len=500 depth=50% q=0.5 true_len=498]
chunk inputs, size: 512 (num 2)
ratio 0.00 (pair), 0.0 GB (evict 111552 pairs)
  r=0.0 kvzip            peak= 6.653GB acc=0.00 hr=0.0 fb=None segs=None
ratio 0.00 (pair), 0.0 GB (evict 14336 pairs)
  r=0.0 ours             peak= 6.676GB acc=0.00 hr=0.0 fb=64 segs=0
ratio 0.00 (pair), 0.0 GB (evict 14336 pairs)
  r=0.0 ours_predict_next peak= 6.676GB acc=0.00 hr=0.0 fb=64 segs=0
ratio 0.00 (pair), 0.0 GB (evict 14336 pairs)
  r=0.0 ours_combine     peak= 6.676GB acc=0.00 hr=0.0 fb=64 segs=0
chunk inputs, size: 512 (num 2)
ratio 0.20 (pair), 0.0 GB (evict 89288 pairs)
  r=0.2 kvzip            peak= 6.653GB acc=1.00 hr=0.2 fb=None segs=None
ratio 0.50 (pair), 0.0 GB (evict 22299 pairs)
  r=0.2 ours             peak= 6.676GB acc=1.00 hr=0.5 fb=199 segs=0
ratio 0.50 (pair), 0.0 GB (evict 22291 pairs)
  r=0.2 ours_predict_next peak= 6.676GB acc=1.00 hr=0.5 fb=199 segs=0
ratio 0.50 (pair), 0.0 GB (evict 22294 pairs)
  r=0.2 ours_combine     peak= 6.676GB acc=1.00 hr=0.5 fb=199 segs=0
chunk inputs, size: 512 (num 2)
ratio 0.40 (pair), 0.0 GB (evict 67031 pairs)
  r=0.4 kvzip            peak= 6.653GB acc=1.00 hr=0.4 fb=None segs=None
ratio 0.50 (pair), 0.0 GB (evict 44646 pairs)
  r=0.4 ours             peak= 6.676GB acc=1.00 hr=0.5 fb=398 segs=0
ratio 0.50 (pair), 0.0 GB (evict 44596 pairs)
  r=0.4 ours_predict_next peak= 6.676GB acc=1.00 hr=0.5 fb=398 segs=0
ratio 0.50 (pair), 0.0 GB (evict 44645 pairs)
  r=0.4 ours_combine     peak= 6.676GB acc=1.00 hr=0.5 fb=398 segs=0
chunk inputs, size: 512 (num 2)
ratio 0.60 (pair), 0.0 GB (evict 44693 pairs)
  r=0.6 kvzip            peak= 6.653GB acc=1.00 hr=0.6 fb=None segs=None
ratio 0.60 (pair), 0.0 GB (evict 44692 pairs)
  r=0.6 ours             peak= 6.676GB acc=1.00 hr=0.6 fb=498 segs=0
ratio 0.60 (pair), 0.0 GB (evict 44692 pairs)
  r=0.6 ours_predict_next peak= 6.676GB acc=1.00 hr=0.6 fb=498 segs=0
ratio 0.60 (pair), 0.0 GB (evict 44692 pairs)
  r=0.6 ours_combine     peak= 6.676GB acc=1.00 hr=0.6 fb=498 segs=0
chunk inputs, size: 512 (num 2)
ratio 0.80 (pair), 0.0 GB (evict 22431 pairs)
  r=0.8 kvzip            peak= 6.653GB acc=1.00 hr=0.8 fb=None segs=None
ratio 0.80 (pair), 0.0 GB (evict 22427 pairs)
  r=0.8 ours             peak= 6.676GB acc=1.00 hr=0.8 fb=498 segs=0
ratio 0.80 (pair), 0.0 GB (evict 22427 pairs)
  r=0.8 ours_predict_next peak= 6.676GB acc=1.00 hr=0.8 fb=498 segs=0
ratio 0.80 (pair), 0.0 GB (evict 22427 pairs)
  r=0.8 ours_combine     peak= 6.676GB acc=1.00 hr=0.8 fb=498 segs=0
chunk inputs, size: 512 (num 2)
ratio 1.00 (pair), 0.1 GB (evict 0 pairs)
  r=1.0 kvzip            peak= 6.653GB acc=1.00 hr=1.0 fb=None segs=None
ratio 1.00 (pair), 0.1 GB (evict 0 pairs)
  r=1.0 ours             peak= 6.676GB acc=1.00 hr=1.0 fb=498 segs=0
ratio 1.00 (pair), 0.1 GB (evict 0 pairs)
  r=1.0 ours_predict_next peak= 6.676GB acc=1.00 hr=1.0 fb=498 segs=0
ratio 1.00 (pair), 0.1 GB (evict 0 pairs)
  r=1.0 ours_combine     peak= 6.676GB acc=1.00 hr=1.0 fb=498 segs=0
insertion at 249
================================================================================ 
[ctx_len=500 depth=60% q=0.6 true_len=498]
chunk inputs, size: 512 (num 2)
ratio 0.00 (pair), 0.0 GB (evict 111552 pairs)
  r=0.0 kvzip            peak= 6.653GB acc=0.00 hr=0.0 fb=None segs=None
ratio 0.00 (pair), 0.0 GB (evict 14336 pairs)
  r=0.0 ours             peak= 6.676GB acc=0.00 hr=0.0 fb=64 segs=0
ratio 0.00 (pair), 0.0 GB (evict 14336 pairs)
  r=0.0 ours_predict_next peak= 6.676GB acc=0.00 hr=0.0 fb=64 segs=0
ratio 0.00 (pair), 0.0 GB (evict 14336 pairs)
  r=0.0 ours_combine     peak= 6.676GB acc=0.00 hr=0.0 fb=64 segs=0
chunk inputs, size: 512 (num 2)
ratio 0.20 (pair), 0.0 GB (evict 89250 pairs)
  r=0.2 kvzip            peak= 6.653GB acc=1.00 hr=0.2 fb=None segs=None
ratio 0.50 (pair), 0.0 GB (evict 22307 pairs)
  r=0.2 ours             peak= 6.676GB acc=1.00 hr=0.5 fb=199 segs=0
ratio 0.50 (pair), 0.0 GB (evict 22320 pairs)
  r=0.2 ours_predict_next peak= 6.676GB acc=1.00 hr=0.5 fb=199 segs=0
ratio 0.50 (pair), 0.0 GB (evict 22301 pairs)
  r=0.2 ours_combine     peak= 6.676GB acc=1.00 hr=0.5 fb=199 segs=0
chunk inputs, size: 512 (num 2)
ratio 0.40 (pair), 0.0 GB (evict 66941 pairs)
  r=0.4 kvzip            peak= 6.653GB acc=1.00 hr=0.4 fb=None segs=None
ratio 0.50 (pair), 0.0 GB (evict 44597 pairs)
  r=0.4 ours             peak= 6.676GB acc=1.00 hr=0.5 fb=398 segs=0
ratio 0.50 (pair), 0.0 GB (evict 44587 pairs)
  r=0.4 ours_predict_next peak= 6.676GB acc=1.00 hr=0.5 fb=398 segs=0
ratio 0.50 (pair), 0.0 GB (evict 44577 pairs)
  r=0.4 ours_combine     peak= 6.676GB acc=1.00 hr=0.5 fb=398 segs=0
chunk inputs, size: 512 (num 2)
ratio 0.60 (pair), 0.0 GB (evict 44711 pairs)
  r=0.6 kvzip            peak= 6.653GB acc=1.00 hr=0.6 fb=None segs=None
ratio 0.60 (pair), 0.0 GB (evict 44696 pairs)
  r=0.6 ours             peak= 6.676GB acc=1.00 hr=0.6 fb=498 segs=0
ratio 0.60 (pair), 0.0 GB (evict 44696 pairs)
  r=0.6 ours_predict_next peak= 6.676GB acc=1.00 hr=0.6 fb=498 segs=0
ratio 0.60 (pair), 0.0 GB (evict 44696 pairs)
  r=0.6 ours_combine     peak= 6.676GB acc=1.00 hr=0.6 fb=498 segs=0
chunk inputs, size: 512 (num 2)
ratio 0.80 (pair), 0.0 GB (evict 22355 pairs)
  r=0.8 kvzip            peak= 6.653GB acc=1.00 hr=0.8 fb=None segs=None
ratio 0.80 (pair), 0.0 GB (evict 22358 pairs)
  r=0.8 ours             peak= 6.676GB acc=1.00 hr=0.8 fb=498 segs=0
ratio 0.80 (pair), 0.0 GB (evict 22358 pairs)
  r=0.8 ours_predict_next peak= 6.676GB acc=1.00 hr=0.8 fb=498 segs=0
ratio 0.80 (pair), 0.0 GB (evict 22358 pairs)
  r=0.8 ours_combine     peak= 6.676GB acc=1.00 hr=0.8 fb=498 segs=0
chunk inputs, size: 512 (num 2)
ratio 1.00 (pair), 0.1 GB (evict 0 pairs)
  r=1.0 kvzip            peak= 6.653GB acc=1.00 hr=1.0 fb=None segs=None
ratio 1.00 (pair), 0.1 GB (evict 0 pairs)
  r=1.0 ours             peak= 6.676GB acc=1.00 hr=1.0 fb=498 segs=0
ratio 1.00 (pair), 0.1 GB (evict 0 pairs)
  r=1.0 ours_predict_next peak= 6.676GB acc=1.00 hr=1.0 fb=498 segs=0
ratio 1.00 (pair), 0.1 GB (evict 0 pairs)
  r=1.0 ours_combine     peak= 6.676GB acc=1.00 hr=1.0 fb=498 segs=0
insertion at 311
================================================================================ 
[ctx_len=500 depth=70% q=0.7 true_len=498]
chunk inputs, size: 512 (num 2)
ratio 0.00 (pair), 0.0 GB (evict 111552 pairs)
  r=0.0 kvzip            peak= 6.653GB acc=0.00 hr=0.0 fb=None segs=None
ratio 0.00 (pair), 0.0 GB (evict 14336 pairs)
  r=0.0 ours             peak= 6.676GB acc=0.00 hr=0.0 fb=64 segs=0
ratio 0.00 (pair), 0.0 GB (evict 14336 pairs)
  r=0.0 ours_predict_next peak= 6.676GB acc=0.00 hr=0.0 fb=64 segs=0
ratio 0.00 (pair), 0.0 GB (evict 14336 pairs)
  r=0.0 ours_combine     peak= 6.676GB acc=0.00 hr=0.0 fb=64 segs=0
chunk inputs, size: 512 (num 2)
ratio 0.20 (pair), 0.0 GB (evict 89243 pairs)
  r=0.2 kvzip            peak= 6.653GB acc=1.00 hr=0.2 fb=None segs=None
ratio 0.50 (pair), 0.0 GB (evict 22302 pairs)
  r=0.2 ours             peak= 6.676GB acc=1.00 hr=0.5 fb=199 segs=0
ratio 0.50 (pair), 0.0 GB (evict 22291 pairs)
  r=0.2 ours_predict_next peak= 6.676GB acc=1.00 hr=0.5 fb=199 segs=0
ratio 0.50 (pair), 0.0 GB (evict 22292 pairs)
  r=0.2 ours_combine     peak= 6.676GB acc=1.00 hr=0.5 fb=199 segs=0
chunk inputs, size: 512 (num 2)
ratio 0.40 (pair), 0.0 GB (evict 67001 pairs)
  r=0.4 kvzip            peak= 6.653GB acc=1.00 hr=0.4 fb=None segs=None
ratio 0.50 (pair), 0.0 GB (evict 44596 pairs)
  r=0.4 ours             peak= 6.676GB acc=1.00 hr=0.5 fb=398 segs=0
ratio 0.50 (pair), 0.0 GB (evict 44631 pairs)
  r=0.4 ours_predict_next peak= 6.676GB acc=1.00 hr=0.5 fb=398 segs=0
ratio 0.50 (pair), 0.0 GB (evict 44645 pairs)
  r=0.4 ours_combine     peak= 6.676GB acc=1.00 hr=0.5 fb=398 segs=0
chunk inputs, size: 512 (num 2)
ratio 0.60 (pair), 0.0 GB (evict 44674 pairs)
  r=0.6 kvzip            peak= 6.653GB acc=1.00 hr=0.6 fb=None segs=None
ratio 0.60 (pair), 0.0 GB (evict 44677 pairs)
  r=0.6 ours             peak= 6.676GB acc=1.00 hr=0.6 fb=498 segs=0
ratio 0.60 (pair), 0.0 GB (evict 44677 pairs)
  r=0.6 ours_predict_next peak= 6.676GB acc=1.00 hr=0.6 fb=498 segs=0
ratio 0.60 (pair), 0.0 GB (evict 44677 pairs)
  r=0.6 ours_combine     peak= 6.676GB acc=1.00 hr=0.6 fb=498 segs=0
chunk inputs, size: 512 (num 2)
ratio 0.80 (pair), 0.0 GB (evict 22488 pairs)
  r=0.8 kvzip            peak= 6.653GB acc=1.00 hr=0.8 fb=None segs=None
ratio 0.80 (pair), 0.0 GB (evict 22453 pairs)
  r=0.8 ours             peak= 6.676GB acc=1.00 hr=0.8 fb=498 segs=0
ratio 0.80 (pair), 0.0 GB (evict 22453 pairs)
  r=0.8 ours_predict_next peak= 6.676GB acc=1.00 hr=0.8 fb=498 segs=0
ratio 0.80 (pair), 0.0 GB (evict 22453 pairs)
  r=0.8 ours_combine     peak= 6.676GB acc=1.00 hr=0.8 fb=498 segs=0
chunk inputs, size: 512 (num 2)
ratio 1.00 (pair), 0.1 GB (evict 0 pairs)
  r=1.0 kvzip            peak= 6.653GB acc=1.00 hr=1.0 fb=None segs=None
ratio 1.00 (pair), 0.1 GB (evict 0 pairs)
  r=1.0 ours             peak= 6.676GB acc=1.00 hr=1.0 fb=498 segs=0
ratio 1.00 (pair), 0.1 GB (evict 0 pairs)
  r=1.0 ours_predict_next peak= 6.676GB acc=1.00 hr=1.0 fb=498 segs=0
ratio 1.00 (pair), 0.1 GB (evict 0 pairs)
  r=1.0 ours_combine     peak= 6.676GB acc=1.00 hr=1.0 fb=498 segs=0
insertion at 362
================================================================================ 
[ctx_len=500 depth=80% q=0.8 true_len=498]
chunk inputs, size: 512 (num 2)
ratio 0.00 (pair), 0.0 GB (evict 111552 pairs)
  r=0.0 kvzip            peak= 6.653GB acc=0.00 hr=0.0 fb=None segs=None
ratio 0.00 (pair), 0.0 GB (evict 14336 pairs)
  r=0.0 ours             peak= 6.676GB acc=0.00 hr=0.0 fb=64 segs=0
ratio 0.00 (pair), 0.0 GB (evict 14336 pairs)
  r=0.0 ours_predict_next peak= 6.676GB acc=0.00 hr=0.0 fb=64 segs=0
ratio 0.00 (pair), 0.0 GB (evict 14336 pairs)
  r=0.0 ours_combine     peak= 6.676GB acc=0.00 hr=0.0 fb=64 segs=0
chunk inputs, size: 512 (num 2)
ratio 0.20 (pair), 0.0 GB (evict 89301 pairs)
  r=0.2 kvzip            peak= 6.653GB acc=1.00 hr=0.2 fb=None segs=None
ratio 0.50 (pair), 0.0 GB (evict 22295 pairs)
  r=0.2 ours             peak= 6.676GB acc=1.00 hr=0.5 fb=199 segs=0
ratio 0.50 (pair), 0.0 GB (evict 22314 pairs)
  r=0.2 ours_predict_next peak= 6.676GB acc=1.00 hr=0.5 fb=199 segs=0
ratio 0.50 (pair), 0.0 GB (evict 22301 pairs)
  r=0.2 ours_combine     peak= 6.676GB acc=1.00 hr=0.5 fb=199 segs=0
chunk inputs, size: 512 (num 2)
ratio 0.40 (pair), 0.0 GB (evict 66986 pairs)
  r=0.4 kvzip            peak= 6.653GB acc=1.00 hr=0.4 fb=None segs=None
ratio 0.50 (pair), 0.0 GB (evict 44600 pairs)
  r=0.4 ours             peak= 6.676GB acc=1.00 hr=0.5 fb=398 segs=0
ratio 0.50 (pair), 0.0 GB (evict 44581 pairs)
  r=0.4 ours_predict_next peak= 6.676GB acc=1.00 hr=0.5 fb=398 segs=0
ratio 0.50 (pair), 0.0 GB (evict 44633 pairs)
  r=0.4 ours_combine     peak= 6.676GB acc=1.00 hr=0.5 fb=398 segs=0
chunk inputs, size: 512 (num 2)
ratio 0.60 (pair), 0.0 GB (evict 44629 pairs)
  r=0.6 kvzip            peak= 6.653GB acc=1.00 hr=0.6 fb=None segs=None
ratio 0.60 (pair), 0.0 GB (evict 44717 pairs)
  r=0.6 ours             peak= 6.676GB acc=1.00 hr=0.6 fb=498 segs=0
ratio 0.60 (pair), 0.0 GB (evict 44717 pairs)
  r=0.6 ours_predict_next peak= 6.676GB acc=1.00 hr=0.6 fb=498 segs=0
ratio 0.60 (pair), 0.0 GB (evict 44717 pairs)
  r=0.6 ours_combine     peak= 6.676GB acc=1.00 hr=0.6 fb=498 segs=0
chunk inputs, size: 512 (num 2)
ratio 0.80 (pair), 0.0 GB (evict 22332 pairs)
  r=0.8 kvzip            peak= 6.653GB acc=1.00 hr=0.8 fb=None segs=None
ratio 0.80 (pair), 0.0 GB (evict 22323 pairs)
  r=0.8 ours             peak= 6.676GB acc=1.00 hr=0.8 fb=498 segs=0
ratio 0.80 (pair), 0.0 GB (evict 22323 pairs)
  r=0.8 ours_predict_next peak= 6.676GB acc=1.00 hr=0.8 fb=498 segs=0
ratio 0.80 (pair), 0.0 GB (evict 22323 pairs)
  r=0.8 ours_combine     peak= 6.676GB acc=1.00 hr=0.8 fb=498 segs=0
chunk inputs, size: 512 (num 2)
ratio 1.00 (pair), 0.1 GB (evict 0 pairs)
  r=1.0 kvzip            peak= 6.653GB acc=1.00 hr=1.0 fb=None segs=None
ratio 1.00 (pair), 0.1 GB (evict 0 pairs)
  r=1.0 ours             peak= 6.676GB acc=1.00 hr=1.0 fb=498 segs=0
ratio 1.00 (pair), 0.1 GB (evict 0 pairs)
  r=1.0 ours_predict_next peak= 6.676GB acc=1.00 hr=1.0 fb=498 segs=0
ratio 1.00 (pair), 0.1 GB (evict 0 pairs)
  r=1.0 ours_combine     peak= 6.676GB acc=1.00 hr=1.0 fb=498 segs=0
insertion at 362
================================================================================ 
[ctx_len=500 depth=90% q=0.9 true_len=498]
chunk inputs, size: 512 (num 2)
ratio 0.00 (pair), 0.0 GB (evict 111552 pairs)
  r=0.0 kvzip            peak= 6.653GB acc=0.00 hr=0.0 fb=None segs=None
ratio 0.00 (pair), 0.0 GB (evict 14336 pairs)
  r=0.0 ours             peak= 6.676GB acc=0.00 hr=0.0 fb=64 segs=0
ratio 0.00 (pair), 0.0 GB (evict 14336 pairs)
  r=0.0 ours_predict_next peak= 6.676GB acc=0.00 hr=0.0 fb=64 segs=0
ratio 0.00 (pair), 0.0 GB (evict 14336 pairs)
  r=0.0 ours_combine     peak= 6.676GB acc=0.00 hr=0.0 fb=64 segs=0
chunk inputs, size: 512 (num 2)
ratio 0.20 (pair), 0.0 GB (evict 89301 pairs)
  r=0.2 kvzip            peak= 6.653GB acc=1.00 hr=0.2 fb=None segs=None
ratio 0.50 (pair), 0.0 GB (evict 22295 pairs)
  r=0.2 ours             peak= 6.676GB acc=1.00 hr=0.5 fb=199 segs=0
ratio 0.50 (pair), 0.0 GB (evict 22314 pairs)
  r=0.2 ours_predict_next peak= 6.676GB acc=1.00 hr=0.5 fb=199 segs=0
ratio 0.50 (pair), 0.0 GB (evict 22301 pairs)
  r=0.2 ours_combine     peak= 6.676GB acc=1.00 hr=0.5 fb=199 segs=0
chunk inputs, size: 512 (num 2)
ratio 0.40 (pair), 0.0 GB (evict 66986 pairs)
  r=0.4 kvzip            peak= 6.653GB acc=1.00 hr=0.4 fb=None segs=None
ratio 0.50 (pair), 0.0 GB (evict 44600 pairs)
  r=0.4 ours             peak= 6.676GB acc=1.00 hr=0.5 fb=398 segs=0
ratio 0.50 (pair), 0.0 GB (evict 44581 pairs)
  r=0.4 ours_predict_next peak= 6.676GB acc=1.00 hr=0.5 fb=398 segs=0
ratio 0.50 (pair), 0.0 GB (evict 44633 pairs)
  r=0.4 ours_combine     peak= 6.676GB acc=1.00 hr=0.5 fb=398 segs=0
chunk inputs, size: 512 (num 2)
ratio 0.60 (pair), 0.0 GB (evict 44629 pairs)
  r=0.6 kvzip            peak= 6.653GB acc=1.00 hr=0.6 fb=None segs=None
ratio 0.60 (pair), 0.0 GB (evict 44717 pairs)
  r=0.6 ours             peak= 6.676GB acc=1.00 hr=0.6 fb=498 segs=0
ratio 0.60 (pair), 0.0 GB (evict 44717 pairs)
  r=0.6 ours_predict_next peak= 6.676GB acc=1.00 hr=0.6 fb=498 segs=0
ratio 0.60 (pair), 0.0 GB (evict 44717 pairs)
  r=0.6 ours_combine     peak= 6.676GB acc=1.00 hr=0.6 fb=498 segs=0
chunk inputs, size: 512 (num 2)
ratio 0.80 (pair), 0.0 GB (evict 22332 pairs)
  r=0.8 kvzip            peak= 6.653GB acc=1.00 hr=0.8 fb=None segs=None
ratio 0.80 (pair), 0.0 GB (evict 22323 pairs)
  r=0.8 ours             peak= 6.676GB acc=1.00 hr=0.8 fb=498 segs=0
ratio 0.80 (pair), 0.0 GB (evict 22323 pairs)
  r=0.8 ours_predict_next peak= 6.676GB acc=1.00 hr=0.8 fb=498 segs=0
ratio 0.80 (pair), 0.0 GB (evict 22323 pairs)
  r=0.8 ours_combine     peak= 6.676GB acc=1.00 hr=0.8 fb=498 segs=0
chunk inputs, size: 512 (num 2)
ratio 1.00 (pair), 0.1 GB (evict 0 pairs)
  r=1.0 kvzip            peak= 6.653GB acc=1.00 hr=1.0 fb=None segs=None
ratio 1.00 (pair), 0.1 GB (evict 0 pairs)
  r=1.0 ours             peak= 6.676GB acc=1.00 hr=1.0 fb=498 segs=0
ratio 1.00 (pair), 0.1 GB (evict 0 pairs)
  r=1.0 ours_predict_next peak= 6.676GB acc=1.00 hr=1.0 fb=498 segs=0
ratio 1.00 (pair), 0.1 GB (evict 0 pairs)
  r=1.0 ours_combine     peak= 6.676GB acc=1.00 hr=1.0 fb=498 segs=0
insertion at 476
================================================================================ 
[ctx_len=500 depth=100% q=1.0 true_len=499]
chunk inputs, size: 512 (num 2)
ratio 0.00 (pair), 0.0 GB (evict 111776 pairs)
  r=0.0 kvzip            peak= 6.653GB acc=0.00 hr=0.0 fb=None segs=None
ratio 0.00 (pair), 0.0 GB (evict 14336 pairs)
  r=0.0 ours             peak= 6.676GB acc=0.00 hr=0.0 fb=64 segs=0
ratio 0.00 (pair), 0.0 GB (evict 14336 pairs)
  r=0.0 ours_predict_next peak= 6.676GB acc=0.00 hr=0.0 fb=64 segs=0
ratio 0.00 (pair), 0.0 GB (evict 14336 pairs)
  r=0.0 ours_combine     peak= 6.676GB acc=0.00 hr=0.0 fb=64 segs=0
chunk inputs, size: 512 (num 2)
ratio 0.20 (pair), 0.0 GB (evict 89483 pairs)
  r=0.2 kvzip            peak= 6.653GB acc=1.00 hr=0.2 fb=None segs=None
ratio 0.50 (pair), 0.0 GB (evict 22424 pairs)
  r=0.2 ours             peak= 6.676GB acc=1.00 hr=0.5 fb=200 segs=0
ratio 0.50 (pair), 0.0 GB (evict 22422 pairs)
  r=0.2 ours_predict_next peak= 6.676GB acc=1.00 hr=0.5 fb=200 segs=0
ratio 0.50 (pair), 0.0 GB (evict 22408 pairs)
  r=0.2 ours_combine     peak= 6.676GB acc=1.00 hr=0.5 fb=200 segs=0
chunk inputs, size: 512 (num 2)
ratio 0.40 (pair), 0.0 GB (evict 67087 pairs)
  r=0.4 kvzip            peak= 6.653GB acc=1.00 hr=0.4 fb=None segs=None
ratio 0.50 (pair), 0.0 GB (evict 44722 pairs)
  r=0.4 ours             peak= 6.676GB acc=1.00 hr=0.5 fb=399 segs=0
ratio 0.50 (pair), 0.0 GB (evict 44717 pairs)
  r=0.4 ours_predict_next peak= 6.676GB acc=1.00 hr=0.5 fb=399 segs=0
ratio 0.50 (pair), 0.0 GB (evict 44712 pairs)
  r=0.4 ours_combine     peak= 6.676GB acc=1.00 hr=0.5 fb=399 segs=0
chunk inputs, size: 512 (num 2)
ratio 0.60 (pair), 0.0 GB (evict 44829 pairs)
  r=0.6 kvzip            peak= 6.653GB acc=1.00 hr=0.6 fb=None segs=None
ratio 0.60 (pair), 0.0 GB (evict 44840 pairs)
  r=0.6 ours             peak= 6.676GB acc=1.00 hr=0.6 fb=499 segs=0
ratio 0.60 (pair), 0.0 GB (evict 44840 pairs)
  r=0.6 ours_predict_next peak= 6.676GB acc=1.00 hr=0.6 fb=499 segs=0
ratio 0.60 (pair), 0.0 GB (evict 44840 pairs)
  r=0.6 ours_combine     peak= 6.676GB acc=1.00 hr=0.6 fb=499 segs=0
chunk inputs, size: 512 (num 2)
ratio 0.80 (pair), 0.0 GB (evict 22412 pairs)
  r=0.8 kvzip            peak= 6.653GB acc=1.00 hr=0.8 fb=None segs=None
ratio 0.80 (pair), 0.0 GB (evict 22403 pairs)
  r=0.8 ours             peak= 6.676GB acc=1.00 hr=0.8 fb=499 segs=0
ratio 0.80 (pair), 0.0 GB (evict 22403 pairs)
  r=0.8 ours_predict_next peak= 6.676GB acc=1.00 hr=0.8 fb=499 segs=0
ratio 0.80 (pair), 0.0 GB (evict 22403 pairs)
  r=0.8 ours_combine     peak= 6.676GB acc=1.00 hr=0.8 fb=499 segs=0
chunk inputs, size: 512 (num 2)
ratio 1.00 (pair), 0.1 GB (evict 0 pairs)
  r=1.0 kvzip            peak= 6.653GB acc=1.00 hr=1.0 fb=None segs=None
ratio 1.00 (pair), 0.1 GB (evict 0 pairs)
  r=1.0 ours             peak= 6.676GB acc=1.00 hr=1.0 fb=499 segs=0
ratio 1.00 (pair), 0.1 GB (evict 0 pairs)
  r=1.0 ours_predict_next peak= 6.676GB acc=1.00 hr=1.0 fb=499 segs=0
ratio 1.00 (pair), 0.1 GB (evict 0 pairs)
  r=1.0 ours_combine     peak= 6.676GB acc=1.00 hr=1.0 fb=499 segs=0
insertion at 0
================================================================================ 
[ctx_len=2000 depth=0% q=0.0 true_len=1999]
chunk inputs, size: 512 (num 4)
ratio 0.00 (pair), 0.0 GB (evict 447776 pairs)
  r=0.0 kvzip            peak= 7.754GB acc=0.00 hr=0.0 fb=None segs=None
chunk inputs, size: 512 (num 4)
chunk inputs, size: 512 (num 2)
chunk inputs, size: 512 (num 2)
ratio 0.00 (pair), 0.0 GB (evict 14336 pairs)
  r=0.0 ours             peak= 6.697GB acc=0.00 hr=0.0 fb=64 segs=1
chunk inputs, size: 512 (num 4)
ratio 0.00 (pair), 0.0 GB (evict 14336 pairs)
  r=0.0 ours_predict_next peak= 6.708GB acc=0.00 hr=0.0 fb=64 segs=1
chunk inputs, size: 512 (num 4)
chunk inputs, size: 512 (num 2)
chunk inputs, size: 512 (num 2)
chunk inputs, size: 512 (num 2)
ratio 0.00 (pair), 0.0 GB (evict 14336 pairs)
  r=0.0 ours_combine     peak= 6.714GB acc=0.00 hr=0.0 fb=64 segs=1
chunk inputs, size: 512 (num 4)
ratio 0.20 (pair), 0.0 GB (evict 358257 pairs)
  r=0.2 kvzip            peak= 7.754GB acc=1.00 hr=0.2 fb=None segs=None
chunk inputs, size: 512 (num 4)
chunk inputs, size: 512 (num 2)
chunk inputs, size: 512 (num 2)
ratio 0.50 (pair), 0.0 GB (evict 89665 pairs)
  r=0.2 ours             peak= 6.733GB acc=1.00 hr=0.5 fb=800 segs=1
chunk inputs, size: 512 (num 4)
chunk inputs, size: 512 (num 2)
ratio 0.50 (pair), 0.0 GB (evict 89712 pairs)
  r=0.2 ours_predict_next peak= 6.708GB acc=0.50 hr=0.5 fb=800 segs=1
chunk inputs, size: 512 (num 4)
chunk inputs, size: 512 (num 2)
chunk inputs, size: 512 (num 2)
chunk inputs, size: 512 (num 2)
chunk inputs, size: 512 (num 2)
ratio 0.50 (pair), 0.0 GB (evict 89650 pairs)
  r=0.2 ours_combine     peak= 6.741GB acc=1.00 hr=0.5 fb=800 segs=1
chunk inputs, size: 512 (num 4)
ratio 0.40 (pair), 0.1 GB (evict 268760 pairs)
  r=0.4 kvzip            peak= 7.754GB acc=1.00 hr=0.4 fb=None segs=None
chunk inputs, size: 512 (num 4)
chunk inputs, size: 512 (num 2)
chunk inputs, size: 512 (num 2)
ratio 0.50 (pair), 0.1 GB (evict 179215 pairs)
  r=0.4 ours             peak= 6.783GB acc=1.00 hr=0.5 fb=1599 segs=1
chunk inputs, size: 512 (num 4)
chunk inputs, size: 512 (num 3)
ratio 0.50 (pair), 0.1 GB (evict 143703 pairs)
  r=0.4 ours_predict_next peak= 6.726GB acc=1.00 hr=0.5 fb=1599 segs=1
chunk inputs, size: 512 (num 4)
chunk inputs, size: 512 (num 2)
chunk inputs, size: 512 (num 2)
chunk inputs, size: 512 (num 2)
chunk inputs, size: 512 (num 4)
ratio 0.50 (pair), 0.1 GB (evict 179107 pairs)
  r=0.4 ours_combine     peak= 6.780GB acc=1.00 hr=0.5 fb=1599 segs=1
chunk inputs, size: 512 (num 4)
ratio 0.60 (pair), 0.1 GB (evict 179510 pairs)
  r=0.6 kvzip            peak= 7.754GB acc=1.00 hr=0.6 fb=None segs=None
chunk inputs, size: 512 (num 4)
chunk inputs, size: 512 (num 3)
ratio 0.60 (pair), 0.1 GB (evict 133376 pairs)
  r=0.6 ours             peak= 6.762GB acc=1.00 hr=0.6 fb=1999 segs=1
chunk inputs, size: 512 (num 4)
chunk inputs, size: 512 (num 3)
chunk inputs, size: 512 (num 3)
ratio 0.60 (pair), 0.1 GB (evict 137642 pairs)
  r=0.6 ours_predict_next peak= 6.764GB acc=1.00 hr=0.6 fb=1999 segs=0
chunk inputs, size: 512 (num 4)
chunk inputs, size: 512 (num 3)
chunk inputs, size: 512 (num 3)
ratio 0.60 (pair), 0.1 GB (evict 133441 pairs)
  r=0.6 ours_combine     peak= 6.782GB acc=1.00 hr=0.6 fb=1999 segs=1
chunk inputs, size: 512 (num 4)
ratio 0.80 (pair), 0.2 GB (evict 89998 pairs)
  r=0.8 kvzip            peak= 7.754GB acc=1.00 hr=0.8 fb=None segs=None
chunk inputs, size: 512 (num 4)
chunk inputs, size: 512 (num 3)
ratio 0.80 (pair), 0.1 GB (evict 66845 pairs)
  r=0.8 ours             peak= 6.762GB acc=1.00 hr=0.8 fb=1999 segs=1
chunk inputs, size: 512 (num 4)
chunk inputs, size: 512 (num 3)
chunk inputs, size: 512 (num 3)
ratio 0.80 (pair), 0.1 GB (evict 68820 pairs)
  r=0.8 ours_predict_next peak= 6.764GB acc=1.00 hr=0.8 fb=1999 segs=0
chunk inputs, size: 512 (num 4)
chunk inputs, size: 512 (num 3)
chunk inputs, size: 512 (num 3)
ratio 0.80 (pair), 0.1 GB (evict 66888 pairs)
  r=0.8 ours_combine     peak= 6.782GB acc=1.00 hr=0.8 fb=1999 segs=1
chunk inputs, size: 512 (num 4)
ratio 1.00 (pair), 0.2 GB (evict 0 pairs)
  r=1.0 kvzip            peak= 7.754GB acc=1.00 hr=1.0 fb=None segs=None
chunk inputs, size: 512 (num 4)
chunk inputs, size: 512 (num 4)
ratio 1.00 (pair), 0.2 GB (evict 0 pairs)
  r=1.0 ours             peak= 6.810GB acc=1.00 hr=1.0 fb=1999 segs=0
chunk inputs, size: 512 (num 4)
chunk inputs, size: 512 (num 3)
chunk inputs, size: 512 (num 3)
ratio 1.00 (pair), 0.2 GB (evict 0 pairs)
  r=1.0 ours_predict_next peak= 6.764GB acc=1.00 hr=1.0 fb=1999 segs=0
chunk inputs, size: 512 (num 4)
chunk inputs, size: 512 (num 4)
chunk inputs, size: 512 (num 4)
chunk inputs, size: 512 (num 4)
ratio 1.00 (pair), 0.2 GB (evict 0 pairs)
  r=1.0 ours_combine     peak= 6.809GB acc=1.00 hr=1.0 fb=1999 segs=0
insertion at 135
================================================================================ 
[ctx_len=2000 depth=10% q=0.1 true_len=1999]
chunk inputs, size: 512 (num 4)
ratio 0.00 (pair), 0.0 GB (evict 447776 pairs)
  r=0.0 kvzip            peak= 7.754GB acc=0.00 hr=0.0 fb=None segs=None
chunk inputs, size: 512 (num 4)
chunk inputs, size: 512 (num 2)
chunk inputs, size: 512 (num 2)
ratio 0.00 (pair), 0.0 GB (evict 14336 pairs)
  r=0.0 ours             peak= 6.697GB acc=0.00 hr=0.0 fb=64 segs=1
chunk inputs, size: 512 (num 4)
ratio 0.00 (pair), 0.0 GB (evict 14336 pairs)
  r=0.0 ours_predict_next peak= 6.705GB acc=0.00 hr=0.0 fb=64 segs=1
chunk inputs, size: 512 (num 4)
chunk inputs, size: 512 (num 2)
chunk inputs, size: 512 (num 2)
chunk inputs, size: 512 (num 2)
ratio 0.00 (pair), 0.0 GB (evict 14336 pairs)
  r=0.0 ours_combine     peak= 6.714GB acc=0.00 hr=0.0 fb=64 segs=1
chunk inputs, size: 512 (num 4)
ratio 0.20 (pair), 0.0 GB (evict 358394 pairs)
  r=0.2 kvzip            peak= 7.754GB acc=1.00 hr=0.2 fb=None segs=None
chunk inputs, size: 512 (num 4)
chunk inputs, size: 512 (num 2)
chunk inputs, size: 512 (num 2)
ratio 0.50 (pair), 0.0 GB (evict 89621 pairs)
  r=0.2 ours             peak= 6.733GB acc=1.00 hr=0.5 fb=800 segs=1
chunk inputs, size: 512 (num 4)
chunk inputs, size: 512 (num 2)
ratio 0.50 (pair), 0.0 GB (evict 89798 pairs)
  r=0.2 ours_predict_next peak= 6.705GB acc=0.00 hr=0.5 fb=800 segs=1
chunk inputs, size: 512 (num 4)
chunk inputs, size: 512 (num 2)
chunk inputs, size: 512 (num 2)
chunk inputs, size: 512 (num 2)
chunk inputs, size: 512 (num 2)
ratio 0.50 (pair), 0.0 GB (evict 89641 pairs)
  r=0.2 ours_combine     peak= 6.741GB acc=1.00 hr=0.5 fb=800 segs=1
chunk inputs, size: 512 (num 4)
ratio 0.40 (pair), 0.1 GB (evict 268753 pairs)
  r=0.4 kvzip            peak= 7.754GB acc=1.00 hr=0.4 fb=None segs=None
chunk inputs, size: 512 (num 4)
chunk inputs, size: 512 (num 2)
chunk inputs, size: 512 (num 2)
ratio 0.50 (pair), 0.1 GB (evict 179202 pairs)
  r=0.4 ours             peak= 6.783GB acc=1.00 hr=0.5 fb=1599 segs=1
chunk inputs, size: 512 (num 4)
chunk inputs, size: 512 (num 3)
ratio 0.50 (pair), 0.1 GB (evict 143670 pairs)
  r=0.4 ours_predict_next peak= 6.729GB acc=1.00 hr=0.5 fb=1599 segs=1
chunk inputs, size: 512 (num 4)
chunk inputs, size: 512 (num 2)
chunk inputs, size: 512 (num 2)
chunk inputs, size: 512 (num 2)
chunk inputs, size: 512 (num 4)
ratio 0.50 (pair), 0.1 GB (evict 179288 pairs)
  r=0.4 ours_combine     peak= 6.780GB acc=1.00 hr=0.5 fb=1599 segs=1
chunk inputs, size: 512 (num 4)
ratio 0.60 (pair), 0.1 GB (evict 179321 pairs)
  r=0.6 kvzip            peak= 7.754GB acc=1.00 hr=0.6 fb=None segs=None
chunk inputs, size: 512 (num 4)
chunk inputs, size: 512 (num 3)
ratio 0.60 (pair), 0.1 GB (evict 133336 pairs)
  r=0.6 ours             peak= 6.762GB acc=1.00 hr=0.6 fb=1999 segs=1
chunk inputs, size: 512 (num 4)
chunk inputs, size: 512 (num 3)
chunk inputs, size: 512 (num 3)
ratio 0.60 (pair), 0.1 GB (evict 137028 pairs)
  r=0.6 ours_predict_next peak= 6.761GB acc=1.00 hr=0.6 fb=1999 segs=0
chunk inputs, size: 512 (num 4)
chunk inputs, size: 512 (num 3)
chunk inputs, size: 512 (num 3)
ratio 0.60 (pair), 0.1 GB (evict 133351 pairs)
  r=0.6 ours_combine     peak= 6.782GB acc=1.00 hr=0.6 fb=1999 segs=1
chunk inputs, size: 512 (num 4)
ratio 0.80 (pair), 0.2 GB (evict 89736 pairs)
  r=0.8 kvzip            peak= 7.754GB acc=1.00 hr=0.8 fb=None segs=None
chunk inputs, size: 512 (num 4)
chunk inputs, size: 512 (num 3)
ratio 0.80 (pair), 0.1 GB (evict 66830 pairs)
  r=0.8 ours             peak= 6.762GB acc=1.00 hr=0.8 fb=1999 segs=1
chunk inputs, size: 512 (num 4)
chunk inputs, size: 512 (num 3)
chunk inputs, size: 512 (num 3)
ratio 0.80 (pair), 0.1 GB (evict 68625 pairs)
  r=0.8 ours_predict_next peak= 6.761GB acc=1.00 hr=0.8 fb=1999 segs=0
chunk inputs, size: 512 (num 4)
chunk inputs, size: 512 (num 3)
chunk inputs, size: 512 (num 3)
ratio 0.80 (pair), 0.1 GB (evict 66967 pairs)
  r=0.8 ours_combine     peak= 6.782GB acc=1.00 hr=0.8 fb=1999 segs=1
chunk inputs, size: 512 (num 4)
ratio 1.00 (pair), 0.2 GB (evict 0 pairs)
  r=1.0 kvzip            peak= 7.754GB acc=1.00 hr=1.0 fb=None segs=None
chunk inputs, size: 512 (num 4)
chunk inputs, size: 512 (num 4)
ratio 1.00 (pair), 0.2 GB (evict 0 pairs)
  r=1.0 ours             peak= 6.810GB acc=1.00 hr=1.0 fb=1999 segs=0
chunk inputs, size: 512 (num 4)
chunk inputs, size: 512 (num 3)
chunk inputs, size: 512 (num 3)
ratio 1.00 (pair), 0.2 GB (evict 0 pairs)
  r=1.0 ours_predict_next peak= 6.761GB acc=1.00 hr=1.0 fb=1999 segs=0
chunk inputs, size: 512 (num 4)
chunk inputs, size: 512 (num 4)
chunk inputs, size: 512 (num 4)
chunk inputs, size: 512 (num 4)
ratio 1.00 (pair), 0.2 GB (evict 0 pairs)
  r=1.0 ours_combine     peak= 6.809GB acc=1.00 hr=1.0 fb=1999 segs=0
insertion at 362
================================================================================ 
[ctx_len=2000 depth=20% q=0.2 true_len=1999]
chunk inputs, size: 512 (num 4)
ratio 0.00 (pair), 0.0 GB (evict 447776 pairs)
  r=0.0 kvzip            peak= 7.754GB acc=0.00 hr=0.0 fb=None segs=None
chunk inputs, size: 512 (num 4)
chunk inputs, size: 512 (num 2)
chunk inputs, size: 512 (num 2)
ratio 0.00 (pair), 0.0 GB (evict 14336 pairs)
  r=0.0 ours             peak= 6.697GB acc=0.00 hr=0.0 fb=64 segs=1
chunk inputs, size: 512 (num 4)
ratio 0.00 (pair), 0.0 GB (evict 14336 pairs)
  r=0.0 ours_predict_next peak= 6.705GB acc=0.00 hr=0.0 fb=64 segs=1
chunk inputs, size: 512 (num 4)
chunk inputs, size: 512 (num 2)
chunk inputs, size: 512 (num 2)
chunk inputs, size: 512 (num 2)
ratio 0.00 (pair), 0.0 GB (evict 14336 pairs)
  r=0.0 ours_combine     peak= 6.714GB acc=0.00 hr=0.0 fb=64 segs=1
chunk inputs, size: 512 (num 4)
ratio 0.20 (pair), 0.0 GB (evict 358242 pairs)
  r=0.2 kvzip            peak= 7.754GB acc=1.00 hr=0.2 fb=None segs=None
chunk inputs, size: 512 (num 4)
chunk inputs, size: 512 (num 2)
chunk inputs, size: 512 (num 2)
ratio 0.50 (pair), 0.0 GB (evict 89692 pairs)
  r=0.2 ours             peak= 6.733GB acc=1.00 hr=0.5 fb=800 segs=1
chunk inputs, size: 512 (num 4)
chunk inputs, size: 512 (num 2)
ratio 0.50 (pair), 0.0 GB (evict 89626 pairs)
  r=0.2 ours_predict_next peak= 6.705GB acc=0.00 hr=0.5 fb=800 segs=1
chunk inputs, size: 512 (num 4)
chunk inputs, size: 512 (num 2)
chunk inputs, size: 512 (num 2)
chunk inputs, size: 512 (num 2)
chunk inputs, size: 512 (num 2)
ratio 0.50 (pair), 0.0 GB (evict 89603 pairs)
  r=0.2 ours_combine     peak= 6.741GB acc=1.00 hr=0.5 fb=800 segs=1
chunk inputs, size: 512 (num 4)
ratio 0.40 (pair), 0.1 GB (evict 268904 pairs)
  r=0.4 kvzip            peak= 7.754GB acc=1.00 hr=0.4 fb=None segs=None
chunk inputs, size: 512 (num 4)
chunk inputs, size: 512 (num 2)
chunk inputs, size: 512 (num 2)
ratio 0.50 (pair), 0.1 GB (evict 179148 pairs)
  r=0.4 ours             peak= 6.783GB acc=1.00 hr=0.5 fb=1599 segs=1
chunk inputs, size: 512 (num 4)
chunk inputs, size: 512 (num 3)
ratio 0.50 (pair), 0.1 GB (evict 143748 pairs)
  r=0.4 ours_predict_next peak= 6.731GB acc=1.00 hr=0.5 fb=1599 segs=1
chunk inputs, size: 512 (num 4)
chunk inputs, size: 512 (num 2)
chunk inputs, size: 512 (num 2)
chunk inputs, size: 512 (num 2)
chunk inputs, size: 512 (num 4)
ratio 0.50 (pair), 0.1 GB (evict 179317 pairs)
  r=0.4 ours_combine     peak= 6.780GB acc=1.00 hr=0.5 fb=1599 segs=1
chunk inputs, size: 512 (num 4)
ratio 0.60 (pair), 0.1 GB (evict 179543 pairs)
  r=0.6 kvzip            peak= 7.754GB acc=1.00 hr=0.6 fb=None segs=None
chunk inputs, size: 512 (num 4)
chunk inputs, size: 512 (num 3)
ratio 0.60 (pair), 0.1 GB (evict 133418 pairs)
  r=0.6 ours             peak= 6.762GB acc=1.00 hr=0.6 fb=1999 segs=1
chunk inputs, size: 512 (num 4)
chunk inputs, size: 512 (num 3)
chunk inputs, size: 512 (num 3)
ratio 0.60 (pair), 0.1 GB (evict 137055 pairs)
  r=0.6 ours_predict_next peak= 6.761GB acc=1.00 hr=0.6 fb=1999 segs=0
chunk inputs, size: 512 (num 4)
chunk inputs, size: 512 (num 3)
chunk inputs, size: 512 (num 3)
ratio 0.60 (pair), 0.1 GB (evict 133417 pairs)
  r=0.6 ours_combine     peak= 6.782GB acc=1.00 hr=0.6 fb=1999 segs=1
chunk inputs, size: 512 (num 4)
ratio 0.80 (pair), 0.2 GB (evict 89560 pairs)
  r=0.8 kvzip            peak= 7.754GB acc=1.00 hr=0.8 fb=None segs=None
chunk inputs, size: 512 (num 4)
chunk inputs, size: 512 (num 3)
ratio 0.80 (pair), 0.1 GB (evict 66631 pairs)
  r=0.8 ours             peak= 6.762GB acc=1.00 hr=0.8 fb=1999 segs=1
chunk inputs, size: 512 (num 4)
chunk inputs, size: 512 (num 3)
chunk inputs, size: 512 (num 3)
ratio 0.80 (pair), 0.1 GB (evict 68531 pairs)
  r=0.8 ours_predict_next peak= 6.761GB acc=1.00 hr=0.8 fb=1999 segs=0
chunk inputs, size: 512 (num 4)
chunk inputs, size: 512 (num 3)
chunk inputs, size: 512 (num 3)
ratio 0.80 (pair), 0.1 GB (evict 66877 pairs)
  r=0.8 ours_combine     peak= 6.782GB acc=1.00 hr=0.8 fb=1999 segs=1
chunk inputs, size: 512 (num 4)
ratio 1.00 (pair), 0.2 GB (evict 0 pairs)
  r=1.0 kvzip            peak= 7.754GB acc=1.00 hr=1.0 fb=None segs=None
chunk inputs, size: 512 (num 4)
chunk inputs, size: 512 (num 4)
ratio 1.00 (pair), 0.2 GB (evict 0 pairs)
  r=1.0 ours             peak= 6.810GB acc=1.00 hr=1.0 fb=1999 segs=0
chunk inputs, size: 512 (num 4)
chunk inputs, size: 512 (num 3)
chunk inputs, size: 512 (num 3)
ratio 1.00 (pair), 0.2 GB (evict 0 pairs)
  r=1.0 ours_predict_next peak= 6.761GB acc=1.00 hr=1.0 fb=1999 segs=0
chunk inputs, size: 512 (num 4)
chunk inputs, size: 512 (num 4)
chunk inputs, size: 512 (num 4)
chunk inputs, size: 512 (num 4)
ratio 1.00 (pair), 0.2 GB (evict 0 pairs)
  r=1.0 ours_combine     peak= 6.809GB acc=1.00 hr=1.0 fb=1999 segs=0
insertion at 570
================================================================================ 
[ctx_len=2000 depth=30% q=0.3 true_len=1999]
chunk inputs, size: 512 (num 4)
ratio 0.00 (pair), 0.0 GB (evict 447776 pairs)
  r=0.0 kvzip            peak= 7.754GB acc=0.00 hr=0.0 fb=None segs=None
chunk inputs, size: 512 (num 4)
chunk inputs, size: 512 (num 2)
chunk inputs, size: 512 (num 2)
ratio 0.00 (pair), 0.0 GB (evict 14336 pairs)
  r=0.0 ours             peak= 6.697GB acc=0.00 hr=0.0 fb=64 segs=1
chunk inputs, size: 512 (num 4)
ratio 0.00 (pair), 0.0 GB (evict 14336 pairs)
  r=0.0 ours_predict_next peak= 6.707GB acc=0.00 hr=0.0 fb=64 segs=1
chunk inputs, size: 512 (num 4)
chunk inputs, size: 512 (num 2)
chunk inputs, size: 512 (num 2)
chunk inputs, size: 512 (num 2)
ratio 0.00 (pair), 0.0 GB (evict 14336 pairs)
  r=0.0 ours_combine     peak= 6.714GB acc=0.00 hr=0.0 fb=64 segs=1
chunk inputs, size: 512 (num 4)
ratio 0.20 (pair), 0.0 GB (evict 358269 pairs)
  r=0.2 kvzip            peak= 7.754GB acc=1.00 hr=0.2 fb=None segs=None
chunk inputs, size: 512 (num 4)
chunk inputs, size: 512 (num 2)
chunk inputs, size: 512 (num 2)
ratio 0.50 (pair), 0.0 GB (evict 89694 pairs)
  r=0.2 ours             peak= 6.733GB acc=1.00 hr=0.5 fb=800 segs=1
chunk inputs, size: 512 (num 4)
chunk inputs, size: 512 (num 2)
ratio 0.50 (pair), 0.0 GB (evict 89645 pairs)
  r=0.2 ours_predict_next peak= 6.707GB acc=0.00 hr=0.5 fb=800 segs=1
chunk inputs, size: 512 (num 4)
chunk inputs, size: 512 (num 2)
chunk inputs, size: 512 (num 2)
chunk inputs, size: 512 (num 2)
chunk inputs, size: 512 (num 2)
ratio 0.50 (pair), 0.0 GB (evict 89674 pairs)
  r=0.2 ours_combine     peak= 6.741GB acc=1.00 hr=0.5 fb=800 segs=1
chunk inputs, size: 512 (num 4)
ratio 0.40 (pair), 0.1 GB (evict 268922 pairs)
  r=0.4 kvzip            peak= 7.754GB acc=1.00 hr=0.4 fb=None segs=None
chunk inputs, size: 512 (num 4)
chunk inputs, size: 512 (num 2)
chunk inputs, size: 512 (num 2)
ratio 0.50 (pair), 0.1 GB (evict 179151 pairs)
  r=0.4 ours             peak= 6.783GB acc=1.00 hr=0.5 fb=1599 segs=1
chunk inputs, size: 512 (num 4)
chunk inputs, size: 512 (num 3)
ratio 0.50 (pair), 0.1 GB (evict 143684 pairs)
  r=0.4 ours_predict_next peak= 6.730GB acc=0.00 hr=0.5 fb=1599 segs=1
chunk inputs, size: 512 (num 4)
chunk inputs, size: 512 (num 2)
chunk inputs, size: 512 (num 2)
chunk inputs, size: 512 (num 2)
chunk inputs, size: 512 (num 4)
ratio 0.50 (pair), 0.1 GB (evict 179100 pairs)
  r=0.4 ours_combine     peak= 6.780GB acc=1.00 hr=0.5 fb=1599 segs=1
chunk inputs, size: 512 (num 4)
ratio 0.60 (pair), 0.1 GB (evict 179445 pairs)
  r=0.6 kvzip            peak= 7.754GB acc=1.00 hr=0.6 fb=None segs=None
chunk inputs, size: 512 (num 4)
chunk inputs, size: 512 (num 3)
ratio 0.60 (pair), 0.1 GB (evict 133678 pairs)
  r=0.6 ours             peak= 6.762GB acc=1.00 hr=0.6 fb=1999 segs=1
chunk inputs, size: 512 (num 4)
chunk inputs, size: 512 (num 3)
chunk inputs, size: 512 (num 2)
ratio 0.60 (pair), 0.1 GB (evict 91866 pairs)
  r=0.6 ours_predict_next peak= 6.750GB acc=0.00 hr=0.6 fb=1999 segs=1
chunk inputs, size: 512 (num 4)
chunk inputs, size: 512 (num 3)
chunk inputs, size: 512 (num 3)
ratio 0.60 (pair), 0.1 GB (evict 133302 pairs)
  r=0.6 ours_combine     peak= 6.782GB acc=1.00 hr=0.6 fb=1999 segs=1
chunk inputs, size: 512 (num 4)
ratio 0.80 (pair), 0.2 GB (evict 89595 pairs)
  r=0.8 kvzip            peak= 7.754GB acc=1.00 hr=0.8 fb=None segs=None
chunk inputs, size: 512 (num 4)
chunk inputs, size: 512 (num 3)
ratio 0.80 (pair), 0.1 GB (evict 66833 pairs)
  r=0.8 ours             peak= 6.762GB acc=1.00 hr=0.8 fb=1999 segs=1
chunk inputs, size: 512 (num 4)
chunk inputs, size: 512 (num 3)
chunk inputs, size: 512 (num 2)
ratio 0.80 (pair), 0.1 GB (evict 45889 pairs)
  r=0.8 ours_predict_next peak= 6.750GB acc=0.00 hr=0.8 fb=1999 segs=1
chunk inputs, size: 512 (num 4)
chunk inputs, size: 512 (num 3)
chunk inputs, size: 512 (num 3)
ratio 0.80 (pair), 0.1 GB (evict 66986 pairs)
  r=0.8 ours_combine     peak= 6.782GB acc=1.00 hr=0.8 fb=1999 segs=1
chunk inputs, size: 512 (num 4)
ratio 1.00 (pair), 0.2 GB (evict 0 pairs)
  r=1.0 kvzip            peak= 7.754GB acc=1.00 hr=1.0 fb=None segs=None
chunk inputs, size: 512 (num 4)
chunk inputs, size: 512 (num 4)
ratio 1.00 (pair), 0.2 GB (evict 0 pairs)
  r=1.0 ours             peak= 6.810GB acc=1.00 hr=1.0 fb=1999 segs=0
chunk inputs, size: 512 (num 4)
chunk inputs, size: 512 (num 3)
chunk inputs, size: 512 (num 3)
ratio 1.00 (pair), 0.2 GB (evict 0 pairs)
  r=1.0 ours_predict_next peak= 6.760GB acc=0.00 hr=1.0 fb=1999 segs=0
chunk inputs, size: 512 (num 4)
chunk inputs, size: 512 (num 4)
chunk inputs, size: 512 (num 4)
chunk inputs, size: 512 (num 4)
ratio 1.00 (pair), 0.2 GB (evict 0 pairs)
  r=1.0 ours_combine     peak= 6.809GB acc=1.00 hr=1.0 fb=1999 segs=0
insertion at 781
================================================================================ 
[ctx_len=2000 depth=40% q=0.4 true_len=1999]
chunk inputs, size: 512 (num 4)
ratio 0.00 (pair), 0.0 GB (evict 447776 pairs)
  r=0.0 kvzip            peak= 7.754GB acc=0.00 hr=0.0 fb=None segs=None
chunk inputs, size: 512 (num 4)
chunk inputs, size: 512 (num 2)
chunk inputs, size: 512 (num 2)
ratio 0.00 (pair), 0.0 GB (evict 14336 pairs)
  r=0.0 ours             peak= 6.697GB acc=0.00 hr=0.0 fb=64 segs=1
chunk inputs, size: 512 (num 4)
ratio 0.00 (pair), 0.0 GB (evict 14336 pairs)
  r=0.0 ours_predict_next peak= 6.708GB acc=0.00 hr=0.0 fb=64 segs=1
chunk inputs, size: 512 (num 4)
chunk inputs, size: 512 (num 2)
chunk inputs, size: 512 (num 2)
chunk inputs, size: 512 (num 2)
ratio 0.00 (pair), 0.0 GB (evict 14336 pairs)
  r=0.0 ours_combine     peak= 6.714GB acc=0.00 hr=0.0 fb=64 segs=1
chunk inputs, size: 512 (num 4)
ratio 0.20 (pair), 0.0 GB (evict 358290 pairs)
  r=0.2 kvzip            peak= 7.754GB acc=1.00 hr=0.2 fb=None segs=None
chunk inputs, size: 512 (num 4)
chunk inputs, size: 512 (num 2)
chunk inputs, size: 512 (num 2)
ratio 0.50 (pair), 0.0 GB (evict 89627 pairs)
  r=0.2 ours             peak= 6.733GB acc=1.00 hr=0.5 fb=800 segs=1
chunk inputs, size: 512 (num 4)
chunk inputs, size: 512 (num 2)
ratio 0.50 (pair), 0.0 GB (evict 89611 pairs)
  r=0.2 ours_predict_next peak= 6.708GB acc=0.00 hr=0.5 fb=800 segs=1
chunk inputs, size: 512 (num 4)
chunk inputs, size: 512 (num 2)
chunk inputs, size: 512 (num 2)
chunk inputs, size: 512 (num 2)
chunk inputs, size: 512 (num 2)
ratio 0.50 (pair), 0.0 GB (evict 89670 pairs)
  r=0.2 ours_combine     peak= 6.741GB acc=1.00 hr=0.5 fb=800 segs=1
chunk inputs, size: 512 (num 4)
ratio 0.40 (pair), 0.1 GB (evict 268879 pairs)
  r=0.4 kvzip            peak= 7.754GB acc=1.00 hr=0.4 fb=None segs=None
chunk inputs, size: 512 (num 4)
chunk inputs, size: 512 (num 2)
chunk inputs, size: 512 (num 2)
ratio 0.50 (pair), 0.1 GB (evict 179100 pairs)
  r=0.4 ours             peak= 6.783GB acc=1.00 hr=0.5 fb=1599 segs=1
chunk inputs, size: 512 (num 4)
chunk inputs, size: 512 (num 3)
ratio 0.50 (pair), 0.1 GB (evict 143606 pairs)
  r=0.4 ours_predict_next peak= 6.728GB acc=0.50 hr=0.5 fb=1599 segs=1
chunk inputs, size: 512 (num 4)
chunk inputs, size: 512 (num 2)
chunk inputs, size: 512 (num 2)
chunk inputs, size: 512 (num 2)
chunk inputs, size: 512 (num 4)
ratio 0.50 (pair), 0.1 GB (evict 179218 pairs)
  r=0.4 ours_combine     peak= 6.780GB acc=1.00 hr=0.5 fb=1599 segs=1
chunk inputs, size: 512 (num 4)
ratio 0.60 (pair), 0.1 GB (evict 179307 pairs)
  r=0.6 kvzip            peak= 7.754GB acc=1.00 hr=0.6 fb=None segs=None
chunk inputs, size: 512 (num 4)
chunk inputs, size: 512 (num 3)
ratio 0.60 (pair), 0.1 GB (evict 133271 pairs)
  r=0.6 ours             peak= 6.762GB acc=1.00 hr=0.6 fb=1999 segs=1
chunk inputs, size: 512 (num 4)
chunk inputs, size: 512 (num 3)
chunk inputs, size: 512 (num 3)
ratio 0.60 (pair), 0.1 GB (evict 137246 pairs)
  r=0.6 ours_predict_next peak= 6.758GB acc=0.50 hr=0.6 fb=1999 segs=0
chunk inputs, size: 512 (num 4)
chunk inputs, size: 512 (num 3)
chunk inputs, size: 512 (num 3)
ratio 0.60 (pair), 0.1 GB (evict 133376 pairs)
  r=0.6 ours_combine     peak= 6.782GB acc=1.00 hr=0.6 fb=1999 segs=1
chunk inputs, size: 512 (num 4)
ratio 0.80 (pair), 0.2 GB (evict 89573 pairs)
  r=0.8 kvzip            peak= 7.754GB acc=1.00 hr=0.8 fb=None segs=None
chunk inputs, size: 512 (num 4)
chunk inputs, size: 512 (num 3)
ratio 0.80 (pair), 0.1 GB (evict 66781 pairs)
  r=0.8 ours             peak= 6.762GB acc=1.00 hr=0.8 fb=1999 segs=1
chunk inputs, size: 512 (num 4)
chunk inputs, size: 512 (num 3)
chunk inputs, size: 512 (num 3)
ratio 0.80 (pair), 0.1 GB (evict 68895 pairs)
  r=0.8 ours_predict_next peak= 6.758GB acc=0.50 hr=0.8 fb=1999 segs=0
chunk inputs, size: 512 (num 4)
chunk inputs, size: 512 (num 3)
chunk inputs, size: 512 (num 3)
ratio 0.80 (pair), 0.1 GB (evict 66838 pairs)
  r=0.8 ours_combine     peak= 6.782GB acc=1.00 hr=0.8 fb=1999 segs=1
chunk inputs, size: 512 (num 4)
ratio 1.00 (pair), 0.2 GB (evict 0 pairs)
  r=1.0 kvzip            peak= 7.754GB acc=1.00 hr=1.0 fb=None segs=None
chunk inputs, size: 512 (num 4)
chunk inputs, size: 512 (num 4)
ratio 1.00 (pair), 0.2 GB (evict 0 pairs)
  r=1.0 ours             peak= 6.810GB acc=1.00 hr=1.0 fb=1999 segs=0
chunk inputs, size: 512 (num 4)
chunk inputs, size: 512 (num 3)
chunk inputs, size: 512 (num 3)
ratio 1.00 (pair), 0.2 GB (evict 0 pairs)
  r=1.0 ours_predict_next peak= 6.758GB acc=0.50 hr=1.0 fb=1999 segs=0
chunk inputs, size: 512 (num 4)
chunk inputs, size: 512 (num 4)
chunk inputs, size: 512 (num 4)
chunk inputs, size: 512 (num 4)
ratio 1.00 (pair), 0.2 GB (evict 0 pairs)
  r=1.0 ours_combine     peak= 6.809GB acc=1.00 hr=1.0 fb=1999 segs=0
insertion at 917
================================================================================ 
[ctx_len=2000 depth=50% q=0.5 true_len=1999]
chunk inputs, size: 512 (num 4)
ratio 0.00 (pair), 0.0 GB (evict 447776 pairs)
  r=0.0 kvzip            peak= 7.754GB acc=0.00 hr=0.0 fb=None segs=None
chunk inputs, size: 512 (num 4)
chunk inputs, size: 512 (num 2)
chunk inputs, size: 512 (num 2)
ratio 0.00 (pair), 0.0 GB (evict 14336 pairs)
  r=0.0 ours             peak= 6.697GB acc=0.00 hr=0.0 fb=64 segs=1
chunk inputs, size: 512 (num 4)
ratio 0.00 (pair), 0.0 GB (evict 14336 pairs)
  r=0.0 ours_predict_next peak= 6.704GB acc=0.00 hr=0.0 fb=64 segs=1
chunk inputs, size: 512 (num 4)
chunk inputs, size: 512 (num 2)
chunk inputs, size: 512 (num 2)
chunk inputs, size: 512 (num 2)
ratio 0.00 (pair), 0.0 GB (evict 14336 pairs)
  r=0.0 ours_combine     peak= 6.714GB acc=0.00 hr=0.0 fb=64 segs=1
chunk inputs, size: 512 (num 4)
ratio 0.20 (pair), 0.0 GB (evict 358256 pairs)
  r=0.2 kvzip            peak= 7.754GB acc=1.00 hr=0.2 fb=None segs=None
chunk inputs, size: 512 (num 4)
chunk inputs, size: 512 (num 2)
chunk inputs, size: 512 (num 2)
ratio 0.50 (pair), 0.0 GB (evict 89673 pairs)
  r=0.2 ours             peak= 6.733GB acc=1.00 hr=0.5 fb=800 segs=1
chunk inputs, size: 512 (num 4)
chunk inputs, size: 512 (num 2)
ratio 0.50 (pair), 0.0 GB (evict 89672 pairs)
  r=0.2 ours_predict_next peak= 6.704GB acc=0.00 hr=0.5 fb=800 segs=1
chunk inputs, size: 512 (num 4)
chunk inputs, size: 512 (num 2)
chunk inputs, size: 512 (num 2)
chunk inputs, size: 512 (num 2)
chunk inputs, size: 512 (num 2)
ratio 0.50 (pair), 0.0 GB (evict 89615 pairs)
  r=0.2 ours_combine     peak= 6.741GB acc=1.00 hr=0.5 fb=800 segs=1
chunk inputs, size: 512 (num 4)
ratio 0.40 (pair), 0.1 GB (evict 268780 pairs)
  r=0.4 kvzip            peak= 7.754GB acc=1.00 hr=0.4 fb=None segs=None
chunk inputs, size: 512 (num 4)
chunk inputs, size: 512 (num 2)
chunk inputs, size: 512 (num 2)
ratio 0.50 (pair), 0.1 GB (evict 179368 pairs)
  r=0.4 ours             peak= 6.783GB acc=1.00 hr=0.5 fb=1599 segs=1
chunk inputs, size: 512 (num 4)
chunk inputs, size: 512 (num 3)
ratio 0.50 (pair), 0.1 GB (evict 143694 pairs)
  r=0.4 ours_predict_next peak= 6.732GB acc=1.00 hr=0.5 fb=1599 segs=1
chunk inputs, size: 512 (num 4)
chunk inputs, size: 512 (num 2)
chunk inputs, size: 512 (num 2)
chunk inputs, size: 512 (num 2)
chunk inputs, size: 512 (num 4)
ratio 0.50 (pair), 0.1 GB (evict 179267 pairs)
  r=0.4 ours_combine     peak= 6.780GB acc=1.00 hr=0.5 fb=1599 segs=1
chunk inputs, size: 512 (num 4)
ratio 0.60 (pair), 0.1 GB (evict 179237 pairs)
  r=0.6 kvzip            peak= 7.754GB acc=1.00 hr=0.6 fb=None segs=None
chunk inputs, size: 512 (num 4)
chunk inputs, size: 512 (num 3)
ratio 0.60 (pair), 0.1 GB (evict 133552 pairs)
  r=0.6 ours             peak= 6.762GB acc=1.00 hr=0.6 fb=1999 segs=1
chunk inputs, size: 512 (num 4)
chunk inputs, size: 512 (num 3)
chunk inputs, size: 512 (num 3)
ratio 0.60 (pair), 0.1 GB (evict 136750 pairs)
  r=0.6 ours_predict_next peak= 6.761GB acc=1.00 hr=0.6 fb=1999 segs=0
chunk inputs, size: 512 (num 4)
chunk inputs, size: 512 (num 3)
chunk inputs, size: 512 (num 3)
ratio 0.60 (pair), 0.1 GB (evict 133323 pairs)
  r=0.6 ours_combine     peak= 6.782GB acc=1.00 hr=0.6 fb=1999 segs=1
chunk inputs, size: 512 (num 4)
ratio 0.80 (pair), 0.2 GB (evict 89583 pairs)
  r=0.8 kvzip            peak= 7.754GB acc=1.00 hr=0.8 fb=None segs=None
chunk inputs, size: 512 (num 4)
chunk inputs, size: 512 (num 3)
ratio 0.80 (pair), 0.1 GB (evict 66791 pairs)
  r=0.8 ours             peak= 6.762GB acc=1.00 hr=0.8 fb=1999 segs=1
chunk inputs, size: 512 (num 4)
chunk inputs, size: 512 (num 3)
chunk inputs, size: 512 (num 3)
ratio 0.80 (pair), 0.1 GB (evict 68440 pairs)
  r=0.8 ours_predict_next peak= 6.761GB acc=1.00 hr=0.8 fb=1999 segs=0
chunk inputs, size: 512 (num 4)
chunk inputs, size: 512 (num 3)
chunk inputs, size: 512 (num 3)
ratio 0.80 (pair), 0.1 GB (evict 66806 pairs)
  r=0.8 ours_combine     peak= 6.782GB acc=1.00 hr=0.8 fb=1999 segs=1
chunk inputs, size: 512 (num 4)
ratio 1.00 (pair), 0.2 GB (evict 0 pairs)
  r=1.0 kvzip            peak= 7.754GB acc=1.00 hr=1.0 fb=None segs=None
chunk inputs, size: 512 (num 4)
chunk inputs, size: 512 (num 4)
ratio 1.00 (pair), 0.2 GB (evict 0 pairs)
  r=1.0 ours             peak= 6.810GB acc=1.00 hr=1.0 fb=1999 segs=0
chunk inputs, size: 512 (num 4)
chunk inputs, size: 512 (num 3)
chunk inputs, size: 512 (num 3)
ratio 1.00 (pair), 0.2 GB (evict 0 pairs)
  r=1.0 ours_predict_next peak= 6.761GB acc=1.00 hr=1.0 fb=1999 segs=0
chunk inputs, size: 512 (num 4)
chunk inputs, size: 512 (num 4)
chunk inputs, size: 512 (num 4)
chunk inputs, size: 512 (num 4)
ratio 1.00 (pair), 0.2 GB (evict 0 pairs)
  r=1.0 ours_combine     peak= 6.809GB acc=1.00 hr=1.0 fb=1999 segs=0
insertion at 1174
================================================================================ 
[ctx_len=2000 depth=60% q=0.6 true_len=1999]
chunk inputs, size: 512 (num 4)
ratio 0.00 (pair), 0.0 GB (evict 447776 pairs)
  r=0.0 kvzip            peak= 7.754GB acc=0.00 hr=0.0 fb=None segs=None
chunk inputs, size: 512 (num 4)
chunk inputs, size: 512 (num 2)
chunk inputs, size: 512 (num 2)
ratio 0.00 (pair), 0.0 GB (evict 14336 pairs)
  r=0.0 ours             peak= 6.697GB acc=0.00 hr=0.0 fb=64 segs=1
chunk inputs, size: 512 (num 4)
chunk inputs, size: 512 (num 3)
ratio 0.00 (pair), 0.0 GB (evict 14336 pairs)
  r=0.0 ours_predict_next peak= 6.745GB acc=0.00 hr=0.0 fb=64 segs=1
chunk inputs, size: 512 (num 4)
chunk inputs, size: 512 (num 2)
chunk inputs, size: 512 (num 2)
chunk inputs, size: 512 (num 2)
ratio 0.00 (pair), 0.0 GB (evict 14336 pairs)
  r=0.0 ours_combine     peak= 6.714GB acc=0.00 hr=0.0 fb=64 segs=1
chunk inputs, size: 512 (num 4)
ratio 0.20 (pair), 0.0 GB (evict 358294 pairs)
  r=0.2 kvzip            peak= 7.754GB acc=1.00 hr=0.2 fb=None segs=None
chunk inputs, size: 512 (num 4)
chunk inputs, size: 512 (num 2)
chunk inputs, size: 512 (num 2)
ratio 0.50 (pair), 0.0 GB (evict 89621 pairs)
  r=0.2 ours             peak= 6.733GB acc=1.00 hr=0.5 fb=800 segs=1
chunk inputs, size: 512 (num 4)
chunk inputs, size: 512 (num 3)
ratio 0.50 (pair), 0.0 GB (evict 45933 pairs)
  r=0.2 ours_predict_next peak= 6.745GB acc=0.00 hr=0.5 fb=800 segs=1
chunk inputs, size: 512 (num 4)
chunk inputs, size: 512 (num 2)
chunk inputs, size: 512 (num 2)
chunk inputs, size: 512 (num 2)
chunk inputs, size: 512 (num 2)
ratio 0.50 (pair), 0.0 GB (evict 89688 pairs)
  r=0.2 ours_combine     peak= 6.741GB acc=1.00 hr=0.5 fb=800 segs=1
chunk inputs, size: 512 (num 4)
ratio 0.40 (pair), 0.1 GB (evict 268703 pairs)
  r=0.4 kvzip            peak= 7.754GB acc=1.00 hr=0.4 fb=None segs=None
chunk inputs, size: 512 (num 4)
chunk inputs, size: 512 (num 2)
chunk inputs, size: 512 (num 2)
ratio 0.50 (pair), 0.1 GB (evict 179478 pairs)
  r=0.4 ours             peak= 6.783GB acc=1.00 hr=0.5 fb=1599 segs=1
chunk inputs, size: 512 (num 4)
chunk inputs, size: 512 (num 3)
chunk inputs, size: 512 (num 2)
ratio 0.50 (pair), 0.1 GB (evict 91793 pairs)
  r=0.4 ours_predict_next peak= 6.745GB acc=1.00 hr=0.5 fb=1599 segs=1
chunk inputs, size: 512 (num 4)
chunk inputs, size: 512 (num 2)
chunk inputs, size: 512 (num 2)
chunk inputs, size: 512 (num 2)
chunk inputs, size: 512 (num 4)
ratio 0.50 (pair), 0.1 GB (evict 179221 pairs)
  r=0.4 ours_combine     peak= 6.780GB acc=1.00 hr=0.5 fb=1599 segs=1
chunk inputs, size: 512 (num 4)
ratio 0.60 (pair), 0.1 GB (evict 179136 pairs)
  r=0.6 kvzip            peak= 7.754GB acc=1.00 hr=0.6 fb=None segs=None
chunk inputs, size: 512 (num 4)
chunk inputs, size: 512 (num 3)
ratio 0.60 (pair), 0.1 GB (evict 133623 pairs)
  r=0.6 ours             peak= 6.762GB acc=1.00 hr=0.6 fb=1999 segs=1
chunk inputs, size: 512 (num 4)
chunk inputs, size: 512 (num 3)
chunk inputs, size: 512 (num 3)
ratio 0.60 (pair), 0.1 GB (evict 130609 pairs)
  r=0.6 ours_predict_next peak= 6.751GB acc=1.00 hr=0.6 fb=1999 segs=0
chunk inputs, size: 512 (num 4)
chunk inputs, size: 512 (num 3)
chunk inputs, size: 512 (num 3)
ratio 0.60 (pair), 0.1 GB (evict 133346 pairs)
  r=0.6 ours_combine     peak= 6.782GB acc=1.00 hr=0.6 fb=1999 segs=1
chunk inputs, size: 512 (num 4)
ratio 0.80 (pair), 0.2 GB (evict 89756 pairs)
  r=0.8 kvzip            peak= 7.754GB acc=1.00 hr=0.8 fb=None segs=None
chunk inputs, size: 512 (num 4)
chunk inputs, size: 512 (num 3)
ratio 0.80 (pair), 0.1 GB (evict 66816 pairs)
  r=0.8 ours             peak= 6.762GB acc=1.00 hr=0.8 fb=1999 segs=1
chunk inputs, size: 512 (num 4)
chunk inputs, size: 512 (num 3)
chunk inputs, size: 512 (num 3)
ratio 0.80 (pair), 0.1 GB (evict 65585 pairs)
  r=0.8 ours_predict_next peak= 6.751GB acc=1.00 hr=0.8 fb=1999 segs=0
chunk inputs, size: 512 (num 4)
chunk inputs, size: 512 (num 3)
chunk inputs, size: 512 (num 3)
ratio 0.80 (pair), 0.1 GB (evict 66730 pairs)
  r=0.8 ours_combine     peak= 6.782GB acc=1.00 hr=0.8 fb=1999 segs=1
chunk inputs, size: 512 (num 4)
ratio 1.00 (pair), 0.2 GB (evict 0 pairs)
  r=1.0 kvzip            peak= 7.754GB acc=1.00 hr=1.0 fb=None segs=None
chunk inputs, size: 512 (num 4)
chunk inputs, size: 512 (num 4)
ratio 1.00 (pair), 0.2 GB (evict 0 pairs)
  r=1.0 ours             peak= 6.810GB acc=1.00 hr=1.0 fb=1999 segs=0
chunk inputs, size: 512 (num 4)
chunk inputs, size: 512 (num 3)
chunk inputs, size: 512 (num 3)
ratio 1.00 (pair), 0.2 GB (evict 0 pairs)
  r=1.0 ours_predict_next peak= 6.751GB acc=1.00 hr=1.0 fb=1999 segs=0
chunk inputs, size: 512 (num 4)
chunk inputs, size: 512 (num 4)
chunk inputs, size: 512 (num 4)
chunk inputs, size: 512 (num 4)
ratio 1.00 (pair), 0.2 GB (evict 0 pairs)
  r=1.0 ours_combine     peak= 6.809GB acc=1.00 hr=1.0 fb=1999 segs=0
insertion at 1366
================================================================================ 
[ctx_len=2000 depth=70% q=0.7 true_len=1999]
chunk inputs, size: 512 (num 4)
ratio 0.00 (pair), 0.0 GB (evict 447776 pairs)
  r=0.0 kvzip            peak= 7.754GB acc=0.00 hr=0.0 fb=None segs=None
chunk inputs, size: 512 (num 4)
chunk inputs, size: 512 (num 2)
chunk inputs, size: 512 (num 2)
ratio 0.00 (pair), 0.0 GB (evict 14336 pairs)
  r=0.0 ours             peak= 6.697GB acc=0.00 hr=0.0 fb=64 segs=1
chunk inputs, size: 512 (num 4)
chunk inputs, size: 512 (num 3)
ratio 0.00 (pair), 0.0 GB (evict 14336 pairs)
  r=0.0 ours_predict_next peak= 6.741GB acc=0.00 hr=0.0 fb=64 segs=1
chunk inputs, size: 512 (num 4)
chunk inputs, size: 512 (num 2)
chunk inputs, size: 512 (num 2)
chunk inputs, size: 512 (num 2)
ratio 0.00 (pair), 0.0 GB (evict 14336 pairs)
  r=0.0 ours_combine     peak= 6.714GB acc=0.00 hr=0.0 fb=64 segs=1
chunk inputs, size: 512 (num 4)
ratio 0.20 (pair), 0.0 GB (evict 358256 pairs)
  r=0.2 kvzip            peak= 7.754GB acc=1.00 hr=0.2 fb=None segs=None
chunk inputs, size: 512 (num 4)
chunk inputs, size: 512 (num 2)
chunk inputs, size: 512 (num 2)
ratio 0.50 (pair), 0.0 GB (evict 89671 pairs)
  r=0.2 ours             peak= 6.733GB acc=1.00 hr=0.5 fb=800 segs=1
chunk inputs, size: 512 (num 4)
chunk inputs, size: 512 (num 3)
ratio 0.50 (pair), 0.0 GB (evict 45929 pairs)
  r=0.2 ours_predict_next peak= 6.741GB acc=1.00 hr=0.5 fb=800 segs=1
chunk inputs, size: 512 (num 4)
chunk inputs, size: 512 (num 2)
chunk inputs, size: 512 (num 2)
chunk inputs, size: 512 (num 2)
chunk inputs, size: 512 (num 2)
ratio 0.50 (pair), 0.0 GB (evict 89614 pairs)
  r=0.2 ours_combine     peak= 6.741GB acc=1.00 hr=0.5 fb=800 segs=1
chunk inputs, size: 512 (num 4)
ratio 0.40 (pair), 0.1 GB (evict 268707 pairs)
  r=0.4 kvzip            peak= 7.754GB acc=1.00 hr=0.4 fb=None segs=None
chunk inputs, size: 512 (num 4)
chunk inputs, size: 512 (num 2)
chunk inputs, size: 512 (num 2)
ratio 0.50 (pair), 0.1 GB (evict 179301 pairs)
  r=0.4 ours             peak= 6.783GB acc=1.00 hr=0.5 fb=1599 segs=1
chunk inputs, size: 512 (num 4)
chunk inputs, size: 512 (num 3)
chunk inputs, size: 512 (num 2)
ratio 0.50 (pair), 0.1 GB (evict 91794 pairs)
  r=0.4 ours_predict_next peak= 6.741GB acc=1.00 hr=0.5 fb=1599 segs=1
chunk inputs, size: 512 (num 4)
chunk inputs, size: 512 (num 2)
chunk inputs, size: 512 (num 2)
chunk inputs, size: 512 (num 2)
chunk inputs, size: 512 (num 4)
ratio 0.50 (pair), 0.1 GB (evict 179235 pairs)
  r=0.4 ours_combine     peak= 6.780GB acc=1.00 hr=0.5 fb=1599 segs=1
chunk inputs, size: 512 (num 4)
ratio 0.60 (pair), 0.1 GB (evict 179511 pairs)
  r=0.6 kvzip            peak= 7.754GB acc=1.00 hr=0.6 fb=None segs=None
chunk inputs, size: 512 (num 4)
chunk inputs, size: 512 (num 3)
ratio 0.60 (pair), 0.1 GB (evict 133262 pairs)
  r=0.6 ours             peak= 6.762GB acc=1.00 hr=0.6 fb=1999 segs=1
chunk inputs, size: 512 (num 4)
chunk inputs, size: 512 (num 3)
chunk inputs, size: 512 (num 3)
ratio 0.60 (pair), 0.1 GB (evict 129586 pairs)
  r=0.6 ours_predict_next peak= 6.748GB acc=1.00 hr=0.6 fb=1999 segs=0
chunk inputs, size: 512 (num 4)
chunk inputs, size: 512 (num 3)
chunk inputs, size: 512 (num 3)
ratio 0.60 (pair), 0.1 GB (evict 133430 pairs)
  r=0.6 ours_combine     peak= 6.782GB acc=1.00 hr=0.6 fb=1999 segs=1
chunk inputs, size: 512 (num 4)
ratio 0.80 (pair), 0.2 GB (evict 89657 pairs)
  r=0.8 kvzip            peak= 7.754GB acc=1.00 hr=0.8 fb=None segs=None
chunk inputs, size: 512 (num 4)
chunk inputs, size: 512 (num 3)
ratio 0.80 (pair), 0.1 GB (evict 66692 pairs)
  r=0.8 ours             peak= 6.762GB acc=1.00 hr=0.8 fb=1999 segs=1
chunk inputs, size: 512 (num 4)
chunk inputs, size: 512 (num 3)
chunk inputs, size: 512 (num 3)
ratio 0.80 (pair), 0.1 GB (evict 64998 pairs)
  r=0.8 ours_predict_next peak= 6.748GB acc=1.00 hr=0.8 fb=1999 segs=0
chunk inputs, size: 512 (num 4)
chunk inputs, size: 512 (num 3)
chunk inputs, size: 512 (num 3)
ratio 0.80 (pair), 0.1 GB (evict 66631 pairs)
  r=0.8 ours_combine     peak= 6.782GB acc=1.00 hr=0.8 fb=1999 segs=1
chunk inputs, size: 512 (num 4)
ratio 1.00 (pair), 0.2 GB (evict 0 pairs)
  r=1.0 kvzip            peak= 7.754GB acc=1.00 hr=1.0 fb=None segs=None
chunk inputs, size: 512 (num 4)
chunk inputs, size: 512 (num 4)
ratio 1.00 (pair), 0.2 GB (evict 0 pairs)
  r=1.0 ours             peak= 6.810GB acc=1.00 hr=1.0 fb=1999 segs=0
chunk inputs, size: 512 (num 4)
chunk inputs, size: 512 (num 3)
chunk inputs, size: 512 (num 3)
ratio 1.00 (pair), 0.2 GB (evict 0 pairs)
  r=1.0 ours_predict_next peak= 6.748GB acc=1.00 hr=1.0 fb=1999 segs=0
chunk inputs, size: 512 (num 4)
chunk inputs, size: 512 (num 4)
chunk inputs, size: 512 (num 4)
chunk inputs, size: 512 (num 4)
ratio 1.00 (pair), 0.2 GB (evict 0 pairs)
  r=1.0 ours_combine     peak= 6.809GB acc=1.00 hr=1.0 fb=1999 segs=0
insertion at 1574
================================================================================ 
[ctx_len=2000 depth=80% q=0.8 true_len=1999]
chunk inputs, size: 512 (num 4)
ratio 0.00 (pair), 0.0 GB (evict 447776 pairs)
  r=0.0 kvzip            peak= 7.754GB acc=0.00 hr=0.0 fb=None segs=None
chunk inputs, size: 512 (num 4)
chunk inputs, size: 512 (num 2)
chunk inputs, size: 512 (num 2)
ratio 0.00 (pair), 0.0 GB (evict 14336 pairs)
  r=0.0 ours             peak= 6.697GB acc=0.00 hr=0.0 fb=64 segs=1
chunk inputs, size: 512 (num 4)
chunk inputs, size: 512 (num 3)
ratio 0.00 (pair), 0.0 GB (evict 14336 pairs)
  r=0.0 ours_predict_next peak= 6.736GB acc=0.00 hr=0.0 fb=64 segs=1
chunk inputs, size: 512 (num 4)
chunk inputs, size: 512 (num 2)
chunk inputs, size: 512 (num 2)
chunk inputs, size: 512 (num 2)
ratio 0.00 (pair), 0.0 GB (evict 14336 pairs)
  r=0.0 ours_combine     peak= 6.714GB acc=0.00 hr=0.0 fb=64 segs=1
chunk inputs, size: 512 (num 4)
ratio 0.20 (pair), 0.0 GB (evict 358231 pairs)
  r=0.2 kvzip            peak= 7.754GB acc=1.00 hr=0.2 fb=None segs=None
chunk inputs, size: 512 (num 4)
chunk inputs, size: 512 (num 2)
chunk inputs, size: 512 (num 2)
ratio 0.50 (pair), 0.0 GB (evict 89657 pairs)
  r=0.2 ours             peak= 6.733GB acc=1.00 hr=0.5 fb=800 segs=1
chunk inputs, size: 512 (num 4)
chunk inputs, size: 512 (num 3)
ratio 0.50 (pair), 0.0 GB (evict 45948 pairs)
  r=0.2 ours_predict_next peak= 6.736GB acc=1.00 hr=0.5 fb=800 segs=1
chunk inputs, size: 512 (num 4)
chunk inputs, size: 512 (num 2)
chunk inputs, size: 512 (num 2)
chunk inputs, size: 512 (num 2)
chunk inputs, size: 512 (num 2)
ratio 0.50 (pair), 0.0 GB (evict 89686 pairs)
  r=0.2 ours_combine     peak= 6.741GB acc=1.00 hr=0.5 fb=800 segs=1
chunk inputs, size: 512 (num 4)
ratio 0.40 (pair), 0.1 GB (evict 268900 pairs)
  r=0.4 kvzip            peak= 7.754GB acc=1.00 hr=0.4 fb=None segs=None
chunk inputs, size: 512 (num 4)
chunk inputs, size: 512 (num 2)
chunk inputs, size: 512 (num 2)
ratio 0.50 (pair), 0.1 GB (evict 179130 pairs)
  r=0.4 ours             peak= 6.783GB acc=1.00 hr=0.5 fb=1599 segs=1
chunk inputs, size: 512 (num 4)
chunk inputs, size: 512 (num 3)
chunk inputs, size: 512 (num 2)
ratio 0.50 (pair), 0.1 GB (evict 91800 pairs)
  r=0.4 ours_predict_next peak= 6.736GB acc=1.00 hr=0.5 fb=1599 segs=1
chunk inputs, size: 512 (num 4)
chunk inputs, size: 512 (num 2)
chunk inputs, size: 512 (num 2)
chunk inputs, size: 512 (num 2)
chunk inputs, size: 512 (num 4)
ratio 0.50 (pair), 0.1 GB (evict 179254 pairs)
  r=0.4 ours_combine     peak= 6.780GB acc=1.00 hr=0.5 fb=1599 segs=1
chunk inputs, size: 512 (num 4)
ratio 0.60 (pair), 0.1 GB (evict 179233 pairs)
  r=0.6 kvzip            peak= 7.754GB acc=1.00 hr=0.6 fb=None segs=None
chunk inputs, size: 512 (num 4)
chunk inputs, size: 512 (num 3)
ratio 0.60 (pair), 0.1 GB (evict 133313 pairs)
  r=0.6 ours             peak= 6.762GB acc=1.00 hr=0.6 fb=1999 segs=1
chunk inputs, size: 512 (num 4)
chunk inputs, size: 512 (num 3)
chunk inputs, size: 512 (num 3)
ratio 0.60 (pair), 0.1 GB (evict 123831 pairs)
  r=0.6 ours_predict_next peak= 6.742GB acc=1.00 hr=0.6 fb=1999 segs=0
chunk inputs, size: 512 (num 4)
chunk inputs, size: 512 (num 3)
chunk inputs, size: 512 (num 3)
ratio 0.60 (pair), 0.1 GB (evict 133354 pairs)
  r=0.6 ours_combine     peak= 6.782GB acc=1.00 hr=0.6 fb=1999 segs=1
chunk inputs, size: 512 (num 4)
ratio 0.80 (pair), 0.2 GB (evict 90007 pairs)
  r=0.8 kvzip            peak= 7.754GB acc=1.00 hr=0.8 fb=None segs=None
chunk inputs, size: 512 (num 4)
chunk inputs, size: 512 (num 3)
ratio 0.80 (pair), 0.1 GB (evict 66816 pairs)
  r=0.8 ours             peak= 6.762GB acc=1.00 hr=0.8 fb=1999 segs=1
chunk inputs, size: 512 (num 4)
chunk inputs, size: 512 (num 3)
chunk inputs, size: 512 (num 3)
ratio 0.80 (pair), 0.1 GB (evict 62044 pairs)
  r=0.8 ours_predict_next peak= 6.742GB acc=1.00 hr=0.8 fb=1999 segs=0
chunk inputs, size: 512 (num 4)
chunk inputs, size: 512 (num 3)
chunk inputs, size: 512 (num 3)
ratio 0.80 (pair), 0.1 GB (evict 66978 pairs)
  r=0.8 ours_combine     peak= 6.782GB acc=1.00 hr=0.8 fb=1999 segs=1
chunk inputs, size: 512 (num 4)
ratio 1.00 (pair), 0.2 GB (evict 0 pairs)
  r=1.0 kvzip            peak= 7.754GB acc=1.00 hr=1.0 fb=None segs=None
chunk inputs, size: 512 (num 4)
chunk inputs, size: 512 (num 4)
ratio 1.00 (pair), 0.2 GB (evict 0 pairs)
  r=1.0 ours             peak= 6.810GB acc=1.00 hr=1.0 fb=1999 segs=0
chunk inputs, size: 512 (num 4)
chunk inputs, size: 512 (num 3)
chunk inputs, size: 512 (num 3)
ratio 1.00 (pair), 0.2 GB (evict 0 pairs)
  r=1.0 ours_predict_next peak= 6.742GB acc=1.00 hr=1.0 fb=1999 segs=0
chunk inputs, size: 512 (num 4)
chunk inputs, size: 512 (num 4)
chunk inputs, size: 512 (num 4)
chunk inputs, size: 512 (num 4)
ratio 1.00 (pair), 0.2 GB (evict 0 pairs)
  r=1.0 ours_combine     peak= 6.809GB acc=1.00 hr=1.0 fb=1999 segs=0
insertion at 1747
================================================================================ 
[ctx_len=2000 depth=90% q=0.9 true_len=1999]
chunk inputs, size: 512 (num 4)
ratio 0.00 (pair), 0.0 GB (evict 447776 pairs)
  r=0.0 kvzip            peak= 7.754GB acc=0.00 hr=0.0 fb=None segs=None
chunk inputs, size: 512 (num 4)
chunk inputs, size: 512 (num 2)
chunk inputs, size: 512 (num 2)
ratio 0.00 (pair), 0.0 GB (evict 14336 pairs)
  r=0.0 ours             peak= 6.697GB acc=0.00 hr=0.0 fb=64 segs=1
chunk inputs, size: 512 (num 4)
chunk inputs, size: 512 (num 3)
ratio 0.00 (pair), 0.0 GB (evict 14336 pairs)
  r=0.0 ours_predict_next peak= 6.735GB acc=0.00 hr=0.0 fb=64 segs=1
chunk inputs, size: 512 (num 4)
chunk inputs, size: 512 (num 2)
chunk inputs, size: 512 (num 2)
chunk inputs, size: 512 (num 2)
ratio 0.00 (pair), 0.0 GB (evict 14336 pairs)
  r=0.0 ours_combine     peak= 6.714GB acc=0.00 hr=0.0 fb=64 segs=1
chunk inputs, size: 512 (num 4)
ratio 0.20 (pair), 0.0 GB (evict 358245 pairs)
  r=0.2 kvzip            peak= 7.754GB acc=1.00 hr=0.2 fb=None segs=None
chunk inputs, size: 512 (num 4)
chunk inputs, size: 512 (num 2)
chunk inputs, size: 512 (num 2)
ratio 0.50 (pair), 0.0 GB (evict 89702 pairs)
  r=0.2 ours             peak= 6.733GB acc=1.00 hr=0.5 fb=800 segs=1
chunk inputs, size: 512 (num 4)
chunk inputs, size: 512 (num 3)
ratio 0.50 (pair), 0.0 GB (evict 45952 pairs)
  r=0.2 ours_predict_next peak= 6.735GB acc=1.00 hr=0.5 fb=800 segs=1
chunk inputs, size: 512 (num 4)
chunk inputs, size: 512 (num 2)
chunk inputs, size: 512 (num 2)
chunk inputs, size: 512 (num 2)
chunk inputs, size: 512 (num 2)
ratio 0.50 (pair), 0.0 GB (evict 89685 pairs)
  r=0.2 ours_combine     peak= 6.741GB acc=1.00 hr=0.5 fb=800 segs=1
chunk inputs, size: 512 (num 4)
ratio 0.40 (pair), 0.1 GB (evict 268805 pairs)
  r=0.4 kvzip            peak= 7.754GB acc=1.00 hr=0.4 fb=None segs=None
chunk inputs, size: 512 (num 4)
chunk inputs, size: 512 (num 2)
chunk inputs, size: 512 (num 2)
ratio 0.50 (pair), 0.1 GB (evict 179195 pairs)
  r=0.4 ours             peak= 6.783GB acc=1.00 hr=0.5 fb=1599 segs=1
chunk inputs, size: 512 (num 4)
chunk inputs, size: 512 (num 3)
chunk inputs, size: 512 (num 2)
ratio 0.50 (pair), 0.1 GB (evict 91832 pairs)
  r=0.4 ours_predict_next peak= 6.735GB acc=1.00 hr=0.5 fb=1599 segs=1
chunk inputs, size: 512 (num 4)
chunk inputs, size: 512 (num 2)
chunk inputs, size: 512 (num 2)
chunk inputs, size: 512 (num 2)
chunk inputs, size: 512 (num 4)
ratio 0.50 (pair), 0.1 GB (evict 179147 pairs)
  r=0.4 ours_combine     peak= 6.780GB acc=1.00 hr=0.5 fb=1599 segs=1
chunk inputs, size: 512 (num 4)
ratio 0.60 (pair), 0.1 GB (evict 179507 pairs)
  r=0.6 kvzip            peak= 7.754GB acc=1.00 hr=0.6 fb=None segs=None
chunk inputs, size: 512 (num 4)
chunk inputs, size: 512 (num 3)
ratio 0.60 (pair), 0.1 GB (evict 133547 pairs)
  r=0.6 ours             peak= 6.762GB acc=1.00 hr=0.6 fb=1999 segs=1
chunk inputs, size: 512 (num 4)
chunk inputs, size: 512 (num 3)
chunk inputs, size: 512 (num 3)
ratio 0.60 (pair), 0.1 GB (evict 124271 pairs)
  r=0.6 ours_predict_next peak= 6.742GB acc=1.00 hr=0.6 fb=1999 segs=0
chunk inputs, size: 512 (num 4)
chunk inputs, size: 512 (num 3)
chunk inputs, size: 512 (num 3)
ratio 0.60 (pair), 0.1 GB (evict 133490 pairs)
  r=0.6 ours_combine     peak= 6.782GB acc=1.00 hr=0.6 fb=1999 segs=1
chunk inputs, size: 512 (num 4)
ratio 0.80 (pair), 0.2 GB (evict 89597 pairs)
  r=0.8 kvzip            peak= 7.754GB acc=1.00 hr=0.8 fb=None segs=None
chunk inputs, size: 512 (num 4)
chunk inputs, size: 512 (num 3)
ratio 0.80 (pair), 0.1 GB (evict 66810 pairs)
  r=0.8 ours             peak= 6.762GB acc=1.00 hr=0.8 fb=1999 segs=1
chunk inputs, size: 512 (num 4)
chunk inputs, size: 512 (num 3)
chunk inputs, size: 512 (num 3)
ratio 0.80 (pair), 0.1 GB (evict 62343 pairs)
  r=0.8 ours_predict_next peak= 6.742GB acc=1.00 hr=0.8 fb=1999 segs=0
chunk inputs, size: 512 (num 4)
chunk inputs, size: 512 (num 3)
chunk inputs, size: 512 (num 3)
ratio 0.80 (pair), 0.1 GB (evict 66842 pairs)
  r=0.8 ours_combine     peak= 6.782GB acc=1.00 hr=0.8 fb=1999 segs=1
chunk inputs, size: 512 (num 4)
ratio 1.00 (pair), 0.2 GB (evict 0 pairs)
  r=1.0 kvzip            peak= 7.754GB acc=1.00 hr=1.0 fb=None segs=None
chunk inputs, size: 512 (num 4)
chunk inputs, size: 512 (num 4)
ratio 1.00 (pair), 0.2 GB (evict 0 pairs)
  r=1.0 ours             peak= 6.810GB acc=1.00 hr=1.0 fb=1999 segs=0
chunk inputs, size: 512 (num 4)
chunk inputs, size: 512 (num 3)
chunk inputs, size: 512 (num 3)
ratio 1.00 (pair), 0.2 GB (evict 0 pairs)
  r=1.0 ours_predict_next peak= 6.742GB acc=1.00 hr=1.0 fb=1999 segs=0
chunk inputs, size: 512 (num 4)
chunk inputs, size: 512 (num 4)
chunk inputs, size: 512 (num 4)
chunk inputs, size: 512 (num 4)
ratio 1.00 (pair), 0.2 GB (evict 0 pairs)
  r=1.0 ours_combine     peak= 6.809GB acc=1.00 hr=1.0 fb=1999 segs=0
insertion at 1976
================================================================================ 
[ctx_len=2000 depth=100% q=1.0 true_len=2000]
chunk inputs, size: 512 (num 4)
ratio 0.00 (pair), 0.0 GB (evict 448000 pairs)
  r=0.0 kvzip            peak= 7.755GB acc=0.00 hr=0.0 fb=None segs=None
chunk inputs, size: 512 (num 4)
chunk inputs, size: 512 (num 2)
chunk inputs, size: 512 (num 2)
ratio 0.00 (pair), 0.0 GB (evict 14336 pairs)
  r=0.0 ours             peak= 6.697GB acc=0.00 hr=0.0 fb=64 segs=1
chunk inputs, size: 512 (num 4)
chunk inputs, size: 512 (num 3)
ratio 0.00 (pair), 0.0 GB (evict 14336 pairs)
  r=0.0 ours_predict_next peak= 6.736GB acc=0.00 hr=0.0 fb=64 segs=1
chunk inputs, size: 512 (num 4)
chunk inputs, size: 512 (num 2)
chunk inputs, size: 512 (num 2)
chunk inputs, size: 512 (num 2)
ratio 0.00 (pair), 0.0 GB (evict 14336 pairs)
  r=0.0 ours_combine     peak= 6.714GB acc=0.00 hr=0.0 fb=64 segs=1
chunk inputs, size: 512 (num 4)
ratio 0.20 (pair), 0.0 GB (evict 358417 pairs)
  r=0.2 kvzip            peak= 7.755GB acc=1.00 hr=0.2 fb=None segs=None
chunk inputs, size: 512 (num 4)
chunk inputs, size: 512 (num 2)
chunk inputs, size: 512 (num 2)
ratio 0.50 (pair), 0.0 GB (evict 89710 pairs)
  r=0.2 ours             peak= 6.732GB acc=1.00 hr=0.5 fb=800 segs=1
chunk inputs, size: 512 (num 4)
chunk inputs, size: 512 (num 3)
ratio 0.50 (pair), 0.0 GB (evict 45923 pairs)
  r=0.2 ours_predict_next peak= 6.736GB acc=1.00 hr=0.5 fb=800 segs=1
chunk inputs, size: 512 (num 4)
chunk inputs, size: 512 (num 2)
chunk inputs, size: 512 (num 2)
chunk inputs, size: 512 (num 2)
chunk inputs, size: 512 (num 2)
ratio 0.50 (pair), 0.0 GB (evict 89615 pairs)
  r=0.2 ours_combine     peak= 6.736GB acc=1.00 hr=0.5 fb=800 segs=1
chunk inputs, size: 512 (num 4)
ratio 0.40 (pair), 0.1 GB (evict 268825 pairs)
  r=0.4 kvzip            peak= 7.755GB acc=1.00 hr=0.4 fb=None segs=None
chunk inputs, size: 512 (num 4)
chunk inputs, size: 512 (num 2)
chunk inputs, size: 512 (num 2)
ratio 0.50 (pair), 0.1 GB (evict 179564 pairs)
  r=0.4 ours             peak= 6.781GB acc=1.00 hr=0.5 fb=1600 segs=1
chunk inputs, size: 512 (num 4)
chunk inputs, size: 512 (num 3)
chunk inputs, size: 512 (num 2)
ratio 0.50 (pair), 0.1 GB (evict 91782 pairs)
  r=0.4 ours_predict_next peak= 6.736GB acc=1.00 hr=0.5 fb=1600 segs=1
chunk inputs, size: 512 (num 4)
chunk inputs, size: 512 (num 2)
chunk inputs, size: 512 (num 2)
chunk inputs, size: 512 (num 2)
chunk inputs, size: 512 (num 4)
ratio 0.50 (pair), 0.1 GB (evict 179282 pairs)
  r=0.4 ours_combine     peak= 6.783GB acc=1.00 hr=0.5 fb=1600 segs=1
chunk inputs, size: 512 (num 4)
ratio 0.60 (pair), 0.1 GB (evict 179444 pairs)
  r=0.6 kvzip            peak= 7.755GB acc=1.00 hr=0.6 fb=None segs=None
chunk inputs, size: 512 (num 4)
chunk inputs, size: 512 (num 3)
ratio 0.60 (pair), 0.1 GB (evict 133698 pairs)
  r=0.6 ours             peak= 6.762GB acc=1.00 hr=0.6 fb=2000 segs=1
chunk inputs, size: 512 (num 4)
chunk inputs, size: 512 (num 3)
chunk inputs, size: 512 (num 3)
ratio 0.60 (pair), 0.1 GB (evict 124863 pairs)
  r=0.6 ours_predict_next peak= 6.741GB acc=1.00 hr=0.6 fb=2000 segs=0
chunk inputs, size: 512 (num 4)
chunk inputs, size: 512 (num 3)
chunk inputs, size: 512 (num 3)
ratio 0.60 (pair), 0.1 GB (evict 133386 pairs)
  r=0.6 ours_combine     peak= 6.779GB acc=1.00 hr=0.6 fb=2000 segs=1
chunk inputs, size: 512 (num 4)
ratio 0.80 (pair), 0.2 GB (evict 90138 pairs)
  r=0.8 kvzip            peak= 7.755GB acc=1.00 hr=0.8 fb=None segs=None
chunk inputs, size: 512 (num 4)
chunk inputs, size: 512 (num 3)
ratio 0.80 (pair), 0.1 GB (evict 66688 pairs)
  r=0.8 ours             peak= 6.762GB acc=1.00 hr=0.8 fb=2000 segs=1
chunk inputs, size: 512 (num 4)
chunk inputs, size: 512 (num 3)
chunk inputs, size: 512 (num 3)
ratio 0.80 (pair), 0.1 GB (evict 62605 pairs)
  r=0.8 ours_predict_next peak= 6.741GB acc=1.00 hr=0.8 fb=2000 segs=0
chunk inputs, size: 512 (num 4)
chunk inputs, size: 512 (num 3)
chunk inputs, size: 512 (num 3)
ratio 0.80 (pair), 0.1 GB (evict 67007 pairs)
  r=0.8 ours_combine     peak= 6.779GB acc=1.00 hr=0.8 fb=2000 segs=1
chunk inputs, size: 512 (num 4)
ratio 1.00 (pair), 0.2 GB (evict 0 pairs)
  r=1.0 kvzip            peak= 7.755GB acc=1.00 hr=1.0 fb=None segs=None
chunk inputs, size: 512 (num 4)
chunk inputs, size: 512 (num 4)
ratio 1.00 (pair), 0.2 GB (evict 0 pairs)
  r=1.0 ours             peak= 6.812GB acc=1.00 hr=1.0 fb=2000 segs=0
chunk inputs, size: 512 (num 4)
chunk inputs, size: 512 (num 3)
chunk inputs, size: 512 (num 3)
ratio 1.00 (pair), 0.2 GB (evict 0 pairs)
  r=1.0 ours_predict_next peak= 6.741GB acc=1.00 hr=1.0 fb=2000 segs=0
chunk inputs, size: 512 (num 4)
chunk inputs, size: 512 (num 4)
chunk inputs, size: 512 (num 4)
chunk inputs, size: 512 (num 4)
ratio 1.00 (pair), 0.2 GB (evict 0 pairs)
  r=1.0 ours_combine     peak= 6.813GB acc=1.00 hr=1.0 fb=2000 segs=0
insertion at 0
================================================================================ 
[ctx_len=8000 depth=0% q=0.0 true_len=7999]
chunk inputs, size: 512 (num 16)
chunk inputs, size: 2000 (num 4)
ratio 0.00 (pair), 0.0 GB (evict 1791776 pairs)
  r=0.0 kvzip            peak= 8.456GB acc=0.00 hr=0.0 fb=None segs=None
chunk inputs, size: 512 (num 16)
chunk inputs, size: 512 (num 2)
chunk inputs, size: 512 (num 2)
chunk inputs, size: 512 (num 2)
chunk inputs, size: 512 (num 2)
chunk inputs, size: 512 (num 2)
chunk inputs, size: 512 (num 2)
chunk inputs, size: 512 (num 2)
chunk inputs, size: 512 (num 2)
ratio 0.00 (pair), 0.0 GB (evict 14336 pairs)
  r=0.0 ours             peak= 6.707GB acc=0.00 hr=0.0 fb=64 segs=7
chunk inputs, size: 512 (num 16)
chunk inputs, size: 512 (num 3)
ratio 0.00 (pair), 0.0 GB (evict 14336 pairs)
  r=0.0 ours_predict_next peak= 6.760GB acc=0.00 hr=0.0 fb=64 segs=4
chunk inputs, size: 512 (num 16)
chunk inputs, size: 512 (num 2)
chunk inputs, size: 512 (num 2)
chunk inputs, size: 512 (num 2)
chunk inputs, size: 512 (num 2)
chunk inputs, size: 512 (num 2)
chunk inputs, size: 512 (num 2)
chunk inputs, size: 512 (num 2)
chunk inputs, size: 512 (num 2)
chunk inputs, size: 512 (num 2)
ratio 0.00 (pair), 0.0 GB (evict 14336 pairs)
  r=0.0 ours_combine     peak= 6.721GB acc=0.00 hr=0.0 fb=64 segs=7
chunk inputs, size: 512 (num 16)
chunk inputs, size: 2000 (num 4)
ratio 0.20 (pair), 0.2 GB (evict 1433846 pairs)
  r=0.2 kvzip            peak= 8.456GB acc=1.00 hr=0.2 fb=None segs=None
chunk inputs, size: 512 (num 16)
chunk inputs, size: 512 (num 2)
chunk inputs, size: 512 (num 2)
chunk inputs, size: 512 (num 2)
chunk inputs, size: 512 (num 2)
chunk inputs, size: 512 (num 2)
chunk inputs, size: 512 (num 2)
chunk inputs, size: 512 (num 2)
chunk inputs, size: 512 (num 2)
ratio 0.50 (pair), 0.2 GB (evict 358471 pairs)
  r=0.2 ours             peak= 6.999GB acc=1.00 hr=0.5 fb=3200 segs=7
chunk inputs, size: 512 (num 16)
chunk inputs, size: 512 (num 3)
chunk inputs, size: 512 (num 4)
ratio 0.50 (pair), 0.1 GB (evict 183915 pairs)
  r=0.2 ours_predict_next peak= 6.841GB acc=1.00 hr=0.5 fb=3200 segs=4
chunk inputs, size: 512 (num 16)
chunk inputs, size: 512 (num 2)
chunk inputs, size: 512 (num 2)
chunk inputs, size: 512 (num 2)
chunk inputs, size: 512 (num 2)
chunk inputs, size: 512 (num 2)
chunk inputs, size: 512 (num 2)
chunk inputs, size: 512 (num 2)
chunk inputs, size: 512 (num 2)
chunk inputs, size: 512 (num 2)
chunk inputs, size: 512 (num 7)
ratio 0.50 (pair), 0.2 GB (evict 358788 pairs)
  r=0.2 ours_combine     peak= 6.999GB acc=1.00 hr=0.5 fb=3200 segs=7
chunk inputs, size: 512 (num 16)
chunk inputs, size: 2000 (num 4)
ratio 0.40 (pair), 0.4 GB (evict 1076112 pairs)
  r=0.4 kvzip            peak= 8.456GB acc=1.00 hr=0.4 fb=None segs=None
chunk inputs, size: 512 (num 16)
chunk inputs, size: 512 (num 2)
chunk inputs, size: 512 (num 2)
chunk inputs, size: 512 (num 2)
chunk inputs, size: 512 (num 2)
chunk inputs, size: 512 (num 2)
chunk inputs, size: 512 (num 2)
chunk inputs, size: 512 (num 2)
chunk inputs, size: 512 (num 2)
ratio 0.50 (pair), 0.4 GB (evict 717199 pairs)
  r=0.4 ours             peak= 7.330GB acc=1.00 hr=0.5 fb=6399 segs=7
chunk inputs, size: 512 (num 16)
chunk inputs, size: 512 (num 3)
chunk inputs, size: 512 (num 7)
ratio 0.50 (pair), 0.2 GB (evict 366996 pairs)
  r=0.4 ours_predict_next peak= 6.980GB acc=1.00 hr=0.5 fb=6399 segs=4
chunk inputs, size: 512 (num 16)
chunk inputs, size: 512 (num 2)
chunk inputs, size: 512 (num 2)
chunk inputs, size: 512 (num 2)
chunk inputs, size: 512 (num 2)
chunk inputs, size: 512 (num 2)
chunk inputs, size: 512 (num 2)
chunk inputs, size: 512 (num 2)
chunk inputs, size: 512 (num 2)
chunk inputs, size: 512 (num 2)
chunk inputs, size: 512 (num 13)
ratio 0.50 (pair), 0.4 GB (evict 716967 pairs)
  r=0.4 ours_combine     peak= 7.329GB acc=1.00 hr=0.5 fb=6399 segs=7
chunk inputs, size: 512 (num 16)
chunk inputs, size: 2000 (num 4)
ratio 0.60 (pair), 0.6 GB (evict 717379 pairs)
  r=0.6 kvzip            peak= 8.456GB acc=1.00 hr=0.6 fb=None segs=None
chunk inputs, size: 512 (num 16)
chunk inputs, size: 512 (num 3)
chunk inputs, size: 512 (num 3)
chunk inputs, size: 512 (num 3)
chunk inputs, size: 512 (num 3)
chunk inputs, size: 512 (num 3)
ratio 0.60 (pair), 0.4 GB (evict 487914 pairs)
  r=0.6 ours             peak= 7.225GB acc=1.00 hr=0.6 fb=7999 segs=5
chunk inputs, size: 512 (num 16)
chunk inputs, size: 512 (num 3)
chunk inputs, size: 512 (num 7)
ratio 0.60 (pair), 0.2 GB (evict 280284 pairs)
  r=0.6 ours_predict_next peak= 6.956GB acc=1.00 hr=0.6 fb=7999 segs=2
chunk inputs, size: 512 (num 16)
chunk inputs, size: 512 (num 3)
chunk inputs, size: 512 (num 3)
chunk inputs, size: 512 (num 3)
chunk inputs, size: 512 (num 3)
chunk inputs, size: 512 (num 3)
chunk inputs, size: 512 (num 11)
ratio 0.60 (pair), 0.4 GB (evict 487517 pairs)
  r=0.6 ours_combine     peak= 7.226GB acc=1.00 hr=0.6 fb=7999 segs=5
chunk inputs, size: 512 (num 16)
chunk inputs, size: 2000 (num 4)
ratio 0.80 (pair), 0.7 GB (evict 360072 pairs)
  r=0.8 kvzip            peak= 8.456GB acc=1.00 hr=0.8 fb=None segs=None
chunk inputs, size: 512 (num 16)
chunk inputs, size: 512 (num 3)
chunk inputs, size: 512 (num 3)
chunk inputs, size: 512 (num 3)
chunk inputs, size: 512 (num 3)
chunk inputs, size: 512 (num 3)
ratio 0.80 (pair), 0.5 GB (evict 244913 pairs)
  r=0.8 ours             peak= 7.225GB acc=1.00 hr=0.8 fb=7999 segs=5
chunk inputs, size: 512 (num 16)
chunk inputs, size: 512 (num 3)
chunk inputs, size: 512 (num 7)
ratio 0.80 (pair), 0.3 GB (evict 140313 pairs)
  r=0.8 ours_predict_next peak= 6.956GB acc=1.00 hr=0.8 fb=7999 segs=2
chunk inputs, size: 512 (num 16)
chunk inputs, size: 512 (num 3)
chunk inputs, size: 512 (num 3)
chunk inputs, size: 512 (num 3)
chunk inputs, size: 512 (num 3)
chunk inputs, size: 512 (num 3)
chunk inputs, size: 512 (num 11)
ratio 0.80 (pair), 0.5 GB (evict 244361 pairs)
  r=0.8 ours_combine     peak= 7.226GB acc=1.00 hr=0.8 fb=7999 segs=5
chunk inputs, size: 512 (num 16)
chunk inputs, size: 2000 (num 4)
ratio 1.00 (pair), 0.9 GB (evict 0 pairs)
  r=1.0 kvzip            peak= 8.456GB acc=1.00 hr=1.0 fb=None segs=None
chunk inputs, size: 512 (num 16)
chunk inputs, size: 512 (num 16)
ratio 1.00 (pair), 0.9 GB (evict 0 pairs)
  r=1.0 ours             peak= 7.495GB acc=1.00 hr=1.0 fb=7999 segs=0
chunk inputs, size: 512 (num 16)
chunk inputs, size: 512 (num 9)
chunk inputs, size: 512 (num 9)
ratio 1.00 (pair), 0.5 GB (evict 0 pairs)
  r=1.0 ours_predict_next peak= 7.087GB acc=1.00 hr=1.0 fb=7999 segs=0
chunk inputs, size: 512 (num 16)
chunk inputs, size: 512 (num 16)
chunk inputs, size: 512 (num 16)
chunk inputs, size: 512 (num 16)
ratio 1.00 (pair), 0.9 GB (evict 0 pairs)
  r=1.0 ours_combine     peak= 7.496GB acc=1.00 hr=1.0 fb=7999 segs=0
insertion at 781
================================================================================ 
[ctx_len=8000 depth=10% q=0.1 true_len=7999]
chunk inputs, size: 512 (num 16)
chunk inputs, size: 2000 (num 4)
ratio 0.00 (pair), 0.0 GB (evict 1791776 pairs)
  r=0.0 kvzip            peak= 8.456GB acc=0.00 hr=0.0 fb=None segs=None
chunk inputs, size: 512 (num 16)
chunk inputs, size: 512 (num 2)
chunk inputs, size: 512 (num 2)
chunk inputs, size: 512 (num 2)
chunk inputs, size: 512 (num 2)
chunk inputs, size: 512 (num 2)
chunk inputs, size: 512 (num 2)
chunk inputs, size: 512 (num 2)
chunk inputs, size: 512 (num 2)
ratio 0.00 (pair), 0.0 GB (evict 14336 pairs)
  r=0.0 ours             peak= 6.707GB acc=0.00 hr=0.0 fb=64 segs=7
chunk inputs, size: 512 (num 16)
chunk inputs, size: 512 (num 3)
ratio 0.00 (pair), 0.0 GB (evict 14336 pairs)
  r=0.0 ours_predict_next peak= 6.756GB acc=0.00 hr=0.0 fb=64 segs=4
chunk inputs, size: 512 (num 16)
chunk inputs, size: 512 (num 2)
chunk inputs, size: 512 (num 2)
chunk inputs, size: 512 (num 2)
chunk inputs, size: 512 (num 2)
chunk inputs, size: 512 (num 2)
chunk inputs, size: 512 (num 2)
chunk inputs, size: 512 (num 2)
chunk inputs, size: 512 (num 2)
chunk inputs, size: 512 (num 2)
ratio 0.00 (pair), 0.0 GB (evict 14336 pairs)
  r=0.0 ours_combine     peak= 6.721GB acc=0.00 hr=0.0 fb=64 segs=7
chunk inputs, size: 512 (num 16)
chunk inputs, size: 2000 (num 4)
ratio 0.20 (pair), 0.2 GB (evict 1433969 pairs)
  r=0.2 kvzip            peak= 8.456GB acc=1.00 hr=0.2 fb=None segs=None
chunk inputs, size: 512 (num 16)
chunk inputs, size: 512 (num 2)
chunk inputs, size: 512 (num 2)
chunk inputs, size: 512 (num 2)
chunk inputs, size: 512 (num 2)
chunk inputs, size: 512 (num 2)
chunk inputs, size: 512 (num 2)
chunk inputs, size: 512 (num 2)
chunk inputs, size: 512 (num 2)
ratio 0.50 (pair), 0.2 GB (evict 359004 pairs)
  r=0.2 ours             peak= 6.999GB acc=1.00 hr=0.5 fb=3200 segs=7
chunk inputs, size: 512 (num 16)
chunk inputs, size: 512 (num 3)
chunk inputs, size: 512 (num 4)
ratio 0.50 (pair), 0.1 GB (evict 183697 pairs)
  r=0.2 ours_predict_next peak= 6.842GB acc=0.00 hr=0.5 fb=3200 segs=4
chunk inputs, size: 512 (num 16)
chunk inputs, size: 512 (num 2)
chunk inputs, size: 512 (num 2)
chunk inputs, size: 512 (num 2)
chunk inputs, size: 512 (num 2)
chunk inputs, size: 512 (num 2)
chunk inputs, size: 512 (num 2)
chunk inputs, size: 512 (num 2)
chunk inputs, size: 512 (num 2)
chunk inputs, size: 512 (num 2)
chunk inputs, size: 512 (num 7)
ratio 0.50 (pair), 0.2 GB (evict 358449 pairs)
  r=0.2 ours_combine     peak= 6.999GB acc=1.00 hr=0.5 fb=3200 segs=7
chunk inputs, size: 512 (num 16)
chunk inputs, size: 2000 (num 4)
ratio 0.40 (pair), 0.4 GB (evict 1075188 pairs)
  r=0.4 kvzip            peak= 8.456GB acc=1.00 hr=0.4 fb=None segs=None
chunk inputs, size: 512 (num 16)
chunk inputs, size: 512 (num 2)
chunk inputs, size: 512 (num 2)
chunk inputs, size: 512 (num 2)
chunk inputs, size: 512 (num 2)
chunk inputs, size: 512 (num 2)
chunk inputs, size: 512 (num 2)
chunk inputs, size: 512 (num 2)
chunk inputs, size: 512 (num 2)
ratio 0.50 (pair), 0.4 GB (evict 716772 pairs)
  r=0.4 ours             peak= 7.330GB acc=1.00 hr=0.5 fb=6399 segs=7
chunk inputs, size: 512 (num 16)
chunk inputs, size: 512 (num 3)
chunk inputs, size: 512 (num 7)
ratio 0.50 (pair), 0.2 GB (evict 367294 pairs)
  r=0.4 ours_predict_next peak= 6.979GB acc=0.50 hr=0.5 fb=6399 segs=4
chunk inputs, size: 512 (num 16)
chunk inputs, size: 512 (num 2)
chunk inputs, size: 512 (num 2)
chunk inputs, size: 512 (num 2)
chunk inputs, size: 512 (num 2)
chunk inputs, size: 512 (num 2)
chunk inputs, size: 512 (num 2)
chunk inputs, size: 512 (num 2)
chunk inputs, size: 512 (num 2)
chunk inputs, size: 512 (num 2)
chunk inputs, size: 512 (num 13)
ratio 0.50 (pair), 0.4 GB (evict 716978 pairs)
  r=0.4 ours_combine     peak= 7.329GB acc=1.00 hr=0.5 fb=6399 segs=7
chunk inputs, size: 512 (num 16)
chunk inputs, size: 2000 (num 4)
ratio 0.60 (pair), 0.6 GB (evict 717841 pairs)
  r=0.6 kvzip            peak= 8.456GB acc=1.00 hr=0.6 fb=None segs=None
chunk inputs, size: 512 (num 16)
chunk inputs, size: 512 (num 3)
chunk inputs, size: 512 (num 3)
chunk inputs, size: 512 (num 3)
chunk inputs, size: 512 (num 3)
chunk inputs, size: 512 (num 3)
ratio 0.60 (pair), 0.4 GB (evict 488058 pairs)
  r=0.6 ours             peak= 7.225GB acc=1.00 hr=0.6 fb=7999 segs=5
chunk inputs, size: 512 (num 16)
chunk inputs, size: 512 (num 3)
chunk inputs, size: 512 (num 7)
ratio 0.60 (pair), 0.2 GB (evict 280209 pairs)
  r=0.6 ours_predict_next peak= 6.952GB acc=0.50 hr=0.6 fb=7999 segs=2
chunk inputs, size: 512 (num 16)
chunk inputs, size: 512 (num 3)
chunk inputs, size: 512 (num 3)
chunk inputs, size: 512 (num 3)
chunk inputs, size: 512 (num 3)
chunk inputs, size: 512 (num 3)
chunk inputs, size: 512 (num 11)
ratio 0.60 (pair), 0.4 GB (evict 487820 pairs)
  r=0.6 ours_combine     peak= 7.226GB acc=1.00 hr=0.6 fb=7999 segs=5
chunk inputs, size: 512 (num 16)
chunk inputs, size: 2000 (num 4)
ratio 0.80 (pair), 0.7 GB (evict 359335 pairs)
  r=0.8 kvzip            peak= 8.456GB acc=1.00 hr=0.8 fb=None segs=None
chunk inputs, size: 512 (num 16)
chunk inputs, size: 512 (num 3)
chunk inputs, size: 512 (num 3)
chunk inputs, size: 512 (num 3)
chunk inputs, size: 512 (num 3)
chunk inputs, size: 512 (num 3)
ratio 0.80 (pair), 0.5 GB (evict 244144 pairs)
  r=0.8 ours             peak= 7.225GB acc=1.00 hr=0.8 fb=7999 segs=5
chunk inputs, size: 512 (num 16)
chunk inputs, size: 512 (num 3)
chunk inputs, size: 512 (num 7)
ratio 0.80 (pair), 0.3 GB (evict 140171 pairs)
  r=0.8 ours_predict_next peak= 6.952GB acc=0.50 hr=0.8 fb=7999 segs=2
chunk inputs, size: 512 (num 16)
chunk inputs, size: 512 (num 3)
chunk inputs, size: 512 (num 3)
chunk inputs, size: 512 (num 3)
chunk inputs, size: 512 (num 3)
chunk inputs, size: 512 (num 3)
chunk inputs, size: 512 (num 11)
ratio 0.80 (pair), 0.5 GB (evict 244071 pairs)
  r=0.8 ours_combine     peak= 7.226GB acc=1.00 hr=0.8 fb=7999 segs=5
chunk inputs, size: 512 (num 16)
chunk inputs, size: 2000 (num 4)
ratio 1.00 (pair), 0.9 GB (evict 0 pairs)
  r=1.0 kvzip            peak= 8.456GB acc=1.00 hr=1.0 fb=None segs=None
chunk inputs, size: 512 (num 16)
chunk inputs, size: 512 (num 16)
ratio 1.00 (pair), 0.9 GB (evict 0 pairs)
  r=1.0 ours             peak= 7.495GB acc=1.00 hr=1.0 fb=7999 segs=0
chunk inputs, size: 512 (num 16)
chunk inputs, size: 512 (num 9)
chunk inputs, size: 512 (num 9)
ratio 1.00 (pair), 0.5 GB (evict 0 pairs)
  r=1.0 ours_predict_next peak= 7.084GB acc=0.50 hr=1.0 fb=7999 segs=0
chunk inputs, size: 512 (num 16)
chunk inputs, size: 512 (num 16)
chunk inputs, size: 512 (num 16)
chunk inputs, size: 512 (num 16)
ratio 1.00 (pair), 0.9 GB (evict 0 pairs)
  r=1.0 ours_combine     peak= 7.496GB acc=1.00 hr=1.0 fb=7999 segs=0
insertion at 1574
================================================================================ 
[ctx_len=8000 depth=20% q=0.2 true_len=7999]
chunk inputs, size: 512 (num 16)
chunk inputs, size: 2000 (num 4)
ratio 0.00 (pair), 0.0 GB (evict 1791776 pairs)
  r=0.0 kvzip            peak= 8.456GB acc=0.00 hr=0.0 fb=None segs=None
chunk inputs, size: 512 (num 16)
chunk inputs, size: 512 (num 2)
chunk inputs, size: 512 (num 2)
chunk inputs, size: 512 (num 2)
chunk inputs, size: 512 (num 2)
chunk inputs, size: 512 (num 2)
chunk inputs, size: 512 (num 2)
chunk inputs, size: 512 (num 2)
chunk inputs, size: 512 (num 2)
ratio 0.00 (pair), 0.0 GB (evict 14336 pairs)
  r=0.0 ours             peak= 6.707GB acc=0.00 hr=0.0 fb=64 segs=7
chunk inputs, size: 512 (num 16)
chunk inputs, size: 512 (num 2)
ratio 0.00 (pair), 0.0 GB (evict 14336 pairs)
  r=0.0 ours_predict_next peak= 6.760GB acc=0.00 hr=0.0 fb=64 segs=3
chunk inputs, size: 512 (num 16)
chunk inputs, size: 512 (num 2)
chunk inputs, size: 512 (num 2)
chunk inputs, size: 512 (num 2)
chunk inputs, size: 512 (num 2)
chunk inputs, size: 512 (num 2)
chunk inputs, size: 512 (num 2)
chunk inputs, size: 512 (num 2)
chunk inputs, size: 512 (num 2)
chunk inputs, size: 512 (num 2)
ratio 0.00 (pair), 0.0 GB (evict 14336 pairs)
  r=0.0 ours_combine     peak= 6.721GB acc=0.00 hr=0.0 fb=64 segs=7
chunk inputs, size: 512 (num 16)
chunk inputs, size: 2000 (num 4)
ratio 0.20 (pair), 0.2 GB (evict 1433968 pairs)
  r=0.2 kvzip            peak= 8.456GB acc=1.00 hr=0.2 fb=None segs=None
chunk inputs, size: 512 (num 16)
chunk inputs, size: 512 (num 2)
chunk inputs, size: 512 (num 2)
chunk inputs, size: 512 (num 2)
chunk inputs, size: 512 (num 2)
chunk inputs, size: 512 (num 2)
chunk inputs, size: 512 (num 2)
chunk inputs, size: 512 (num 2)
chunk inputs, size: 512 (num 2)
ratio 0.50 (pair), 0.2 GB (evict 358979 pairs)
  r=0.2 ours             peak= 6.999GB acc=1.00 hr=0.5 fb=3200 segs=7
chunk inputs, size: 512 (num 16)
chunk inputs, size: 512 (num 2)
chunk inputs, size: 512 (num 5)
ratio 0.50 (pair), 0.1 GB (evict 231386 pairs)
  r=0.2 ours_predict_next peak= 6.846GB acc=0.00 hr=0.5 fb=3200 segs=3
chunk inputs, size: 512 (num 16)
chunk inputs, size: 512 (num 2)
chunk inputs, size: 512 (num 2)
chunk inputs, size: 512 (num 2)
chunk inputs, size: 512 (num 2)
chunk inputs, size: 512 (num 2)
chunk inputs, size: 512 (num 2)
chunk inputs, size: 512 (num 2)
chunk inputs, size: 512 (num 2)
chunk inputs, size: 512 (num 2)
chunk inputs, size: 512 (num 7)
ratio 0.50 (pair), 0.2 GB (evict 358599 pairs)
  r=0.2 ours_combine     peak= 6.999GB acc=1.00 hr=0.5 fb=3200 segs=7
chunk inputs, size: 512 (num 16)
chunk inputs, size: 2000 (num 4)
ratio 0.40 (pair), 0.4 GB (evict 1075974 pairs)
  r=0.4 kvzip            peak= 8.456GB acc=1.00 hr=0.4 fb=None segs=None
chunk inputs, size: 512 (num 16)
chunk inputs, size: 512 (num 2)
chunk inputs, size: 512 (num 2)
chunk inputs, size: 512 (num 2)
chunk inputs, size: 512 (num 2)
chunk inputs, size: 512 (num 2)
chunk inputs, size: 512 (num 2)
chunk inputs, size: 512 (num 2)
chunk inputs, size: 512 (num 2)
ratio 0.50 (pair), 0.4 GB (evict 716724 pairs)
  r=0.4 ours             peak= 7.330GB acc=1.00 hr=0.5 fb=6399 segs=7
chunk inputs, size: 512 (num 16)
chunk inputs, size: 512 (num 2)
chunk inputs, size: 512 (num 7)
ratio 0.50 (pair), 0.2 GB (evict 367866 pairs)
  r=0.4 ours_predict_next peak= 6.955GB acc=0.00 hr=0.5 fb=6399 segs=3
chunk inputs, size: 512 (num 16)
chunk inputs, size: 512 (num 2)
chunk inputs, size: 512 (num 2)
chunk inputs, size: 512 (num 2)
chunk inputs, size: 512 (num 2)
chunk inputs, size: 512 (num 2)
chunk inputs, size: 512 (num 2)
chunk inputs, size: 512 (num 2)
chunk inputs, size: 512 (num 2)
chunk inputs, size: 512 (num 2)
chunk inputs, size: 512 (num 13)
ratio 0.50 (pair), 0.4 GB (evict 717490 pairs)
  r=0.4 ours_combine     peak= 7.329GB acc=1.00 hr=0.5 fb=6399 segs=7
chunk inputs, size: 512 (num 16)
chunk inputs, size: 2000 (num 4)
ratio 0.60 (pair), 0.6 GB (evict 717171 pairs)
  r=0.6 kvzip            peak= 8.456GB acc=1.00 hr=0.6 fb=None segs=None
chunk inputs, size: 512 (num 16)
chunk inputs, size: 512 (num 3)
chunk inputs, size: 512 (num 3)
chunk inputs, size: 512 (num 3)
chunk inputs, size: 512 (num 3)
chunk inputs, size: 512 (num 3)
ratio 0.60 (pair), 0.4 GB (evict 487619 pairs)
  r=0.6 ours             peak= 7.225GB acc=1.00 hr=0.6 fb=7999 segs=5
chunk inputs, size: 512 (num 16)
chunk inputs, size: 512 (num 3)
chunk inputs, size: 512 (num 7)
ratio 0.60 (pair), 0.2 GB (evict 281145 pairs)
  r=0.6 ours_predict_next peak= 6.939GB acc=0.00 hr=0.6 fb=7999 segs=2
chunk inputs, size: 512 (num 16)
chunk inputs, size: 512 (num 3)
chunk inputs, size: 512 (num 3)
chunk inputs, size: 512 (num 3)
chunk inputs, size: 512 (num 3)
chunk inputs, size: 512 (num 3)
chunk inputs, size: 512 (num 11)
ratio 0.60 (pair), 0.4 GB (evict 487495 pairs)
  r=0.6 ours_combine     peak= 7.226GB acc=1.00 hr=0.6 fb=7999 segs=5
chunk inputs, size: 512 (num 16)
chunk inputs, size: 2000 (num 4)
ratio 0.80 (pair), 0.7 GB (evict 359327 pairs)
  r=0.8 kvzip            peak= 8.456GB acc=1.00 hr=0.8 fb=None segs=None
chunk inputs, size: 512 (num 16)
chunk inputs, size: 512 (num 3)
chunk inputs, size: 512 (num 3)
chunk inputs, size: 512 (num 3)
chunk inputs, size: 512 (num 3)
chunk inputs, size: 512 (num 3)
ratio 0.80 (pair), 0.5 GB (evict 244827 pairs)
  r=0.8 ours             peak= 7.225GB acc=1.00 hr=0.8 fb=7999 segs=5
chunk inputs, size: 512 (num 16)
chunk inputs, size: 512 (num 3)
chunk inputs, size: 512 (num 7)
ratio 0.80 (pair), 0.3 GB (evict 140341 pairs)
  r=0.8 ours_predict_next peak= 6.939GB acc=0.00 hr=0.8 fb=7999 segs=2
chunk inputs, size: 512 (num 16)
chunk inputs, size: 512 (num 3)
chunk inputs, size: 512 (num 3)
chunk inputs, size: 512 (num 3)
chunk inputs, size: 512 (num 3)
chunk inputs, size: 512 (num 3)
chunk inputs, size: 512 (num 11)
ratio 0.80 (pair), 0.5 GB (evict 244244 pairs)
  r=0.8 ours_combine     peak= 7.226GB acc=1.00 hr=0.8 fb=7999 segs=5
chunk inputs, size: 512 (num 16)
chunk inputs, size: 2000 (num 4)
ratio 1.00 (pair), 0.9 GB (evict 0 pairs)
  r=1.0 kvzip            peak= 8.456GB acc=1.00 hr=1.0 fb=None segs=None
chunk inputs, size: 512 (num 16)
chunk inputs, size: 512 (num 16)
ratio 1.00 (pair), 0.9 GB (evict 0 pairs)
  r=1.0 ours             peak= 7.495GB acc=1.00 hr=1.0 fb=7999 segs=0
chunk inputs, size: 512 (num 16)
chunk inputs, size: 512 (num 9)
chunk inputs, size: 512 (num 9)
ratio 1.00 (pair), 0.5 GB (evict 0 pairs)
  r=1.0 ours_predict_next peak= 7.067GB acc=0.00 hr=1.0 fb=7999 segs=0
chunk inputs, size: 512 (num 16)
chunk inputs, size: 512 (num 16)
chunk inputs, size: 512 (num 16)
chunk inputs, size: 512 (num 16)
ratio 1.00 (pair), 0.9 GB (evict 0 pairs)
  r=1.0 ours_combine     peak= 7.496GB acc=1.00 hr=1.0 fb=7999 segs=0
insertion at 2380
================================================================================ 
[ctx_len=8000 depth=30% q=0.3 true_len=7999]
chunk inputs, size: 512 (num 16)
chunk inputs, size: 2000 (num 4)
ratio 0.00 (pair), 0.0 GB (evict 1791776 pairs)
  r=0.0 kvzip            peak= 8.456GB acc=0.00 hr=0.0 fb=None segs=None
chunk inputs, size: 512 (num 16)
chunk inputs, size: 512 (num 2)
chunk inputs, size: 512 (num 2)
chunk inputs, size: 512 (num 2)
chunk inputs, size: 512 (num 2)
chunk inputs, size: 512 (num 2)
chunk inputs, size: 512 (num 2)
chunk inputs, size: 512 (num 2)
chunk inputs, size: 512 (num 2)
ratio 0.00 (pair), 0.0 GB (evict 14336 pairs)
  r=0.0 ours             peak= 6.707GB acc=0.00 hr=0.0 fb=64 segs=7
chunk inputs, size: 512 (num 16)
chunk inputs, size: 512 (num 2)
ratio 0.00 (pair), 0.0 GB (evict 14336 pairs)
  r=0.0 ours_predict_next peak= 6.763GB acc=0.00 hr=0.0 fb=64 segs=3
chunk inputs, size: 512 (num 16)
chunk inputs, size: 512 (num 2)
chunk inputs, size: 512 (num 2)
chunk inputs, size: 512 (num 2)
chunk inputs, size: 512 (num 2)
chunk inputs, size: 512 (num 2)
chunk inputs, size: 512 (num 2)
chunk inputs, size: 512 (num 2)
chunk inputs, size: 512 (num 2)
chunk inputs, size: 512 (num 2)
ratio 0.00 (pair), 0.0 GB (evict 14336 pairs)
  r=0.0 ours_combine     peak= 6.721GB acc=0.00 hr=0.0 fb=64 segs=7
chunk inputs, size: 512 (num 16)
chunk inputs, size: 2000 (num 4)
ratio 0.20 (pair), 0.2 GB (evict 1433593 pairs)
  r=0.2 kvzip            peak= 8.456GB acc=1.00 hr=0.2 fb=None segs=None
chunk inputs, size: 512 (num 16)
chunk inputs, size: 512 (num 2)
chunk inputs, size: 512 (num 2)
chunk inputs, size: 512 (num 2)
chunk inputs, size: 512 (num 2)
chunk inputs, size: 512 (num 2)
chunk inputs, size: 512 (num 2)
chunk inputs, size: 512 (num 2)
chunk inputs, size: 512 (num 2)
ratio 0.50 (pair), 0.2 GB (evict 358610 pairs)
  r=0.2 ours             peak= 6.999GB acc=1.00 hr=0.5 fb=3200 segs=7
chunk inputs, size: 512 (num 16)
chunk inputs, size: 512 (num 2)
chunk inputs, size: 512 (num 5)
ratio 0.50 (pair), 0.1 GB (evict 231863 pairs)
  r=0.2 ours_predict_next peak= 6.842GB acc=0.50 hr=0.5 fb=3200 segs=3
chunk inputs, size: 512 (num 16)
chunk inputs, size: 512 (num 2)
chunk inputs, size: 512 (num 2)
chunk inputs, size: 512 (num 2)
chunk inputs, size: 512 (num 2)
chunk inputs, size: 512 (num 2)
chunk inputs, size: 512 (num 2)
chunk inputs, size: 512 (num 2)
chunk inputs, size: 512 (num 2)
chunk inputs, size: 512 (num 2)
chunk inputs, size: 512 (num 7)
ratio 0.50 (pair), 0.2 GB (evict 358504 pairs)
  r=0.2 ours_combine     peak= 6.999GB acc=1.00 hr=0.5 fb=3200 segs=7
chunk inputs, size: 512 (num 16)
chunk inputs, size: 2000 (num 4)
ratio 0.40 (pair), 0.4 GB (evict 1075633 pairs)
  r=0.4 kvzip            peak= 8.456GB acc=0.00 hr=0.4 fb=None segs=None
chunk inputs, size: 512 (num 16)
chunk inputs, size: 512 (num 2)
chunk inputs, size: 512 (num 2)
chunk inputs, size: 512 (num 2)
chunk inputs, size: 512 (num 2)
chunk inputs, size: 512 (num 2)
chunk inputs, size: 512 (num 2)
chunk inputs, size: 512 (num 2)
chunk inputs, size: 512 (num 2)
ratio 0.50 (pair), 0.4 GB (evict 717493 pairs)
  r=0.4 ours             peak= 7.330GB acc=1.00 hr=0.5 fb=6399 segs=7
chunk inputs, size: 512 (num 16)
chunk inputs, size: 512 (num 2)
chunk inputs, size: 512 (num 7)
ratio 0.50 (pair), 0.2 GB (evict 367970 pairs)
  r=0.4 ours_predict_next peak= 6.953GB acc=0.50 hr=0.5 fb=6399 segs=3
chunk inputs, size: 512 (num 16)
chunk inputs, size: 512 (num 2)
chunk inputs, size: 512 (num 2)
chunk inputs, size: 512 (num 2)
chunk inputs, size: 512 (num 2)
chunk inputs, size: 512 (num 2)
chunk inputs, size: 512 (num 2)
chunk inputs, size: 512 (num 2)
chunk inputs, size: 512 (num 2)
chunk inputs, size: 512 (num 2)
chunk inputs, size: 512 (num 13)
ratio 0.50 (pair), 0.4 GB (evict 717349 pairs)
  r=0.4 ours_combine     peak= 7.329GB acc=1.00 hr=0.5 fb=6399 segs=7
chunk inputs, size: 512 (num 16)
chunk inputs, size: 2000 (num 4)
ratio 0.60 (pair), 0.6 GB (evict 716895 pairs)
  r=0.6 kvzip            peak= 8.456GB acc=1.00 hr=0.6 fb=None segs=None
chunk inputs, size: 512 (num 16)
chunk inputs, size: 512 (num 3)
chunk inputs, size: 512 (num 3)
chunk inputs, size: 512 (num 3)
chunk inputs, size: 512 (num 3)
chunk inputs, size: 512 (num 3)
ratio 0.60 (pair), 0.4 GB (evict 487714 pairs)
  r=0.6 ours             peak= 7.225GB acc=1.00 hr=0.6 fb=7999 segs=5
chunk inputs, size: 512 (num 16)
chunk inputs, size: 512 (num 3)
chunk inputs, size: 512 (num 7)
ratio 0.60 (pair), 0.2 GB (evict 280804 pairs)
  r=0.6 ours_predict_next peak= 6.938GB acc=0.50 hr=0.6 fb=7999 segs=2
chunk inputs, size: 512 (num 16)
chunk inputs, size: 512 (num 3)
chunk inputs, size: 512 (num 3)
chunk inputs, size: 512 (num 3)
chunk inputs, size: 512 (num 3)
chunk inputs, size: 512 (num 3)
chunk inputs, size: 512 (num 11)
ratio 0.60 (pair), 0.4 GB (evict 488052 pairs)
  r=0.6 ours_combine     peak= 7.226GB acc=1.00 hr=0.6 fb=7999 segs=5
chunk inputs, size: 512 (num 16)
chunk inputs, size: 2000 (num 4)
ratio 0.80 (pair), 0.7 GB (evict 358638 pairs)
  r=0.8 kvzip            peak= 8.456GB acc=1.00 hr=0.8 fb=None segs=None
chunk inputs, size: 512 (num 16)
chunk inputs, size: 512 (num 3)
chunk inputs, size: 512 (num 3)
chunk inputs, size: 512 (num 3)
chunk inputs, size: 512 (num 3)
chunk inputs, size: 512 (num 3)
ratio 0.80 (pair), 0.5 GB (evict 244711 pairs)
  r=0.8 ours             peak= 7.225GB acc=1.00 hr=0.8 fb=7999 segs=5
chunk inputs, size: 512 (num 16)
chunk inputs, size: 512 (num 3)
chunk inputs, size: 512 (num 7)
ratio 0.80 (pair), 0.3 GB (evict 140088 pairs)
  r=0.8 ours_predict_next peak= 6.938GB acc=0.50 hr=0.8 fb=7999 segs=2
chunk inputs, size: 512 (num 16)
chunk inputs, size: 512 (num 3)
chunk inputs, size: 512 (num 3)
chunk inputs, size: 512 (num 3)
chunk inputs, size: 512 (num 3)
chunk inputs, size: 512 (num 3)
chunk inputs, size: 512 (num 11)
ratio 0.80 (pair), 0.5 GB (evict 243817 pairs)
  r=0.8 ours_combine     peak= 7.226GB acc=1.00 hr=0.8 fb=7999 segs=5
chunk inputs, size: 512 (num 16)
chunk inputs, size: 2000 (num 4)
ratio 1.00 (pair), 0.9 GB (evict 0 pairs)
  r=1.0 kvzip            peak= 8.456GB acc=1.00 hr=1.0 fb=None segs=None
chunk inputs, size: 512 (num 16)
chunk inputs, size: 512 (num 16)
ratio 1.00 (pair), 0.9 GB (evict 0 pairs)
  r=1.0 ours             peak= 7.495GB acc=1.00 hr=1.0 fb=7999 segs=0
chunk inputs, size: 512 (num 16)
chunk inputs, size: 512 (num 9)
chunk inputs, size: 512 (num 9)
ratio 1.00 (pair), 0.5 GB (evict 0 pairs)
  r=1.0 ours_predict_next peak= 7.063GB acc=0.50 hr=1.0 fb=7999 segs=0
chunk inputs, size: 512 (num 16)
chunk inputs, size: 512 (num 16)
chunk inputs, size: 512 (num 16)
chunk inputs, size: 512 (num 16)
ratio 1.00 (pair), 0.9 GB (evict 0 pairs)
  r=1.0 ours_combine     peak= 7.496GB acc=1.00 hr=1.0 fb=7999 segs=0
insertion at 3175
================================================================================ 
[ctx_len=8000 depth=40% q=0.4 true_len=7999]
chunk inputs, size: 512 (num 16)
chunk inputs, size: 2000 (num 4)
ratio 0.00 (pair), 0.0 GB (evict 1791776 pairs)
  r=0.0 kvzip            peak= 8.456GB acc=0.00 hr=0.0 fb=None segs=None
chunk inputs, size: 512 (num 16)
chunk inputs, size: 512 (num 2)
chunk inputs, size: 512 (num 2)
chunk inputs, size: 512 (num 2)
chunk inputs, size: 512 (num 2)
chunk inputs, size: 512 (num 2)
chunk inputs, size: 512 (num 2)
chunk inputs, size: 512 (num 2)
chunk inputs, size: 512 (num 2)
ratio 0.00 (pair), 0.0 GB (evict 14336 pairs)
  r=0.0 ours             peak= 6.707GB acc=0.00 hr=0.0 fb=64 segs=7
chunk inputs, size: 512 (num 16)
chunk inputs, size: 512 (num 3)
ratio 0.00 (pair), 0.0 GB (evict 14336 pairs)
  r=0.0 ours_predict_next peak= 6.760GB acc=0.00 hr=0.0 fb=64 segs=4
chunk inputs, size: 512 (num 16)
chunk inputs, size: 512 (num 2)
chunk inputs, size: 512 (num 2)
chunk inputs, size: 512 (num 2)
chunk inputs, size: 512 (num 2)
chunk inputs, size: 512 (num 2)
chunk inputs, size: 512 (num 2)
chunk inputs, size: 512 (num 2)
chunk inputs, size: 512 (num 2)
chunk inputs, size: 512 (num 2)
ratio 0.00 (pair), 0.0 GB (evict 14336 pairs)
  r=0.0 ours_combine     peak= 6.721GB acc=0.00 hr=0.0 fb=64 segs=7
chunk inputs, size: 512 (num 16)
chunk inputs, size: 2000 (num 4)
ratio 0.20 (pair), 0.2 GB (evict 1433536 pairs)
  r=0.2 kvzip            peak= 8.456GB acc=1.00 hr=0.2 fb=None segs=None
chunk inputs, size: 512 (num 16)
chunk inputs, size: 512 (num 2)
chunk inputs, size: 512 (num 2)
chunk inputs, size: 512 (num 2)
chunk inputs, size: 512 (num 2)
chunk inputs, size: 512 (num 2)
chunk inputs, size: 512 (num 2)
chunk inputs, size: 512 (num 2)
chunk inputs, size: 512 (num 2)
ratio 0.50 (pair), 0.2 GB (evict 358942 pairs)
  r=0.2 ours             peak= 6.999GB acc=1.00 hr=0.5 fb=3200 segs=7
chunk inputs, size: 512 (num 16)
chunk inputs, size: 512 (num 3)
chunk inputs, size: 512 (num 4)
ratio 0.50 (pair), 0.1 GB (evict 183856 pairs)
  r=0.2 ours_predict_next peak= 6.843GB acc=1.00 hr=0.5 fb=3200 segs=4
chunk inputs, size: 512 (num 16)
chunk inputs, size: 512 (num 2)
chunk inputs, size: 512 (num 2)
chunk inputs, size: 512 (num 2)
chunk inputs, size: 512 (num 2)
chunk inputs, size: 512 (num 2)
chunk inputs, size: 512 (num 2)
chunk inputs, size: 512 (num 2)
chunk inputs, size: 512 (num 2)
chunk inputs, size: 512 (num 2)
chunk inputs, size: 512 (num 7)
ratio 0.50 (pair), 0.2 GB (evict 358410 pairs)
  r=0.2 ours_combine     peak= 6.999GB acc=1.00 hr=0.5 fb=3200 segs=7
chunk inputs, size: 512 (num 16)
chunk inputs, size: 2000 (num 4)
ratio 0.40 (pair), 0.4 GB (evict 1075685 pairs)
  r=0.4 kvzip            peak= 8.456GB acc=0.00 hr=0.4 fb=None segs=None
chunk inputs, size: 512 (num 16)
chunk inputs, size: 512 (num 2)
chunk inputs, size: 512 (num 2)
chunk inputs, size: 512 (num 2)
chunk inputs, size: 512 (num 2)
chunk inputs, size: 512 (num 2)
chunk inputs, size: 512 (num 2)
chunk inputs, size: 512 (num 2)
chunk inputs, size: 512 (num 2)
ratio 0.50 (pair), 0.4 GB (evict 716895 pairs)
  r=0.4 ours             peak= 7.330GB acc=1.00 hr=0.5 fb=6399 segs=7
chunk inputs, size: 512 (num 16)
chunk inputs, size: 512 (num 2)
chunk inputs, size: 512 (num 7)
ratio 0.50 (pair), 0.2 GB (evict 367630 pairs)
  r=0.4 ours_predict_next peak= 6.953GB acc=1.00 hr=0.5 fb=6399 segs=3
chunk inputs, size: 512 (num 16)
chunk inputs, size: 512 (num 2)
chunk inputs, size: 512 (num 2)
chunk inputs, size: 512 (num 2)
chunk inputs, size: 512 (num 2)
chunk inputs, size: 512 (num 2)
chunk inputs, size: 512 (num 2)
chunk inputs, size: 512 (num 2)
chunk inputs, size: 512 (num 2)
chunk inputs, size: 512 (num 2)
chunk inputs, size: 512 (num 13)
ratio 0.50 (pair), 0.4 GB (evict 717107 pairs)
  r=0.4 ours_combine     peak= 7.329GB acc=1.00 hr=0.5 fb=6399 segs=7
chunk inputs, size: 512 (num 16)
chunk inputs, size: 2000 (num 4)
ratio 0.60 (pair), 0.6 GB (evict 718052 pairs)
  r=0.6 kvzip            peak= 8.456GB acc=1.00 hr=0.6 fb=None segs=None
chunk inputs, size: 512 (num 16)
chunk inputs, size: 512 (num 3)
chunk inputs, size: 512 (num 3)
chunk inputs, size: 512 (num 3)
chunk inputs, size: 512 (num 3)
chunk inputs, size: 512 (num 3)
ratio 0.60 (pair), 0.4 GB (evict 488222 pairs)
  r=0.6 ours             peak= 7.225GB acc=1.00 hr=0.6 fb=7999 segs=5
chunk inputs, size: 512 (num 16)
chunk inputs, size: 512 (num 3)
chunk inputs, size: 512 (num 7)
ratio 0.60 (pair), 0.2 GB (evict 280946 pairs)
  r=0.6 ours_predict_next peak= 6.940GB acc=0.50 hr=0.6 fb=7999 segs=2
chunk inputs, size: 512 (num 16)
chunk inputs, size: 512 (num 3)
chunk inputs, size: 512 (num 3)
chunk inputs, size: 512 (num 3)
chunk inputs, size: 512 (num 3)
chunk inputs, size: 512 (num 3)
chunk inputs, size: 512 (num 11)
ratio 0.60 (pair), 0.4 GB (evict 488192 pairs)
  r=0.6 ours_combine     peak= 7.226GB acc=1.00 hr=0.6 fb=7999 segs=5
chunk inputs, size: 512 (num 16)
chunk inputs, size: 2000 (num 4)
ratio 0.80 (pair), 0.7 GB (evict 358515 pairs)
  r=0.8 kvzip            peak= 8.456GB acc=1.00 hr=0.8 fb=None segs=None
chunk inputs, size: 512 (num 16)
chunk inputs, size: 512 (num 3)
chunk inputs, size: 512 (num 3)
chunk inputs, size: 512 (num 3)
chunk inputs, size: 512 (num 3)
chunk inputs, size: 512 (num 3)
ratio 0.80 (pair), 0.5 GB (evict 244171 pairs)
  r=0.8 ours             peak= 7.225GB acc=1.00 hr=0.8 fb=7999 segs=5
chunk inputs, size: 512 (num 16)
chunk inputs, size: 512 (num 3)
chunk inputs, size: 512 (num 7)
ratio 0.80 (pair), 0.3 GB (evict 140828 pairs)
  r=0.8 ours_predict_next peak= 6.940GB acc=0.50 hr=0.8 fb=7999 segs=2
chunk inputs, size: 512 (num 16)
chunk inputs, size: 512 (num 3)
chunk inputs, size: 512 (num 3)
chunk inputs, size: 512 (num 3)
chunk inputs, size: 512 (num 3)
chunk inputs, size: 512 (num 3)
chunk inputs, size: 512 (num 11)
ratio 0.80 (pair), 0.5 GB (evict 243987 pairs)
  r=0.8 ours_combine     peak= 7.226GB acc=1.00 hr=0.8 fb=7999 segs=5
chunk inputs, size: 512 (num 16)
chunk inputs, size: 2000 (num 4)
ratio 1.00 (pair), 0.9 GB (evict 0 pairs)
  r=1.0 kvzip            peak= 8.456GB acc=1.00 hr=1.0 fb=None segs=None
chunk inputs, size: 512 (num 16)
chunk inputs, size: 512 (num 16)
ratio 1.00 (pair), 0.9 GB (evict 0 pairs)
  r=1.0 ours             peak= 7.495GB acc=1.00 hr=1.0 fb=7999 segs=0
chunk inputs, size: 512 (num 16)
chunk inputs, size: 512 (num 9)
chunk inputs, size: 512 (num 9)
ratio 1.00 (pair), 0.5 GB (evict 0 pairs)
  r=1.0 ours_predict_next peak= 7.080GB acc=0.50 hr=1.0 fb=7999 segs=0
chunk inputs, size: 512 (num 16)
chunk inputs, size: 512 (num 16)
chunk inputs, size: 512 (num 16)
chunk inputs, size: 512 (num 16)
ratio 1.00 (pair), 0.9 GB (evict 0 pairs)
  r=1.0 ours_combine     peak= 7.496GB acc=1.00 hr=1.0 fb=7999 segs=0
insertion at 3965
================================================================================ 
[ctx_len=8000 depth=50% q=0.5 true_len=7999]
chunk inputs, size: 512 (num 16)
chunk inputs, size: 2000 (num 4)
ratio 0.00 (pair), 0.0 GB (evict 1791776 pairs)
  r=0.0 kvzip            peak= 8.456GB acc=0.00 hr=0.0 fb=None segs=None
chunk inputs, size: 512 (num 16)
chunk inputs, size: 512 (num 2)
chunk inputs, size: 512 (num 2)
chunk inputs, size: 512 (num 2)
chunk inputs, size: 512 (num 2)
chunk inputs, size: 512 (num 2)
chunk inputs, size: 512 (num 2)
chunk inputs, size: 512 (num 2)
chunk inputs, size: 512 (num 2)
ratio 0.00 (pair), 0.0 GB (evict 14336 pairs)
  r=0.0 ours             peak= 6.707GB acc=0.00 hr=0.0 fb=64 segs=7
chunk inputs, size: 512 (num 16)
chunk inputs, size: 512 (num 2)
ratio 0.00 (pair), 0.0 GB (evict 14336 pairs)
  r=0.0 ours_predict_next peak= 6.762GB acc=0.00 hr=0.0 fb=64 segs=3
chunk inputs, size: 512 (num 16)
chunk inputs, size: 512 (num 2)
chunk inputs, size: 512 (num 2)
chunk inputs, size: 512 (num 2)
chunk inputs, size: 512 (num 2)
chunk inputs, size: 512 (num 2)
chunk inputs, size: 512 (num 2)
chunk inputs, size: 512 (num 2)
chunk inputs, size: 512 (num 2)
chunk inputs, size: 512 (num 2)
ratio 0.00 (pair), 0.0 GB (evict 14336 pairs)
  r=0.0 ours_combine     peak= 6.721GB acc=0.00 hr=0.0 fb=64 segs=7
chunk inputs, size: 512 (num 16)
chunk inputs, size: 2000 (num 4)
ratio 0.20 (pair), 0.2 GB (evict 1433935 pairs)
  r=0.2 kvzip            peak= 8.456GB acc=1.00 hr=0.2 fb=None segs=None
chunk inputs, size: 512 (num 16)
chunk inputs, size: 512 (num 2)
chunk inputs, size: 512 (num 2)
chunk inputs, size: 512 (num 2)
chunk inputs, size: 512 (num 2)
chunk inputs, size: 512 (num 2)
chunk inputs, size: 512 (num 2)
chunk inputs, size: 512 (num 2)
chunk inputs, size: 512 (num 2)
ratio 0.50 (pair), 0.2 GB (evict 358630 pairs)
  r=0.2 ours             peak= 6.999GB acc=1.00 hr=0.5 fb=3200 segs=7
chunk inputs, size: 512 (num 16)
chunk inputs, size: 512 (num 2)
chunk inputs, size: 512 (num 5)
ratio 0.50 (pair), 0.1 GB (evict 231538 pairs)
  r=0.2 ours_predict_next peak= 6.845GB acc=1.00 hr=0.5 fb=3200 segs=3
chunk inputs, size: 512 (num 16)
chunk inputs, size: 512 (num 2)
chunk inputs, size: 512 (num 2)
chunk inputs, size: 512 (num 2)
chunk inputs, size: 512 (num 2)
chunk inputs, size: 512 (num 2)
chunk inputs, size: 512 (num 2)
chunk inputs, size: 512 (num 2)
chunk inputs, size: 512 (num 2)
chunk inputs, size: 512 (num 2)
chunk inputs, size: 512 (num 7)
ratio 0.50 (pair), 0.2 GB (evict 358726 pairs)
  r=0.2 ours_combine     peak= 6.999GB acc=1.00 hr=0.5 fb=3200 segs=7
chunk inputs, size: 512 (num 16)
chunk inputs, size: 2000 (num 4)
ratio 0.40 (pair), 0.4 GB (evict 1075353 pairs)
  r=0.4 kvzip            peak= 8.456GB acc=0.00 hr=0.4 fb=None segs=None
chunk inputs, size: 512 (num 16)
chunk inputs, size: 512 (num 2)
chunk inputs, size: 512 (num 2)
chunk inputs, size: 512 (num 2)
chunk inputs, size: 512 (num 2)
chunk inputs, size: 512 (num 2)
chunk inputs, size: 512 (num 2)
chunk inputs, size: 512 (num 2)
chunk inputs, size: 512 (num 2)
ratio 0.50 (pair), 0.4 GB (evict 717534 pairs)
  r=0.4 ours             peak= 7.330GB acc=0.00 hr=0.5 fb=6399 segs=7
chunk inputs, size: 512 (num 16)
chunk inputs, size: 512 (num 2)
chunk inputs, size: 512 (num 7)
ratio 0.50 (pair), 0.2 GB (evict 368140 pairs)
  r=0.4 ours_predict_next peak= 6.954GB acc=1.00 hr=0.5 fb=6399 segs=3
chunk inputs, size: 512 (num 16)
chunk inputs, size: 512 (num 2)
chunk inputs, size: 512 (num 2)
chunk inputs, size: 512 (num 2)
chunk inputs, size: 512 (num 2)
chunk inputs, size: 512 (num 2)
chunk inputs, size: 512 (num 2)
chunk inputs, size: 512 (num 2)
chunk inputs, size: 512 (num 2)
chunk inputs, size: 512 (num 2)
chunk inputs, size: 512 (num 13)
ratio 0.50 (pair), 0.4 GB (evict 717136 pairs)
  r=0.4 ours_combine     peak= 7.329GB acc=1.00 hr=0.5 fb=6399 segs=7
chunk inputs, size: 512 (num 16)
chunk inputs, size: 2000 (num 4)
ratio 0.60 (pair), 0.6 GB (evict 717778 pairs)
  r=0.6 kvzip            peak= 8.456GB acc=1.00 hr=0.6 fb=None segs=None
chunk inputs, size: 512 (num 16)
chunk inputs, size: 512 (num 3)
chunk inputs, size: 512 (num 3)
chunk inputs, size: 512 (num 3)
chunk inputs, size: 512 (num 3)
chunk inputs, size: 512 (num 3)
ratio 0.60 (pair), 0.4 GB (evict 488132 pairs)
  r=0.6 ours             peak= 7.225GB acc=1.00 hr=0.6 fb=7999 segs=5
chunk inputs, size: 512 (num 16)
chunk inputs, size: 512 (num 2)
chunk inputs, size: 512 (num 6)
ratio 0.60 (pair), 0.2 GB (evict 258152 pairs)
  r=0.6 ours_predict_next peak= 6.949GB acc=1.00 hr=0.6 fb=7999 segs=2
chunk inputs, size: 512 (num 16)
chunk inputs, size: 512 (num 3)
chunk inputs, size: 512 (num 3)
chunk inputs, size: 512 (num 3)
chunk inputs, size: 512 (num 3)
chunk inputs, size: 512 (num 3)
chunk inputs, size: 512 (num 11)
ratio 0.60 (pair), 0.4 GB (evict 487745 pairs)
  r=0.6 ours_combine     peak= 7.226GB acc=1.00 hr=0.6 fb=7999 segs=5
chunk inputs, size: 512 (num 16)
chunk inputs, size: 2000 (num 4)
ratio 0.80 (pair), 0.7 GB (evict 359981 pairs)
  r=0.8 kvzip            peak= 8.456GB acc=1.00 hr=0.8 fb=None segs=None
chunk inputs, size: 512 (num 16)
chunk inputs, size: 512 (num 3)
chunk inputs, size: 512 (num 3)
chunk inputs, size: 512 (num 3)
chunk inputs, size: 512 (num 3)
chunk inputs, size: 512 (num 3)
ratio 0.80 (pair), 0.5 GB (evict 243810 pairs)
  r=0.8 ours             peak= 7.225GB acc=1.00 hr=0.8 fb=7999 segs=5
chunk inputs, size: 512 (num 16)
chunk inputs, size: 512 (num 2)
chunk inputs, size: 512 (num 6)
ratio 0.80 (pair), 0.3 GB (evict 129254 pairs)
  r=0.8 ours_predict_next peak= 6.949GB acc=1.00 hr=0.8 fb=7999 segs=2
chunk inputs, size: 512 (num 16)
chunk inputs, size: 512 (num 3)
chunk inputs, size: 512 (num 3)
chunk inputs, size: 512 (num 3)
chunk inputs, size: 512 (num 3)
chunk inputs, size: 512 (num 3)
chunk inputs, size: 512 (num 11)
ratio 0.80 (pair), 0.5 GB (evict 244400 pairs)
  r=0.8 ours_combine     peak= 7.226GB acc=1.00 hr=0.8 fb=7999 segs=5
chunk inputs, size: 512 (num 16)
chunk inputs, size: 2000 (num 4)
ratio 1.00 (pair), 0.9 GB (evict 0 pairs)
  r=1.0 kvzip            peak= 8.456GB acc=1.00 hr=1.0 fb=None segs=None
chunk inputs, size: 512 (num 16)
chunk inputs, size: 512 (num 16)
ratio 1.00 (pair), 0.9 GB (evict 0 pairs)
  r=1.0 ours             peak= 7.495GB acc=1.00 hr=1.0 fb=7999 segs=0
chunk inputs, size: 512 (num 16)
chunk inputs, size: 512 (num 9)
chunk inputs, size: 512 (num 9)
ratio 1.00 (pair), 0.5 GB (evict 0 pairs)
  r=1.0 ours_predict_next peak= 7.075GB acc=1.00 hr=1.0 fb=7999 segs=0
chunk inputs, size: 512 (num 16)
chunk inputs, size: 512 (num 16)
chunk inputs, size: 512 (num 16)
chunk inputs, size: 512 (num 16)
ratio 1.00 (pair), 0.9 GB (evict 0 pairs)
  r=1.0 ours_combine     peak= 7.496GB acc=1.00 hr=1.0 fb=7999 segs=0
insertion at 4783
================================================================================ 
[ctx_len=8000 depth=60% q=0.6 true_len=7999]
chunk inputs, size: 512 (num 16)
chunk inputs, size: 2000 (num 4)
ratio 0.00 (pair), 0.0 GB (evict 1791776 pairs)
  r=0.0 kvzip            peak= 8.456GB acc=0.00 hr=0.0 fb=None segs=None
chunk inputs, size: 512 (num 16)
chunk inputs, size: 512 (num 2)
chunk inputs, size: 512 (num 2)
chunk inputs, size: 512 (num 2)
chunk inputs, size: 512 (num 2)
chunk inputs, size: 512 (num 2)
chunk inputs, size: 512 (num 2)
chunk inputs, size: 512 (num 2)
chunk inputs, size: 512 (num 2)
ratio 0.00 (pair), 0.0 GB (evict 14336 pairs)
  r=0.0 ours             peak= 6.707GB acc=0.00 hr=0.0 fb=64 segs=7
chunk inputs, size: 512 (num 16)
chunk inputs, size: 512 (num 2)
ratio 0.00 (pair), 0.0 GB (evict 14336 pairs)
  r=0.0 ours_predict_next peak= 6.749GB acc=0.00 hr=0.0 fb=64 segs=3
chunk inputs, size: 512 (num 16)
chunk inputs, size: 512 (num 2)
chunk inputs, size: 512 (num 2)
chunk inputs, size: 512 (num 2)
chunk inputs, size: 512 (num 2)
chunk inputs, size: 512 (num 2)
chunk inputs, size: 512 (num 2)
chunk inputs, size: 512 (num 2)
chunk inputs, size: 512 (num 2)
chunk inputs, size: 512 (num 2)
ratio 0.00 (pair), 0.0 GB (evict 14336 pairs)
  r=0.0 ours_combine     peak= 6.721GB acc=0.00 hr=0.0 fb=64 segs=7
chunk inputs, size: 512 (num 16)
chunk inputs, size: 2000 (num 4)
ratio 0.20 (pair), 0.2 GB (evict 1433706 pairs)
  r=0.2 kvzip            peak= 8.456GB acc=1.00 hr=0.2 fb=None segs=None
chunk inputs, size: 512 (num 16)
chunk inputs, size: 512 (num 2)
chunk inputs, size: 512 (num 2)
chunk inputs, size: 512 (num 2)
chunk inputs, size: 512 (num 2)
chunk inputs, size: 512 (num 2)
chunk inputs, size: 512 (num 2)
chunk inputs, size: 512 (num 2)
chunk inputs, size: 512 (num 2)
ratio 0.50 (pair), 0.2 GB (evict 358909 pairs)
  r=0.2 ours             peak= 6.999GB acc=1.00 hr=0.5 fb=3200 segs=7
chunk inputs, size: 512 (num 16)
chunk inputs, size: 512 (num 2)
chunk inputs, size: 512 (num 5)
ratio 0.50 (pair), 0.1 GB (evict 231773 pairs)
  r=0.2 ours_predict_next peak= 6.827GB acc=0.00 hr=0.5 fb=3200 segs=3
chunk inputs, size: 512 (num 16)
chunk inputs, size: 512 (num 2)
chunk inputs, size: 512 (num 2)
chunk inputs, size: 512 (num 2)
chunk inputs, size: 512 (num 2)
chunk inputs, size: 512 (num 2)
chunk inputs, size: 512 (num 2)
chunk inputs, size: 512 (num 2)
chunk inputs, size: 512 (num 2)
chunk inputs, size: 512 (num 2)
chunk inputs, size: 512 (num 7)
ratio 0.50 (pair), 0.2 GB (evict 358801 pairs)
  r=0.2 ours_combine     peak= 6.999GB acc=1.00 hr=0.5 fb=3200 segs=7
chunk inputs, size: 512 (num 16)
chunk inputs, size: 2000 (num 4)
ratio 0.40 (pair), 0.4 GB (evict 1076051 pairs)
  r=0.4 kvzip            peak= 8.456GB acc=0.00 hr=0.4 fb=None segs=None
chunk inputs, size: 512 (num 16)
chunk inputs, size: 512 (num 2)
chunk inputs, size: 512 (num 2)
chunk inputs, size: 512 (num 2)
chunk inputs, size: 512 (num 2)
chunk inputs, size: 512 (num 2)
chunk inputs, size: 512 (num 2)
chunk inputs, size: 512 (num 2)
chunk inputs, size: 512 (num 2)
ratio 0.50 (pair), 0.4 GB (evict 717218 pairs)
  r=0.4 ours             peak= 7.330GB acc=0.00 hr=0.5 fb=6399 segs=7
chunk inputs, size: 512 (num 16)
chunk inputs, size: 512 (num 2)
chunk inputs, size: 512 (num 7)
ratio 0.50 (pair), 0.2 GB (evict 367976 pairs)
  r=0.4 ours_predict_next peak= 6.956GB acc=0.00 hr=0.5 fb=6399 segs=3
chunk inputs, size: 512 (num 16)
chunk inputs, size: 512 (num 2)
chunk inputs, size: 512 (num 2)
chunk inputs, size: 512 (num 2)
chunk inputs, size: 512 (num 2)
chunk inputs, size: 512 (num 2)
chunk inputs, size: 512 (num 2)
chunk inputs, size: 512 (num 2)
chunk inputs, size: 512 (num 2)
chunk inputs, size: 512 (num 2)
chunk inputs, size: 512 (num 13)
ratio 0.50 (pair), 0.4 GB (evict 717022 pairs)
  r=0.4 ours_combine     peak= 7.329GB acc=1.00 hr=0.5 fb=6399 segs=7
chunk inputs, size: 512 (num 16)
chunk inputs, size: 2000 (num 4)
ratio 0.60 (pair), 0.6 GB (evict 717309 pairs)
  r=0.6 kvzip            peak= 8.456GB acc=1.00 hr=0.6 fb=None segs=None
chunk inputs, size: 512 (num 16)
chunk inputs, size: 512 (num 3)
chunk inputs, size: 512 (num 3)
chunk inputs, size: 512 (num 3)
chunk inputs, size: 512 (num 3)
chunk inputs, size: 512 (num 3)
ratio 0.60 (pair), 0.4 GB (evict 487810 pairs)
  r=0.6 ours             peak= 7.225GB acc=1.00 hr=0.6 fb=7999 segs=5
chunk inputs, size: 512 (num 16)
chunk inputs, size: 512 (num 2)
chunk inputs, size: 512 (num 6)
ratio 0.60 (pair), 0.2 GB (evict 257949 pairs)
  r=0.6 ours_predict_next peak= 6.928GB acc=0.00 hr=0.6 fb=7999 segs=2
chunk inputs, size: 512 (num 16)
chunk inputs, size: 512 (num 3)
chunk inputs, size: 512 (num 3)
chunk inputs, size: 512 (num 3)
chunk inputs, size: 512 (num 3)
chunk inputs, size: 512 (num 3)
chunk inputs, size: 512 (num 11)
ratio 0.60 (pair), 0.4 GB (evict 488083 pairs)
  r=0.6 ours_combine     peak= 7.226GB acc=1.00 hr=0.6 fb=7999 segs=5
chunk inputs, size: 512 (num 16)
chunk inputs, size: 2000 (num 4)
ratio 0.80 (pair), 0.7 GB (evict 359024 pairs)
  r=0.8 kvzip            peak= 8.456GB acc=1.00 hr=0.8 fb=None segs=None
chunk inputs, size: 512 (num 16)
chunk inputs, size: 512 (num 3)
chunk inputs, size: 512 (num 3)
chunk inputs, size: 512 (num 3)
chunk inputs, size: 512 (num 3)
chunk inputs, size: 512 (num 3)
ratio 0.80 (pair), 0.5 GB (evict 244260 pairs)
  r=0.8 ours             peak= 7.225GB acc=1.00 hr=0.8 fb=7999 segs=5
chunk inputs, size: 512 (num 16)
chunk inputs, size: 512 (num 2)
chunk inputs, size: 512 (num 6)
ratio 0.80 (pair), 0.3 GB (evict 129308 pairs)
  r=0.8 ours_predict_next peak= 6.928GB acc=0.00 hr=0.8 fb=7999 segs=2
chunk inputs, size: 512 (num 16)
chunk inputs, size: 512 (num 3)
chunk inputs, size: 512 (num 3)
chunk inputs, size: 512 (num 3)
chunk inputs, size: 512 (num 3)
chunk inputs, size: 512 (num 3)
chunk inputs, size: 512 (num 11)
ratio 0.80 (pair), 0.5 GB (evict 244143 pairs)
  r=0.8 ours_combine     peak= 7.226GB acc=1.00 hr=0.8 fb=7999 segs=5
chunk inputs, size: 512 (num 16)
chunk inputs, size: 2000 (num 4)
ratio 1.00 (pair), 0.9 GB (evict 0 pairs)
  r=1.0 kvzip            peak= 8.456GB acc=1.00 hr=1.0 fb=None segs=None
chunk inputs, size: 512 (num 16)
chunk inputs, size: 512 (num 16)
ratio 1.00 (pair), 0.9 GB (evict 0 pairs)
  r=1.0 ours             peak= 7.495GB acc=1.00 hr=1.0 fb=7999 segs=0
chunk inputs, size: 512 (num 16)
chunk inputs, size: 512 (num 9)
chunk inputs, size: 512 (num 9)
ratio 1.00 (pair), 0.5 GB (evict 0 pairs)
  r=1.0 ours_predict_next peak= 7.062GB acc=0.00 hr=1.0 fb=7999 segs=0
chunk inputs, size: 512 (num 16)
chunk inputs, size: 512 (num 16)
chunk inputs, size: 512 (num 16)
chunk inputs, size: 512 (num 16)
ratio 1.00 (pair), 0.9 GB (evict 0 pairs)
  r=1.0 ours_combine     peak= 7.496GB acc=1.00 hr=1.0 fb=7999 segs=0
insertion at 5579
================================================================================ 
[ctx_len=8000 depth=70% q=0.7 true_len=7999]
chunk inputs, size: 512 (num 16)
chunk inputs, size: 2000 (num 4)
ratio 0.00 (pair), 0.0 GB (evict 1791776 pairs)
  r=0.0 kvzip            peak= 8.456GB acc=0.00 hr=0.0 fb=None segs=None
chunk inputs, size: 512 (num 16)
chunk inputs, size: 512 (num 2)
chunk inputs, size: 512 (num 2)
chunk inputs, size: 512 (num 2)
chunk inputs, size: 512 (num 2)
chunk inputs, size: 512 (num 2)
chunk inputs, size: 512 (num 2)
chunk inputs, size: 512 (num 2)
chunk inputs, size: 512 (num 2)
ratio 0.00 (pair), 0.0 GB (evict 14336 pairs)
  r=0.0 ours             peak= 6.707GB acc=0.00 hr=0.0 fb=64 segs=7
chunk inputs, size: 512 (num 16)
chunk inputs, size: 512 (num 2)
ratio 0.00 (pair), 0.0 GB (evict 14336 pairs)
  r=0.0 ours_predict_next peak= 6.752GB acc=0.00 hr=0.0 fb=64 segs=3
chunk inputs, size: 512 (num 16)
chunk inputs, size: 512 (num 2)
chunk inputs, size: 512 (num 2)
chunk inputs, size: 512 (num 2)
chunk inputs, size: 512 (num 2)
chunk inputs, size: 512 (num 2)
chunk inputs, size: 512 (num 2)
chunk inputs, size: 512 (num 2)
chunk inputs, size: 512 (num 2)
chunk inputs, size: 512 (num 2)
ratio 0.00 (pair), 0.0 GB (evict 14336 pairs)
  r=0.0 ours_combine     peak= 6.721GB acc=0.00 hr=0.0 fb=64 segs=7
chunk inputs, size: 512 (num 16)
chunk inputs, size: 2000 (num 4)
ratio 0.20 (pair), 0.2 GB (evict 1433802 pairs)
  r=0.2 kvzip            peak= 8.456GB acc=1.00 hr=0.2 fb=None segs=None
chunk inputs, size: 512 (num 16)
chunk inputs, size: 512 (num 2)
chunk inputs, size: 512 (num 2)
chunk inputs, size: 512 (num 2)
chunk inputs, size: 512 (num 2)
chunk inputs, size: 512 (num 2)
chunk inputs, size: 512 (num 2)
chunk inputs, size: 512 (num 2)
chunk inputs, size: 512 (num 2)
ratio 0.50 (pair), 0.2 GB (evict 358659 pairs)
  r=0.2 ours             peak= 6.999GB acc=1.00 hr=0.5 fb=3200 segs=7
chunk inputs, size: 512 (num 16)
chunk inputs, size: 512 (num 2)
chunk inputs, size: 512 (num 5)
ratio 0.50 (pair), 0.1 GB (evict 231299 pairs)
  r=0.2 ours_predict_next peak= 6.833GB acc=0.50 hr=0.5 fb=3200 segs=3
chunk inputs, size: 512 (num 16)
chunk inputs, size: 512 (num 2)
chunk inputs, size: 512 (num 2)
chunk inputs, size: 512 (num 2)
chunk inputs, size: 512 (num 2)
chunk inputs, size: 512 (num 2)
chunk inputs, size: 512 (num 2)
chunk inputs, size: 512 (num 2)
chunk inputs, size: 512 (num 2)
chunk inputs, size: 512 (num 2)
chunk inputs, size: 512 (num 7)
ratio 0.50 (pair), 0.2 GB (evict 358623 pairs)
  r=0.2 ours_combine     peak= 6.999GB acc=1.00 hr=0.5 fb=3200 segs=7
chunk inputs, size: 512 (num 16)
chunk inputs, size: 2000 (num 4)
ratio 0.40 (pair), 0.4 GB (evict 1076195 pairs)
  r=0.4 kvzip            peak= 8.456GB acc=0.00 hr=0.4 fb=None segs=None
chunk inputs, size: 512 (num 16)
chunk inputs, size: 512 (num 2)
chunk inputs, size: 512 (num 2)
chunk inputs, size: 512 (num 2)
chunk inputs, size: 512 (num 2)
chunk inputs, size: 512 (num 2)
chunk inputs, size: 512 (num 2)
chunk inputs, size: 512 (num 2)
chunk inputs, size: 512 (num 2)
ratio 0.50 (pair), 0.4 GB (evict 717081 pairs)
  r=0.4 ours             peak= 7.330GB acc=0.00 hr=0.5 fb=6399 segs=7
chunk inputs, size: 512 (num 16)
chunk inputs, size: 512 (num 2)
chunk inputs, size: 512 (num 7)
ratio 0.50 (pair), 0.2 GB (evict 367904 pairs)
  r=0.4 ours_predict_next peak= 6.954GB acc=1.00 hr=0.5 fb=6399 segs=3
chunk inputs, size: 512 (num 16)
chunk inputs, size: 512 (num 2)
chunk inputs, size: 512 (num 2)
chunk inputs, size: 512 (num 2)
chunk inputs, size: 512 (num 2)
chunk inputs, size: 512 (num 2)
chunk inputs, size: 512 (num 2)
chunk inputs, size: 512 (num 2)
chunk inputs, size: 512 (num 2)
chunk inputs, size: 512 (num 2)
chunk inputs, size: 512 (num 13)
ratio 0.50 (pair), 0.4 GB (evict 717012 pairs)
  r=0.4 ours_combine     peak= 7.329GB acc=1.00 hr=0.5 fb=6399 segs=7
chunk inputs, size: 512 (num 16)
chunk inputs, size: 2000 (num 4)
ratio 0.60 (pair), 0.6 GB (evict 717470 pairs)
  r=0.6 kvzip            peak= 8.456GB acc=1.00 hr=0.6 fb=None segs=None
chunk inputs, size: 512 (num 16)
chunk inputs, size: 512 (num 3)
chunk inputs, size: 512 (num 3)
chunk inputs, size: 512 (num 3)
chunk inputs, size: 512 (num 3)
chunk inputs, size: 512 (num 3)
ratio 0.60 (pair), 0.4 GB (evict 487992 pairs)
  r=0.6 ours             peak= 7.225GB acc=1.00 hr=0.6 fb=7999 segs=5
chunk inputs, size: 512 (num 16)
chunk inputs, size: 512 (num 2)
chunk inputs, size: 512 (num 6)
ratio 0.60 (pair), 0.2 GB (evict 257796 pairs)
  r=0.6 ours_predict_next peak= 6.930GB acc=1.00 hr=0.6 fb=7999 segs=2
chunk inputs, size: 512 (num 16)
chunk inputs, size: 512 (num 3)
chunk inputs, size: 512 (num 3)
chunk inputs, size: 512 (num 3)
chunk inputs, size: 512 (num 3)
chunk inputs, size: 512 (num 3)
chunk inputs, size: 512 (num 11)
ratio 0.60 (pair), 0.4 GB (evict 487824 pairs)
  r=0.6 ours_combine     peak= 7.226GB acc=1.00 hr=0.6 fb=7999 segs=5
chunk inputs, size: 512 (num 16)
chunk inputs, size: 2000 (num 4)
ratio 0.80 (pair), 0.7 GB (evict 359179 pairs)
  r=0.8 kvzip            peak= 8.456GB acc=1.00 hr=0.8 fb=None segs=None
chunk inputs, size: 512 (num 16)
chunk inputs, size: 512 (num 3)
chunk inputs, size: 512 (num 3)
chunk inputs, size: 512 (num 3)
chunk inputs, size: 512 (num 3)
chunk inputs, size: 512 (num 3)
ratio 0.80 (pair), 0.5 GB (evict 244339 pairs)
  r=0.8 ours             peak= 7.225GB acc=1.00 hr=0.8 fb=7999 segs=5
chunk inputs, size: 512 (num 16)
chunk inputs, size: 512 (num 2)
chunk inputs, size: 512 (num 6)
ratio 0.80 (pair), 0.3 GB (evict 129012 pairs)
  r=0.8 ours_predict_next peak= 6.930GB acc=1.00 hr=0.8 fb=7999 segs=2
chunk inputs, size: 512 (num 16)
chunk inputs, size: 512 (num 3)
chunk inputs, size: 512 (num 3)
chunk inputs, size: 512 (num 3)
chunk inputs, size: 512 (num 3)
chunk inputs, size: 512 (num 3)
chunk inputs, size: 512 (num 11)
ratio 0.80 (pair), 0.5 GB (evict 244317 pairs)
  r=0.8 ours_combine     peak= 7.226GB acc=1.00 hr=0.8 fb=7999 segs=5
chunk inputs, size: 512 (num 16)
chunk inputs, size: 2000 (num 4)
ratio 1.00 (pair), 0.9 GB (evict 0 pairs)
  r=1.0 kvzip            peak= 8.456GB acc=1.00 hr=1.0 fb=None segs=None
chunk inputs, size: 512 (num 16)
chunk inputs, size: 512 (num 16)
ratio 1.00 (pair), 0.9 GB (evict 0 pairs)
  r=1.0 ours             peak= 7.495GB acc=1.00 hr=1.0 fb=7999 segs=0
chunk inputs, size: 512 (num 16)
chunk inputs, size: 512 (num 9)
chunk inputs, size: 512 (num 9)
ratio 1.00 (pair), 0.5 GB (evict 0 pairs)
  r=1.0 ours_predict_next peak= 7.067GB acc=1.00 hr=1.0 fb=7999 segs=0
chunk inputs, size: 512 (num 16)
chunk inputs, size: 512 (num 16)
chunk inputs, size: 512 (num 16)
chunk inputs, size: 512 (num 16)
ratio 1.00 (pair), 0.9 GB (evict 0 pairs)
  r=1.0 ours_combine     peak= 7.496GB acc=1.00 hr=1.0 fb=7999 segs=0
insertion at 6278
================================================================================ 
[ctx_len=8000 depth=80% q=0.8 true_len=7999]
chunk inputs, size: 512 (num 16)
chunk inputs, size: 2000 (num 4)
ratio 0.00 (pair), 0.0 GB (evict 1791776 pairs)
  r=0.0 kvzip            peak= 8.456GB acc=0.00 hr=0.0 fb=None segs=None
chunk inputs, size: 512 (num 16)
chunk inputs, size: 512 (num 2)
chunk inputs, size: 512 (num 2)
chunk inputs, size: 512 (num 2)
chunk inputs, size: 512 (num 2)
chunk inputs, size: 512 (num 2)
chunk inputs, size: 512 (num 2)
chunk inputs, size: 512 (num 2)
chunk inputs, size: 512 (num 2)
ratio 0.00 (pair), 0.0 GB (evict 14336 pairs)
  r=0.0 ours             peak= 6.707GB acc=0.00 hr=0.0 fb=64 segs=7
chunk inputs, size: 512 (num 16)
chunk inputs, size: 512 (num 2)
ratio 0.00 (pair), 0.0 GB (evict 14336 pairs)
  r=0.0 ours_predict_next peak= 6.749GB acc=0.00 hr=0.0 fb=64 segs=3
chunk inputs, size: 512 (num 16)
chunk inputs, size: 512 (num 2)
chunk inputs, size: 512 (num 2)
chunk inputs, size: 512 (num 2)
chunk inputs, size: 512 (num 2)
chunk inputs, size: 512 (num 2)
chunk inputs, size: 512 (num 2)
chunk inputs, size: 512 (num 2)
chunk inputs, size: 512 (num 2)
chunk inputs, size: 512 (num 2)
ratio 0.00 (pair), 0.0 GB (evict 14336 pairs)
  r=0.0 ours_combine     peak= 6.721GB acc=0.00 hr=0.0 fb=64 segs=7
chunk inputs, size: 512 (num 16)
chunk inputs, size: 2000 (num 4)
ratio 0.20 (pair), 0.2 GB (evict 1434008 pairs)
  r=0.2 kvzip            peak= 8.456GB acc=1.00 hr=0.2 fb=None segs=None
chunk inputs, size: 512 (num 16)
chunk inputs, size: 512 (num 2)
chunk inputs, size: 512 (num 2)
chunk inputs, size: 512 (num 2)
chunk inputs, size: 512 (num 2)
chunk inputs, size: 512 (num 2)
chunk inputs, size: 512 (num 2)
chunk inputs, size: 512 (num 2)
chunk inputs, size: 512 (num 2)
ratio 0.50 (pair), 0.2 GB (evict 358749 pairs)
  r=0.2 ours             peak= 6.999GB acc=1.00 hr=0.5 fb=3200 segs=7
chunk inputs, size: 512 (num 16)
chunk inputs, size: 512 (num 2)
chunk inputs, size: 512 (num 5)
ratio 0.50 (pair), 0.1 GB (evict 231655 pairs)
  r=0.2 ours_predict_next peak= 6.828GB acc=0.00 hr=0.5 fb=3200 segs=3
chunk inputs, size: 512 (num 16)
chunk inputs, size: 512 (num 2)
chunk inputs, size: 512 (num 2)
chunk inputs, size: 512 (num 2)
chunk inputs, size: 512 (num 2)
chunk inputs, size: 512 (num 2)
chunk inputs, size: 512 (num 2)
chunk inputs, size: 512 (num 2)
chunk inputs, size: 512 (num 2)
chunk inputs, size: 512 (num 2)
chunk inputs, size: 512 (num 7)
ratio 0.50 (pair), 0.2 GB (evict 358625 pairs)
  r=0.2 ours_combine     peak= 6.999GB acc=1.00 hr=0.5 fb=3200 segs=7
chunk inputs, size: 512 (num 16)
chunk inputs, size: 2000 (num 4)
ratio 0.40 (pair), 0.4 GB (evict 1075994 pairs)
  r=0.4 kvzip            peak= 8.456GB acc=0.00 hr=0.4 fb=None segs=None
chunk inputs, size: 512 (num 16)
chunk inputs, size: 512 (num 2)
chunk inputs, size: 512 (num 2)
chunk inputs, size: 512 (num 2)
chunk inputs, size: 512 (num 2)
chunk inputs, size: 512 (num 2)
chunk inputs, size: 512 (num 2)
chunk inputs, size: 512 (num 2)
chunk inputs, size: 512 (num 2)
ratio 0.50 (pair), 0.4 GB (evict 717461 pairs)
  r=0.4 ours             peak= 7.330GB acc=0.00 hr=0.5 fb=6399 segs=7
chunk inputs, size: 512 (num 16)
chunk inputs, size: 512 (num 2)
chunk inputs, size: 512 (num 7)
ratio 0.50 (pair), 0.2 GB (evict 368334 pairs)
  r=0.4 ours_predict_next peak= 6.955GB acc=0.00 hr=0.5 fb=6399 segs=3
chunk inputs, size: 512 (num 16)
chunk inputs, size: 512 (num 2)
chunk inputs, size: 512 (num 2)
chunk inputs, size: 512 (num 2)
chunk inputs, size: 512 (num 2)
chunk inputs, size: 512 (num 2)
chunk inputs, size: 512 (num 2)
chunk inputs, size: 512 (num 2)
chunk inputs, size: 512 (num 2)
chunk inputs, size: 512 (num 2)
chunk inputs, size: 512 (num 13)
ratio 0.50 (pair), 0.4 GB (evict 717270 pairs)
  r=0.4 ours_combine     peak= 7.329GB acc=1.00 hr=0.5 fb=6399 segs=7
chunk inputs, size: 512 (num 16)
chunk inputs, size: 2000 (num 4)
ratio 0.60 (pair), 0.6 GB (evict 717688 pairs)
  r=0.6 kvzip            peak= 8.456GB acc=1.00 hr=0.6 fb=None segs=None
chunk inputs, size: 512 (num 16)
chunk inputs, size: 512 (num 3)
chunk inputs, size: 512 (num 3)
chunk inputs, size: 512 (num 3)
chunk inputs, size: 512 (num 3)
chunk inputs, size: 512 (num 3)
ratio 0.60 (pair), 0.4 GB (evict 487800 pairs)
  r=0.6 ours             peak= 7.225GB acc=1.00 hr=0.6 fb=7999 segs=5
chunk inputs, size: 512 (num 16)
chunk inputs, size: 512 (num 2)
chunk inputs, size: 512 (num 6)
ratio 0.60 (pair), 0.2 GB (evict 258454 pairs)
  r=0.6 ours_predict_next peak= 6.924GB acc=0.00 hr=0.6 fb=7999 segs=2
chunk inputs, size: 512 (num 16)
chunk inputs, size: 512 (num 3)
chunk inputs, size: 512 (num 3)
chunk inputs, size: 512 (num 3)
chunk inputs, size: 512 (num 3)
chunk inputs, size: 512 (num 3)
chunk inputs, size: 512 (num 11)
ratio 0.60 (pair), 0.4 GB (evict 487816 pairs)
  r=0.6 ours_combine     peak= 7.226GB acc=1.00 hr=0.6 fb=7999 segs=5
chunk inputs, size: 512 (num 16)
chunk inputs, size: 2000 (num 4)
ratio 0.80 (pair), 0.7 GB (evict 359913 pairs)
  r=0.8 kvzip            peak= 8.456GB acc=1.00 hr=0.8 fb=None segs=None
chunk inputs, size: 512 (num 16)
chunk inputs, size: 512 (num 3)
chunk inputs, size: 512 (num 3)
chunk inputs, size: 512 (num 3)
chunk inputs, size: 512 (num 3)
chunk inputs, size: 512 (num 3)
ratio 0.80 (pair), 0.5 GB (evict 244181 pairs)
  r=0.8 ours             peak= 7.225GB acc=1.00 hr=0.8 fb=7999 segs=5
chunk inputs, size: 512 (num 16)
chunk inputs, size: 512 (num 2)
chunk inputs, size: 512 (num 6)
ratio 0.80 (pair), 0.3 GB (evict 129383 pairs)
  r=0.8 ours_predict_next peak= 6.924GB acc=0.00 hr=0.8 fb=7999 segs=2
chunk inputs, size: 512 (num 16)
chunk inputs, size: 512 (num 3)
chunk inputs, size: 512 (num 3)
chunk inputs, size: 512 (num 3)
chunk inputs, size: 512 (num 3)
chunk inputs, size: 512 (num 3)
chunk inputs, size: 512 (num 11)
ratio 0.80 (pair), 0.5 GB (evict 244140 pairs)
  r=0.8 ours_combine     peak= 7.226GB acc=1.00 hr=0.8 fb=7999 segs=5
chunk inputs, size: 512 (num 16)
chunk inputs, size: 2000 (num 4)
ratio 1.00 (pair), 0.9 GB (evict 0 pairs)
  r=1.0 kvzip            peak= 8.456GB acc=1.00 hr=1.0 fb=None segs=None
chunk inputs, size: 512 (num 16)
chunk inputs, size: 512 (num 16)
ratio 1.00 (pair), 0.9 GB (evict 0 pairs)
  r=1.0 ours             peak= 7.495GB acc=1.00 hr=1.0 fb=7999 segs=0
chunk inputs, size: 512 (num 16)
chunk inputs, size: 512 (num 9)
chunk inputs, size: 512 (num 9)
ratio 1.00 (pair), 0.5 GB (evict 0 pairs)
  r=1.0 ours_predict_next peak= 7.065GB acc=0.00 hr=1.0 fb=7999 segs=0
chunk inputs, size: 512 (num 16)
chunk inputs, size: 512 (num 16)
chunk inputs, size: 512 (num 16)
chunk inputs, size: 512 (num 16)
ratio 1.00 (pair), 0.9 GB (evict 0 pairs)
  r=1.0 ours_combine     peak= 7.496GB acc=1.00 hr=1.0 fb=7999 segs=0
insertion at 7172
================================================================================ 
[ctx_len=8000 depth=90% q=0.9 true_len=7999]
chunk inputs, size: 512 (num 16)
chunk inputs, size: 2000 (num 4)
ratio 0.00 (pair), 0.0 GB (evict 1791776 pairs)
  r=0.0 kvzip            peak= 8.456GB acc=0.00 hr=0.0 fb=None segs=None
chunk inputs, size: 512 (num 16)
chunk inputs, size: 512 (num 2)
chunk inputs, size: 512 (num 2)
chunk inputs, size: 512 (num 2)
chunk inputs, size: 512 (num 2)
chunk inputs, size: 512 (num 2)
chunk inputs, size: 512 (num 2)
chunk inputs, size: 512 (num 2)
chunk inputs, size: 512 (num 2)
ratio 0.00 (pair), 0.0 GB (evict 14336 pairs)
  r=0.0 ours             peak= 6.707GB acc=0.00 hr=0.0 fb=64 segs=7
chunk inputs, size: 512 (num 16)
chunk inputs, size: 512 (num 3)
ratio 0.00 (pair), 0.0 GB (evict 14336 pairs)
  r=0.0 ours_predict_next peak= 6.749GB acc=0.00 hr=0.0 fb=64 segs=4
chunk inputs, size: 512 (num 16)
chunk inputs, size: 512 (num 2)
chunk inputs, size: 512 (num 2)
chunk inputs, size: 512 (num 2)
chunk inputs, size: 512 (num 2)
chunk inputs, size: 512 (num 2)
chunk inputs, size: 512 (num 2)
chunk inputs, size: 512 (num 2)
chunk inputs, size: 512 (num 2)
chunk inputs, size: 512 (num 2)
ratio 0.00 (pair), 0.0 GB (evict 14336 pairs)
  r=0.0 ours_combine     peak= 6.721GB acc=0.00 hr=0.0 fb=64 segs=7
chunk inputs, size: 512 (num 16)
chunk inputs, size: 2000 (num 4)
ratio 0.20 (pair), 0.2 GB (evict 1433678 pairs)
  r=0.2 kvzip            peak= 8.456GB acc=1.00 hr=0.2 fb=None segs=None
chunk inputs, size: 512 (num 16)
chunk inputs, size: 512 (num 2)
chunk inputs, size: 512 (num 2)
chunk inputs, size: 512 (num 2)
chunk inputs, size: 512 (num 2)
chunk inputs, size: 512 (num 2)
chunk inputs, size: 512 (num 2)
chunk inputs, size: 512 (num 2)
chunk inputs, size: 512 (num 2)
ratio 0.50 (pair), 0.2 GB (evict 358887 pairs)
  r=0.2 ours             peak= 6.999GB acc=1.00 hr=0.5 fb=3200 segs=7
chunk inputs, size: 512 (num 16)
chunk inputs, size: 512 (num 2)
chunk inputs, size: 512 (num 5)
ratio 0.50 (pair), 0.1 GB (evict 250663 pairs)
  r=0.2 ours_predict_next peak= 6.835GB acc=0.00 hr=0.5 fb=3200 segs=3
chunk inputs, size: 512 (num 16)
chunk inputs, size: 512 (num 2)
chunk inputs, size: 512 (num 2)
chunk inputs, size: 512 (num 2)
chunk inputs, size: 512 (num 2)
chunk inputs, size: 512 (num 2)
chunk inputs, size: 512 (num 2)
chunk inputs, size: 512 (num 2)
chunk inputs, size: 512 (num 2)
chunk inputs, size: 512 (num 2)
chunk inputs, size: 512 (num 7)
ratio 0.50 (pair), 0.2 GB (evict 358441 pairs)
  r=0.2 ours_combine     peak= 6.999GB acc=1.00 hr=0.5 fb=3200 segs=7
chunk inputs, size: 512 (num 16)
chunk inputs, size: 2000 (num 4)
ratio 0.40 (pair), 0.4 GB (evict 1076119 pairs)
  r=0.4 kvzip            peak= 8.456GB acc=0.00 hr=0.4 fb=None segs=None
chunk inputs, size: 512 (num 16)
chunk inputs, size: 512 (num 2)
chunk inputs, size: 512 (num 2)
chunk inputs, size: 512 (num 2)
chunk inputs, size: 512 (num 2)
chunk inputs, size: 512 (num 2)
chunk inputs, size: 512 (num 2)
chunk inputs, size: 512 (num 2)
chunk inputs, size: 512 (num 2)
ratio 0.50 (pair), 0.4 GB (evict 716924 pairs)
  r=0.4 ours             peak= 7.330GB acc=0.00 hr=0.5 fb=6399 segs=7
chunk inputs, size: 512 (num 16)
chunk inputs, size: 512 (num 2)
chunk inputs, size: 512 (num 7)
ratio 0.50 (pair), 0.2 GB (evict 387364 pairs)
  r=0.4 ours_predict_next peak= 6.974GB acc=0.00 hr=0.5 fb=6399 segs=3
chunk inputs, size: 512 (num 16)
chunk inputs, size: 512 (num 2)
chunk inputs, size: 512 (num 2)
chunk inputs, size: 512 (num 2)
chunk inputs, size: 512 (num 2)
chunk inputs, size: 512 (num 2)
chunk inputs, size: 512 (num 2)
chunk inputs, size: 512 (num 2)
chunk inputs, size: 512 (num 2)
chunk inputs, size: 512 (num 2)
chunk inputs, size: 512 (num 13)
ratio 0.50 (pair), 0.4 GB (evict 717524 pairs)
  r=0.4 ours_combine     peak= 7.329GB acc=1.00 hr=0.5 fb=6399 segs=7
chunk inputs, size: 512 (num 16)
chunk inputs, size: 2000 (num 4)
ratio 0.60 (pair), 0.6 GB (evict 717632 pairs)
  r=0.6 kvzip            peak= 8.456GB acc=1.00 hr=0.6 fb=None segs=None
chunk inputs, size: 512 (num 16)
chunk inputs, size: 512 (num 3)
chunk inputs, size: 512 (num 3)
chunk inputs, size: 512 (num 3)
chunk inputs, size: 512 (num 3)
chunk inputs, size: 512 (num 3)
ratio 0.60 (pair), 0.4 GB (evict 487596 pairs)
  r=0.6 ours             peak= 7.225GB acc=1.00 hr=0.6 fb=7999 segs=5
chunk inputs, size: 512 (num 16)
chunk inputs, size: 512 (num 2)
chunk inputs, size: 512 (num 6)
ratio 0.60 (pair), 0.2 GB (evict 274245 pairs)
  r=0.6 ours_predict_next peak= 6.931GB acc=0.00 hr=0.6 fb=7999 segs=2
chunk inputs, size: 512 (num 16)
chunk inputs, size: 512 (num 3)
chunk inputs, size: 512 (num 3)
chunk inputs, size: 512 (num 3)
chunk inputs, size: 512 (num 3)
chunk inputs, size: 512 (num 3)
chunk inputs, size: 512 (num 11)
ratio 0.60 (pair), 0.4 GB (evict 487882 pairs)
  r=0.6 ours_combine     peak= 7.226GB acc=1.00 hr=0.6 fb=7999 segs=5
chunk inputs, size: 512 (num 16)
chunk inputs, size: 2000 (num 4)
ratio 0.80 (pair), 0.7 GB (evict 359727 pairs)
  r=0.8 kvzip            peak= 8.456GB acc=1.00 hr=0.8 fb=None segs=None
chunk inputs, size: 512 (num 16)
chunk inputs, size: 512 (num 3)
chunk inputs, size: 512 (num 3)
chunk inputs, size: 512 (num 3)
chunk inputs, size: 512 (num 3)
chunk inputs, size: 512 (num 3)
ratio 0.80 (pair), 0.5 GB (evict 245056 pairs)
  r=0.8 ours             peak= 7.225GB acc=1.00 hr=0.8 fb=7999 segs=5
chunk inputs, size: 512 (num 16)
chunk inputs, size: 512 (num 2)
chunk inputs, size: 512 (num 6)
ratio 0.80 (pair), 0.3 GB (evict 137231 pairs)
  r=0.8 ours_predict_next peak= 6.931GB acc=0.00 hr=0.8 fb=7999 segs=2
chunk inputs, size: 512 (num 16)
chunk inputs, size: 512 (num 3)
chunk inputs, size: 512 (num 3)
chunk inputs, size: 512 (num 3)
chunk inputs, size: 512 (num 3)
chunk inputs, size: 512 (num 3)
chunk inputs, size: 512 (num 11)
ratio 0.80 (pair), 0.5 GB (evict 244082 pairs)
  r=0.8 ours_combine     peak= 7.226GB acc=1.00 hr=0.8 fb=7999 segs=5
chunk inputs, size: 512 (num 16)
chunk inputs, size: 2000 (num 4)
ratio 1.00 (pair), 0.9 GB (evict 0 pairs)
  r=1.0 kvzip            peak= 8.456GB acc=1.00 hr=1.0 fb=None segs=None
chunk inputs, size: 512 (num 16)
chunk inputs, size: 512 (num 16)
ratio 1.00 (pair), 0.9 GB (evict 0 pairs)
  r=1.0 ours             peak= 7.495GB acc=1.00 hr=1.0 fb=7999 segs=0
chunk inputs, size: 512 (num 16)
chunk inputs, size: 512 (num 9)
chunk inputs, size: 512 (num 9)
ratio 1.00 (pair), 0.5 GB (evict 0 pairs)
  r=1.0 ours_predict_next peak= 7.080GB acc=0.00 hr=1.0 fb=7999 segs=0
chunk inputs, size: 512 (num 16)
chunk inputs, size: 512 (num 16)
chunk inputs, size: 512 (num 16)
chunk inputs, size: 512 (num 16)
ratio 1.00 (pair), 0.9 GB (evict 0 pairs)
  r=1.0 ours_combine     peak= 7.496GB acc=1.00 hr=1.0 fb=7999 segs=0
insertion at 7976
================================================================================ 
[ctx_len=8000 depth=100% q=1.0 true_len=8000]
chunk inputs, size: 512 (num 16)
chunk inputs, size: 2000 (num 4)
ratio 0.00 (pair), 0.0 GB (evict 1792000 pairs)
  r=0.0 kvzip            peak= 8.457GB acc=0.00 hr=0.0 fb=None segs=None
chunk inputs, size: 512 (num 16)
chunk inputs, size: 512 (num 2)
chunk inputs, size: 512 (num 2)
chunk inputs, size: 512 (num 2)
chunk inputs, size: 512 (num 2)
chunk inputs, size: 512 (num 2)
chunk inputs, size: 512 (num 2)
chunk inputs, size: 512 (num 2)
chunk inputs, size: 512 (num 2)
ratio 0.00 (pair), 0.0 GB (evict 14336 pairs)
  r=0.0 ours             peak= 6.707GB acc=0.00 hr=0.0 fb=64 segs=7
chunk inputs, size: 512 (num 16)
chunk inputs, size: 512 (num 3)
ratio 0.00 (pair), 0.0 GB (evict 14336 pairs)
  r=0.0 ours_predict_next peak= 6.749GB acc=0.00 hr=0.0 fb=64 segs=4
chunk inputs, size: 512 (num 16)
chunk inputs, size: 512 (num 2)
chunk inputs, size: 512 (num 2)
chunk inputs, size: 512 (num 2)
chunk inputs, size: 512 (num 2)
chunk inputs, size: 512 (num 2)
chunk inputs, size: 512 (num 2)
chunk inputs, size: 512 (num 2)
chunk inputs, size: 512 (num 2)
chunk inputs, size: 512 (num 2)
ratio 0.00 (pair), 0.0 GB (evict 14336 pairs)
  r=0.0 ours_combine     peak= 6.721GB acc=0.00 hr=0.0 fb=64 segs=7
chunk inputs, size: 512 (num 16)
chunk inputs, size: 2000 (num 4)
ratio 0.20 (pair), 0.2 GB (evict 1433758 pairs)
  r=0.2 kvzip            peak= 8.457GB acc=0.00 hr=0.2 fb=None segs=None
chunk inputs, size: 512 (num 16)
chunk inputs, size: 512 (num 2)
chunk inputs, size: 512 (num 2)
chunk inputs, size: 512 (num 2)
chunk inputs, size: 512 (num 2)
chunk inputs, size: 512 (num 2)
chunk inputs, size: 512 (num 2)
chunk inputs, size: 512 (num 2)
chunk inputs, size: 512 (num 2)
ratio 0.50 (pair), 0.2 GB (evict 358815 pairs)
  r=0.2 ours             peak= 6.999GB acc=1.00 hr=0.5 fb=3200 segs=7
chunk inputs, size: 512 (num 16)
chunk inputs, size: 512 (num 2)
chunk inputs, size: 512 (num 5)
ratio 0.50 (pair), 0.1 GB (evict 247950 pairs)
  r=0.2 ours_predict_next peak= 6.836GB acc=1.00 hr=0.5 fb=3200 segs=3
chunk inputs, size: 512 (num 16)
chunk inputs, size: 512 (num 2)
chunk inputs, size: 512 (num 2)
chunk inputs, size: 512 (num 2)
chunk inputs, size: 512 (num 2)
chunk inputs, size: 512 (num 2)
chunk inputs, size: 512 (num 2)
chunk inputs, size: 512 (num 2)
chunk inputs, size: 512 (num 2)
chunk inputs, size: 512 (num 2)
chunk inputs, size: 512 (num 7)
ratio 0.50 (pair), 0.2 GB (evict 358658 pairs)
  r=0.2 ours_combine     peak= 6.999GB acc=1.00 hr=0.5 fb=3200 segs=7
chunk inputs, size: 512 (num 16)
chunk inputs, size: 2000 (num 4)
ratio 0.40 (pair), 0.4 GB (evict 1075789 pairs)
  r=0.4 kvzip            peak= 8.457GB acc=0.00 hr=0.4 fb=None segs=None
chunk inputs, size: 512 (num 16)
chunk inputs, size: 512 (num 2)
chunk inputs, size: 512 (num 2)
chunk inputs, size: 512 (num 2)
chunk inputs, size: 512 (num 2)
chunk inputs, size: 512 (num 2)
chunk inputs, size: 512 (num 2)
chunk inputs, size: 512 (num 2)
chunk inputs, size: 512 (num 2)
ratio 0.50 (pair), 0.4 GB (evict 717013 pairs)
  r=0.4 ours             peak= 7.329GB acc=0.00 hr=0.5 fb=6400 segs=7
chunk inputs, size: 512 (num 16)
chunk inputs, size: 512 (num 2)
chunk inputs, size: 512 (num 7)
ratio 0.50 (pair), 0.2 GB (evict 384032 pairs)
  r=0.4 ours_predict_next peak= 6.972GB acc=1.00 hr=0.5 fb=6400 segs=3
chunk inputs, size: 512 (num 16)
chunk inputs, size: 512 (num 2)
chunk inputs, size: 512 (num 2)
chunk inputs, size: 512 (num 2)
chunk inputs, size: 512 (num 2)
chunk inputs, size: 512 (num 2)
chunk inputs, size: 512 (num 2)
chunk inputs, size: 512 (num 2)
chunk inputs, size: 512 (num 2)
chunk inputs, size: 512 (num 2)
chunk inputs, size: 512 (num 13)
ratio 0.50 (pair), 0.4 GB (evict 717318 pairs)
  r=0.4 ours_combine     peak= 7.329GB acc=1.00 hr=0.5 fb=6400 segs=7
chunk inputs, size: 512 (num 16)
chunk inputs, size: 2000 (num 4)
ratio 0.60 (pair), 0.6 GB (evict 717410 pairs)
  r=0.6 kvzip            peak= 8.457GB acc=1.00 hr=0.6 fb=None segs=None
chunk inputs, size: 512 (num 16)
chunk inputs, size: 512 (num 3)
chunk inputs, size: 512 (num 3)
chunk inputs, size: 512 (num 3)
chunk inputs, size: 512 (num 3)
chunk inputs, size: 512 (num 3)
ratio 0.60 (pair), 0.4 GB (evict 488186 pairs)
  r=0.6 ours             peak= 7.225GB acc=1.00 hr=0.6 fb=8000 segs=5
chunk inputs, size: 512 (num 16)
chunk inputs, size: 512 (num 2)
chunk inputs, size: 512 (num 6)
ratio 0.60 (pair), 0.2 GB (evict 271555 pairs)
  r=0.6 ours_predict_next peak= 6.928GB acc=1.00 hr=0.6 fb=8000 segs=2
chunk inputs, size: 512 (num 16)
chunk inputs, size: 512 (num 3)
chunk inputs, size: 512 (num 3)
chunk inputs, size: 512 (num 3)
chunk inputs, size: 512 (num 3)
chunk inputs, size: 512 (num 3)
chunk inputs, size: 512 (num 11)
ratio 0.60 (pair), 0.4 GB (evict 487718 pairs)
  r=0.6 ours_combine     peak= 7.226GB acc=1.00 hr=0.6 fb=8000 segs=5
chunk inputs, size: 512 (num 16)
chunk inputs, size: 2000 (num 4)
ratio 0.80 (pair), 0.7 GB (evict 359242 pairs)
  r=0.8 kvzip            peak= 8.457GB acc=1.00 hr=0.8 fb=None segs=None
chunk inputs, size: 512 (num 16)
chunk inputs, size: 512 (num 3)
chunk inputs, size: 512 (num 3)
chunk inputs, size: 512 (num 3)
chunk inputs, size: 512 (num 3)
chunk inputs, size: 512 (num 3)
ratio 0.80 (pair), 0.5 GB (evict 244742 pairs)
  r=0.8 ours             peak= 7.225GB acc=1.00 hr=0.8 fb=8000 segs=5
chunk inputs, size: 512 (num 16)
chunk inputs, size: 512 (num 2)
chunk inputs, size: 512 (num 6)
ratio 0.80 (pair), 0.3 GB (evict 136223 pairs)
  r=0.8 ours_predict_next peak= 6.928GB acc=1.00 hr=0.8 fb=8000 segs=2
chunk inputs, size: 512 (num 16)
chunk inputs, size: 512 (num 3)
chunk inputs, size: 512 (num 3)
chunk inputs, size: 512 (num 3)
chunk inputs, size: 512 (num 3)
chunk inputs, size: 512 (num 3)
chunk inputs, size: 512 (num 11)
ratio 0.80 (pair), 0.5 GB (evict 244384 pairs)
  r=0.8 ours_combine     peak= 7.226GB acc=1.00 hr=0.8 fb=8000 segs=5
chunk inputs, size: 512 (num 16)
chunk inputs, size: 2000 (num 4)
ratio 1.00 (pair), 0.9 GB (evict 0 pairs)
  r=1.0 kvzip            peak= 8.457GB acc=1.00 hr=1.0 fb=None segs=None
chunk inputs, size: 512 (num 16)
chunk inputs, size: 512 (num 16)
ratio 1.00 (pair), 0.9 GB (evict 0 pairs)
  r=1.0 ours             peak= 7.495GB acc=1.00 hr=1.0 fb=8000 segs=0
chunk inputs, size: 512 (num 16)
chunk inputs, size: 512 (num 9)
chunk inputs, size: 512 (num 9)
ratio 1.00 (pair), 0.5 GB (evict 0 pairs)
  r=1.0 ours_predict_next peak= 7.077GB acc=1.00 hr=1.0 fb=8000 segs=0
chunk inputs, size: 512 (num 16)
chunk inputs, size: 512 (num 16)
chunk inputs, size: 512 (num 16)
chunk inputs, size: 512 (num 16)
ratio 1.00 (pair), 0.9 GB (evict 0 pairs)
  r=1.0 ours_combine     peak= 7.496GB acc=1.00 hr=1.0 fb=8000 segs=0

[recorded] detail -> results/niah_grid/llama3.2-3b_ours_per_head_full_sink_20260528-051109.json
[recorded] master -> results/niah_grid_runs.jsonl

DONE: 792 cells recorded.

Loading checkpoint shards:   0%|          | 0/2 [00:00<?, ?it/s]
Loading checkpoint shards:  50%|█████     | 1/2 [00:32<00:32, 32.16s/it]
Loading checkpoint shards: 100%|██████████| 2/2 [00:42<00:00, 19.46s/it]
Loading checkpoint shards: 100%|██████████| 2/2 [00:42<00:00, 21.36s/it]
Token indices sequence length is longer than the specified maximum sequence length for this model (148770 > 131072). Running this sequence through the model will result in indexing errors

Prefill:   0%|          | 0/2 [00:00<?, ?it/s]
Prefill:  50%|█████     | 1/2 [00:00<00:00,  2.94it/s]
Prefill: 100%|██████████| 2/2 [00:00<00:00,  5.04it/s]

Importance scoring:   0%|          | 0/1 [00:00<?, ?it/s]
Importance scoring: 100%|██████████| 1/1 [00:00<00:00, 17.97it/s]

Prefill:   0%|          | 0/2 [00:00<?, ?it/s]
Prefill: 100%|██████████| 2/2 [00:00<00:00, 31.89it/s]

Importance scoring:   0%|          | 0/1 [00:00<?, ?it/s]
Importance scoring: 100%|██████████| 1/1 [00:00<00:00, 30.59it/s]

Prefill:   0%|          | 0/2 [00:00<?, ?it/s]
Prefill: 100%|██████████| 2/2 [00:00<00:00, 31.31it/s]

Importance scoring:   0%|          | 0/1 [00:00<?, ?it/s]
Importance scoring: 100%|██████████| 1/1 [00:00<00:00, 30.29it/s]

Prefill:   0%|          | 0/2 [00:00<?, ?it/s]
Prefill: 100%|██████████| 2/2 [00:00<00:00, 31.52it/s]

Importance scoring:   0%|          | 0/1 [00:00<?, ?it/s]
Importance scoring: 100%|██████████| 1/1 [00:00<00:00, 30.97it/s]

Prefill:   0%|          | 0/2 [00:00<?, ?it/s]
Prefill: 100%|██████████| 2/2 [00:00<00:00, 31.40it/s]

Importance scoring:   0%|          | 0/1 [00:00<?, ?it/s]
Importance scoring: 100%|██████████| 1/1 [00:00<00:00, 30.77it/s]

Prefill:   0%|          | 0/2 [00:00<?, ?it/s]
Prefill: 100%|██████████| 2/2 [00:00<00:00, 31.51it/s]

Importance scoring:   0%|          | 0/1 [00:00<?, ?it/s]
Importance scoring: 100%|██████████| 1/1 [00:00<00:00, 30.75it/s]

Prefill:   0%|          | 0/2 [00:00<?, ?it/s]
Prefill: 100%|██████████| 2/2 [00:00<00:00, 30.89it/s]

Importance scoring:   0%|          | 0/1 [00:00<?, ?it/s]
Importance scoring: 100%|██████████| 1/1 [00:00<00:00, 30.55it/s]

Prefill:   0%|          | 0/2 [00:00<?, ?it/s]
Prefill: 100%|██████████| 2/2 [00:00<00:00, 31.79it/s]

Importance scoring:   0%|          | 0/1 [00:00<?, ?it/s]
Importance scoring: 100%|██████████| 1/1 [00:00<00:00, 30.70it/s]

Prefill:   0%|          | 0/2 [00:00<?, ?it/s]
Prefill: 100%|██████████| 2/2 [00:00<00:00, 32.28it/s]

Importance scoring:   0%|          | 0/1 [00:00<?, ?it/s]
Importance scoring: 100%|██████████| 1/1 [00:00<00:00, 30.86it/s]

Prefill:   0%|          | 0/2 [00:00<?, ?it/s]
Prefill: 100%|██████████| 2/2 [00:00<00:00, 31.09it/s]

Importance scoring:   0%|          | 0/1 [00:00<?, ?it/s]
Importance scoring: 100%|██████████| 1/1 [00:00<00:00, 30.29it/s]

Prefill:   0%|          | 0/2 [00:00<?, ?it/s]
Prefill: 100%|██████████| 2/2 [00:00<00:00, 31.64it/s]

Importance scoring:   0%|          | 0/1 [00:00<?, ?it/s]
Importance scoring: 100%|██████████| 1/1 [00:00<00:00, 30.67it/s]

Prefill:   0%|          | 0/2 [00:00<?, ?it/s]
Prefill: 100%|██████████| 2/2 [00:00<00:00, 31.13it/s]

Importance scoring:   0%|          | 0/1 [00:00<?, ?it/s]
Importance scoring: 100%|██████████| 1/1 [00:00<00:00, 30.08it/s]

Prefill:   0%|          | 0/2 [00:00<?, ?it/s]
Prefill: 100%|██████████| 2/2 [00:00<00:00, 31.72it/s]

Importance scoring:   0%|          | 0/1 [00:00<?, ?it/s]
Importance scoring: 100%|██████████| 1/1 [00:00<00:00, 30.30it/s]

Prefill:   0%|          | 0/2 [00:00<?, ?it/s]
Prefill: 100%|██████████| 2/2 [00:00<00:00, 31.23it/s]

Importance scoring:   0%|          | 0/1 [00:00<?, ?it/s]
Importance scoring: 100%|██████████| 1/1 [00:00<00:00, 29.20it/s]

Prefill:   0%|          | 0/2 [00:00<?, ?it/s]
Prefill: 100%|██████████| 2/2 [00:00<00:00, 30.75it/s]

Importance scoring:   0%|          | 0/1 [00:00<?, ?it/s]
Importance scoring: 100%|██████████| 1/1 [00:00<00:00, 29.84it/s]

Prefill:   0%|          | 0/2 [00:00<?, ?it/s]
Prefill: 100%|██████████| 2/2 [00:00<00:00, 30.33it/s]

Importance scoring:   0%|          | 0/1 [00:00<?, ?it/s]
Importance scoring: 100%|██████████| 1/1 [00:00<00:00, 29.39it/s]

Prefill:   0%|          | 0/2 [00:00<?, ?it/s]
Prefill: 100%|██████████| 2/2 [00:00<00:00, 30.70it/s]

Importance scoring:   0%|          | 0/1 [00:00<?, ?it/s]
Importance scoring: 100%|██████████| 1/1 [00:00<00:00, 29.41it/s]

Prefill:   0%|          | 0/2 [00:00<?, ?it/s]
Prefill: 100%|██████████| 2/2 [00:00<00:00, 30.27it/s]

Importance scoring:   0%|          | 0/1 [00:00<?, ?it/s]
Importance scoring: 100%|██████████| 1/1 [00:00<00:00, 29.44it/s]

Prefill:   0%|          | 0/2 [00:00<?, ?it/s]
Prefill: 100%|██████████| 2/2 [00:00<00:00, 31.54it/s]

Importance scoring:   0%|          | 0/1 [00:00<?, ?it/s]
Importance scoring: 100%|██████████| 1/1 [00:00<00:00, 30.04it/s]

Prefill:   0%|          | 0/2 [00:00<?, ?it/s]
Prefill: 100%|██████████| 2/2 [00:00<00:00, 31.49it/s]

Importance scoring:   0%|          | 0/1 [00:00<?, ?it/s]
Importance scoring: 100%|██████████| 1/1 [00:00<00:00, 30.31it/s]

Prefill:   0%|          | 0/2 [00:00<?, ?it/s]
Prefill: 100%|██████████| 2/2 [00:00<00:00, 30.77it/s]

Importance scoring:   0%|          | 0/1 [00:00<?, ?it/s]
Importance scoring: 100%|██████████| 1/1 [00:00<00:00, 29.90it/s]

Prefill:   0%|          | 0/2 [00:00<?, ?it/s]
Prefill: 100%|██████████| 2/2 [00:00<00:00, 31.36it/s]

Importance scoring:   0%|          | 0/1 [00:00<?, ?it/s]
Importance scoring: 100%|██████████| 1/1 [00:00<00:00, 30.01it/s]

Prefill:   0%|          | 0/2 [00:00<?, ?it/s]
Prefill: 100%|██████████| 2/2 [00:00<00:00, 31.12it/s]

Importance scoring:   0%|          | 0/1 [00:00<?, ?it/s]
Importance scoring: 100%|██████████| 1/1 [00:00<00:00, 30.03it/s]

Prefill:   0%|          | 0/2 [00:00<?, ?it/s]
Prefill: 100%|██████████| 2/2 [00:00<00:00, 31.48it/s]

Importance scoring:   0%|          | 0/1 [00:00<?, ?it/s]
Importance scoring: 100%|██████████| 1/1 [00:00<00:00, 30.09it/s]

Prefill:   0%|          | 0/2 [00:00<?, ?it/s]
Prefill: 100%|██████████| 2/2 [00:00<00:00, 30.88it/s]

Importance scoring:   0%|          | 0/1 [00:00<?, ?it/s]
Importance scoring: 100%|██████████| 1/1 [00:00<00:00, 30.08it/s]

Prefill:   0%|          | 0/2 [00:00<?, ?it/s]
Prefill: 100%|██████████| 2/2 [00:00<00:00, 31.58it/s]

Importance scoring:   0%|          | 0/1 [00:00<?, ?it/s]
Importance scoring: 100%|██████████| 1/1 [00:00<00:00, 30.55it/s]

Prefill:   0%|          | 0/2 [00:00<?, ?it/s]
Prefill: 100%|██████████| 2/2 [00:00<00:00, 30.94it/s]

Importance scoring:   0%|          | 0/1 [00:00<?, ?it/s]
Importance scoring: 100%|██████████| 1/1 [00:00<00:00, 29.89it/s]

Prefill:   0%|          | 0/2 [00:00<?, ?it/s]
Prefill: 100%|██████████| 2/2 [00:00<00:00, 31.19it/s]

Importance scoring:   0%|          | 0/1 [00:00<?, ?it/s]
Importance scoring: 100%|██████████| 1/1 [00:00<00:00, 30.49it/s]

Prefill:   0%|          | 0/2 [00:00<?, ?it/s]
Prefill: 100%|██████████| 2/2 [00:00<00:00, 30.79it/s]

Importance scoring:   0%|          | 0/1 [00:00<?, ?it/s]
Importance scoring: 100%|██████████| 1/1 [00:00<00:00, 29.76it/s]

Prefill:   0%|          | 0/2 [00:00<?, ?it/s]
Prefill: 100%|██████████| 2/2 [00:00<00:00, 30.97it/s]

Importance scoring:   0%|          | 0/1 [00:00<?, ?it/s]
Importance scoring: 100%|██████████| 1/1 [00:00<00:00, 30.02it/s]

Prefill:   0%|          | 0/2 [00:00<?, ?it/s]
Prefill: 100%|██████████| 2/2 [00:00<00:00, 31.38it/s]

Importance scoring:   0%|          | 0/1 [00:00<?, ?it/s]
Importance scoring: 100%|██████████| 1/1 [00:00<00:00, 30.74it/s]

Prefill:   0%|          | 0/2 [00:00<?, ?it/s]
Prefill: 100%|██████████| 2/2 [00:00<00:00, 31.49it/s]

Importance scoring:   0%|          | 0/1 [00:00<?, ?it/s]
Importance scoring: 100%|██████████| 1/1 [00:00<00:00, 30.26it/s]

Prefill:   0%|          | 0/2 [00:00<?, ?it/s]
Prefill: 100%|██████████| 2/2 [00:00<00:00, 31.32it/s]

Importance scoring:   0%|          | 0/1 [00:00<?, ?it/s]
Importance scoring: 100%|██████████| 1/1 [00:00<00:00, 30.80it/s]

Prefill:   0%|          | 0/2 [00:00<?, ?it/s]
Prefill: 100%|██████████| 2/2 [00:00<00:00, 30.82it/s]

Importance scoring:   0%|          | 0/1 [00:00<?, ?it/s]
Importance scoring: 100%|██████████| 1/1 [00:00<00:00, 29.62it/s]

Prefill:   0%|          | 0/2 [00:00<?, ?it/s]
Prefill: 100%|██████████| 2/2 [00:00<00:00, 31.13it/s]

Importance scoring:   0%|          | 0/1 [00:00<?, ?it/s]
Importance scoring: 100%|██████████| 1/1 [00:00<00:00, 29.41it/s]

Prefill:   0%|          | 0/2 [00:00<?, ?it/s]
Prefill: 100%|██████████| 2/2 [00:00<00:00, 30.05it/s]

Importance scoring:   0%|          | 0/1 [00:00<?, ?it/s]
Importance scoring: 100%|██████████| 1/1 [00:00<00:00, 29.38it/s]

Prefill:   0%|          | 0/2 [00:00<?, ?it/s]
Prefill: 100%|██████████| 2/2 [00:00<00:00, 31.27it/s]

Importance scoring:   0%|          | 0/1 [00:00<?, ?it/s]
Importance scoring: 100%|██████████| 1/1 [00:00<00:00, 29.63it/s]

Prefill:   0%|          | 0/2 [00:00<?, ?it/s]
Prefill: 100%|██████████| 2/2 [00:00<00:00, 30.70it/s]

Importance scoring:   0%|          | 0/1 [00:00<?, ?it/s]
Importance scoring: 100%|██████████| 1/1 [00:00<00:00, 29.73it/s]

Prefill:   0%|          | 0/2 [00:00<?, ?it/s]
Prefill: 100%|██████████| 2/2 [00:00<00:00, 31.33it/s]

Importance scoring:   0%|          | 0/1 [00:00<?, ?it/s]
Importance scoring: 100%|██████████| 1/1 [00:00<00:00, 30.55it/s]

Prefill:   0%|          | 0/2 [00:00<?, ?it/s]
Prefill: 100%|██████████| 2/2 [00:00<00:00, 30.87it/s]

Importance scoring:   0%|          | 0/1 [00:00<?, ?it/s]
Importance scoring: 100%|██████████| 1/1 [00:00<00:00, 29.74it/s]

Prefill:   0%|          | 0/2 [00:00<?, ?it/s]
Prefill: 100%|██████████| 2/2 [00:00<00:00, 31.44it/s]

Importance scoring:   0%|          | 0/1 [00:00<?, ?it/s]
Importance scoring: 100%|██████████| 1/1 [00:00<00:00, 30.28it/s]

Prefill:   0%|          | 0/2 [00:00<?, ?it/s]
Prefill: 100%|██████████| 2/2 [00:00<00:00, 30.79it/s]

Importance scoring:   0%|          | 0/1 [00:00<?, ?it/s]
Importance scoring: 100%|██████████| 1/1 [00:00<00:00, 29.91it/s]

Prefill:   0%|          | 0/2 [00:00<?, ?it/s]
Prefill: 100%|██████████| 2/2 [00:00<00:00, 30.83it/s]

Importance scoring:   0%|          | 0/1 [00:00<?, ?it/s]
Importance scoring: 100%|██████████| 1/1 [00:00<00:00, 30.12it/s]

Prefill:   0%|          | 0/2 [00:00<?, ?it/s]
Prefill: 100%|██████████| 2/2 [00:00<00:00, 31.72it/s]

Importance scoring:   0%|          | 0/1 [00:00<?, ?it/s]
Importance scoring: 100%|██████████| 1/1 [00:00<00:00, 29.83it/s]

Prefill:   0%|          | 0/2 [00:00<?, ?it/s]
Prefill: 100%|██████████| 2/2 [00:00<00:00, 31.78it/s]

Importance scoring:   0%|          | 0/1 [00:00<?, ?it/s]
Importance scoring: 100%|██████████| 1/1 [00:00<00:00, 30.74it/s]

Prefill:   0%|          | 0/2 [00:00<?, ?it/s]
Prefill: 100%|██████████| 2/2 [00:00<00:00, 30.72it/s]

Importance scoring:   0%|          | 0/1 [00:00<?, ?it/s]
Importance scoring: 100%|██████████| 1/1 [00:00<00:00, 30.09it/s]

Prefill:   0%|          | 0/2 [00:00<?, ?it/s]
Prefill: 100%|██████████| 2/2 [00:00<00:00, 31.23it/s]

Importance scoring:   0%|          | 0/1 [00:00<?, ?it/s]
Importance scoring: 100%|██████████| 1/1 [00:00<00:00, 30.62it/s]

Prefill:   0%|          | 0/2 [00:00<?, ?it/s]
Prefill: 100%|██████████| 2/2 [00:00<00:00, 31.56it/s]

Importance scoring:   0%|          | 0/1 [00:00<?, ?it/s]
Importance scoring: 100%|██████████| 1/1 [00:00<00:00, 30.57it/s]

Prefill:   0%|          | 0/2 [00:00<?, ?it/s]
Prefill: 100%|██████████| 2/2 [00:00<00:00, 31.10it/s]

Importance scoring:   0%|          | 0/1 [00:00<?, ?it/s]
Importance scoring: 100%|██████████| 1/1 [00:00<00:00, 30.07it/s]

Prefill:   0%|          | 0/2 [00:00<?, ?it/s]
Prefill: 100%|██████████| 2/2 [00:00<00:00, 30.80it/s]

Importance scoring:   0%|          | 0/1 [00:00<?, ?it/s]
Importance scoring: 100%|██████████| 1/1 [00:00<00:00, 29.92it/s]

Prefill:   0%|          | 0/2 [00:00<?, ?it/s]
Prefill: 100%|██████████| 2/2 [00:00<00:00, 30.78it/s]

Importance scoring:   0%|          | 0/1 [00:00<?, ?it/s]
Importance scoring: 100%|██████████| 1/1 [00:00<00:00, 29.78it/s]

Prefill:   0%|          | 0/2 [00:00<?, ?it/s]
Prefill: 100%|██████████| 2/2 [00:00<00:00, 30.70it/s]

Importance scoring:   0%|          | 0/1 [00:00<?, ?it/s]
Importance scoring: 100%|██████████| 1/1 [00:00<00:00, 29.81it/s]

Prefill:   0%|          | 0/2 [00:00<?, ?it/s]
Prefill: 100%|██████████| 2/2 [00:00<00:00, 30.60it/s]

Importance scoring:   0%|          | 0/1 [00:00<?, ?it/s]
Importance scoring: 100%|██████████| 1/1 [00:00<00:00, 29.79it/s]

Prefill:   0%|          | 0/2 [00:00<?, ?it/s]
Prefill: 100%|██████████| 2/2 [00:00<00:00, 30.87it/s]

Importance scoring:   0%|          | 0/1 [00:00<?, ?it/s]
Importance scoring: 100%|██████████| 1/1 [00:00<00:00, 29.77it/s]

Prefill:   0%|          | 0/2 [00:00<?, ?it/s]
Prefill: 100%|██████████| 2/2 [00:00<00:00, 31.39it/s]

Importance scoring:   0%|          | 0/1 [00:00<?, ?it/s]
Importance scoring: 100%|██████████| 1/1 [00:00<00:00, 30.21it/s]

Prefill:   0%|          | 0/2 [00:00<?, ?it/s]
Prefill: 100%|██████████| 2/2 [00:00<00:00, 30.69it/s]

Importance scoring:   0%|          | 0/1 [00:00<?, ?it/s]
Importance scoring: 100%|██████████| 1/1 [00:00<00:00, 29.12it/s]

Prefill:   0%|          | 0/2 [00:00<?, ?it/s]
Prefill: 100%|██████████| 2/2 [00:00<00:00, 30.19it/s]

Importance scoring:   0%|          | 0/1 [00:00<?, ?it/s]
Importance scoring: 100%|██████████| 1/1 [00:00<00:00, 29.44it/s]

Prefill:   0%|          | 0/2 [00:00<?, ?it/s]
Prefill: 100%|██████████| 2/2 [00:00<00:00, 30.54it/s]

Importance scoring:   0%|          | 0/1 [00:00<?, ?it/s]
Importance scoring: 100%|██████████| 1/1 [00:00<00:00, 29.57it/s]

Prefill:   0%|          | 0/2 [00:00<?, ?it/s]
Prefill: 100%|██████████| 2/2 [00:00<00:00, 31.22it/s]

Importance scoring:   0%|          | 0/1 [00:00<?, ?it/s]
Importance scoring: 100%|██████████| 1/1 [00:00<00:00, 30.01it/s]

Prefill:   0%|          | 0/2 [00:00<?, ?it/s]
Prefill: 100%|██████████| 2/2 [00:00<00:00, 31.37it/s]

Importance scoring:   0%|          | 0/1 [00:00<?, ?it/s]
Importance scoring: 100%|██████████| 1/1 [00:00<00:00, 30.15it/s]

Prefill:   0%|          | 0/2 [00:00<?, ?it/s]
Prefill: 100%|██████████| 2/2 [00:00<00:00, 31.88it/s]

Importance scoring:   0%|          | 0/1 [00:00<?, ?it/s]
Importance scoring: 100%|██████████| 1/1 [00:00<00:00, 29.59it/s]

Prefill:   0%|          | 0/2 [00:00<?, ?it/s]
Prefill: 100%|██████████| 2/2 [00:00<00:00, 31.94it/s]

Importance scoring:   0%|          | 0/1 [00:00<?, ?it/s]
Importance scoring: 100%|██████████| 1/1 [00:00<00:00, 29.15it/s]

Prefill:   0%|          | 0/2 [00:00<?, ?it/s]
Prefill: 100%|██████████| 2/2 [00:00<00:00, 31.68it/s]

Importance scoring:   0%|          | 0/1 [00:00<?, ?it/s]
Importance scoring: 100%|██████████| 1/1 [00:00<00:00, 29.73it/s]

Prefill:   0%|          | 0/2 [00:00<?, ?it/s]
Prefill: 100%|██████████| 2/2 [00:00<00:00, 31.14it/s]

Importance scoring:   0%|          | 0/1 [00:00<?, ?it/s]
Importance scoring: 100%|██████████| 1/1 [00:00<00:00, 29.58it/s]

Prefill:   0%|          | 0/2 [00:00<?, ?it/s]
Prefill: 100%|██████████| 2/2 [00:00<00:00, 32.11it/s]

Importance scoring:   0%|          | 0/1 [00:00<?, ?it/s]
Importance scoring: 100%|██████████| 1/1 [00:00<00:00, 29.57it/s]

Prefill:   0%|          | 0/2 [00:00<?, ?it/s]
Prefill: 100%|██████████| 2/2 [00:00<00:00, 31.17it/s]

Importance scoring:   0%|          | 0/1 [00:00<?, ?it/s]
Importance scoring: 100%|██████████| 1/1 [00:00<00:00, 29.57it/s]

Prefill:   0%|          | 0/4 [00:00<?, ?it/s]
Prefill:  75%|███████▌  | 3/4 [00:00<00:00, 19.70it/s]
Prefill: 100%|██████████| 4/4 [00:00<00:00, 17.26it/s]

Importance scoring:   0%|          | 0/1 [00:00<?, ?it/s]
Importance scoring: 100%|██████████| 1/1 [00:00<00:00,  5.22it/s]
Importance scoring: 100%|██████████| 1/1 [00:00<00:00,  5.22it/s]

Prefill:   0%|          | 0/4 [00:00<?, ?it/s]
Prefill:  75%|███████▌  | 3/4 [00:00<00:00, 19.61it/s]
Prefill: 100%|██████████| 4/4 [00:00<00:00, 17.19it/s]

Importance scoring:   0%|          | 0/1 [00:00<?, ?it/s]
Importance scoring: 100%|██████████| 1/1 [00:00<00:00,  5.21it/s]
Importance scoring: 100%|██████████| 1/1 [00:00<00:00,  5.21it/s]

Prefill:   0%|          | 0/4 [00:00<?, ?it/s]
Prefill:  75%|███████▌  | 3/4 [00:00<00:00, 19.44it/s]
Prefill: 100%|██████████| 4/4 [00:00<00:00, 17.10it/s]

Importance scoring:   0%|          | 0/1 [00:00<?, ?it/s]
Importance scoring: 100%|██████████| 1/1 [00:00<00:00,  5.21it/s]
Importance scoring: 100%|██████████| 1/1 [00:00<00:00,  5.21it/s]

Prefill:   0%|          | 0/4 [00:00<?, ?it/s]
Prefill:  75%|███████▌  | 3/4 [00:00<00:00, 19.40it/s]
Prefill: 100%|██████████| 4/4 [00:00<00:00, 17.07it/s]

Importance scoring:   0%|          | 0/1 [00:00<?, ?it/s]
Importance scoring: 100%|██████████| 1/1 [00:00<00:00,  5.21it/s]
Importance scoring: 100%|██████████| 1/1 [00:00<00:00,  5.21it/s]

Prefill:   0%|          | 0/4 [00:00<?, ?it/s]
Prefill:  75%|███████▌  | 3/4 [00:00<00:00, 19.14it/s]
Prefill: 100%|██████████| 4/4 [00:00<00:00, 16.79it/s]

Importance scoring:   0%|          | 0/1 [00:00<?, ?it/s]
Importance scoring: 100%|██████████| 1/1 [00:00<00:00,  5.21it/s]
Importance scoring: 100%|██████████| 1/1 [00:00<00:00,  5.21it/s]

Prefill:   0%|          | 0/4 [00:00<?, ?it/s]
Prefill:  75%|███████▌  | 3/4 [00:00<00:00, 20.33it/s]
Prefill: 100%|██████████| 4/4 [00:00<00:00, 17.35it/s]

Importance scoring:   0%|          | 0/1 [00:00<?, ?it/s]
Importance scoring: 100%|██████████| 1/1 [00:00<00:00,  5.16it/s]
Importance scoring: 100%|██████████| 1/1 [00:00<00:00,  5.15it/s]

Prefill:   0%|          | 0/4 [00:00<?, ?it/s]
Prefill:  75%|███████▌  | 3/4 [00:00<00:00, 18.68it/s]
Prefill: 100%|██████████| 4/4 [00:00<00:00, 16.39it/s]

Importance scoring:   0%|          | 0/1 [00:00<?, ?it/s]
Importance scoring: 100%|██████████| 1/1 [00:00<00:00,  5.08it/s]
Importance scoring: 100%|██████████| 1/1 [00:00<00:00,  5.07it/s]

Prefill:   0%|          | 0/4 [00:00<?, ?it/s]
Prefill:  75%|███████▌  | 3/4 [00:00<00:00, 18.62it/s]
Prefill: 100%|██████████| 4/4 [00:00<00:00, 16.38it/s]

Importance scoring:   0%|          | 0/1 [00:00<?, ?it/s]
Importance scoring: 100%|██████████| 1/1 [00:00<00:00,  5.09it/s]
Importance scoring: 100%|██████████| 1/1 [00:00<00:00,  5.08it/s]

Prefill:   0%|          | 0/4 [00:00<?, ?it/s]
Prefill:  75%|███████▌  | 3/4 [00:00<00:00, 18.63it/s]
Prefill: 100%|██████████| 4/4 [00:00<00:00, 16.34it/s]

Importance scoring:   0%|          | 0/1 [00:00<?, ?it/s]
Importance scoring: 100%|██████████| 1/1 [00:00<00:00,  5.10it/s]
Importance scoring: 100%|██████████| 1/1 [00:00<00:00,  5.10it/s]

Prefill:   0%|          | 0/4 [00:00<?, ?it/s]
Prefill:  75%|███████▌  | 3/4 [00:00<00:00, 19.05it/s]
Prefill: 100%|██████████| 4/4 [00:00<00:00, 16.67it/s]

Importance scoring:   0%|          | 0/1 [00:00<?, ?it/s]
Importance scoring: 100%|██████████| 1/1 [00:00<00:00,  5.13it/s]
Importance scoring: 100%|██████████| 1/1 [00:00<00:00,  5.13it/s]

Prefill:   0%|          | 0/4 [00:00<?, ?it/s]
Prefill:  75%|███████▌  | 3/4 [00:00<00:00, 18.88it/s]
Prefill: 100%|██████████| 4/4 [00:00<00:00, 16.48it/s]

Importance scoring:   0%|          | 0/1 [00:00<?, ?it/s]
Importance scoring: 100%|██████████| 1/1 [00:00<00:00,  5.12it/s]
Importance scoring: 100%|██████████| 1/1 [00:00<00:00,  5.12it/s]

Prefill:   0%|          | 0/4 [00:00<?, ?it/s]
Prefill:  75%|███████▌  | 3/4 [00:00<00:00, 19.12it/s]
Prefill: 100%|██████████| 4/4 [00:00<00:00, 16.73it/s]

Importance scoring:   0%|          | 0/1 [00:00<?, ?it/s]
Importance scoring: 100%|██████████| 1/1 [00:00<00:00,  5.14it/s]
Importance scoring: 100%|██████████| 1/1 [00:00<00:00,  5.14it/s]

Prefill:   0%|          | 0/4 [00:00<?, ?it/s]
Prefill:  75%|███████▌  | 3/4 [00:00<00:00, 19.25it/s]
Prefill: 100%|██████████| 4/4 [00:00<00:00, 16.74it/s]

Importance scoring:   0%|          | 0/1 [00:00<?, ?it/s]
Importance scoring: 100%|██████████| 1/1 [00:00<00:00,  5.15it/s]
Importance scoring: 100%|██████████| 1/1 [00:00<00:00,  5.15it/s]

Prefill:   0%|          | 0/4 [00:00<?, ?it/s]
Prefill:  75%|███████▌  | 3/4 [00:00<00:00, 18.84it/s]
Prefill: 100%|██████████| 4/4 [00:00<00:00, 16.54it/s]

Importance scoring:   0%|          | 0/1 [00:00<?, ?it/s]
Importance scoring: 100%|██████████| 1/1 [00:00<00:00,  5.15it/s]
Importance scoring: 100%|██████████| 1/1 [00:00<00:00,  5.15it/s]

Prefill:   0%|          | 0/4 [00:00<?, ?it/s]
Prefill:  75%|███████▌  | 3/4 [00:00<00:00, 18.95it/s]
Prefill: 100%|██████████| 4/4 [00:00<00:00, 16.52it/s]

Importance scoring:   0%|          | 0/1 [00:00<?, ?it/s]
Importance scoring: 100%|██████████| 1/1 [00:00<00:00,  5.16it/s]
Importance scoring: 100%|██████████| 1/1 [00:00<00:00,  5.16it/s]

Prefill:   0%|          | 0/4 [00:00<?, ?it/s]
Prefill:  75%|███████▌  | 3/4 [00:00<00:00, 19.20it/s]
Prefill: 100%|██████████| 4/4 [00:00<00:00, 16.77it/s]

Importance scoring:   0%|          | 0/1 [00:00<?, ?it/s]
Importance scoring: 100%|██████████| 1/1 [00:00<00:00,  5.17it/s]
Importance scoring: 100%|██████████| 1/1 [00:00<00:00,  5.17it/s]

Prefill:   0%|          | 0/4 [00:00<?, ?it/s]
Prefill:  75%|███████▌  | 3/4 [00:00<00:00, 19.27it/s]
Prefill: 100%|██████████| 4/4 [00:00<00:00, 16.93it/s]

Importance scoring:   0%|          | 0/1 [00:00<?, ?it/s]
Importance scoring: 100%|██████████| 1/1 [00:00<00:00,  5.17it/s]
Importance scoring: 100%|██████████| 1/1 [00:00<00:00,  5.16it/s]

Prefill:   0%|          | 0/4 [00:00<?, ?it/s]
Prefill:  75%|███████▌  | 3/4 [00:00<00:00, 19.05it/s]
Prefill: 100%|██████████| 4/4 [00:00<00:00, 16.71it/s]

Importance scoring:   0%|          | 0/1 [00:00<?, ?it/s]
Importance scoring: 100%|██████████| 1/1 [00:00<00:00,  5.14it/s]
Importance scoring: 100%|██████████| 1/1 [00:00<00:00,  5.14it/s]

Prefill:   0%|          | 0/4 [00:00<?, ?it/s]
Prefill:  75%|███████▌  | 3/4 [00:00<00:00, 19.00it/s]
Prefill: 100%|██████████| 4/4 [00:00<00:00, 16.67it/s]

Importance scoring:   0%|          | 0/1 [00:00<?, ?it/s]
Importance scoring: 100%|██████████| 1/1 [00:00<00:00,  5.16it/s]
Importance scoring: 100%|██████████| 1/1 [00:00<00:00,  5.16it/s]

Prefill:   0%|          | 0/4 [00:00<?, ?it/s]
Prefill:  75%|███████▌  | 3/4 [00:00<00:00, 18.92it/s]
Prefill: 100%|██████████| 4/4 [00:00<00:00, 16.54it/s]

Importance scoring:   0%|          | 0/1 [00:00<?, ?it/s]
Importance scoring: 100%|██████████| 1/1 [00:00<00:00,  5.14it/s]
Importance scoring: 100%|██████████| 1/1 [00:00<00:00,  5.13it/s]

Prefill:   0%|          | 0/4 [00:00<?, ?it/s]
Prefill:  75%|███████▌  | 3/4 [00:00<00:00, 18.51it/s]
Prefill: 100%|██████████| 4/4 [00:00<00:00, 16.20it/s]

Importance scoring:   0%|          | 0/1 [00:00<?, ?it/s]
Importance scoring: 100%|██████████| 1/1 [00:00<00:00,  5.09it/s]
Importance scoring: 100%|██████████| 1/1 [00:00<00:00,  5.09it/s]

Prefill:   0%|          | 0/4 [00:00<?, ?it/s]
Prefill:  75%|███████▌  | 3/4 [00:00<00:00, 18.67it/s]
Prefill: 100%|██████████| 4/4 [00:00<00:00, 16.37it/s]

Importance scoring:   0%|          | 0/1 [00:00<?, ?it/s]
Importance scoring: 100%|██████████| 1/1 [00:00<00:00,  5.15it/s]
Importance scoring: 100%|██████████| 1/1 [00:00<00:00,  5.15it/s]

Prefill:   0%|          | 0/4 [00:00<?, ?it/s]
Prefill:  75%|███████▌  | 3/4 [00:00<00:00, 18.95it/s]
Prefill: 100%|██████████| 4/4 [00:00<00:00, 16.50it/s]

Importance scoring:   0%|          | 0/1 [00:00<?, ?it/s]
Importance scoring: 100%|██████████| 1/1 [00:00<00:00,  5.14it/s]
Importance scoring: 100%|██████████| 1/1 [00:00<00:00,  5.13it/s]

Prefill:   0%|          | 0/4 [00:00<?, ?it/s]
Prefill:  75%|███████▌  | 3/4 [00:00<00:00, 18.61it/s]
Prefill: 100%|██████████| 4/4 [00:00<00:00, 16.26it/s]

Importance scoring:   0%|          | 0/1 [00:00<?, ?it/s]
Importance scoring: 100%|██████████| 1/1 [00:00<00:00,  5.13it/s]
Importance scoring: 100%|██████████| 1/1 [00:00<00:00,  5.13it/s]

Prefill:   0%|          | 0/4 [00:00<?, ?it/s]
Prefill:  75%|███████▌  | 3/4 [00:00<00:00, 18.90it/s]
Prefill: 100%|██████████| 4/4 [00:00<00:00, 16.56it/s]

Importance scoring:   0%|          | 0/1 [00:00<?, ?it/s]
Importance scoring: 100%|██████████| 1/1 [00:00<00:00,  5.15it/s]
Importance scoring: 100%|██████████| 1/1 [00:00<00:00,  5.15it/s]

Prefill:   0%|          | 0/4 [00:00<?, ?it/s]
Prefill:  75%|███████▌  | 3/4 [00:00<00:00, 18.85it/s]
Prefill: 100%|██████████| 4/4 [00:00<00:00, 16.52it/s]

Importance scoring:   0%|          | 0/1 [00:00<?, ?it/s]
Importance scoring: 100%|██████████| 1/1 [00:00<00:00,  5.12it/s]
Importance scoring: 100%|██████████| 1/1 [00:00<00:00,  5.12it/s]

Prefill:   0%|          | 0/4 [00:00<?, ?it/s]
Prefill:  75%|███████▌  | 3/4 [00:00<00:00, 18.61it/s]
Prefill: 100%|██████████| 4/4 [00:00<00:00, 16.33it/s]

Importance scoring:   0%|          | 0/1 [00:00<?, ?it/s]
Importance scoring: 100%|██████████| 1/1 [00:00<00:00,  5.11it/s]
Importance scoring: 100%|██████████| 1/1 [00:00<00:00,  5.10it/s]

Prefill:   0%|          | 0/4 [00:00<?, ?it/s]
Prefill:  75%|███████▌  | 3/4 [00:00<00:00, 18.88it/s]
Prefill: 100%|██████████| 4/4 [00:00<00:00, 16.47it/s]

Importance scoring:   0%|          | 0/1 [00:00<?, ?it/s]
Importance scoring: 100%|██████████| 1/1 [00:00<00:00,  5.13it/s]
Importance scoring: 100%|██████████| 1/1 [00:00<00:00,  5.13it/s]

Prefill:   0%|          | 0/4 [00:00<?, ?it/s]
Prefill:  75%|███████▌  | 3/4 [00:00<00:00, 18.91it/s]
Prefill: 100%|██████████| 4/4 [00:00<00:00, 16.56it/s]

Importance scoring:   0%|          | 0/1 [00:00<?, ?it/s]
Importance scoring: 100%|██████████| 1/1 [00:00<00:00,  5.11it/s]
Importance scoring: 100%|██████████| 1/1 [00:00<00:00,  5.11it/s]

Prefill:   0%|          | 0/4 [00:00<?, ?it/s]
Prefill:  75%|███████▌  | 3/4 [00:00<00:00, 18.73it/s]
Prefill: 100%|██████████| 4/4 [00:00<00:00, 16.41it/s]

Importance scoring:   0%|          | 0/1 [00:00<?, ?it/s]
Importance scoring: 100%|██████████| 1/1 [00:00<00:00,  5.14it/s]
Importance scoring: 100%|██████████| 1/1 [00:00<00:00,  5.14it/s]

Prefill:   0%|          | 0/4 [00:00<?, ?it/s]
Prefill:  75%|███████▌  | 3/4 [00:00<00:00, 18.92it/s]
Prefill: 100%|██████████| 4/4 [00:00<00:00, 16.54it/s]

Importance scoring:   0%|          | 0/1 [00:00<?, ?it/s]
Importance scoring: 100%|██████████| 1/1 [00:00<00:00,  5.09it/s]
Importance scoring: 100%|██████████| 1/1 [00:00<00:00,  5.09it/s]

Prefill:   0%|          | 0/4 [00:00<?, ?it/s]
Prefill:  75%|███████▌  | 3/4 [00:00<00:00, 18.67it/s]
Prefill: 100%|██████████| 4/4 [00:00<00:00, 16.41it/s]

Importance scoring:   0%|          | 0/1 [00:00<?, ?it/s]
Importance scoring: 100%|██████████| 1/1 [00:00<00:00,  5.11it/s]
Importance scoring: 100%|██████████| 1/1 [00:00<00:00,  5.11it/s]

Prefill:   0%|          | 0/4 [00:00<?, ?it/s]
Prefill:  75%|███████▌  | 3/4 [00:00<00:00, 18.94it/s]
Prefill: 100%|██████████| 4/4 [00:00<00:00, 16.55it/s]

Importance scoring:   0%|          | 0/1 [00:00<?, ?it/s]
Importance scoring: 100%|██████████| 1/1 [00:00<00:00,  5.17it/s]
Importance scoring: 100%|██████████| 1/1 [00:00<00:00,  5.17it/s]

Prefill:   0%|          | 0/4 [00:00<?, ?it/s]
Prefill:  75%|███████▌  | 3/4 [00:00<00:00, 18.84it/s]
Prefill: 100%|██████████| 4/4 [00:00<00:00, 16.45it/s]

Importance scoring:   0%|          | 0/1 [00:00<?, ?it/s]
Importance scoring: 100%|██████████| 1/1 [00:00<00:00,  5.14it/s]
Importance scoring: 100%|██████████| 1/1 [00:00<00:00,  5.14it/s]

Prefill:   0%|          | 0/4 [00:00<?, ?it/s]
Prefill:  75%|███████▌  | 3/4 [00:00<00:00, 18.72it/s]
Prefill: 100%|██████████| 4/4 [00:00<00:00, 16.43it/s]

Importance scoring:   0%|          | 0/1 [00:00<?, ?it/s]
Importance scoring: 100%|██████████| 1/1 [00:00<00:00,  5.09it/s]
Importance scoring: 100%|██████████| 1/1 [00:00<00:00,  5.09it/s]

Prefill:   0%|          | 0/4 [00:00<?, ?it/s]
Prefill:  75%|███████▌  | 3/4 [00:00<00:00, 18.87it/s]
Prefill: 100%|██████████| 4/4 [00:00<00:00, 16.53it/s]

Importance scoring:   0%|          | 0/1 [00:00<?, ?it/s]
Importance scoring: 100%|██████████| 1/1 [00:00<00:00,  5.14it/s]
Importance scoring: 100%|██████████| 1/1 [00:00<00:00,  5.14it/s]

Prefill:   0%|          | 0/4 [00:00<?, ?it/s]
Prefill:  75%|███████▌  | 3/4 [00:00<00:00, 18.79it/s]
Prefill: 100%|██████████| 4/4 [00:00<00:00, 16.48it/s]

Importance scoring:   0%|          | 0/1 [00:00<?, ?it/s]
Importance scoring: 100%|██████████| 1/1 [00:00<00:00,  5.09it/s]
Importance scoring: 100%|██████████| 1/1 [00:00<00:00,  5.09it/s]

Prefill:   0%|          | 0/4 [00:00<?, ?it/s]
Prefill:  75%|███████▌  | 3/4 [00:00<00:00, 18.76it/s]
Prefill: 100%|██████████| 4/4 [00:00<00:00, 16.48it/s]

Importance scoring:   0%|          | 0/1 [00:00<?, ?it/s]
Importance scoring: 100%|██████████| 1/1 [00:00<00:00,  5.14it/s]
Importance scoring: 100%|██████████| 1/1 [00:00<00:00,  5.14it/s]

Prefill:   0%|          | 0/4 [00:00<?, ?it/s]
Prefill:  75%|███████▌  | 3/4 [00:00<00:00, 18.80it/s]
Prefill: 100%|██████████| 4/4 [00:00<00:00, 16.45it/s]

Importance scoring:   0%|          | 0/1 [00:00<?, ?it/s]
Importance scoring: 100%|██████████| 1/1 [00:00<00:00,  5.10it/s]
Importance scoring: 100%|██████████| 1/1 [00:00<00:00,  5.10it/s]

Prefill:   0%|          | 0/4 [00:00<?, ?it/s]
Prefill:  75%|███████▌  | 3/4 [00:00<00:00, 18.71it/s]
Prefill: 100%|██████████| 4/4 [00:00<00:00, 16.34it/s]

Importance scoring:   0%|          | 0/1 [00:00<?, ?it/s]
Importance scoring: 100%|██████████| 1/1 [00:00<00:00,  5.08it/s]
Importance scoring: 100%|██████████| 1/1 [00:00<00:00,  5.08it/s]

Prefill:   0%|          | 0/4 [00:00<?, ?it/s]
Prefill:  75%|███████▌  | 3/4 [00:00<00:00, 18.91it/s]
Prefill: 100%|██████████| 4/4 [00:00<00:00, 16.56it/s]

Importance scoring:   0%|          | 0/1 [00:00<?, ?it/s]
Importance scoring: 100%|██████████| 1/1 [00:00<00:00,  5.12it/s]
Importance scoring: 100%|██████████| 1/1 [00:00<00:00,  5.11it/s]

Prefill:   0%|          | 0/4 [00:00<?, ?it/s]
Prefill:  75%|███████▌  | 3/4 [00:00<00:00, 19.07it/s]
Prefill: 100%|██████████| 4/4 [00:00<00:00, 16.74it/s]

Importance scoring:   0%|          | 0/1 [00:00<?, ?it/s]
Importance scoring: 100%|██████████| 1/1 [00:00<00:00,  5.17it/s]
Importance scoring: 100%|██████████| 1/1 [00:00<00:00,  5.17it/s]

Prefill:   0%|          | 0/4 [00:00<?, ?it/s]
Prefill:  75%|███████▌  | 3/4 [00:00<00:00, 19.61it/s]
Prefill: 100%|██████████| 4/4 [00:00<00:00, 17.10it/s]

Importance scoring:   0%|          | 0/1 [00:00<?, ?it/s]
Importance scoring: 100%|██████████| 1/1 [00:00<00:00,  5.18it/s]
Importance scoring: 100%|██████████| 1/1 [00:00<00:00,  5.18it/s]

Prefill:   0%|          | 0/4 [00:00<?, ?it/s]
Prefill:  75%|███████▌  | 3/4 [00:00<00:00, 19.45it/s]
Prefill: 100%|██████████| 4/4 [00:00<00:00, 17.08it/s]

Importance scoring:   0%|          | 0/1 [00:00<?, ?it/s]
Importance scoring: 100%|██████████| 1/1 [00:00<00:00,  5.23it/s]
Importance scoring: 100%|██████████| 1/1 [00:00<00:00,  5.22it/s]

Prefill:   0%|          | 0/4 [00:00<?, ?it/s]
Prefill:  75%|███████▌  | 3/4 [00:00<00:00, 19.20it/s]
Prefill: 100%|██████████| 4/4 [00:00<00:00, 16.89it/s]

Importance scoring:   0%|          | 0/1 [00:00<?, ?it/s]
Importance scoring: 100%|██████████| 1/1 [00:00<00:00,  5.24it/s]
Importance scoring: 100%|██████████| 1/1 [00:00<00:00,  5.23it/s]

Prefill:   0%|          | 0/4 [00:00<?, ?it/s]
Prefill:  75%|███████▌  | 3/4 [00:00<00:00, 19.30it/s]
Prefill: 100%|██████████| 4/4 [00:00<00:00, 16.95it/s]

Importance scoring:   0%|          | 0/1 [00:00<?, ?it/s]
Importance scoring: 100%|██████████| 1/1 [00:00<00:00,  5.20it/s]
Importance scoring: 100%|██████████| 1/1 [00:00<00:00,  5.20it/s]

Prefill:   0%|          | 0/4 [00:00<?, ?it/s]
Prefill:  75%|███████▌  | 3/4 [00:00<00:00, 19.22it/s]
Prefill: 100%|██████████| 4/4 [00:00<00:00, 16.89it/s]

Importance scoring:   0%|          | 0/1 [00:00<?, ?it/s]
Importance scoring: 100%|██████████| 1/1 [00:00<00:00,  5.19it/s]
Importance scoring: 100%|██████████| 1/1 [00:00<00:00,  5.18it/s]

Prefill:   0%|          | 0/4 [00:00<?, ?it/s]
Prefill:  75%|███████▌  | 3/4 [00:00<00:00, 19.06it/s]
Prefill: 100%|██████████| 4/4 [00:00<00:00, 16.67it/s]

Importance scoring:   0%|          | 0/1 [00:00<?, ?it/s]
Importance scoring: 100%|██████████| 1/1 [00:00<00:00,  5.18it/s]
Importance scoring: 100%|██████████| 1/1 [00:00<00:00,  5.18it/s]

Prefill:   0%|          | 0/4 [00:00<?, ?it/s]
Prefill:  75%|███████▌  | 3/4 [00:00<00:00, 19.06it/s]
Prefill: 100%|██████████| 4/4 [00:00<00:00, 16.72it/s]

Importance scoring:   0%|          | 0/1 [00:00<?, ?it/s]
Importance scoring: 100%|██████████| 1/1 [00:00<00:00,  5.13it/s]
Importance scoring: 100%|██████████| 1/1 [00:00<00:00,  5.13it/s]

Prefill:   0%|          | 0/4 [00:00<?, ?it/s]
Prefill:  75%|███████▌  | 3/4 [00:00<00:00, 19.37it/s]
Prefill: 100%|██████████| 4/4 [00:00<00:00, 16.81it/s]

Importance scoring:   0%|          | 0/1 [00:00<?, ?it/s]
Importance scoring: 100%|██████████| 1/1 [00:00<00:00,  5.11it/s]
Importance scoring: 100%|██████████| 1/1 [00:00<00:00,  5.11it/s]

Prefill:   0%|          | 0/4 [00:00<?, ?it/s]
Prefill:  75%|███████▌  | 3/4 [00:00<00:00, 19.19it/s]
Prefill: 100%|██████████| 4/4 [00:00<00:00, 16.77it/s]

Importance scoring:   0%|          | 0/1 [00:00<?, ?it/s]
Importance scoring: 100%|██████████| 1/1 [00:00<00:00,  5.14it/s]
Importance scoring: 100%|██████████| 1/1 [00:00<00:00,  5.14it/s]

Prefill:   0%|          | 0/4 [00:00<?, ?it/s]
Prefill:  75%|███████▌  | 3/4 [00:00<00:00, 19.11it/s]
Prefill: 100%|██████████| 4/4 [00:00<00:00, 16.85it/s]

Importance scoring:   0%|          | 0/1 [00:00<?, ?it/s]
Importance scoring: 100%|██████████| 1/1 [00:00<00:00,  5.19it/s]
Importance scoring: 100%|██████████| 1/1 [00:00<00:00,  5.19it/s]

Prefill:   0%|          | 0/4 [00:00<?, ?it/s]
Prefill:  75%|███████▌  | 3/4 [00:00<00:00, 19.46it/s]
Prefill: 100%|██████████| 4/4 [00:00<00:00, 17.05it/s]

Importance scoring:   0%|          | 0/1 [00:00<?, ?it/s]
Importance scoring: 100%|██████████| 1/1 [00:00<00:00,  5.22it/s]
Importance scoring: 100%|██████████| 1/1 [00:00<00:00,  5.22it/s]

Prefill:   0%|          | 0/4 [00:00<?, ?it/s]
Prefill:  75%|███████▌  | 3/4 [00:00<00:00, 19.73it/s]
Prefill: 100%|██████████| 4/4 [00:00<00:00, 17.26it/s]

Importance scoring:   0%|          | 0/1 [00:00<?, ?it/s]
Importance scoring: 100%|██████████| 1/1 [00:00<00:00,  5.24it/s]
Importance scoring: 100%|██████████| 1/1 [00:00<00:00,  5.24it/s]

Prefill:   0%|          | 0/4 [00:00<?, ?it/s]
Prefill:  75%|███████▌  | 3/4 [00:00<00:00, 19.66it/s]
Prefill: 100%|██████████| 4/4 [00:00<00:00, 17.16it/s]

Importance scoring:   0%|          | 0/1 [00:00<?, ?it/s]
Importance scoring: 100%|██████████| 1/1 [00:00<00:00,  5.25it/s]
Importance scoring: 100%|██████████| 1/1 [00:00<00:00,  5.24it/s]

Prefill:   0%|          | 0/4 [00:00<?, ?it/s]
Prefill:  75%|███████▌  | 3/4 [00:00<00:00, 19.72it/s]
Prefill: 100%|██████████| 4/4 [00:00<00:00, 17.23it/s]

Importance scoring:   0%|          | 0/1 [00:00<?, ?it/s]
Importance scoring: 100%|██████████| 1/1 [00:00<00:00,  5.23it/s]
Importance scoring: 100%|██████████| 1/1 [00:00<00:00,  5.23it/s]

Prefill:   0%|          | 0/4 [00:00<?, ?it/s]
Prefill:  75%|███████▌  | 3/4 [00:00<00:00, 19.70it/s]
Prefill: 100%|██████████| 4/4 [00:00<00:00, 17.18it/s]

Importance scoring:   0%|          | 0/1 [00:00<?, ?it/s]
Importance scoring: 100%|██████████| 1/1 [00:00<00:00,  5.23it/s]
Importance scoring: 100%|██████████| 1/1 [00:00<00:00,  5.23it/s]

Prefill:   0%|          | 0/4 [00:00<?, ?it/s]
Prefill:  75%|███████▌  | 3/4 [00:00<00:00, 19.51it/s]
Prefill: 100%|██████████| 4/4 [00:00<00:00, 17.02it/s]

Importance scoring:   0%|          | 0/1 [00:00<?, ?it/s]
Importance scoring: 100%|██████████| 1/1 [00:00<00:00,  5.19it/s]
Importance scoring: 100%|██████████| 1/1 [00:00<00:00,  5.19it/s]

Prefill:   0%|          | 0/4 [00:00<?, ?it/s]
Prefill:  75%|███████▌  | 3/4 [00:00<00:00, 19.42it/s]
Prefill: 100%|██████████| 4/4 [00:00<00:00, 17.05it/s]

Importance scoring:   0%|          | 0/1 [00:00<?, ?it/s]
Importance scoring: 100%|██████████| 1/1 [00:00<00:00,  5.18it/s]
Importance scoring: 100%|██████████| 1/1 [00:00<00:00,  5.18it/s]

Prefill:   0%|          | 0/4 [00:00<?, ?it/s]
Prefill:  75%|███████▌  | 3/4 [00:00<00:00, 19.23it/s]
Prefill: 100%|██████████| 4/4 [00:00<00:00, 16.81it/s]

Importance scoring:   0%|          | 0/1 [00:00<?, ?it/s]
Importance scoring: 100%|██████████| 1/1 [00:00<00:00,  5.20it/s]
Importance scoring: 100%|██████████| 1/1 [00:00<00:00,  5.20it/s]

Prefill:   0%|          | 0/4 [00:00<?, ?it/s]
Prefill:  75%|███████▌  | 3/4 [00:00<00:00, 18.99it/s]
Prefill: 100%|██████████| 4/4 [00:00<00:00, 16.62it/s]

Importance scoring:   0%|          | 0/1 [00:00<?, ?it/s]
Importance scoring: 100%|██████████| 1/1 [00:00<00:00,  4.88it/s]
Importance scoring: 100%|██████████| 1/1 [00:00<00:00,  4.88it/s]

Prefill:   0%|          | 0/4 [00:00<?, ?it/s]
Prefill:  75%|███████▌  | 3/4 [00:00<00:00, 18.71it/s]
Prefill: 100%|██████████| 4/4 [00:00<00:00, 16.31it/s]

Importance scoring:   0%|          | 0/1 [00:00<?, ?it/s]
Importance scoring: 100%|██████████| 1/1 [00:00<00:00,  4.80it/s]
Importance scoring: 100%|██████████| 1/1 [00:00<00:00,  4.80it/s]

Prefill:   0%|          | 0/4 [00:00<?, ?it/s]
Prefill:  75%|███████▌  | 3/4 [00:00<00:00, 18.88it/s]
Prefill: 100%|██████████| 4/4 [00:00<00:00, 16.53it/s]

Importance scoring:   0%|          | 0/1 [00:00<?, ?it/s]
Importance scoring: 100%|██████████| 1/1 [00:00<00:00,  4.86it/s]
Importance scoring: 100%|██████████| 1/1 [00:00<00:00,  4.86it/s]

Prefill:   0%|          | 0/4 [00:00<?, ?it/s]
Prefill:  75%|███████▌  | 3/4 [00:00<00:00, 19.07it/s]
Prefill: 100%|██████████| 4/4 [00:00<00:00, 16.78it/s]

Importance scoring:   0%|          | 0/1 [00:00<?, ?it/s]
Importance scoring: 100%|██████████| 1/1 [00:00<00:00,  4.84it/s]
Importance scoring: 100%|██████████| 1/1 [00:00<00:00,  4.84it/s]

Prefill:   0%|          | 0/4 [00:00<?, ?it/s]
Prefill:  75%|███████▌  | 3/4 [00:00<00:00, 19.07it/s]
Prefill: 100%|██████████| 4/4 [00:00<00:00, 16.73it/s]

Importance scoring:   0%|          | 0/1 [00:00<?, ?it/s]
Importance scoring: 100%|██████████| 1/1 [00:00<00:00,  4.85it/s]
Importance scoring: 100%|██████████| 1/1 [00:00<00:00,  4.85it/s]

Prefill:   0%|          | 0/4 [00:00<?, ?it/s]
Prefill:  75%|███████▌  | 3/4 [00:00<00:00, 19.10it/s]
Prefill: 100%|██████████| 4/4 [00:00<00:00, 16.70it/s]

Importance scoring:   0%|          | 0/1 [00:00<?, ?it/s]
Importance scoring: 100%|██████████| 1/1 [00:00<00:00,  4.87it/s]
Importance scoring: 100%|██████████| 1/1 [00:00<00:00,  4.87it/s]

Prefill:   0%|          | 0/16 [00:00<?, ?it/s]
Prefill:  19%|█▉        | 3/16 [00:00<00:00, 18.91it/s]
Prefill:  31%|███▏      | 5/16 [00:00<00:00, 14.68it/s]
Prefill:  44%|████▍     | 7/16 [00:00<00:00, 13.01it/s]
Prefill:  56%|█████▋    | 9/16 [00:00<00:00, 11.99it/s]
Prefill:  69%|██████▉   | 11/16 [00:00<00:00, 11.08it/s]
Prefill:  81%|████████▏ | 13/16 [00:01<00:00, 10.19it/s]
Prefill:  94%|█████████▍| 15/16 [00:01<00:00,  9.69it/s]
Prefill: 100%|██████████| 16/16 [00:01<00:00,  9.59it/s]
Prefill: 100%|██████████| 16/16 [00:01<00:00, 10.91it/s]

Importance scoring:   0%|          | 0/4 [00:00<?, ?it/s]
Importance scoring:  25%|██▌       | 1/4 [00:00<00:00,  4.37it/s]
Importance scoring:  50%|█████     | 2/4 [00:01<00:01,  1.80it/s]
Importance scoring:  75%|███████▌  | 3/4 [00:01<00:00,  1.54it/s]
Importance scoring: 100%|██████████| 4/4 [00:02<00:00,  1.44it/s]
Importance scoring: 100%|██████████| 4/4 [00:02<00:00,  1.57it/s]

Prefill:   0%|          | 0/16 [00:00<?, ?it/s]
Prefill:  19%|█▉        | 3/16 [00:00<00:00, 18.75it/s]
Prefill:  31%|███▏      | 5/16 [00:00<00:00, 14.58it/s]
Prefill:  44%|████▍     | 7/16 [00:00<00:00, 12.96it/s]
Prefill:  56%|█████▋    | 9/16 [00:00<00:00, 11.90it/s]
Prefill:  69%|██████▉   | 11/16 [00:00<00:00, 10.97it/s]
Prefill:  81%|████████▏ | 13/16 [00:01<00:00, 10.16it/s]
Prefill:  94%|█████████▍| 15/16 [00:01<00:00,  9.64it/s]
Prefill: 100%|██████████| 16/16 [00:01<00:00,  9.55it/s]
Prefill: 100%|██████████| 16/16 [00:01<00:00, 10.85it/s]

Importance scoring:   0%|          | 0/4 [00:00<?, ?it/s]
Importance scoring:  25%|██▌       | 1/4 [00:00<00:00,  4.32it/s]
Importance scoring:  50%|█████     | 2/4 [00:01<00:01,  1.79it/s]
Importance scoring:  75%|███████▌  | 3/4 [00:01<00:00,  1.53it/s]
Importance scoring: 100%|██████████| 4/4 [00:02<00:00,  1.43it/s]
Importance scoring: 100%|██████████| 4/4 [00:02<00:00,  1.56it/s]

Prefill:   0%|          | 0/16 [00:00<?, ?it/s]
Prefill:  19%|█▉        | 3/16 [00:00<00:00, 19.03it/s]
Prefill:  31%|███▏      | 5/16 [00:00<00:00, 14.70it/s]
Prefill:  44%|████▍     | 7/16 [00:00<00:00, 13.00it/s]
Prefill:  56%|█████▋    | 9/16 [00:00<00:00, 11.96it/s]
Prefill:  69%|██████▉   | 11/16 [00:00<00:00, 10.99it/s]
Prefill:  81%|████████▏ | 13/16 [00:01<00:00, 10.17it/s]
Prefill:  94%|█████████▍| 15/16 [00:01<00:00,  9.70it/s]
Prefill: 100%|██████████| 16/16 [00:01<00:00,  9.58it/s]
Prefill: 100%|██████████| 16/16 [00:01<00:00, 10.90it/s]

Importance scoring:   0%|          | 0/4 [00:00<?, ?it/s]
Importance scoring:  25%|██▌       | 1/4 [00:00<00:00,  4.37it/s]
Importance scoring:  50%|█████     | 2/4 [00:01<00:01,  1.80it/s]
Importance scoring:  75%|███████▌  | 3/4 [00:01<00:00,  1.54it/s]
Importance scoring: 100%|██████████| 4/4 [00:02<00:00,  1.43it/s]
Importance scoring: 100%|██████████| 4/4 [00:02<00:00,  1.57it/s]

Prefill:   0%|          | 0/16 [00:00<?, ?it/s]
Prefill:  19%|█▉        | 3/16 [00:00<00:00, 19.22it/s]
Prefill:  31%|███▏      | 5/16 [00:00<00:00, 14.83it/s]
Prefill:  44%|████▍     | 7/16 [00:00<00:00, 13.15it/s]
Prefill:  56%|█████▋    | 9/16 [00:00<00:00, 12.09it/s]
Prefill:  69%|██████▉   | 11/16 [00:00<00:00, 11.22it/s]
Prefill:  81%|████████▏ | 13/16 [00:01<00:00, 10.32it/s]
Prefill:  94%|█████████▍| 15/16 [00:01<00:00,  9.81it/s]
Prefill: 100%|██████████| 16/16 [00:01<00:00,  9.72it/s]
Prefill: 100%|██████████| 16/16 [00:01<00:00, 11.05it/s]

Importance scoring:   0%|          | 0/4 [00:00<?, ?it/s]
Importance scoring:  25%|██▌       | 1/4 [00:00<00:00,  4.41it/s]
Importance scoring:  50%|█████     | 2/4 [00:01<00:01,  1.82it/s]
Importance scoring:  75%|███████▌  | 3/4 [00:01<00:00,  1.55it/s]
Importance scoring: 100%|██████████| 4/4 [00:02<00:00,  1.45it/s]
Importance scoring: 100%|██████████| 4/4 [00:02<00:00,  1.59it/s]

Prefill:   0%|          | 0/16 [00:00<?, ?it/s]
Prefill:  19%|█▉        | 3/16 [00:00<00:00, 19.15it/s]
Prefill:  31%|███▏      | 5/16 [00:00<00:00, 14.99it/s]
Prefill:  44%|████▍     | 7/16 [00:00<00:00, 13.30it/s]
Prefill:  56%|█████▋    | 9/16 [00:00<00:00, 12.19it/s]
Prefill:  69%|██████▉   | 11/16 [00:00<00:00, 11.33it/s]
Prefill:  81%|████████▏ | 13/16 [00:01<00:00, 10.44it/s]
Prefill:  94%|█████████▍| 15/16 [00:01<00:00,  9.91it/s]
Prefill: 100%|██████████| 16/16 [00:01<00:00, 11.14it/s]

Importance scoring:   0%|          | 0/4 [00:00<?, ?it/s]
Importance scoring:  25%|██▌       | 1/4 [00:00<00:00,  4.42it/s]
Importance scoring:  50%|█████     | 2/4 [00:01<00:01,  1.82it/s]
Importance scoring:  75%|███████▌  | 3/4 [00:01<00:00,  1.56it/s]
Importance scoring: 100%|██████████| 4/4 [00:02<00:00,  1.45it/s]
Importance scoring: 100%|██████████| 4/4 [00:02<00:00,  1.59it/s]

Prefill:   0%|          | 0/16 [00:00<?, ?it/s]
Prefill:  19%|█▉        | 3/16 [00:00<00:00, 18.68it/s]
Prefill:  31%|███▏      | 5/16 [00:00<00:00, 14.54it/s]
Prefill:  44%|████▍     | 7/16 [00:00<00:00, 12.91it/s]
Prefill:  56%|█████▋    | 9/16 [00:00<00:00, 11.92it/s]
Prefill:  69%|██████▉   | 11/16 [00:00<00:00, 11.01it/s]
Prefill:  81%|████████▏ | 13/16 [00:01<00:00, 10.05it/s]
Prefill:  94%|█████████▍| 15/16 [00:01<00:00,  9.54it/s]
Prefill: 100%|██████████| 16/16 [00:01<00:00,  9.46it/s]
Prefill: 100%|██████████| 16/16 [00:01<00:00, 10.78it/s]

Importance scoring:   0%|          | 0/4 [00:00<?, ?it/s]
Importance scoring:  25%|██▌       | 1/4 [00:00<00:00,  4.35it/s]
Importance scoring:  50%|█████     | 2/4 [00:01<00:01,  1.80it/s]
Importance scoring:  75%|███████▌  | 3/4 [00:01<00:00,  1.53it/s]
Importance scoring: 100%|██████████| 4/4 [00:02<00:00,  1.42it/s]
Importance scoring: 100%|██████████| 4/4 [00:02<00:00,  1.56it/s]

Prefill:   0%|          | 0/16 [00:00<?, ?it/s]
Prefill:  19%|█▉        | 3/16 [00:00<00:00, 19.98it/s]
Prefill:  31%|███▏      | 5/16 [00:00<00:00, 15.43it/s]
Prefill:  44%|████▍     | 7/16 [00:00<00:00, 13.61it/s]
Prefill:  56%|█████▋    | 9/16 [00:00<00:00, 12.46it/s]
Prefill:  69%|██████▉   | 11/16 [00:00<00:00, 11.56it/s]
Prefill:  81%|████████▏ | 13/16 [00:01<00:00, 10.66it/s]
Prefill:  94%|█████████▍| 15/16 [00:01<00:00, 10.05it/s]
Prefill: 100%|██████████| 16/16 [00:01<00:00, 11.37it/s]

Importance scoring:   0%|          | 0/4 [00:00<?, ?it/s]
Importance scoring:  25%|██▌       | 1/4 [00:00<00:00,  4.42it/s]
Importance scoring:  50%|█████     | 2/4 [00:00<00:01,  1.84it/s]
Importance scoring:  75%|███████▌  | 3/4 [00:01<00:00,  1.58it/s]
Importance scoring: 100%|██████████| 4/4 [00:02<00:00,  1.47it/s]
Importance scoring: 100%|██████████| 4/4 [00:02<00:00,  1.61it/s]

Prefill:   0%|          | 0/16 [00:00<?, ?it/s]
Prefill:  19%|█▉        | 3/16 [00:00<00:00, 19.71it/s]
Prefill:  31%|███▏      | 5/16 [00:00<00:00, 15.43it/s]
Prefill:  44%|████▍     | 7/16 [00:00<00:00, 13.68it/s]
Prefill:  56%|█████▋    | 9/16 [00:00<00:00, 12.63it/s]
Prefill:  69%|██████▉   | 11/16 [00:00<00:00, 11.79it/s]
Prefill:  81%|████████▏ | 13/16 [00:01<00:00, 10.81it/s]
Prefill:  94%|█████████▍| 15/16 [00:01<00:00, 10.16it/s]
Prefill: 100%|██████████| 16/16 [00:01<00:00, 11.48it/s]

Importance scoring:   0%|          | 0/4 [00:00<?, ?it/s]
Importance scoring:  25%|██▌       | 1/4 [00:00<00:00,  4.43it/s]
Importance scoring:  50%|█████     | 2/4 [00:00<00:01,  1.84it/s]
Importance scoring:  75%|███████▌  | 3/4 [00:01<00:00,  1.58it/s]
Importance scoring: 100%|██████████| 4/4 [00:02<00:00,  1.47it/s]
Importance scoring: 100%|██████████| 4/4 [00:02<00:00,  1.61it/s]

Prefill:   0%|          | 0/16 [00:00<?, ?it/s]
Prefill:  19%|█▉        | 3/16 [00:00<00:00, 19.82it/s]
Prefill:  31%|███▏      | 5/16 [00:00<00:00, 15.35it/s]
Prefill:  44%|████▍     | 7/16 [00:00<00:00, 13.58it/s]
Prefill:  56%|█████▋    | 9/16 [00:00<00:00, 12.47it/s]
Prefill:  69%|██████▉   | 11/16 [00:00<00:00, 11.54it/s]
Prefill:  81%|████████▏ | 13/16 [00:01<00:00, 10.62it/s]
Prefill:  94%|█████████▍| 15/16 [00:01<00:00, 10.05it/s]
Prefill: 100%|██████████| 16/16 [00:01<00:00, 11.35it/s]

Importance scoring:   0%|          | 0/4 [00:00<?, ?it/s]
Importance scoring:  25%|██▌       | 1/4 [00:00<00:00,  4.41it/s]
Importance scoring:  50%|█████     | 2/4 [00:00<00:01,  1.83it/s]
Importance scoring:  75%|███████▌  | 3/4 [00:01<00:00,  1.56it/s]
Importance scoring: 100%|██████████| 4/4 [00:02<00:00,  1.46it/s]
Importance scoring: 100%|██████████| 4/4 [00:02<00:00,  1.60it/s]

Prefill:   0%|          | 0/16 [00:00<?, ?it/s]
Prefill:  19%|█▉        | 3/16 [00:00<00:00, 19.03it/s]
Prefill:  31%|███▏      | 5/16 [00:00<00:00, 14.76it/s]
Prefill:  44%|████▍     | 7/16 [00:00<00:00, 13.05it/s]
Prefill:  56%|█████▋    | 9/16 [00:00<00:00, 12.00it/s]
Prefill:  69%|██████▉   | 11/16 [00:00<00:00, 11.10it/s]
Prefill:  81%|████████▏ | 13/16 [00:01<00:00, 10.24it/s]
Prefill:  94%|█████████▍| 15/16 [00:01<00:00,  9.74it/s]
Prefill: 100%|██████████| 16/16 [00:01<00:00,  9.62it/s]
Prefill: 100%|██████████| 16/16 [00:01<00:00, 10.95it/s]

Importance scoring:   0%|          | 0/4 [00:00<?, ?it/s]
Importance scoring:  25%|██▌       | 1/4 [00:00<00:00,  4.36it/s]
Importance scoring:  50%|█████     | 2/4 [00:01<00:01,  1.79it/s]
Importance scoring:  75%|███████▌  | 3/4 [00:01<00:00,  1.53it/s]
Importance scoring: 100%|██████████| 4/4 [00:02<00:00,  1.42it/s]
Importance scoring: 100%|██████████| 4/4 [00:02<00:00,  1.56it/s]

Prefill:   0%|          | 0/16 [00:00<?, ?it/s]
Prefill:  19%|█▉        | 3/16 [00:00<00:00, 18.71it/s]
Prefill:  31%|███▏      | 5/16 [00:00<00:00, 14.51it/s]
Prefill:  44%|████▍     | 7/16 [00:00<00:00, 12.86it/s]
Prefill:  56%|█████▋    | 9/16 [00:00<00:00, 11.84it/s]
Prefill:  69%|██████▉   | 11/16 [00:00<00:00, 10.94it/s]
Prefill:  81%|████████▏ | 13/16 [00:01<00:00, 10.13it/s]
Prefill:  94%|█████████▍| 15/16 [00:01<00:00,  9.58it/s]
Prefill: 100%|██████████| 16/16 [00:01<00:00,  9.50it/s]
Prefill: 100%|██████████| 16/16 [00:01<00:00, 10.80it/s]

Importance scoring:   0%|          | 0/4 [00:00<?, ?it/s]
Importance scoring:  25%|██▌       | 1/4 [00:00<00:00,  4.33it/s]
Importance scoring:  50%|█████     | 2/4 [00:01<00:01,  1.78it/s]
Importance scoring:  75%|███████▌  | 3/4 [00:01<00:00,  1.52it/s]
Importance scoring: 100%|██████████| 4/4 [00:02<00:00,  1.42it/s]
Importance scoring: 100%|██████████| 4/4 [00:02<00:00,  1.56it/s]

Prefill:   0%|          | 0/16 [00:00<?, ?it/s]
Prefill:  19%|█▉        | 3/16 [00:00<00:00, 19.03it/s]
Prefill:  31%|███▏      | 5/16 [00:00<00:00, 14.84it/s]
Prefill:  44%|████▍     | 7/16 [00:00<00:00, 13.17it/s]
Prefill:  56%|█████▋    | 9/16 [00:00<00:00, 12.10it/s]
Prefill:  69%|██████▉   | 11/16 [00:00<00:00, 11.19it/s]
Prefill:  81%|████████▏ | 13/16 [00:01<00:00, 10.29it/s]
Prefill:  94%|█████████▍| 15/16 [00:01<00:00,  9.75it/s]
Prefill: 100%|██████████| 16/16 [00:01<00:00,  9.68it/s]
Prefill: 100%|██████████| 16/16 [00:01<00:00, 11.01it/s]

Importance scoring:   0%|          | 0/4 [00:00<?, ?it/s]
Importance scoring:  25%|██▌       | 1/4 [00:00<00:00,  4.39it/s]
Importance scoring:  50%|█████     | 2/4 [00:01<00:01,  1.82it/s]
Importance scoring:  75%|███████▌  | 3/4 [00:01<00:00,  1.56it/s]
Importance scoring: 100%|██████████| 4/4 [00:02<00:00,  1.46it/s]
Importance scoring: 100%|██████████| 4/4 [00:02<00:00,  1.60it/s]

Prefill:   0%|          | 0/16 [00:00<?, ?it/s]
Prefill:  19%|█▉        | 3/16 [00:00<00:00, 19.68it/s]
Prefill:  31%|███▏      | 5/16 [00:00<00:00, 15.25it/s]
Prefill:  44%|████▍     | 7/16 [00:00<00:00, 13.48it/s]
Prefill:  56%|█████▋    | 9/16 [00:00<00:00, 12.41it/s]
Prefill:  69%|██████▉   | 11/16 [00:00<00:00, 11.54it/s]
Prefill:  81%|████████▏ | 13/16 [00:01<00:00, 10.58it/s]
Prefill:  94%|█████████▍| 15/16 [00:01<00:00, 10.00it/s]
Prefill: 100%|██████████| 16/16 [00:01<00:00, 11.28it/s]

Importance scoring:   0%|          | 0/4 [00:00<?, ?it/s]
Importance scoring:  25%|██▌       | 1/4 [00:00<00:00,  4.42it/s]
Importance scoring:  50%|█████     | 2/4 [00:00<00:01,  1.82it/s]
Importance scoring:  75%|███████▌  | 3/4 [00:01<00:00,  1.56it/s]
Importance scoring: 100%|██████████| 4/4 [00:02<00:00,  1.46it/s]
Importance scoring: 100%|██████████| 4/4 [00:02<00:00,  1.60it/s]

Prefill:   0%|          | 0/16 [00:00<?, ?it/s]
Prefill:  19%|█▉        | 3/16 [00:00<00:00, 19.30it/s]
Prefill:  31%|███▏      | 5/16 [00:00<00:00, 14.96it/s]
Prefill:  44%|████▍     | 7/16 [00:00<00:00, 13.28it/s]
Prefill:  56%|█████▋    | 9/16 [00:00<00:00, 12.23it/s]
Prefill:  69%|██████▉   | 11/16 [00:00<00:00, 11.30it/s]
Prefill:  81%|████████▏ | 13/16 [00:01<00:00, 10.34it/s]
Prefill:  94%|█████████▍| 15/16 [00:01<00:00,  9.80it/s]
Prefill: 100%|██████████| 16/16 [00:01<00:00,  9.71it/s]
Prefill: 100%|██████████| 16/16 [00:01<00:00, 11.08it/s]

Importance scoring:   0%|          | 0/4 [00:00<?, ?it/s]
Importance scoring:  25%|██▌       | 1/4 [00:00<00:00,  4.38it/s]
Importance scoring:  50%|█████     | 2/4 [00:01<00:01,  1.81it/s]
Importance scoring:  75%|███████▌  | 3/4 [00:01<00:00,  1.55it/s]
Importance scoring: 100%|██████████| 4/4 [00:02<00:00,  1.45it/s]
Importance scoring: 100%|██████████| 4/4 [00:02<00:00,  1.59it/s]

Prefill:   0%|          | 0/16 [00:00<?, ?it/s]
Prefill:  19%|█▉        | 3/16 [00:00<00:00, 18.95it/s]
Prefill:  31%|███▏      | 5/16 [00:00<00:00, 14.78it/s]
Prefill:  44%|████▍     | 7/16 [00:00<00:00, 13.07it/s]
Prefill:  56%|█████▋    | 9/16 [00:00<00:00, 12.01it/s]
Prefill:  69%|██████▉   | 11/16 [00:00<00:00, 11.09it/s]
Prefill:  81%|████████▏ | 13/16 [00:01<00:00, 10.27it/s]
Prefill:  94%|█████████▍| 15/16 [00:01<00:00,  9.69it/s]
Prefill: 100%|██████████| 16/16 [00:01<00:00,  9.59it/s]
Prefill: 100%|██████████| 16/16 [00:01<00:00, 10.93it/s]

Importance scoring:   0%|          | 0/4 [00:00<?, ?it/s]
Importance scoring:  25%|██▌       | 1/4 [00:00<00:00,  4.37it/s]
Importance scoring:  50%|█████     | 2/4 [00:01<00:01,  1.79it/s]
Importance scoring:  75%|███████▌  | 3/4 [00:01<00:00,  1.53it/s]
Importance scoring: 100%|██████████| 4/4 [00:02<00:00,  1.42it/s]
Importance scoring: 100%|██████████| 4/4 [00:02<00:00,  1.56it/s]

Prefill:   0%|          | 0/16 [00:00<?, ?it/s]
Prefill:  19%|█▉        | 3/16 [00:00<00:00, 19.26it/s]
Prefill:  31%|███▏      | 5/16 [00:00<00:00, 15.04it/s]
Prefill:  44%|████▍     | 7/16 [00:00<00:00, 13.29it/s]
Prefill:  56%|█████▋    | 9/16 [00:00<00:00, 12.25it/s]
Prefill:  69%|██████▉   | 11/16 [00:00<00:00, 11.38it/s]
Prefill:  81%|████████▏ | 13/16 [00:01<00:00, 10.43it/s]
Prefill:  94%|█████████▍| 15/16 [00:01<00:00,  9.89it/s]
Prefill: 100%|██████████| 16/16 [00:01<00:00, 11.15it/s]

Importance scoring:   0%|          | 0/4 [00:00<?, ?it/s]
Importance scoring:  25%|██▌       | 1/4 [00:00<00:00,  4.41it/s]
Importance scoring:  50%|█████     | 2/4 [00:01<00:01,  1.82it/s]
Importance scoring:  75%|███████▌  | 3/4 [00:01<00:00,  1.55it/s]
Importance scoring: 100%|██████████| 4/4 [00:02<00:00,  1.45it/s]
Importance scoring: 100%|██████████| 4/4 [00:02<00:00,  1.59it/s]

Prefill:   0%|          | 0/16 [00:00<?, ?it/s]
Prefill:  19%|█▉        | 3/16 [00:00<00:00, 19.20it/s]
Prefill:  31%|███▏      | 5/16 [00:00<00:00, 14.92it/s]
Prefill:  44%|████▍     | 7/16 [00:00<00:00, 13.26it/s]
Prefill:  56%|█████▋    | 9/16 [00:00<00:00, 12.21it/s]
Prefill:  69%|██████▉   | 11/16 [00:00<00:00, 11.33it/s]
Prefill:  81%|████████▏ | 13/16 [00:01<00:00, 10.41it/s]
Prefill:  94%|█████████▍| 15/16 [00:01<00:00,  9.92it/s]
Prefill: 100%|██████████| 16/16 [00:01<00:00, 11.13it/s]

Importance scoring:   0%|          | 0/4 [00:00<?, ?it/s]
Importance scoring:  25%|██▌       | 1/4 [00:00<00:00,  4.39it/s]
Importance scoring:  50%|█████     | 2/4 [00:01<00:01,  1.81it/s]
Importance scoring:  75%|███████▌  | 3/4 [00:01<00:00,  1.55it/s]
Importance scoring: 100%|██████████| 4/4 [00:02<00:00,  1.44it/s]
Importance scoring: 100%|██████████| 4/4 [00:02<00:00,  1.58it/s]

Prefill:   0%|          | 0/16 [00:00<?, ?it/s]
Prefill:  19%|█▉        | 3/16 [00:00<00:00, 19.05it/s]
Prefill:  31%|███▏      | 5/16 [00:00<00:00, 14.84it/s]
Prefill:  44%|████▍     | 7/16 [00:00<00:00, 13.14it/s]
Prefill:  56%|█████▋    | 9/16 [00:00<00:00, 12.09it/s]
Prefill:  69%|██████▉   | 11/16 [00:00<00:00, 11.14it/s]
Prefill:  81%|████████▏ | 13/16 [00:01<00:00, 10.24it/s]
Prefill:  94%|█████████▍| 15/16 [00:01<00:00,  9.70it/s]
Prefill: 100%|██████████| 16/16 [00:01<00:00,  9.60it/s]
Prefill: 100%|██████████| 16/16 [00:01<00:00, 10.96it/s]

Importance scoring:   0%|          | 0/4 [00:00<?, ?it/s]
Importance scoring:  25%|██▌       | 1/4 [00:00<00:00,  4.36it/s]
Importance scoring:  50%|█████     | 2/4 [00:01<00:01,  1.79it/s]
Importance scoring:  75%|███████▌  | 3/4 [00:01<00:00,  1.53it/s]
Importance scoring: 100%|██████████| 4/4 [00:02<00:00,  1.43it/s]
Importance scoring: 100%|██████████| 4/4 [00:02<00:00,  1.56it/s]

Prefill:   0%|          | 0/16 [00:00<?, ?it/s]
Prefill:  19%|█▉        | 3/16 [00:00<00:00, 19.08it/s]
Prefill:  31%|███▏      | 5/16 [00:00<00:00, 14.85it/s]
Prefill:  44%|████▍     | 7/16 [00:00<00:00, 13.16it/s]
Prefill:  56%|█████▋    | 9/16 [00:00<00:00, 12.09it/s]
Prefill:  69%|██████▉   | 11/16 [00:00<00:00, 11.18it/s]
Prefill:  81%|████████▏ | 13/16 [00:01<00:00, 10.30it/s]
Prefill:  94%|█████████▍| 15/16 [00:01<00:00,  9.76it/s]
Prefill: 100%|██████████| 16/16 [00:01<00:00,  9.68it/s]
Prefill: 100%|██████████| 16/16 [00:01<00:00, 11.01it/s]

Importance scoring:   0%|          | 0/4 [00:00<?, ?it/s]
Importance scoring:  25%|██▌       | 1/4 [00:00<00:00,  4.39it/s]
Importance scoring:  50%|█████     | 2/4 [00:01<00:01,  1.81it/s]
Importance scoring:  75%|███████▌  | 3/4 [00:01<00:00,  1.55it/s]
Importance scoring: 100%|██████████| 4/4 [00:02<00:00,  1.45it/s]
Importance scoring: 100%|██████████| 4/4 [00:02<00:00,  1.58it/s]

Prefill:   0%|          | 0/16 [00:00<?, ?it/s]
Prefill:  19%|█▉        | 3/16 [00:00<00:00, 18.88it/s]
Prefill:  31%|███▏      | 5/16 [00:00<00:00, 14.64it/s]
Prefill:  44%|████▍     | 7/16 [00:00<00:00, 12.89it/s]
Prefill:  56%|█████▋    | 9/16 [00:00<00:00, 11.85it/s]
Prefill:  69%|██████▉   | 11/16 [00:00<00:00, 10.93it/s]
Prefill:  81%|████████▏ | 13/16 [00:01<00:00, 10.15it/s]
Prefill:  94%|█████████▍| 15/16 [00:01<00:00,  9.61it/s]
Prefill: 100%|██████████| 16/16 [00:01<00:00,  9.47it/s]
Prefill: 100%|██████████| 16/16 [00:01<00:00, 10.80it/s]

Importance scoring:   0%|          | 0/4 [00:00<?, ?it/s]
Importance scoring:  25%|██▌       | 1/4 [00:00<00:00,  4.33it/s]
Importance scoring:  50%|█████     | 2/4 [00:01<00:01,  1.79it/s]
Importance scoring:  75%|███████▌  | 3/4 [00:01<00:00,  1.53it/s]
Importance scoring: 100%|██████████| 4/4 [00:02<00:00,  1.43it/s]
Importance scoring: 100%|██████████| 4/4 [00:02<00:00,  1.56it/s]

Prefill:   0%|          | 0/16 [00:00<?, ?it/s]
Prefill:  19%|█▉        | 3/16 [00:00<00:00, 19.06it/s]
Prefill:  31%|███▏      | 5/16 [00:00<00:00, 14.85it/s]
Prefill:  44%|████▍     | 7/16 [00:00<00:00, 13.22it/s]
Prefill:  56%|█████▋    | 9/16 [00:00<00:00, 12.20it/s]
Prefill:  69%|██████▉   | 11/16 [00:00<00:00, 11.29it/s]
Prefill:  81%|████████▏ | 13/16 [00:01<00:00, 10.39it/s]
Prefill:  94%|█████████▍| 15/16 [00:01<00:00,  9.79it/s]
Prefill: 100%|██████████| 16/16 [00:01<00:00,  9.69it/s]
Prefill: 100%|██████████| 16/16 [00:01<00:00, 11.06it/s]

Importance scoring:   0%|          | 0/4 [00:00<?, ?it/s]
Importance scoring:  25%|██▌       | 1/4 [00:00<00:00,  4.37it/s]
Importance scoring:  50%|█████     | 2/4 [00:01<00:01,  1.81it/s]
Importance scoring:  75%|███████▌  | 3/4 [00:01<00:00,  1.55it/s]
Importance scoring: 100%|██████████| 4/4 [00:02<00:00,  1.44it/s]
Importance scoring: 100%|██████████| 4/4 [00:02<00:00,  1.58it/s]

Prefill:   0%|          | 0/16 [00:00<?, ?it/s]
Prefill:  19%|█▉        | 3/16 [00:00<00:00, 19.42it/s]
Prefill:  31%|███▏      | 5/16 [00:00<00:00, 15.06it/s]
Prefill:  44%|████▍     | 7/16 [00:00<00:00, 13.34it/s]
Prefill:  56%|█████▋    | 9/16 [00:00<00:00, 12.31it/s]
Prefill:  69%|██████▉   | 11/16 [00:00<00:00, 11.41it/s]
Prefill:  81%|████████▏ | 13/16 [00:01<00:00, 10.45it/s]
Prefill:  94%|█████████▍| 15/16 [00:01<00:00,  9.85it/s]
Prefill: 100%|██████████| 16/16 [00:01<00:00, 11.14it/s]

Importance scoring:   0%|          | 0/4 [00:00<?, ?it/s]
Importance scoring:  25%|██▌       | 1/4 [00:00<00:00,  4.40it/s]
Importance scoring:  50%|█████     | 2/4 [00:01<00:01,  1.81it/s]
Importance scoring:  75%|███████▌  | 3/4 [00:01<00:00,  1.55it/s]
Importance scoring: 100%|██████████| 4/4 [00:02<00:00,  1.45it/s]
Importance scoring: 100%|██████████| 4/4 [00:02<00:00,  1.59it/s]

Prefill:   0%|          | 0/16 [00:00<?, ?it/s]
Prefill:  19%|█▉        | 3/16 [00:00<00:00, 18.86it/s]
Prefill:  31%|███▏      | 5/16 [00:00<00:00, 14.58it/s]
Prefill:  44%|████▍     | 7/16 [00:00<00:00, 12.92it/s]
Prefill:  56%|█████▋    | 9/16 [00:00<00:00, 11.87it/s]
Prefill:  69%|██████▉   | 11/16 [00:00<00:00, 10.90it/s]
Prefill:  81%|████████▏ | 13/16 [00:01<00:00, 10.08it/s]
Prefill:  94%|█████████▍| 15/16 [00:01<00:00,  9.57it/s]
Prefill: 100%|██████████| 16/16 [00:01<00:00,  9.50it/s]
Prefill: 100%|██████████| 16/16 [00:01<00:00, 10.80it/s]

Importance scoring:   0%|          | 0/4 [00:00<?, ?it/s]
Importance scoring:  25%|██▌       | 1/4 [00:00<00:00,  4.35it/s]
Importance scoring:  50%|█████     | 2/4 [00:01<00:01,  1.79it/s]
Importance scoring:  75%|███████▌  | 3/4 [00:01<00:00,  1.53it/s]
Importance scoring: 100%|██████████| 4/4 [00:02<00:00,  1.43it/s]
Importance scoring: 100%|██████████| 4/4 [00:02<00:00,  1.57it/s]

Prefill:   0%|          | 0/16 [00:00<?, ?it/s]
Prefill:  19%|█▉        | 3/16 [00:00<00:00, 19.15it/s]
Prefill:  31%|███▏      | 5/16 [00:00<00:00, 14.89it/s]
Prefill:  44%|████▍     | 7/16 [00:00<00:00, 13.24it/s]
Prefill:  56%|█████▋    | 9/16 [00:00<00:00, 12.21it/s]
Prefill:  69%|██████▉   | 11/16 [00:00<00:00, 11.28it/s]
Prefill:  81%|████████▏ | 13/16 [00:01<00:00, 10.41it/s]
Prefill:  94%|█████████▍| 15/16 [00:01<00:00,  9.81it/s]
Prefill: 100%|██████████| 16/16 [00:01<00:00, 11.09it/s]

Importance scoring:   0%|          | 0/4 [00:00<?, ?it/s]
Importance scoring:  25%|██▌       | 1/4 [00:00<00:00,  4.35it/s]
Importance scoring:  50%|█████     | 2/4 [00:01<00:01,  1.80it/s]
Importance scoring:  75%|███████▌  | 3/4 [00:01<00:00,  1.55it/s]
Importance scoring: 100%|██████████| 4/4 [00:02<00:00,  1.44it/s]
Importance scoring: 100%|██████████| 4/4 [00:02<00:00,  1.58it/s]

Prefill:   0%|          | 0/16 [00:00<?, ?it/s]
Prefill:  19%|█▉        | 3/16 [00:00<00:00, 19.36it/s]
Prefill:  31%|███▏      | 5/16 [00:00<00:00, 14.89it/s]
Prefill:  44%|████▍     | 7/16 [00:00<00:00, 13.20it/s]
Prefill:  56%|█████▋    | 9/16 [00:00<00:00, 12.25it/s]
Prefill:  69%|██████▉   | 11/16 [00:00<00:00, 11.28it/s]
Prefill:  81%|████████▏ | 13/16 [00:01<00:00, 10.31it/s]
Prefill:  94%|█████████▍| 15/16 [00:01<00:00,  9.80it/s]
Prefill: 100%|██████████| 16/16 [00:01<00:00, 11.07it/s]

Importance scoring:   0%|          | 0/4 [00:00<?, ?it/s]
Importance scoring:  25%|██▌       | 1/4 [00:00<00:00,  4.38it/s]
Importance scoring:  50%|█████     | 2/4 [00:01<00:01,  1.80it/s]
Importance scoring:  75%|███████▌  | 3/4 [00:01<00:00,  1.54it/s]
Importance scoring: 100%|██████████| 4/4 [00:02<00:00,  1.44it/s]
Importance scoring: 100%|██████████| 4/4 [00:02<00:00,  1.58it/s]

Prefill:   0%|          | 0/16 [00:00<?, ?it/s]
Prefill:  19%|█▉        | 3/16 [00:00<00:00, 19.18it/s]
Prefill:  31%|███▏      | 5/16 [00:00<00:00, 14.93it/s]
Prefill:  44%|████▍     | 7/16 [00:00<00:00, 13.31it/s]
Prefill:  56%|█████▋    | 9/16 [00:00<00:00, 12.25it/s]
Prefill:  69%|██████▉   | 11/16 [00:00<00:00, 11.34it/s]
Prefill:  81%|████████▏ | 13/16 [00:01<00:00, 10.44it/s]
Prefill:  94%|█████████▍| 15/16 [00:01<00:00,  9.90it/s]
Prefill: 100%|██████████| 16/16 [00:01<00:00, 11.15it/s]

Importance scoring:   0%|          | 0/4 [00:00<?, ?it/s]
Importance scoring:  25%|██▌       | 1/4 [00:00<00:00,  4.37it/s]
Importance scoring:  50%|█████     | 2/4 [00:01<00:01,  1.81it/s]
Importance scoring:  75%|███████▌  | 3/4 [00:01<00:00,  1.55it/s]
Importance scoring: 100%|██████████| 4/4 [00:02<00:00,  1.45it/s]
Importance scoring: 100%|██████████| 4/4 [00:02<00:00,  1.58it/s]

Prefill:   0%|          | 0/16 [00:00<?, ?it/s]
Prefill:  19%|█▉        | 3/16 [00:00<00:00, 19.12it/s]
Prefill:  31%|███▏      | 5/16 [00:00<00:00, 14.83it/s]
Prefill:  44%|████▍     | 7/16 [00:00<00:00, 13.18it/s]
Prefill:  56%|█████▋    | 9/16 [00:00<00:00, 12.08it/s]
Prefill:  69%|██████▉   | 11/16 [00:00<00:00, 11.20it/s]
Prefill:  81%|████████▏ | 13/16 [00:01<00:00, 10.33it/s]
Prefill:  94%|█████████▍| 15/16 [00:01<00:00,  9.83it/s]
Prefill: 100%|██████████| 16/16 [00:01<00:00, 11.04it/s]

Importance scoring:   0%|          | 0/4 [00:00<?, ?it/s]
Importance scoring:  25%|██▌       | 1/4 [00:00<00:00,  4.36it/s]
Importance scoring:  50%|█████     | 2/4 [00:01<00:01,  1.80it/s]
Importance scoring:  75%|███████▌  | 3/4 [00:01<00:00,  1.54it/s]
Importance scoring: 100%|██████████| 4/4 [00:02<00:00,  1.43it/s]
Importance scoring: 100%|██████████| 4/4 [00:02<00:00,  1.57it/s]

Prefill:   0%|          | 0/16 [00:00<?, ?it/s]
Prefill:  19%|█▉        | 3/16 [00:00<00:00, 19.09it/s]
Prefill:  31%|███▏      | 5/16 [00:00<00:00, 14.89it/s]
Prefill:  44%|████▍     | 7/16 [00:00<00:00, 13.22it/s]
Prefill:  56%|█████▋    | 9/16 [00:00<00:00, 12.17it/s]
Prefill:  69%|██████▉   | 11/16 [00:00<00:00, 11.27it/s]
Prefill:  81%|████████▏ | 13/16 [00:01<00:00, 10.32it/s]
Prefill:  94%|█████████▍| 15/16 [00:01<00:00,  9.76it/s]
Prefill: 100%|██████████| 16/16 [00:01<00:00,  9.68it/s]
Prefill: 100%|██████████| 16/16 [00:01<00:00, 11.04it/s]

Importance scoring:   0%|          | 0/4 [00:00<?, ?it/s]
Importance scoring:  25%|██▌       | 1/4 [00:00<00:00,  4.36it/s]
Importance scoring:  50%|█████     | 2/4 [00:01<00:01,  1.81it/s]
Importance scoring:  75%|███████▌  | 3/4 [00:01<00:00,  1.55it/s]
Importance scoring: 100%|██████████| 4/4 [00:02<00:00,  1.44it/s]
Importance scoring: 100%|██████████| 4/4 [00:02<00:00,  1.58it/s]

Prefill:   0%|          | 0/16 [00:00<?, ?it/s]
Prefill:  19%|█▉        | 3/16 [00:00<00:00, 19.18it/s]
Prefill:  31%|███▏      | 5/16 [00:00<00:00, 14.86it/s]
Prefill:  44%|████▍     | 7/16 [00:00<00:00, 13.09it/s]
Prefill:  56%|█████▋    | 9/16 [00:00<00:00, 12.03it/s]
Prefill:  69%|██████▉   | 11/16 [00:00<00:00, 11.16it/s]
Prefill:  81%|████████▏ | 13/16 [00:01<00:00, 10.25it/s]
Prefill:  94%|█████████▍| 15/16 [00:01<00:00,  9.76it/s]
Prefill: 100%|██████████| 16/16 [00:01<00:00,  9.66it/s]
Prefill: 100%|██████████| 16/16 [00:01<00:00, 10.99it/s]

Importance scoring:   0%|          | 0/4 [00:00<?, ?it/s]
Importance scoring:  25%|██▌       | 1/4 [00:00<00:00,  4.36it/s]
Importance scoring:  50%|█████     | 2/4 [00:01<00:01,  1.79it/s]
Importance scoring:  75%|███████▌  | 3/4 [00:01<00:00,  1.54it/s]
Importance scoring: 100%|██████████| 4/4 [00:02<00:00,  1.43it/s]
Importance scoring: 100%|██████████| 4/4 [00:02<00:00,  1.57it/s]

Prefill:   0%|          | 0/16 [00:00<?, ?it/s]
Prefill:  19%|█▉        | 3/16 [00:00<00:00, 19.20it/s]
Prefill:  31%|███▏      | 5/16 [00:00<00:00, 14.97it/s]
Prefill:  44%|████▍     | 7/16 [00:00<00:00, 13.28it/s]
Prefill:  56%|█████▋    | 9/16 [00:00<00:00, 12.33it/s]
Prefill:  69%|██████▉   | 11/16 [00:00<00:00, 11.44it/s]
Prefill:  81%|████████▏ | 13/16 [00:01<00:00, 10.45it/s]
Prefill:  94%|█████████▍| 15/16 [00:01<00:00,  9.87it/s]
Prefill: 100%|██████████| 16/16 [00:01<00:00, 11.15it/s]

Importance scoring:   0%|          | 0/4 [00:00<?, ?it/s]
Importance scoring:  25%|██▌       | 1/4 [00:00<00:00,  4.38it/s]
Importance scoring:  50%|█████     | 2/4 [00:01<00:01,  1.81it/s]
Importance scoring:  75%|███████▌  | 3/4 [00:01<00:00,  1.56it/s]
Importance scoring: 100%|██████████| 4/4 [00:02<00:00,  1.45it/s]
Importance scoring: 100%|██████████| 4/4 [00:02<00:00,  1.59it/s]

Prefill:   0%|          | 0/16 [00:00<?, ?it/s]
Prefill:  19%|█▉        | 3/16 [00:00<00:00, 19.17it/s]
Prefill:  31%|███▏      | 5/16 [00:00<00:00, 14.95it/s]
Prefill:  44%|████▍     | 7/16 [00:00<00:00, 13.26it/s]
Prefill:  56%|█████▋    | 9/16 [00:00<00:00, 12.20it/s]
Prefill:  69%|██████▉   | 11/16 [00:00<00:00, 11.25it/s]
Prefill:  81%|████████▏ | 13/16 [00:01<00:00, 10.33it/s]
Prefill:  94%|█████████▍| 15/16 [00:01<00:00,  9.79it/s]
Prefill: 100%|██████████| 16/16 [00:01<00:00,  9.68it/s]
Prefill: 100%|██████████| 16/16 [00:01<00:00, 11.05it/s]

Importance scoring:   0%|          | 0/4 [00:00<?, ?it/s]
Importance scoring:  25%|██▌       | 1/4 [00:00<00:00,  4.35it/s]
Importance scoring:  50%|█████     | 2/4 [00:01<00:01,  1.81it/s]
Importance scoring:  75%|███████▌  | 3/4 [00:01<00:00,  1.54it/s]
Importance scoring: 100%|██████████| 4/4 [00:02<00:00,  1.44it/s]
Importance scoring: 100%|██████████| 4/4 [00:02<00:00,  1.58it/s]

Prefill:   0%|          | 0/16 [00:00<?, ?it/s]
Prefill:  19%|█▉        | 3/16 [00:00<00:00, 18.93it/s]
Prefill:  31%|███▏      | 5/16 [00:00<00:00, 14.79it/s]
Prefill:  44%|████▍     | 7/16 [00:00<00:00, 13.11it/s]
Prefill:  56%|█████▋    | 9/16 [00:00<00:00, 12.10it/s]
Prefill:  69%|██████▉   | 11/16 [00:00<00:00, 11.19it/s]
Prefill:  81%|████████▏ | 13/16 [00:01<00:00, 10.25it/s]
Prefill:  94%|█████████▍| 15/16 [00:01<00:00,  9.73it/s]
Prefill: 100%|██████████| 16/16 [00:01<00:00,  9.64it/s]
Prefill: 100%|██████████| 16/16 [00:01<00:00, 10.98it/s]

Importance scoring:   0%|          | 0/4 [00:00<?, ?it/s]
Importance scoring:  25%|██▌       | 1/4 [00:00<00:00,  4.34it/s]
Importance scoring:  50%|█████     | 2/4 [00:01<00:01,  1.79it/s]
Importance scoring:  75%|███████▌  | 3/4 [00:01<00:00,  1.54it/s]
Importance scoring: 100%|██████████| 4/4 [00:02<00:00,  1.44it/s]
Importance scoring: 100%|██████████| 4/4 [00:02<00:00,  1.57it/s]

Prefill:   0%|          | 0/16 [00:00<?, ?it/s]
Prefill:  19%|█▉        | 3/16 [00:00<00:00, 19.25it/s]
Prefill:  31%|███▏      | 5/16 [00:00<00:00, 14.98it/s]
Prefill:  44%|████▍     | 7/16 [00:00<00:00, 13.27it/s]
Prefill:  56%|█████▋    | 9/16 [00:00<00:00, 12.23it/s]
Prefill:  69%|██████▉   | 11/16 [00:00<00:00, 11.33it/s]
Prefill:  81%|████████▏ | 13/16 [00:01<00:00, 10.39it/s]
Prefill:  94%|█████████▍| 15/16 [00:01<00:00,  9.82it/s]
Prefill: 100%|██████████| 16/16 [00:01<00:00, 11.09it/s]

Importance scoring:   0%|          | 0/4 [00:00<?, ?it/s]
Importance scoring:  25%|██▌       | 1/4 [00:00<00:00,  4.35it/s]
Importance scoring:  50%|█████     | 2/4 [00:01<00:01,  1.80it/s]
Importance scoring:  75%|███████▌  | 3/4 [00:01<00:00,  1.55it/s]
Importance scoring: 100%|██████████| 4/4 [00:02<00:00,  1.44it/s]
Importance scoring: 100%|██████████| 4/4 [00:02<00:00,  1.58it/s]

Prefill:   0%|          | 0/16 [00:00<?, ?it/s]
Prefill:  19%|█▉        | 3/16 [00:00<00:00, 19.17it/s]
Prefill:  31%|███▏      | 5/16 [00:00<00:00, 14.92it/s]
Prefill:  44%|████▍     | 7/16 [00:00<00:00, 13.20it/s]
Prefill:  56%|█████▋    | 9/16 [00:00<00:00, 12.22it/s]
Prefill:  69%|██████▉   | 11/16 [00:00<00:00, 11.25it/s]
Prefill:  81%|████████▏ | 13/16 [00:01<00:00, 10.29it/s]
Prefill:  94%|█████████▍| 15/16 [00:01<00:00,  9.78it/s]
Prefill: 100%|██████████| 16/16 [00:01<00:00,  9.69it/s]
Prefill: 100%|██████████| 16/16 [00:01<00:00, 11.04it/s]

Importance scoring:   0%|          | 0/4 [00:00<?, ?it/s]
Importance scoring:  25%|██▌       | 1/4 [00:00<00:00,  4.38it/s]
Importance scoring:  50%|█████     | 2/4 [00:01<00:01,  1.80it/s]
Importance scoring:  75%|███████▌  | 3/4 [00:01<00:00,  1.54it/s]
Importance scoring: 100%|██████████| 4/4 [00:02<00:00,  1.44it/s]
Importance scoring: 100%|██████████| 4/4 [00:02<00:00,  1.58it/s]

Prefill:   0%|          | 0/16 [00:00<?, ?it/s]
Prefill:  19%|█▉        | 3/16 [00:00<00:00, 18.98it/s]
Prefill:  31%|███▏      | 5/16 [00:00<00:00, 14.80it/s]
Prefill:  44%|████▍     | 7/16 [00:00<00:00, 13.19it/s]
Prefill:  56%|█████▋    | 9/16 [00:00<00:00, 12.10it/s]
Prefill:  69%|██████▉   | 11/16 [00:00<00:00, 11.25it/s]
Prefill:  81%|████████▏ | 13/16 [00:01<00:00, 10.36it/s]
Prefill:  94%|█████████▍| 15/16 [00:01<00:00,  9.79it/s]
Prefill: 100%|██████████| 16/16 [00:01<00:00,  9.70it/s]
Prefill: 100%|██████████| 16/16 [00:01<00:00, 11.04it/s]

Importance scoring:   0%|          | 0/4 [00:00<?, ?it/s]
Importance scoring:  25%|██▌       | 1/4 [00:00<00:00,  4.37it/s]
Importance scoring:  50%|█████     | 2/4 [00:01<00:01,  1.80it/s]
Importance scoring:  75%|███████▌  | 3/4 [00:01<00:00,  1.54it/s]
Importance scoring: 100%|██████████| 4/4 [00:02<00:00,  1.44it/s]
Importance scoring: 100%|██████████| 4/4 [00:02<00:00,  1.57it/s]

Prefill:   0%|          | 0/16 [00:00<?, ?it/s]
Prefill:  19%|█▉        | 3/16 [00:00<00:00, 19.29it/s]
Prefill:  31%|███▏      | 5/16 [00:00<00:00, 14.91it/s]
Prefill:  44%|████▍     | 7/16 [00:00<00:00, 13.20it/s]
Prefill:  56%|█████▋    | 9/16 [00:00<00:00, 12.11it/s]
Prefill:  69%|██████▉   | 11/16 [00:00<00:00, 11.20it/s]
Prefill:  81%|████████▏ | 13/16 [00:01<00:00, 10.29it/s]
Prefill:  94%|█████████▍| 15/16 [00:01<00:00,  9.78it/s]
Prefill: 100%|██████████| 16/16 [00:01<00:00,  9.69it/s]
Prefill: 100%|██████████| 16/16 [00:01<00:00, 11.03it/s]

Importance scoring:   0%|          | 0/4 [00:00<?, ?it/s]
Importance scoring:  25%|██▌       | 1/4 [00:00<00:00,  4.38it/s]
Importance scoring:  50%|█████     | 2/4 [00:01<00:01,  1.80it/s]
Importance scoring:  75%|███████▌  | 3/4 [00:01<00:00,  1.54it/s]
Importance scoring: 100%|██████████| 4/4 [00:02<00:00,  1.43it/s]
Importance scoring: 100%|██████████| 4/4 [00:02<00:00,  1.57it/s]

Prefill:   0%|          | 0/16 [00:00<?, ?it/s]
Prefill:  19%|█▉        | 3/16 [00:00<00:00, 19.20it/s]
Prefill:  31%|███▏      | 5/16 [00:00<00:00, 14.91it/s]
Prefill:  44%|████▍     | 7/16 [00:00<00:00, 13.21it/s]
Prefill:  56%|█████▋    | 9/16 [00:00<00:00, 12.15it/s]
Prefill:  69%|██████▉   | 11/16 [00:00<00:00, 11.27it/s]
Prefill:  81%|████████▏ | 13/16 [00:01<00:00, 10.32it/s]
Prefill:  94%|█████████▍| 15/16 [00:01<00:00,  9.76it/s]
Prefill: 100%|██████████| 16/16 [00:01<00:00,  9.66it/s]
Prefill: 100%|██████████| 16/16 [00:01<00:00, 11.03it/s]

Importance scoring:   0%|          | 0/4 [00:00<?, ?it/s]
Importance scoring:  25%|██▌       | 1/4 [00:00<00:00,  4.37it/s]
Importance scoring:  50%|█████     | 2/4 [00:01<00:01,  1.80it/s]
Importance scoring:  75%|███████▌  | 3/4 [00:01<00:00,  1.55it/s]
Importance scoring: 100%|██████████| 4/4 [00:02<00:00,  1.44it/s]
Importance scoring: 100%|██████████| 4/4 [00:02<00:00,  1.58it/s]

Prefill:   0%|          | 0/16 [00:00<?, ?it/s]
Prefill:  19%|█▉        | 3/16 [00:00<00:00, 19.30it/s]
Prefill:  31%|███▏      | 5/16 [00:00<00:00, 14.98it/s]
Prefill:  44%|████▍     | 7/16 [00:00<00:00, 13.23it/s]
Prefill:  56%|█████▋    | 9/16 [00:00<00:00, 12.14it/s]
Prefill:  69%|██████▉   | 11/16 [00:00<00:00, 11.16it/s]
Prefill:  81%|████████▏ | 13/16 [00:01<00:00, 10.27it/s]
Prefill:  94%|█████████▍| 15/16 [00:01<00:00,  9.75it/s]
Prefill: 100%|██████████| 16/16 [00:01<00:00,  9.66it/s]
Prefill: 100%|██████████| 16/16 [00:01<00:00, 11.01it/s]

Importance scoring:   0%|          | 0/4 [00:00<?, ?it/s]
Importance scoring:  25%|██▌       | 1/4 [00:00<00:00,  4.38it/s]
Importance scoring:  50%|█████     | 2/4 [00:01<00:01,  1.81it/s]
Importance scoring:  75%|███████▌  | 3/4 [00:01<00:00,  1.55it/s]
Importance scoring: 100%|██████████| 4/4 [00:02<00:00,  1.44it/s]
Importance scoring: 100%|██████████| 4/4 [00:02<00:00,  1.58it/s]

Prefill:   0%|          | 0/16 [00:00<?, ?it/s]
Prefill:  19%|█▉        | 3/16 [00:00<00:00, 18.86it/s]
Prefill:  31%|███▏      | 5/16 [00:00<00:00, 14.66it/s]
Prefill:  44%|████▍     | 7/16 [00:00<00:00, 12.86it/s]
Prefill:  56%|█████▋    | 9/16 [00:00<00:00, 11.84it/s]
Prefill:  69%|██████▉   | 11/16 [00:00<00:00, 10.98it/s]
Prefill:  81%|████████▏ | 13/16 [00:01<00:00, 10.10it/s]
Prefill:  94%|█████████▍| 15/16 [00:01<00:00,  9.69it/s]
Prefill: 100%|██████████| 16/16 [00:01<00:00,  9.58it/s]
Prefill: 100%|██████████| 16/16 [00:01<00:00, 10.86it/s]

Importance scoring:   0%|          | 0/4 [00:00<?, ?it/s]
Importance scoring:  25%|██▌       | 1/4 [00:00<00:00,  4.36it/s]
Importance scoring:  50%|█████     | 2/4 [00:01<00:01,  1.79it/s]
Importance scoring:  75%|███████▌  | 3/4 [00:01<00:00,  1.53it/s]
Importance scoring: 100%|██████████| 4/4 [00:02<00:00,  1.43it/s]
Importance scoring: 100%|██████████| 4/4 [00:02<00:00,  1.57it/s]

Prefill:   0%|          | 0/16 [00:00<?, ?it/s]
Prefill:  19%|█▉        | 3/16 [00:00<00:00, 18.76it/s]
Prefill:  31%|███▏      | 5/16 [00:00<00:00, 14.52it/s]
Prefill:  44%|████▍     | 7/16 [00:00<00:00, 12.81it/s]
Prefill:  56%|█████▋    | 9/16 [00:00<00:00, 11.87it/s]
Prefill:  69%|██████▉   | 11/16 [00:00<00:00, 10.96it/s]
Prefill:  81%|████████▏ | 13/16 [00:01<00:00, 10.11it/s]
Prefill:  94%|█████████▍| 15/16 [00:01<00:00,  9.69it/s]
Prefill: 100%|██████████| 16/16 [00:01<00:00,  9.59it/s]
Prefill: 100%|██████████| 16/16 [00:01<00:00, 10.86it/s]

Importance scoring:   0%|          | 0/4 [00:00<?, ?it/s]
Importance scoring:  25%|██▌       | 1/4 [00:00<00:00,  4.31it/s]
Importance scoring:  50%|█████     | 2/4 [00:01<00:01,  1.79it/s]
Importance scoring:  75%|███████▌  | 3/4 [00:01<00:00,  1.53it/s]
Importance scoring: 100%|██████████| 4/4 [00:02<00:00,  1.43it/s]
Importance scoring: 100%|██████████| 4/4 [00:02<00:00,  1.56it/s]

Prefill:   0%|          | 0/16 [00:00<?, ?it/s]
Prefill:  19%|█▉        | 3/16 [00:00<00:00, 19.14it/s]
Prefill:  31%|███▏      | 5/16 [00:00<00:00, 14.88it/s]
Prefill:  44%|████▍     | 7/16 [00:00<00:00, 13.22it/s]
Prefill:  56%|█████▋    | 9/16 [00:00<00:00, 12.18it/s]
Prefill:  69%|██████▉   | 11/16 [00:00<00:00, 11.27it/s]
Prefill:  81%|████████▏ | 13/16 [00:01<00:00, 10.33it/s]
Prefill:  94%|█████████▍| 15/16 [00:01<00:00,  9.75it/s]
Prefill: 100%|██████████| 16/16 [00:01<00:00,  9.66it/s]
Prefill: 100%|██████████| 16/16 [00:01<00:00, 11.03it/s]

Importance scoring:   0%|          | 0/4 [00:00<?, ?it/s]
Importance scoring:  25%|██▌       | 1/4 [00:00<00:00,  4.37it/s]
Importance scoring:  50%|█████     | 2/4 [00:01<00:01,  1.81it/s]
Importance scoring:  75%|███████▌  | 3/4 [00:01<00:00,  1.54it/s]
Importance scoring: 100%|██████████| 4/4 [00:02<00:00,  1.44it/s]
Importance scoring: 100%|██████████| 4/4 [00:02<00:00,  1.57it/s]

Prefill:   0%|          | 0/16 [00:00<?, ?it/s]
Prefill:  19%|█▉        | 3/16 [00:00<00:00, 19.21it/s]
Prefill:  31%|███▏      | 5/16 [00:00<00:00, 14.91it/s]
Prefill:  44%|████▍     | 7/16 [00:00<00:00, 13.18it/s]
Prefill:  56%|█████▋    | 9/16 [00:00<00:00, 12.10it/s]
Prefill:  69%|██████▉   | 11/16 [00:00<00:00, 11.19it/s]
Prefill:  81%|████████▏ | 13/16 [00:01<00:00, 10.36it/s]
Prefill:  94%|█████████▍| 15/16 [00:01<00:00,  9.87it/s]
Prefill: 100%|██████████| 16/16 [00:01<00:00, 11.08it/s]

Importance scoring:   0%|          | 0/4 [00:00<?, ?it/s]
Importance scoring:  25%|██▌       | 1/4 [00:00<00:00,  4.38it/s]
Importance scoring:  50%|█████     | 2/4 [00:01<00:01,  1.80it/s]
Importance scoring:  75%|███████▌  | 3/4 [00:01<00:00,  1.54it/s]
Importance scoring: 100%|██████████| 4/4 [00:02<00:00,  1.43it/s]
Importance scoring: 100%|██████████| 4/4 [00:02<00:00,  1.57it/s]

Prefill:   0%|          | 0/16 [00:00<?, ?it/s]
Prefill:  19%|█▉        | 3/16 [00:00<00:00, 19.21it/s]
Prefill:  31%|███▏      | 5/16 [00:00<00:00, 15.00it/s]
Prefill:  44%|████▍     | 7/16 [00:00<00:00, 13.33it/s]
Prefill:  56%|█████▋    | 9/16 [00:00<00:00, 12.21it/s]
Prefill:  69%|██████▉   | 11/16 [00:00<00:00, 11.28it/s]
Prefill:  81%|████████▏ | 13/16 [00:01<00:00, 10.39it/s]
Prefill:  94%|█████████▍| 15/16 [00:01<00:00,  9.75it/s]
Prefill: 100%|██████████| 16/16 [00:01<00:00,  9.68it/s]
Prefill: 100%|██████████| 16/16 [00:01<00:00, 11.06it/s]

Importance scoring:   0%|          | 0/4 [00:00<?, ?it/s]
Importance scoring:  25%|██▌       | 1/4 [00:00<00:00,  4.36it/s]
Importance scoring:  50%|█████     | 2/4 [00:01<00:01,  1.80it/s]
Importance scoring:  75%|███████▌  | 3/4 [00:01<00:00,  1.55it/s]
Importance scoring: 100%|██████████| 4/4 [00:02<00:00,  1.44it/s]
Importance scoring: 100%|██████████| 4/4 [00:02<00:00,  1.58it/s]

Prefill:   0%|          | 0/16 [00:00<?, ?it/s]
Prefill:  19%|█▉        | 3/16 [00:00<00:00, 19.03it/s]
Prefill:  31%|███▏      | 5/16 [00:00<00:00, 14.76it/s]
Prefill:  44%|████▍     | 7/16 [00:00<00:00, 13.10it/s]
Prefill:  56%|█████▋    | 9/16 [00:00<00:00, 12.11it/s]
Prefill:  69%|██████▉   | 11/16 [00:00<00:00, 11.19it/s]
Prefill:  81%|████████▏ | 13/16 [00:01<00:00, 10.32it/s]
Prefill:  94%|█████████▍| 15/16 [00:01<00:00,  9.80it/s]
Prefill: 100%|██████████| 16/16 [00:01<00:00,  9.68it/s]
Prefill: 100%|██████████| 16/16 [00:01<00:00, 11.02it/s]

Importance scoring:   0%|          | 0/4 [00:00<?, ?it/s]
Importance scoring:  25%|██▌       | 1/4 [00:00<00:00,  4.36it/s]
Importance scoring:  50%|█████     | 2/4 [00:01<00:01,  1.80it/s]
Importance scoring:  75%|███████▌  | 3/4 [00:01<00:00,  1.54it/s]
Importance scoring: 100%|██████████| 4/4 [00:02<00:00,  1.44it/s]
Importance scoring: 100%|██████████| 4/4 [00:02<00:00,  1.58it/s]

Prefill:   0%|          | 0/16 [00:00<?, ?it/s]
Prefill:  19%|█▉        | 3/16 [00:00<00:00, 18.98it/s]
Prefill:  31%|███▏      | 5/16 [00:00<00:00, 14.74it/s]
Prefill:  44%|████▍     | 7/16 [00:00<00:00, 13.04it/s]
Prefill:  56%|█████▋    | 9/16 [00:00<00:00, 12.05it/s]
Prefill:  69%|██████▉   | 11/16 [00:00<00:00, 11.14it/s]
Prefill:  81%|████████▏ | 13/16 [00:01<00:00, 10.18it/s]
Prefill:  94%|█████████▍| 15/16 [00:01<00:00,  9.67it/s]
Prefill: 100%|██████████| 16/16 [00:01<00:00,  9.56it/s]
Prefill: 100%|██████████| 16/16 [00:01<00:00, 10.91it/s]

Importance scoring:   0%|          | 0/4 [00:00<?, ?it/s]
Importance scoring:  25%|██▌       | 1/4 [00:00<00:00,  4.37it/s]
Importance scoring:  50%|█████     | 2/4 [00:01<00:01,  1.79it/s]
Importance scoring:  75%|███████▌  | 3/4 [00:01<00:00,  1.53it/s]
Importance scoring: 100%|██████████| 4/4 [00:02<00:00,  1.43it/s]
Importance scoring: 100%|██████████| 4/4 [00:02<00:00,  1.57it/s]

Prefill:   0%|          | 0/16 [00:00<?, ?it/s]
Prefill:  19%|█▉        | 3/16 [00:00<00:00, 21.16it/s]
Prefill:  38%|███▊      | 6/16 [00:00<00:00, 14.38it/s]
Prefill:  50%|█████     | 8/16 [00:00<00:00, 12.94it/s]
Prefill:  62%|██████▎   | 10/16 [00:00<00:00, 11.98it/s]
Prefill:  75%|███████▌  | 12/16 [00:00<00:00, 10.86it/s]
Prefill:  88%|████████▊ | 14/16 [00:01<00:00, 10.08it/s]
Prefill: 100%|██████████| 16/16 [00:01<00:00,  9.78it/s]
Prefill: 100%|██████████| 16/16 [00:01<00:00, 11.13it/s]

Importance scoring:   0%|          | 0/4 [00:00<?, ?it/s]
Importance scoring:  25%|██▌       | 1/4 [00:00<00:00,  4.39it/s]
Importance scoring:  50%|█████     | 2/4 [00:01<00:01,  1.80it/s]
Importance scoring:  75%|███████▌  | 3/4 [00:01<00:00,  1.54it/s]
Importance scoring: 100%|██████████| 4/4 [00:02<00:00,  1.44it/s]
Importance scoring: 100%|██████████| 4/4 [00:02<00:00,  1.58it/s]

Prefill:   0%|          | 0/16 [00:00<?, ?it/s]
Prefill:  19%|█▉        | 3/16 [00:00<00:00, 19.02it/s]
Prefill:  31%|███▏      | 5/16 [00:00<00:00, 14.85it/s]
Prefill:  44%|████▍     | 7/16 [00:00<00:00, 13.16it/s]
Prefill:  56%|█████▋    | 9/16 [00:00<00:00, 12.17it/s]
Prefill:  69%|██████▉   | 11/16 [00:00<00:00, 11.27it/s]
Prefill:  81%|████████▏ | 13/16 [00:01<00:00, 10.35it/s]
Prefill:  94%|█████████▍| 15/16 [00:01<00:00,  9.80it/s]
Prefill: 100%|██████████| 16/16 [00:01<00:00,  9.68it/s]
Prefill: 100%|██████████| 16/16 [00:01<00:00, 11.04it/s]

Importance scoring:   0%|          | 0/4 [00:00<?, ?it/s]
Importance scoring:  25%|██▌       | 1/4 [00:00<00:00,  4.36it/s]
Importance scoring:  50%|█████     | 2/4 [00:01<00:01,  1.81it/s]
Importance scoring:  75%|███████▌  | 3/4 [00:01<00:00,  1.55it/s]
Importance scoring: 100%|██████████| 4/4 [00:02<00:00,  1.44it/s]
Importance scoring: 100%|██████████| 4/4 [00:02<00:00,  1.58it/s]

Prefill:   0%|          | 0/16 [00:00<?, ?it/s]
Prefill:  19%|█▉        | 3/16 [00:00<00:00, 19.04it/s]
Prefill:  31%|███▏      | 5/16 [00:00<00:00, 14.86it/s]
Prefill:  44%|████▍     | 7/16 [00:00<00:00, 13.20it/s]
Prefill:  56%|█████▋    | 9/16 [00:00<00:00, 12.15it/s]
Prefill:  69%|██████▉   | 11/16 [00:00<00:00, 11.24it/s]
Prefill:  81%|████████▏ | 13/16 [00:01<00:00, 10.34it/s]
Prefill:  94%|█████████▍| 15/16 [00:01<00:00,  9.84it/s]
Prefill: 100%|██████████| 16/16 [00:01<00:00, 11.06it/s]

Importance scoring:   0%|          | 0/4 [00:00<?, ?it/s]
Importance scoring:  25%|██▌       | 1/4 [00:00<00:00,  4.36it/s]
Importance scoring:  50%|█████     | 2/4 [00:01<00:01,  1.80it/s]
Importance scoring:  75%|███████▌  | 3/4 [00:01<00:00,  1.54it/s]
Importance scoring: 100%|██████████| 4/4 [00:02<00:00,  1.44it/s]
Importance scoring: 100%|██████████| 4/4 [00:02<00:00,  1.58it/s]

Prefill:   0%|          | 0/16 [00:00<?, ?it/s]
Prefill:  19%|█▉        | 3/16 [00:00<00:00, 19.42it/s]
Prefill:  31%|███▏      | 5/16 [00:00<00:00, 14.95it/s]
Prefill:  44%|████▍     | 7/16 [00:00<00:00, 13.25it/s]
Prefill:  56%|█████▋    | 9/16 [00:00<00:00, 12.16it/s]
Prefill:  69%|██████▉   | 11/16 [00:00<00:00, 11.26it/s]
Prefill:  81%|████████▏ | 13/16 [00:01<00:00, 10.38it/s]
Prefill:  94%|█████████▍| 15/16 [00:01<00:00,  9.82it/s]
Prefill: 100%|██████████| 16/16 [00:01<00:00, 11.07it/s]

Importance scoring:   0%|          | 0/4 [00:00<?, ?it/s]
Importance scoring:  25%|██▌       | 1/4 [00:00<00:00,  4.41it/s]
Importance scoring:  50%|█████     | 2/4 [00:01<00:01,  1.81it/s]
Importance scoring:  75%|███████▌  | 3/4 [00:01<00:00,  1.54it/s]
Importance scoring: 100%|██████████| 4/4 [00:02<00:00,  1.44it/s]
Importance scoring: 100%|██████████| 4/4 [00:02<00:00,  1.58it/s]

Prefill:   0%|          | 0/16 [00:00<?, ?it/s]
Prefill:  19%|█▉        | 3/16 [00:00<00:00, 19.18it/s]
Prefill:  31%|███▏      | 5/16 [00:00<00:00, 14.88it/s]
Prefill:  44%|████▍     | 7/16 [00:00<00:00, 13.18it/s]
Prefill:  56%|█████▋    | 9/16 [00:00<00:00, 12.22it/s]
Prefill:  69%|██████▉   | 11/16 [00:00<00:00, 11.30it/s]
Prefill:  81%|████████▏ | 13/16 [00:01<00:00, 10.37it/s]
Prefill:  94%|█████████▍| 15/16 [00:01<00:00,  9.82it/s]
Prefill: 100%|██████████| 16/16 [00:01<00:00, 11.08it/s]

Importance scoring:   0%|          | 0/4 [00:00<?, ?it/s]
Importance scoring:  25%|██▌       | 1/4 [00:00<00:00,  4.39it/s]
Importance scoring:  50%|█████     | 2/4 [00:01<00:01,  1.80it/s]
Importance scoring:  75%|███████▌  | 3/4 [00:01<00:00,  1.54it/s]
Importance scoring: 100%|██████████| 4/4 [00:02<00:00,  1.44it/s]
Importance scoring: 100%|██████████| 4/4 [00:02<00:00,  1.58it/s]

Prefill:   0%|          | 0/16 [00:00<?, ?it/s]
Prefill:  19%|█▉        | 3/16 [00:00<00:00, 19.13it/s]
Prefill:  31%|███▏      | 5/16 [00:00<00:00, 14.88it/s]
Prefill:  44%|████▍     | 7/16 [00:00<00:00, 13.21it/s]
Prefill:  56%|█████▋    | 9/16 [00:00<00:00, 12.15it/s]
Prefill:  69%|██████▉   | 11/16 [00:00<00:00, 11.25it/s]
Prefill:  81%|████████▏ | 13/16 [00:01<00:00, 10.39it/s]
Prefill:  94%|█████████▍| 15/16 [00:01<00:00,  9.88it/s]
Prefill: 100%|██████████| 16/16 [00:01<00:00, 11.10it/s]

Importance scoring:   0%|          | 0/4 [00:00<?, ?it/s]
Importance scoring:  25%|██▌       | 1/4 [00:00<00:00,  4.35it/s]
Importance scoring:  50%|█████     | 2/4 [00:01<00:01,  1.80it/s]
Importance scoring:  75%|███████▌  | 3/4 [00:01<00:00,  1.54it/s]
Importance scoring: 100%|██████████| 4/4 [00:02<00:00,  1.44it/s]
Importance scoring: 100%|██████████| 4/4 [00:02<00:00,  1.57it/s]

Prefill:   0%|          | 0/16 [00:00<?, ?it/s]
Prefill:  19%|█▉        | 3/16 [00:00<00:00, 19.21it/s]
Prefill:  31%|███▏      | 5/16 [00:00<00:00, 14.85it/s]
Prefill:  44%|████▍     | 7/16 [00:00<00:00, 13.21it/s]
Prefill:  56%|█████▋    | 9/16 [00:00<00:00, 12.17it/s]
Prefill:  69%|██████▉   | 11/16 [00:00<00:00, 11.23it/s]
Prefill:  81%|████████▏ | 13/16 [00:01<00:00, 10.34it/s]
Prefill:  94%|█████████▍| 15/16 [00:01<00:00,  9.84it/s]
Prefill: 100%|██████████| 16/16 [00:01<00:00, 11.08it/s]

Importance scoring:   0%|          | 0/4 [00:00<?, ?it/s]
Importance scoring:  25%|██▌       | 1/4 [00:00<00:00,  4.38it/s]
Importance scoring:  50%|█████     | 2/4 [00:01<00:01,  1.80it/s]
Importance scoring:  75%|███████▌  | 3/4 [00:01<00:00,  1.54it/s]
Importance scoring: 100%|██████████| 4/4 [00:02<00:00,  1.44it/s]
Importance scoring: 100%|██████████| 4/4 [00:02<00:00,  1.57it/s]

Prefill:   0%|          | 0/16 [00:00<?, ?it/s]
Prefill:  19%|█▉        | 3/16 [00:00<00:00, 19.23it/s]
Prefill:  31%|███▏      | 5/16 [00:00<00:00, 14.90it/s]
Prefill:  44%|████▍     | 7/16 [00:00<00:00, 13.25it/s]
Prefill:  56%|█████▋    | 9/16 [00:00<00:00, 12.16it/s]
Prefill:  69%|██████▉   | 11/16 [00:00<00:00, 11.21it/s]
Prefill:  81%|████████▏ | 13/16 [00:01<00:00, 10.33it/s]
Prefill:  94%|█████████▍| 15/16 [00:01<00:00,  9.79it/s]
Prefill: 100%|██████████| 16/16 [00:01<00:00,  9.68it/s]
Prefill: 100%|██████████| 16/16 [00:01<00:00, 11.04it/s]

Importance scoring:   0%|          | 0/4 [00:00<?, ?it/s]
Importance scoring:  25%|██▌       | 1/4 [00:00<00:00,  4.40it/s]
Importance scoring:  50%|█████     | 2/4 [00:01<00:01,  1.81it/s]
Importance scoring:  75%|███████▌  | 3/4 [00:01<00:00,  1.55it/s]
Importance scoring: 100%|██████████| 4/4 [00:02<00:00,  1.44it/s]
Importance scoring: 100%|██████████| 4/4 [00:02<00:00,  1.58it/s]

Prefill:   0%|          | 0/16 [00:00<?, ?it/s]
Prefill:  19%|█▉        | 3/16 [00:00<00:00, 19.02it/s]
Prefill:  31%|███▏      | 5/16 [00:00<00:00, 14.83it/s]
Prefill:  44%|████▍     | 7/16 [00:00<00:00, 13.21it/s]
Prefill:  56%|█████▋    | 9/16 [00:00<00:00, 12.14it/s]
Prefill:  69%|██████▉   | 11/16 [00:00<00:00, 11.24it/s]
Prefill:  81%|████████▏ | 13/16 [00:01<00:00, 10.37it/s]
Prefill:  94%|█████████▍| 15/16 [00:01<00:00,  9.83it/s]
Prefill: 100%|██████████| 16/16 [00:01<00:00, 11.07it/s]

Importance scoring:   0%|          | 0/4 [00:00<?, ?it/s]
Importance scoring:  25%|██▌       | 1/4 [00:00<00:00,  4.39it/s]
Importance scoring:  50%|█████     | 2/4 [00:01<00:01,  1.80it/s]
Importance scoring:  75%|███████▌  | 3/4 [00:01<00:00,  1.54it/s]
Importance scoring: 100%|██████████| 4/4 [00:02<00:00,  1.44it/s]
Importance scoring: 100%|██████████| 4/4 [00:02<00:00,  1.57it/s]

Prefill:   0%|          | 0/16 [00:00<?, ?it/s]
Prefill:  19%|█▉        | 3/16 [00:00<00:00, 19.16it/s]
Prefill:  31%|███▏      | 5/16 [00:00<00:00, 14.94it/s]
Prefill:  44%|████▍     | 7/16 [00:00<00:00, 13.26it/s]
Prefill:  56%|█████▋    | 9/16 [00:00<00:00, 12.23it/s]
Prefill:  69%|██████▉   | 11/16 [00:00<00:00, 11.27it/s]
Prefill:  81%|████████▏ | 13/16 [00:01<00:00, 10.40it/s]
Prefill:  94%|█████████▍| 15/16 [00:01<00:00,  9.83it/s]
Prefill: 100%|██████████| 16/16 [00:01<00:00, 11.09it/s]

Importance scoring:   0%|          | 0/4 [00:00<?, ?it/s]
Importance scoring:  25%|██▌       | 1/4 [00:00<00:00,  4.40it/s]
Importance scoring:  50%|█████     | 2/4 [00:01<00:01,  1.81it/s]
Importance scoring:  75%|███████▌  | 3/4 [00:01<00:00,  1.55it/s]
Importance scoring: 100%|██████████| 4/4 [00:02<00:00,  1.44it/s]
Importance scoring: 100%|██████████| 4/4 [00:02<00:00,  1.58it/s]

Prefill:   0%|          | 0/16 [00:00<?, ?it/s]
Prefill:  19%|█▉        | 3/16 [00:00<00:00, 19.11it/s]
Prefill:  31%|███▏      | 5/16 [00:00<00:00, 14.82it/s]
Prefill:  44%|████▍     | 7/16 [00:00<00:00, 13.16it/s]
Prefill:  56%|█████▋    | 9/16 [00:00<00:00, 12.11it/s]
Prefill:  69%|██████▉   | 11/16 [00:00<00:00, 11.22it/s]
Prefill:  81%|████████▏ | 13/16 [00:01<00:00, 10.37it/s]
Prefill:  94%|█████████▍| 15/16 [00:01<00:00,  9.85it/s]
Prefill: 100%|██████████| 16/16 [00:01<00:00, 11.07it/s]

Importance scoring:   0%|          | 0/4 [00:00<?, ?it/s]
Importance scoring:  25%|██▌       | 1/4 [00:00<00:00,  4.34it/s]
Importance scoring:  50%|█████     | 2/4 [00:01<00:01,  1.80it/s]
Importance scoring:  75%|███████▌  | 3/4 [00:01<00:00,  1.54it/s]
Importance scoring: 100%|██████████| 4/4 [00:02<00:00,  1.44it/s]
Importance scoring: 100%|██████████| 4/4 [00:02<00:00,  1.57it/s]

Prefill:   0%|          | 0/16 [00:00<?, ?it/s]
Prefill:  19%|█▉        | 3/16 [00:00<00:00, 19.39it/s]
Prefill:  31%|███▏      | 5/16 [00:00<00:00, 14.94it/s]
Prefill:  44%|████▍     | 7/16 [00:00<00:00, 13.19it/s]
Prefill:  56%|█████▋    | 9/16 [00:00<00:00, 12.17it/s]
Prefill:  69%|██████▉   | 11/16 [00:00<00:00, 11.24it/s]
Prefill:  81%|████████▏ | 13/16 [00:01<00:00, 10.30it/s]
Prefill:  94%|█████████▍| 15/16 [00:01<00:00,  9.75it/s]
Prefill: 100%|██████████| 16/16 [00:01<00:00,  9.68it/s]
Prefill: 100%|██████████| 16/16 [00:01<00:00, 11.04it/s]

Importance scoring:   0%|          | 0/4 [00:00<?, ?it/s]
Importance scoring:  25%|██▌       | 1/4 [00:00<00:00,  4.34it/s]
Importance scoring:  50%|█████     | 2/4 [00:01<00:01,  1.80it/s]
Importance scoring:  75%|███████▌  | 3/4 [00:01<00:00,  1.54it/s]
Importance scoring: 100%|██████████| 4/4 [00:02<00:00,  1.44it/s]
Importance scoring: 100%|██████████| 4/4 [00:02<00:00,  1.58it/s]

Prefill:   0%|          | 0/16 [00:00<?, ?it/s]
Prefill:  19%|█▉        | 3/16 [00:00<00:00, 19.21it/s]
Prefill:  31%|███▏      | 5/16 [00:00<00:00, 14.88it/s]
Prefill:  44%|████▍     | 7/16 [00:00<00:00, 13.18it/s]
Prefill:  56%|█████▋    | 9/16 [00:00<00:00, 12.16it/s]
Prefill:  69%|██████▉   | 11/16 [00:00<00:00, 11.23it/s]
Prefill:  81%|████████▏ | 13/16 [00:01<00:00, 10.36it/s]
Prefill:  94%|█████████▍| 15/16 [00:01<00:00,  9.79it/s]
Prefill: 100%|██████████| 16/16 [00:01<00:00,  9.70it/s]
Prefill: 100%|██████████| 16/16 [00:01<00:00, 11.05it/s]

Importance scoring:   0%|          | 0/4 [00:00<?, ?it/s]
Importance scoring:  25%|██▌       | 1/4 [00:00<00:00,  4.37it/s]
Importance scoring:  50%|█████     | 2/4 [00:01<00:01,  1.80it/s]
Importance scoring:  75%|███████▌  | 3/4 [00:01<00:00,  1.54it/s]
Importance scoring: 100%|██████████| 4/4 [00:02<00:00,  1.44it/s]
Importance scoring: 100%|██████████| 4/4 [00:02<00:00,  1.58it/s]

Prefill:   0%|          | 0/16 [00:00<?, ?it/s]
Prefill:  19%|█▉        | 3/16 [00:00<00:00, 19.03it/s]
Prefill:  31%|███▏      | 5/16 [00:00<00:00, 14.85it/s]
Prefill:  44%|████▍     | 7/16 [00:00<00:00, 13.21it/s]
Prefill:  56%|█████▋    | 9/16 [00:00<00:00, 12.20it/s]
Prefill:  69%|██████▉   | 11/16 [00:00<00:00, 11.31it/s]
Prefill:  81%|████████▏ | 13/16 [00:01<00:00, 10.37it/s]
Prefill:  94%|█████████▍| 15/16 [00:01<00:00,  9.81it/s]
Prefill: 100%|██████████| 16/16 [00:01<00:00, 11.07it/s]

Importance scoring:   0%|          | 0/4 [00:00<?, ?it/s]
Importance scoring:  25%|██▌       | 1/4 [00:00<00:00,  4.36it/s]
Importance scoring:  50%|█████     | 2/4 [00:01<00:01,  1.80it/s]
Importance scoring:  75%|███████▌  | 3/4 [00:01<00:00,  1.54it/s]
Importance scoring: 100%|██████████| 4/4 [00:02<00:00,  1.44it/s]
Importance scoring: 100%|██████████| 4/4 [00:02<00:00,  1.58it/s]

Prefill:   0%|          | 0/16 [00:00<?, ?it/s]
Prefill:  19%|█▉        | 3/16 [00:00<00:00, 19.09it/s]
Prefill:  31%|███▏      | 5/16 [00:00<00:00, 14.87it/s]
Prefill:  44%|████▍     | 7/16 [00:00<00:00, 13.21it/s]
Prefill:  56%|█████▋    | 9/16 [00:00<00:00, 12.23it/s]
Prefill:  69%|██████▉   | 11/16 [00:00<00:00, 11.31it/s]
Prefill:  81%|████████▏ | 13/16 [00:01<00:00, 10.41it/s]
Prefill:  94%|█████████▍| 15/16 [00:01<00:00,  9.77it/s]
Prefill: 100%|██████████| 16/16 [00:01<00:00,  9.68it/s]
Prefill: 100%|██████████| 16/16 [00:01<00:00, 11.06it/s]

Importance scoring:   0%|          | 0/4 [00:00<?, ?it/s]
Importance scoring:  25%|██▌       | 1/4 [00:00<00:00,  4.38it/s]
Importance scoring:  50%|█████     | 2/4 [00:01<00:01,  1.80it/s]
Importance scoring:  75%|███████▌  | 3/4 [00:01<00:00,  1.54it/s]
Importance scoring: 100%|██████████| 4/4 [00:02<00:00,  1.44it/s]
Importance scoring: 100%|██████████| 4/4 [00:02<00:00,  1.57it/s]

Prefill:   0%|          | 0/16 [00:00<?, ?it/s]
Prefill:  19%|█▉        | 3/16 [00:00<00:00, 19.09it/s]
Prefill:  31%|███▏      | 5/16 [00:00<00:00, 14.92it/s]
Prefill:  44%|████▍     | 7/16 [00:00<00:00, 13.23it/s]
Prefill:  56%|█████▋    | 9/16 [00:00<00:00, 12.18it/s]
Prefill:  69%|██████▉   | 11/16 [00:00<00:00, 11.29it/s]
Prefill:  81%|████████▏ | 13/16 [00:01<00:00, 10.35it/s]
Prefill:  94%|█████████▍| 15/16 [00:01<00:00,  9.83it/s]
Prefill: 100%|██████████| 16/16 [00:01<00:00, 11.07it/s]

Importance scoring:   0%|          | 0/4 [00:00<?, ?it/s]
Importance scoring:  25%|██▌       | 1/4 [00:00<00:00,  4.36it/s]
Importance scoring:  50%|█████     | 2/4 [00:01<00:01,  1.80it/s]
Importance scoring:  75%|███████▌  | 3/4 [00:01<00:00,  1.54it/s]
Importance scoring: 100%|██████████| 4/4 [00:02<00:00,  1.45it/s]
Importance scoring: 100%|██████████| 4/4 [00:02<00:00,  1.58it/s]

Prefill:   0%|          | 0/16 [00:00<?, ?it/s]
Prefill:  19%|█▉        | 3/16 [00:00<00:00, 19.08it/s]
Prefill:  31%|███▏      | 5/16 [00:00<00:00, 14.84it/s]
Prefill:  44%|████▍     | 7/16 [00:00<00:00, 13.21it/s]
Prefill:  56%|█████▋    | 9/16 [00:00<00:00, 12.19it/s]
Prefill:  69%|██████▉   | 11/16 [00:00<00:00, 11.27it/s]
Prefill:  81%|████████▏ | 13/16 [00:01<00:00, 10.40it/s]
Prefill:  94%|█████████▍| 15/16 [00:01<00:00,  9.88it/s]
Prefill: 100%|██████████| 16/16 [00:01<00:00, 11.10it/s]

Importance scoring:   0%|          | 0/4 [00:00<?, ?it/s]
Importance scoring:  25%|██▌       | 1/4 [00:00<00:00,  4.37it/s]
Importance scoring:  50%|█████     | 2/4 [00:01<00:01,  1.80it/s]
Importance scoring:  75%|███████▌  | 3/4 [00:01<00:00,  1.54it/s]
Importance scoring: 100%|██████████| 4/4 [00:02<00:00,  1.44it/s]
Importance scoring: 100%|██████████| 4/4 [00:02<00:00,  1.58it/s]

Prefill:   0%|          | 0/16 [00:00<?, ?it/s]
Prefill:  19%|█▉        | 3/16 [00:00<00:00, 19.00it/s]
Prefill:  31%|███▏      | 5/16 [00:00<00:00, 14.81it/s]
Prefill:  44%|████▍     | 7/16 [00:00<00:00, 13.13it/s]
Prefill:  56%|█████▋    | 9/16 [00:00<00:00, 12.10it/s]
Prefill:  69%|██████▉   | 11/16 [00:00<00:00, 11.23it/s]
Prefill:  81%|████████▏ | 13/16 [00:01<00:00, 10.32it/s]
Prefill:  94%|█████████▍| 15/16 [00:01<00:00,  9.76it/s]
Prefill: 100%|██████████| 16/16 [00:01<00:00,  9.67it/s]
Prefill: 100%|██████████| 16/16 [00:01<00:00, 11.01it/s]

Importance scoring:   0%|          | 0/4 [00:00<?, ?it/s]
Importance scoring:  25%|██▌       | 1/4 [00:00<00:00,  4.39it/s]
Importance scoring:  50%|█████     | 2/4 [00:01<00:01,  1.80it/s]
Importance scoring:  75%|███████▌  | 3/4 [00:01<00:00,  1.54it/s]
Importance scoring: 100%|██████████| 4/4 [00:02<00:00,  1.45it/s]
Importance scoring: 100%|██████████| 4/4 [00:02<00:00,  1.58it/s]

Prefill:   0%|          | 0/16 [00:00<?, ?it/s]
Prefill:  19%|█▉        | 3/16 [00:00<00:00, 18.99it/s]
Prefill:  31%|███▏      | 5/16 [00:00<00:00, 14.83it/s]
Prefill:  44%|████▍     | 7/16 [00:00<00:00, 13.20it/s]
Prefill:  56%|█████▋    | 9/16 [00:00<00:00, 12.18it/s]
Prefill:  69%|██████▉   | 11/16 [00:00<00:00, 11.28it/s]
Prefill:  81%|████████▏ | 13/16 [00:01<00:00, 10.32it/s]
Prefill:  94%|█████████▍| 15/16 [00:01<00:00,  9.80it/s]
Prefill: 100%|██████████| 16/16 [00:01<00:00,  9.68it/s]
Prefill: 100%|██████████| 16/16 [00:01<00:00, 11.04it/s]

Importance scoring:   0%|          | 0/4 [00:00<?, ?it/s]
Importance scoring:  25%|██▌       | 1/4 [00:00<00:00,  4.34it/s]
Importance scoring:  50%|█████     | 2/4 [00:01<00:01,  1.81it/s]
Importance scoring:  75%|███████▌  | 3/4 [00:01<00:00,  1.55it/s]
Importance scoring: 100%|██████████| 4/4 [00:02<00:00,  1.46it/s]
Importance scoring: 100%|██████████| 4/4 [00:02<00:00,  1.59it/s]

Prefill:   0%|          | 0/16 [00:00<?, ?it/s]
Prefill:  19%|█▉        | 3/16 [00:00<00:00, 19.04it/s]
Prefill:  31%|███▏      | 5/16 [00:00<00:00, 14.73it/s]
Prefill:  44%|████▍     | 7/16 [00:00<00:00, 13.14it/s]
Prefill:  56%|█████▋    | 9/16 [00:00<00:00, 12.04it/s]
Prefill:  69%|██████▉   | 11/16 [00:00<00:00, 11.18it/s]
Prefill:  81%|████████▏ | 13/16 [00:01<00:00, 10.31it/s]
Prefill:  94%|█████████▍| 15/16 [00:01<00:00,  9.80it/s]
Prefill: 100%|██████████| 16/16 [00:01<00:00,  9.66it/s]
Prefill: 100%|██████████| 16/16 [00:01<00:00, 11.00it/s]

Importance scoring:   0%|          | 0/4 [00:00<?, ?it/s]
Importance scoring:  25%|██▌       | 1/4 [00:00<00:00,  4.38it/s]
Importance scoring:  50%|█████     | 2/4 [00:01<00:01,  1.81it/s]
Importance scoring:  75%|███████▌  | 3/4 [00:01<00:00,  1.54it/s]
Importance scoring: 100%|██████████| 4/4 [00:02<00:00,  1.45it/s]
Importance scoring: 100%|██████████| 4/4 [00:02<00:00,  1.58it/s]

Prefill:   0%|          | 0/16 [00:00<?, ?it/s]
Prefill:  19%|█▉        | 3/16 [00:00<00:00, 19.08it/s]
Prefill:  31%|███▏      | 5/16 [00:00<00:00, 14.78it/s]
Prefill:  44%|████▍     | 7/16 [00:00<00:00, 13.10it/s]
Prefill:  56%|█████▋    | 9/16 [00:00<00:00, 12.15it/s]
Prefill:  69%|██████▉   | 11/16 [00:00<00:00, 11.21it/s]
Prefill:  81%|████████▏ | 13/16 [00:01<00:00, 10.32it/s]
Prefill:  94%|█████████▍| 15/16 [00:01<00:00,  9.78it/s]
Prefill: 100%|██████████| 16/16 [00:01<00:00,  9.70it/s]
Prefill: 100%|██████████| 16/16 [00:01<00:00, 11.03it/s]

Importance scoring:   0%|          | 0/4 [00:00<?, ?it/s]
Importance scoring:  25%|██▌       | 1/4 [00:00<00:00,  4.34it/s]
Importance scoring:  50%|█████     | 2/4 [00:01<00:01,  1.80it/s]
Importance scoring:  75%|███████▌  | 3/4 [00:01<00:00,  1.55it/s]
Importance scoring: 100%|██████████| 4/4 [00:02<00:00,  1.44it/s]
Importance scoring: 100%|██████████| 4/4 [00:02<00:00,  1.58it/s]


=== ALL DONE Thu May 28 05:11:10 UTC 2026 ===
