=== QWEN3-4B START Thu May 28 00:50:24 UTC 2026 ===
GPU total ~23.7GB | model=qwen3-4b level=per_head chunk=512 recent_window=64 head_ratio_target=0.5
grid: ctx=[500, 2000, 8000] depths=[0, 10, 20, 30, 40, 50, 60, 70, 80, 90, 100] ratios=[0.0, 0.2, 0.4, 0.6, 0.8, 1.0] methods=['kvzip', 'ours', 'ours_predict_next', 'ours_combine'] -> 792 cells
Replace qwen3 attention with KVzip

Load Qwen/Qwen3-4B with torch.bfloat16
KV type: evict
env: NVIDIA L4 23.659GB | KV 0.14746 GB/1k tok | torch 2.6.0+cu124
insertion at 0
================================================================================ 
[ctx_len=500 depth=0% q=0.0 true_len=499]
chunk inputs, size: 512 (num 2)
ratio 0.00 (pair), 0.0 GB (evict 143712 pairs)
  r=0.0 kvzip            peak= 8.311GB acc=0.00 hr=0.0 fb=None segs=None
ratio 0.00 (pair), 0.0 GB (evict 18432 pairs)
  r=0.0 ours             peak= 8.325GB acc=0.00 hr=0.0 fb=64 segs=0
ratio 0.00 (pair), 0.0 GB (evict 18432 pairs)
  r=0.0 ours_predict_next peak= 8.325GB acc=0.00 hr=0.0 fb=64 segs=0
ratio 0.00 (pair), 0.0 GB (evict 18432 pairs)
  r=0.0 ours_combine     peak= 8.325GB acc=0.00 hr=0.0 fb=64 segs=0
chunk inputs, size: 512 (num 2)
ratio 0.20 (pair), 0.0 GB (evict 115017 pairs)
  r=0.2 kvzip            peak= 8.311GB acc=1.00 hr=0.2 fb=None segs=None
ratio 0.50 (pair), 0.0 GB (evict 28835 pairs)
  r=0.2 ours             peak= 8.325GB acc=1.00 hr=0.5 fb=200 segs=0
ratio 0.50 (pair), 0.0 GB (evict 28822 pairs)
  r=0.2 ours_predict_next peak= 8.325GB acc=1.00 hr=0.5 fb=200 segs=0
ratio 0.50 (pair), 0.0 GB (evict 28822 pairs)
  r=0.2 ours_combine     peak= 8.325GB acc=1.00 hr=0.5 fb=200 segs=0
chunk inputs, size: 512 (num 2)
ratio 0.40 (pair), 0.0 GB (evict 86252 pairs)
  r=0.4 kvzip            peak= 8.311GB acc=1.00 hr=0.4 fb=None segs=None
ratio 0.50 (pair), 0.0 GB (evict 57569 pairs)
  r=0.4 ours             peak= 8.325GB acc=1.00 hr=0.5 fb=399 segs=0
ratio 0.50 (pair), 0.0 GB (evict 57508 pairs)
  r=0.4 ours_predict_next peak= 8.325GB acc=1.00 hr=0.5 fb=399 segs=0
ratio 0.50 (pair), 0.0 GB (evict 57508 pairs)
  r=0.4 ours_combine     peak= 8.325GB acc=1.00 hr=0.5 fb=399 segs=0
chunk inputs, size: 512 (num 2)
ratio 0.60 (pair), 0.0 GB (evict 57609 pairs)
  r=0.6 kvzip            peak= 8.311GB acc=1.00 hr=0.6 fb=None segs=None
ratio 0.60 (pair), 0.0 GB (evict 57531 pairs)
  r=0.6 ours             peak= 8.325GB acc=1.00 hr=0.6 fb=499 segs=0
ratio 0.60 (pair), 0.0 GB (evict 57531 pairs)
  r=0.6 ours_predict_next peak= 8.325GB acc=1.00 hr=0.6 fb=499 segs=0
ratio 0.60 (pair), 0.0 GB (evict 57531 pairs)
  r=0.6 ours_combine     peak= 8.325GB acc=1.00 hr=0.6 fb=499 segs=0
chunk inputs, size: 512 (num 2)
ratio 0.80 (pair), 0.1 GB (evict 28844 pairs)
  r=0.8 kvzip            peak= 8.311GB acc=1.00 hr=0.8 fb=None segs=None
ratio 0.80 (pair), 0.1 GB (evict 28794 pairs)
  r=0.8 ours             peak= 8.325GB acc=1.00 hr=0.8 fb=499 segs=0
ratio 0.80 (pair), 0.1 GB (evict 28794 pairs)
  r=0.8 ours_predict_next peak= 8.325GB acc=1.00 hr=0.8 fb=499 segs=0
ratio 0.80 (pair), 0.1 GB (evict 28794 pairs)
  r=0.8 ours_combine     peak= 8.325GB acc=1.00 hr=0.8 fb=499 segs=0
chunk inputs, size: 512 (num 2)
ratio 1.00 (pair), 0.1 GB (evict 0 pairs)
  r=1.0 kvzip            peak= 8.311GB acc=1.00 hr=1.0 fb=None segs=None
ratio 1.00 (pair), 0.1 GB (evict 0 pairs)
  r=1.0 ours             peak= 8.325GB acc=1.00 hr=1.0 fb=499 segs=0
ratio 1.00 (pair), 0.1 GB (evict 0 pairs)
  r=1.0 ours_predict_next peak= 8.325GB acc=1.00 hr=1.0 fb=499 segs=0
ratio 1.00 (pair), 0.1 GB (evict 0 pairs)
  r=1.0 ours_combine     peak= 8.325GB acc=1.00 hr=1.0 fb=499 segs=0
insertion at 23
================================================================================ 
[ctx_len=500 depth=10% q=0.1 true_len=499]
chunk inputs, size: 512 (num 2)
ratio 0.00 (pair), 0.0 GB (evict 143712 pairs)
  r=0.0 kvzip            peak= 8.311GB acc=0.00 hr=0.0 fb=None segs=None
ratio 0.00 (pair), 0.0 GB (evict 18432 pairs)
  r=0.0 ours             peak= 8.325GB acc=0.00 hr=0.0 fb=64 segs=0
ratio 0.00 (pair), 0.0 GB (evict 18432 pairs)
  r=0.0 ours_predict_next peak= 8.325GB acc=0.00 hr=0.0 fb=64 segs=0
ratio 0.00 (pair), 0.0 GB (evict 18432 pairs)
  r=0.0 ours_combine     peak= 8.325GB acc=0.00 hr=0.0 fb=64 segs=0
chunk inputs, size: 512 (num 2)
ratio 0.20 (pair), 0.0 GB (evict 114975 pairs)
  r=0.2 kvzip            peak= 8.311GB acc=1.00 hr=0.2 fb=None segs=None
ratio 0.50 (pair), 0.0 GB (evict 28821 pairs)
  r=0.2 ours             peak= 8.325GB acc=1.00 hr=0.5 fb=200 segs=0
ratio 0.50 (pair), 0.0 GB (evict 28845 pairs)
  r=0.2 ours_predict_next peak= 8.325GB acc=1.00 hr=0.5 fb=200 segs=0
ratio 0.50 (pair), 0.0 GB (evict 28845 pairs)
  r=0.2 ours_combine     peak= 8.325GB acc=1.00 hr=0.5 fb=200 segs=0
chunk inputs, size: 512 (num 2)
ratio 0.40 (pair), 0.0 GB (evict 86306 pairs)
  r=0.4 kvzip            peak= 8.311GB acc=1.00 hr=0.4 fb=None segs=None
ratio 0.50 (pair), 0.0 GB (evict 57508 pairs)
  r=0.4 ours             peak= 8.325GB acc=1.00 hr=0.5 fb=399 segs=0
ratio 0.50 (pair), 0.0 GB (evict 57541 pairs)
  r=0.4 ours_predict_next peak= 8.325GB acc=1.00 hr=0.5 fb=399 segs=0
ratio 0.50 (pair), 0.0 GB (evict 57541 pairs)
  r=0.4 ours_combine     peak= 8.325GB acc=1.00 hr=0.5 fb=399 segs=0
chunk inputs, size: 512 (num 2)
ratio 0.60 (pair), 0.0 GB (evict 57609 pairs)
  r=0.6 kvzip            peak= 8.311GB acc=1.00 hr=0.6 fb=None segs=None
ratio 0.60 (pair), 0.0 GB (evict 57613 pairs)
  r=0.6 ours             peak= 8.325GB acc=1.00 hr=0.6 fb=499 segs=0
ratio 0.60 (pair), 0.0 GB (evict 57613 pairs)
  r=0.6 ours_predict_next peak= 8.325GB acc=1.00 hr=0.6 fb=499 segs=0
ratio 0.60 (pair), 0.0 GB (evict 57613 pairs)
  r=0.6 ours_combine     peak= 8.325GB acc=1.00 hr=0.6 fb=499 segs=0
chunk inputs, size: 512 (num 2)
ratio 0.80 (pair), 0.1 GB (evict 28853 pairs)
  r=0.8 kvzip            peak= 8.311GB acc=1.00 hr=0.8 fb=None segs=None
ratio 0.80 (pair), 0.1 GB (evict 28768 pairs)
  r=0.8 ours             peak= 8.325GB acc=1.00 hr=0.8 fb=499 segs=0
ratio 0.80 (pair), 0.1 GB (evict 28768 pairs)
  r=0.8 ours_predict_next peak= 8.325GB acc=1.00 hr=0.8 fb=499 segs=0
ratio 0.80 (pair), 0.1 GB (evict 28768 pairs)
  r=0.8 ours_combine     peak= 8.325GB acc=1.00 hr=0.8 fb=499 segs=0
chunk inputs, size: 512 (num 2)
ratio 1.00 (pair), 0.1 GB (evict 0 pairs)
  r=1.0 kvzip            peak= 8.311GB acc=1.00 hr=1.0 fb=None segs=None
ratio 1.00 (pair), 0.1 GB (evict 0 pairs)
  r=1.0 ours             peak= 8.325GB acc=1.00 hr=1.0 fb=499 segs=0
ratio 1.00 (pair), 0.1 GB (evict 0 pairs)
  r=1.0 ours_predict_next peak= 8.325GB acc=1.00 hr=1.0 fb=499 segs=0
ratio 1.00 (pair), 0.1 GB (evict 0 pairs)
  r=1.0 ours_combine     peak= 8.325GB acc=1.00 hr=1.0 fb=499 segs=0
insertion at 48
================================================================================ 
[ctx_len=500 depth=20% q=0.2 true_len=499]
chunk inputs, size: 512 (num 2)
ratio 0.00 (pair), 0.0 GB (evict 143712 pairs)
  r=0.0 kvzip            peak= 8.311GB acc=0.00 hr=0.0 fb=None segs=None
ratio 0.00 (pair), 0.0 GB (evict 18432 pairs)
  r=0.0 ours             peak= 8.325GB acc=0.00 hr=0.0 fb=64 segs=0
ratio 0.00 (pair), 0.0 GB (evict 18432 pairs)
  r=0.0 ours_predict_next peak= 8.325GB acc=0.00 hr=0.0 fb=64 segs=0
ratio 0.00 (pair), 0.0 GB (evict 18432 pairs)
  r=0.0 ours_combine     peak= 8.325GB acc=0.00 hr=0.0 fb=64 segs=0
chunk inputs, size: 512 (num 2)
ratio 0.20 (pair), 0.0 GB (evict 115031 pairs)
  r=0.2 kvzip            peak= 8.311GB acc=1.00 hr=0.2 fb=None segs=None
ratio 0.50 (pair), 0.0 GB (evict 28837 pairs)
  r=0.2 ours             peak= 8.325GB acc=1.00 hr=0.5 fb=200 segs=0
ratio 0.50 (pair), 0.0 GB (evict 28835 pairs)
  r=0.2 ours_predict_next peak= 8.325GB acc=1.00 hr=0.5 fb=200 segs=0
ratio 0.50 (pair), 0.0 GB (evict 28835 pairs)
  r=0.2 ours_combine     peak= 8.325GB acc=1.00 hr=0.5 fb=200 segs=0
chunk inputs, size: 512 (num 2)
ratio 0.40 (pair), 0.0 GB (evict 86281 pairs)
  r=0.4 kvzip            peak= 8.311GB acc=1.00 hr=0.4 fb=None segs=None
ratio 0.50 (pair), 0.0 GB (evict 57508 pairs)
  r=0.4 ours             peak= 8.325GB acc=1.00 hr=0.5 fb=399 segs=0
ratio 0.50 (pair), 0.0 GB (evict 57512 pairs)
  r=0.4 ours_predict_next peak= 8.325GB acc=1.00 hr=0.5 fb=399 segs=0
ratio 0.50 (pair), 0.0 GB (evict 57512 pairs)
  r=0.4 ours_combine     peak= 8.325GB acc=1.00 hr=0.5 fb=399 segs=0
chunk inputs, size: 512 (num 2)
ratio 0.60 (pair), 0.0 GB (evict 57603 pairs)
  r=0.6 kvzip            peak= 8.311GB acc=1.00 hr=0.6 fb=None segs=None
ratio 0.60 (pair), 0.0 GB (evict 57648 pairs)
  r=0.6 ours             peak= 8.325GB acc=1.00 hr=0.6 fb=499 segs=0
ratio 0.60 (pair), 0.0 GB (evict 57648 pairs)
  r=0.6 ours_predict_next peak= 8.325GB acc=1.00 hr=0.6 fb=499 segs=0
ratio 0.60 (pair), 0.0 GB (evict 57648 pairs)
  r=0.6 ours_combine     peak= 8.325GB acc=1.00 hr=0.6 fb=499 segs=0
chunk inputs, size: 512 (num 2)
ratio 0.80 (pair), 0.1 GB (evict 28814 pairs)
  r=0.8 kvzip            peak= 8.311GB acc=1.00 hr=0.8 fb=None segs=None
ratio 0.80 (pair), 0.1 GB (evict 28792 pairs)
  r=0.8 ours             peak= 8.325GB acc=1.00 hr=0.8 fb=499 segs=0
ratio 0.80 (pair), 0.1 GB (evict 28792 pairs)
  r=0.8 ours_predict_next peak= 8.325GB acc=1.00 hr=0.8 fb=499 segs=0
ratio 0.80 (pair), 0.1 GB (evict 28792 pairs)
  r=0.8 ours_combine     peak= 8.325GB acc=1.00 hr=0.8 fb=499 segs=0
chunk inputs, size: 512 (num 2)
ratio 1.00 (pair), 0.1 GB (evict 0 pairs)
  r=1.0 kvzip            peak= 8.311GB acc=1.00 hr=1.0 fb=None segs=None
ratio 1.00 (pair), 0.1 GB (evict 0 pairs)
  r=1.0 ours             peak= 8.325GB acc=1.00 hr=1.0 fb=499 segs=0
ratio 1.00 (pair), 0.1 GB (evict 0 pairs)
  r=1.0 ours_predict_next peak= 8.325GB acc=1.00 hr=1.0 fb=499 segs=0
ratio 1.00 (pair), 0.1 GB (evict 0 pairs)
  r=1.0 ours_combine     peak= 8.325GB acc=1.00 hr=1.0 fb=499 segs=0
insertion at 140
================================================================================ 
[ctx_len=500 depth=30% q=0.3 true_len=499]
chunk inputs, size: 512 (num 2)
ratio 0.00 (pair), 0.0 GB (evict 143712 pairs)
  r=0.0 kvzip            peak= 8.311GB acc=0.00 hr=0.0 fb=None segs=None
ratio 0.00 (pair), 0.0 GB (evict 18432 pairs)
  r=0.0 ours             peak= 8.325GB acc=0.00 hr=0.0 fb=64 segs=0
ratio 0.00 (pair), 0.0 GB (evict 18432 pairs)
  r=0.0 ours_predict_next peak= 8.325GB acc=0.00 hr=0.0 fb=64 segs=0
ratio 0.00 (pair), 0.0 GB (evict 18432 pairs)
  r=0.0 ours_combine     peak= 8.325GB acc=0.00 hr=0.0 fb=64 segs=0
chunk inputs, size: 512 (num 2)
ratio 0.20 (pair), 0.0 GB (evict 114993 pairs)
  r=0.2 kvzip            peak= 8.311GB acc=1.00 hr=0.2 fb=None segs=None
ratio 0.50 (pair), 0.0 GB (evict 28828 pairs)
  r=0.2 ours             peak= 8.325GB acc=1.00 hr=0.5 fb=200 segs=0
ratio 0.50 (pair), 0.0 GB (evict 28812 pairs)
  r=0.2 ours_predict_next peak= 8.325GB acc=1.00 hr=0.5 fb=200 segs=0
ratio 0.50 (pair), 0.0 GB (evict 28812 pairs)
  r=0.2 ours_combine     peak= 8.325GB acc=1.00 hr=0.5 fb=200 segs=0
chunk inputs, size: 512 (num 2)
ratio 0.40 (pair), 0.0 GB (evict 86269 pairs)
  r=0.4 kvzip            peak= 8.311GB acc=1.00 hr=0.4 fb=None segs=None
ratio 0.50 (pair), 0.0 GB (evict 57561 pairs)
  r=0.4 ours             peak= 8.325GB acc=1.00 hr=0.5 fb=399 segs=0
ratio 0.50 (pair), 0.0 GB (evict 57546 pairs)
  r=0.4 ours_predict_next peak= 8.325GB acc=1.00 hr=0.5 fb=399 segs=0
ratio 0.50 (pair), 0.0 GB (evict 57546 pairs)
  r=0.4 ours_combine     peak= 8.325GB acc=1.00 hr=0.5 fb=399 segs=0
chunk inputs, size: 512 (num 2)
ratio 0.60 (pair), 0.0 GB (evict 57635 pairs)
  r=0.6 kvzip            peak= 8.311GB acc=1.00 hr=0.6 fb=None segs=None
ratio 0.60 (pair), 0.0 GB (evict 57607 pairs)
  r=0.6 ours             peak= 8.325GB acc=1.00 hr=0.6 fb=499 segs=0
ratio 0.60 (pair), 0.0 GB (evict 57607 pairs)
  r=0.6 ours_predict_next peak= 8.325GB acc=1.00 hr=0.6 fb=499 segs=0
ratio 0.60 (pair), 0.0 GB (evict 57607 pairs)
  r=0.6 ours_combine     peak= 8.325GB acc=1.00 hr=0.6 fb=499 segs=0
chunk inputs, size: 512 (num 2)
ratio 0.80 (pair), 0.1 GB (evict 28811 pairs)
  r=0.8 kvzip            peak= 8.311GB acc=1.00 hr=0.8 fb=None segs=None
ratio 0.80 (pair), 0.1 GB (evict 28808 pairs)
  r=0.8 ours             peak= 8.325GB acc=1.00 hr=0.8 fb=499 segs=0
ratio 0.80 (pair), 0.1 GB (evict 28808 pairs)
  r=0.8 ours_predict_next peak= 8.325GB acc=1.00 hr=0.8 fb=499 segs=0
ratio 0.80 (pair), 0.1 GB (evict 28808 pairs)
  r=0.8 ours_combine     peak= 8.325GB acc=1.00 hr=0.8 fb=499 segs=0
chunk inputs, size: 512 (num 2)
ratio 1.00 (pair), 0.1 GB (evict 0 pairs)
  r=1.0 kvzip            peak= 8.311GB acc=1.00 hr=1.0 fb=None segs=None
ratio 1.00 (pair), 0.1 GB (evict 0 pairs)
  r=1.0 ours             peak= 8.325GB acc=1.00 hr=1.0 fb=499 segs=0
ratio 1.00 (pair), 0.1 GB (evict 0 pairs)
  r=1.0 ours_predict_next peak= 8.325GB acc=1.00 hr=1.0 fb=499 segs=0
ratio 1.00 (pair), 0.1 GB (evict 0 pairs)
  r=1.0 ours_combine     peak= 8.325GB acc=1.00 hr=1.0 fb=499 segs=0
insertion at 140
================================================================================ 
[ctx_len=500 depth=40% q=0.4 true_len=499]
chunk inputs, size: 512 (num 2)
ratio 0.00 (pair), 0.0 GB (evict 143712 pairs)
  r=0.0 kvzip            peak= 8.311GB acc=0.00 hr=0.0 fb=None segs=None
ratio 0.00 (pair), 0.0 GB (evict 18432 pairs)
  r=0.0 ours             peak= 8.325GB acc=0.00 hr=0.0 fb=64 segs=0
ratio 0.00 (pair), 0.0 GB (evict 18432 pairs)
  r=0.0 ours_predict_next peak= 8.325GB acc=0.00 hr=0.0 fb=64 segs=0
ratio 0.00 (pair), 0.0 GB (evict 18432 pairs)
  r=0.0 ours_combine     peak= 8.325GB acc=0.00 hr=0.0 fb=64 segs=0
chunk inputs, size: 512 (num 2)
ratio 0.20 (pair), 0.0 GB (evict 114993 pairs)
  r=0.2 kvzip            peak= 8.311GB acc=1.00 hr=0.2 fb=None segs=None
ratio 0.50 (pair), 0.0 GB (evict 28828 pairs)
  r=0.2 ours             peak= 8.325GB acc=1.00 hr=0.5 fb=200 segs=0
ratio 0.50 (pair), 0.0 GB (evict 28812 pairs)
  r=0.2 ours_predict_next peak= 8.325GB acc=1.00 hr=0.5 fb=200 segs=0
ratio 0.50 (pair), 0.0 GB (evict 28812 pairs)
  r=0.2 ours_combine     peak= 8.325GB acc=1.00 hr=0.5 fb=200 segs=0
chunk inputs, size: 512 (num 2)
ratio 0.40 (pair), 0.0 GB (evict 86269 pairs)
  r=0.4 kvzip            peak= 8.311GB acc=1.00 hr=0.4 fb=None segs=None
ratio 0.50 (pair), 0.0 GB (evict 57561 pairs)
  r=0.4 ours             peak= 8.325GB acc=1.00 hr=0.5 fb=399 segs=0
ratio 0.50 (pair), 0.0 GB (evict 57546 pairs)
  r=0.4 ours_predict_next peak= 8.325GB acc=1.00 hr=0.5 fb=399 segs=0
ratio 0.50 (pair), 0.0 GB (evict 57546 pairs)
  r=0.4 ours_combine     peak= 8.325GB acc=1.00 hr=0.5 fb=399 segs=0
chunk inputs, size: 512 (num 2)
ratio 0.60 (pair), 0.0 GB (evict 57635 pairs)
  r=0.6 kvzip            peak= 8.311GB acc=1.00 hr=0.6 fb=None segs=None
ratio 0.60 (pair), 0.0 GB (evict 57607 pairs)
  r=0.6 ours             peak= 8.325GB acc=1.00 hr=0.6 fb=499 segs=0
ratio 0.60 (pair), 0.0 GB (evict 57607 pairs)
  r=0.6 ours_predict_next peak= 8.325GB acc=1.00 hr=0.6 fb=499 segs=0
ratio 0.60 (pair), 0.0 GB (evict 57607 pairs)
  r=0.6 ours_combine     peak= 8.325GB acc=1.00 hr=0.6 fb=499 segs=0
chunk inputs, size: 512 (num 2)
ratio 0.80 (pair), 0.1 GB (evict 28811 pairs)
  r=0.8 kvzip            peak= 8.311GB acc=1.00 hr=0.8 fb=None segs=None
ratio 0.80 (pair), 0.1 GB (evict 28808 pairs)
  r=0.8 ours             peak= 8.325GB acc=1.00 hr=0.8 fb=499 segs=0
ratio 0.80 (pair), 0.1 GB (evict 28808 pairs)
  r=0.8 ours_predict_next peak= 8.325GB acc=1.00 hr=0.8 fb=499 segs=0
ratio 0.80 (pair), 0.1 GB (evict 28808 pairs)
  r=0.8 ours_combine     peak= 8.325GB acc=1.00 hr=0.8 fb=499 segs=0
chunk inputs, size: 512 (num 2)
ratio 1.00 (pair), 0.1 GB (evict 0 pairs)
  r=1.0 kvzip            peak= 8.311GB acc=1.00 hr=1.0 fb=None segs=None
ratio 1.00 (pair), 0.1 GB (evict 0 pairs)
  r=1.0 ours             peak= 8.325GB acc=1.00 hr=1.0 fb=499 segs=0
ratio 1.00 (pair), 0.1 GB (evict 0 pairs)
  r=1.0 ours_predict_next peak= 8.325GB acc=1.00 hr=1.0 fb=499 segs=0
ratio 1.00 (pair), 0.1 GB (evict 0 pairs)
  r=1.0 ours_combine     peak= 8.325GB acc=1.00 hr=1.0 fb=499 segs=0
insertion at 230
================================================================================ 
[ctx_len=500 depth=50% q=0.5 true_len=499]
chunk inputs, size: 512 (num 2)
ratio 0.00 (pair), 0.0 GB (evict 143712 pairs)
  r=0.0 kvzip            peak= 8.311GB acc=0.00 hr=0.0 fb=None segs=None
ratio 0.00 (pair), 0.0 GB (evict 18432 pairs)
  r=0.0 ours             peak= 8.325GB acc=0.00 hr=0.0 fb=64 segs=0
ratio 0.00 (pair), 0.0 GB (evict 18432 pairs)
  r=0.0 ours_predict_next peak= 8.325GB acc=0.00 hr=0.0 fb=64 segs=0
ratio 0.00 (pair), 0.0 GB (evict 18432 pairs)
  r=0.0 ours_combine     peak= 8.325GB acc=0.00 hr=0.0 fb=64 segs=0
chunk inputs, size: 512 (num 2)
ratio 0.20 (pair), 0.0 GB (evict 114990 pairs)
  r=0.2 kvzip            peak= 8.311GB acc=1.00 hr=0.2 fb=None segs=None
ratio 0.50 (pair), 0.0 GB (evict 28814 pairs)
  r=0.2 ours             peak= 8.325GB acc=1.00 hr=0.5 fb=200 segs=0
ratio 0.50 (pair), 0.0 GB (evict 28830 pairs)
  r=0.2 ours_predict_next peak= 8.325GB acc=0.00 hr=0.5 fb=200 segs=0
ratio 0.50 (pair), 0.0 GB (evict 28830 pairs)
  r=0.2 ours_combine     peak= 8.325GB acc=0.00 hr=0.5 fb=200 segs=0
chunk inputs, size: 512 (num 2)
ratio 0.40 (pair), 0.0 GB (evict 86319 pairs)
  r=0.4 kvzip            peak= 8.311GB acc=1.00 hr=0.4 fb=None segs=None
ratio 0.50 (pair), 0.0 GB (evict 57564 pairs)
  r=0.4 ours             peak= 8.325GB acc=1.00 hr=0.5 fb=399 segs=0
ratio 0.50 (pair), 0.0 GB (evict 57468 pairs)
  r=0.4 ours_predict_next peak= 8.325GB acc=1.00 hr=0.5 fb=399 segs=0
ratio 0.50 (pair), 0.0 GB (evict 57468 pairs)
  r=0.4 ours_combine     peak= 8.325GB acc=1.00 hr=0.5 fb=399 segs=0
chunk inputs, size: 512 (num 2)
ratio 0.60 (pair), 0.0 GB (evict 57508 pairs)
  r=0.6 kvzip            peak= 8.311GB acc=1.00 hr=0.6 fb=None segs=None
ratio 0.60 (pair), 0.0 GB (evict 57546 pairs)
  r=0.6 ours             peak= 8.325GB acc=1.00 hr=0.6 fb=499 segs=0
ratio 0.60 (pair), 0.0 GB (evict 57546 pairs)
  r=0.6 ours_predict_next peak= 8.325GB acc=1.00 hr=0.6 fb=499 segs=0
ratio 0.60 (pair), 0.0 GB (evict 57546 pairs)
  r=0.6 ours_combine     peak= 8.325GB acc=1.00 hr=0.6 fb=499 segs=0
chunk inputs, size: 512 (num 2)
ratio 0.80 (pair), 0.1 GB (evict 28793 pairs)
  r=0.8 kvzip            peak= 8.311GB acc=1.00 hr=0.8 fb=None segs=None
ratio 0.80 (pair), 0.1 GB (evict 28764 pairs)
  r=0.8 ours             peak= 8.325GB acc=1.00 hr=0.8 fb=499 segs=0
ratio 0.80 (pair), 0.1 GB (evict 28764 pairs)
  r=0.8 ours_predict_next peak= 8.325GB acc=1.00 hr=0.8 fb=499 segs=0
ratio 0.80 (pair), 0.1 GB (evict 28764 pairs)
  r=0.8 ours_combine     peak= 8.325GB acc=1.00 hr=0.8 fb=499 segs=0
chunk inputs, size: 512 (num 2)
ratio 1.00 (pair), 0.1 GB (evict 0 pairs)
  r=1.0 kvzip            peak= 8.311GB acc=1.00 hr=1.0 fb=None segs=None
ratio 1.00 (pair), 0.1 GB (evict 0 pairs)
  r=1.0 ours             peak= 8.325GB acc=1.00 hr=1.0 fb=499 segs=0
ratio 1.00 (pair), 0.1 GB (evict 0 pairs)
  r=1.0 ours_predict_next peak= 8.325GB acc=1.00 hr=1.0 fb=499 segs=0
ratio 1.00 (pair), 0.1 GB (evict 0 pairs)
  r=1.0 ours_combine     peak= 8.325GB acc=1.00 hr=1.0 fb=499 segs=0
insertion at 255
================================================================================ 
[ctx_len=500 depth=60% q=0.6 true_len=499]
chunk inputs, size: 512 (num 2)
ratio 0.00 (pair), 0.0 GB (evict 143712 pairs)
  r=0.0 kvzip            peak= 8.311GB acc=0.00 hr=0.0 fb=None segs=None
ratio 0.00 (pair), 0.0 GB (evict 18432 pairs)
  r=0.0 ours             peak= 8.325GB acc=0.00 hr=0.0 fb=64 segs=0
ratio 0.00 (pair), 0.0 GB (evict 18432 pairs)
  r=0.0 ours_predict_next peak= 8.325GB acc=0.00 hr=0.0 fb=64 segs=0
ratio 0.00 (pair), 0.0 GB (evict 18432 pairs)
  r=0.0 ours_combine     peak= 8.325GB acc=0.00 hr=0.0 fb=64 segs=0
chunk inputs, size: 512 (num 2)
ratio 0.20 (pair), 0.0 GB (evict 115022 pairs)
  r=0.2 kvzip            peak= 8.311GB acc=1.00 hr=0.2 fb=None segs=None
ratio 0.50 (pair), 0.0 GB (evict 28801 pairs)
  r=0.2 ours             peak= 8.325GB acc=1.00 hr=0.5 fb=200 segs=0
ratio 0.50 (pair), 0.0 GB (evict 28830 pairs)
  r=0.2 ours_predict_next peak= 8.325GB acc=0.00 hr=0.5 fb=200 segs=0
ratio 0.50 (pair), 0.0 GB (evict 28830 pairs)
  r=0.2 ours_combine     peak= 8.325GB acc=0.00 hr=0.5 fb=200 segs=0
chunk inputs, size: 512 (num 2)
ratio 0.40 (pair), 0.0 GB (evict 86262 pairs)
  r=0.4 kvzip            peak= 8.311GB acc=1.00 hr=0.4 fb=None segs=None
ratio 0.50 (pair), 0.0 GB (evict 57580 pairs)
  r=0.4 ours             peak= 8.325GB acc=1.00 hr=0.5 fb=399 segs=0
ratio 0.50 (pair), 0.0 GB (evict 57494 pairs)
  r=0.4 ours_predict_next peak= 8.325GB acc=1.00 hr=0.5 fb=399 segs=0
ratio 0.50 (pair), 0.0 GB (evict 57494 pairs)
  r=0.4 ours_combine     peak= 8.325GB acc=1.00 hr=0.5 fb=399 segs=0
chunk inputs, size: 512 (num 2)
ratio 0.60 (pair), 0.0 GB (evict 57545 pairs)
  r=0.6 kvzip            peak= 8.311GB acc=1.00 hr=0.6 fb=None segs=None
ratio 0.60 (pair), 0.0 GB (evict 57561 pairs)
  r=0.6 ours             peak= 8.325GB acc=1.00 hr=0.6 fb=499 segs=0
ratio 0.60 (pair), 0.0 GB (evict 57561 pairs)
  r=0.6 ours_predict_next peak= 8.325GB acc=1.00 hr=0.6 fb=499 segs=0
ratio 0.60 (pair), 0.0 GB (evict 57561 pairs)
  r=0.6 ours_combine     peak= 8.325GB acc=1.00 hr=0.6 fb=499 segs=0
chunk inputs, size: 512 (num 2)
ratio 0.80 (pair), 0.1 GB (evict 28801 pairs)
  r=0.8 kvzip            peak= 8.311GB acc=1.00 hr=0.8 fb=None segs=None
ratio 0.80 (pair), 0.1 GB (evict 28818 pairs)
  r=0.8 ours             peak= 8.325GB acc=1.00 hr=0.8 fb=499 segs=0
ratio 0.80 (pair), 0.1 GB (evict 28818 pairs)
  r=0.8 ours_predict_next peak= 8.325GB acc=1.00 hr=0.8 fb=499 segs=0
ratio 0.80 (pair), 0.1 GB (evict 28818 pairs)
  r=0.8 ours_combine     peak= 8.325GB acc=1.00 hr=0.8 fb=499 segs=0
chunk inputs, size: 512 (num 2)
ratio 1.00 (pair), 0.1 GB (evict 0 pairs)
  r=1.0 kvzip            peak= 8.311GB acc=1.00 hr=1.0 fb=None segs=None
ratio 1.00 (pair), 0.1 GB (evict 0 pairs)
  r=1.0 ours             peak= 8.325GB acc=1.00 hr=1.0 fb=499 segs=0
ratio 1.00 (pair), 0.1 GB (evict 0 pairs)
  r=1.0 ours_predict_next peak= 8.325GB acc=1.00 hr=1.0 fb=499 segs=0
ratio 1.00 (pair), 0.1 GB (evict 0 pairs)
  r=1.0 ours_combine     peak= 8.325GB acc=1.00 hr=1.0 fb=499 segs=0
insertion at 317
================================================================================ 
[ctx_len=500 depth=70% q=0.7 true_len=499]
chunk inputs, size: 512 (num 2)
ratio 0.00 (pair), 0.0 GB (evict 143712 pairs)
  r=0.0 kvzip            peak= 8.311GB acc=0.00 hr=0.0 fb=None segs=None
ratio 0.00 (pair), 0.0 GB (evict 18432 pairs)
  r=0.0 ours             peak= 8.325GB acc=0.00 hr=0.0 fb=64 segs=0
ratio 0.00 (pair), 0.0 GB (evict 18432 pairs)
  r=0.0 ours_predict_next peak= 8.325GB acc=0.00 hr=0.0 fb=64 segs=0
ratio 0.00 (pair), 0.0 GB (evict 18432 pairs)
  r=0.0 ours_combine     peak= 8.325GB acc=0.00 hr=0.0 fb=64 segs=0
chunk inputs, size: 512 (num 2)
ratio 0.20 (pair), 0.0 GB (evict 115059 pairs)
  r=0.2 kvzip            peak= 8.311GB acc=1.00 hr=0.2 fb=None segs=None
ratio 0.50 (pair), 0.0 GB (evict 28811 pairs)
  r=0.2 ours             peak= 8.325GB acc=1.00 hr=0.5 fb=200 segs=0
ratio 0.50 (pair), 0.0 GB (evict 28830 pairs)
  r=0.2 ours_predict_next peak= 8.325GB acc=0.00 hr=0.5 fb=200 segs=0
ratio 0.50 (pair), 0.0 GB (evict 28830 pairs)
  r=0.2 ours_combine     peak= 8.325GB acc=0.00 hr=0.5 fb=200 segs=0
chunk inputs, size: 512 (num 2)
ratio 0.40 (pair), 0.0 GB (evict 86236 pairs)
  r=0.4 kvzip            peak= 8.311GB acc=1.00 hr=0.4 fb=None segs=None
ratio 0.50 (pair), 0.0 GB (evict 57504 pairs)
  r=0.4 ours             peak= 8.325GB acc=1.00 hr=0.5 fb=399 segs=0
ratio 0.50 (pair), 0.0 GB (evict 57475 pairs)
  r=0.4 ours_predict_next peak= 8.325GB acc=1.00 hr=0.5 fb=399 segs=0
ratio 0.50 (pair), 0.0 GB (evict 57475 pairs)
  r=0.4 ours_combine     peak= 8.325GB acc=1.00 hr=0.5 fb=399 segs=0
chunk inputs, size: 512 (num 2)
ratio 0.60 (pair), 0.0 GB (evict 57538 pairs)
  r=0.6 kvzip            peak= 8.311GB acc=1.00 hr=0.6 fb=None segs=None
ratio 0.60 (pair), 0.0 GB (evict 57565 pairs)
  r=0.6 ours             peak= 8.325GB acc=1.00 hr=0.6 fb=499 segs=0
ratio 0.60 (pair), 0.0 GB (evict 57565 pairs)
  r=0.6 ours_predict_next peak= 8.325GB acc=1.00 hr=0.6 fb=499 segs=0
ratio 0.60 (pair), 0.0 GB (evict 57565 pairs)
  r=0.6 ours_combine     peak= 8.325GB acc=1.00 hr=0.6 fb=499 segs=0
chunk inputs, size: 512 (num 2)
ratio 0.80 (pair), 0.1 GB (evict 28811 pairs)
  r=0.8 kvzip            peak= 8.311GB acc=1.00 hr=0.8 fb=None segs=None
ratio 0.80 (pair), 0.1 GB (evict 28845 pairs)
  r=0.8 ours             peak= 8.325GB acc=1.00 hr=0.8 fb=499 segs=0
ratio 0.80 (pair), 0.1 GB (evict 28845 pairs)
  r=0.8 ours_predict_next peak= 8.325GB acc=1.00 hr=0.8 fb=499 segs=0
ratio 0.80 (pair), 0.1 GB (evict 28845 pairs)
  r=0.8 ours_combine     peak= 8.325GB acc=1.00 hr=0.8 fb=499 segs=0
chunk inputs, size: 512 (num 2)
ratio 1.00 (pair), 0.1 GB (evict 0 pairs)
  r=1.0 kvzip            peak= 8.311GB acc=1.00 hr=1.0 fb=None segs=None
ratio 1.00 (pair), 0.1 GB (evict 0 pairs)
  r=1.0 ours             peak= 8.325GB acc=1.00 hr=1.0 fb=499 segs=0
ratio 1.00 (pair), 0.1 GB (evict 0 pairs)
  r=1.0 ours_predict_next peak= 8.325GB acc=1.00 hr=1.0 fb=499 segs=0
ratio 1.00 (pair), 0.1 GB (evict 0 pairs)
  r=1.0 ours_combine     peak= 8.325GB acc=1.00 hr=1.0 fb=499 segs=0
insertion at 368
================================================================================ 
[ctx_len=500 depth=80% q=0.8 true_len=499]
chunk inputs, size: 512 (num 2)
ratio 0.00 (pair), 0.0 GB (evict 143712 pairs)
  r=0.0 kvzip            peak= 8.311GB acc=0.00 hr=0.0 fb=None segs=None
ratio 0.00 (pair), 0.0 GB (evict 18432 pairs)
  r=0.0 ours             peak= 8.325GB acc=0.00 hr=0.0 fb=64 segs=0
ratio 0.00 (pair), 0.0 GB (evict 18432 pairs)
  r=0.0 ours_predict_next peak= 8.325GB acc=0.00 hr=0.0 fb=64 segs=0
ratio 0.00 (pair), 0.0 GB (evict 18432 pairs)
  r=0.0 ours_combine     peak= 8.325GB acc=0.00 hr=0.0 fb=64 segs=0
chunk inputs, size: 512 (num 2)
ratio 0.20 (pair), 0.0 GB (evict 115034 pairs)
  r=0.2 kvzip            peak= 8.311GB acc=1.00 hr=0.2 fb=None segs=None
ratio 0.50 (pair), 0.0 GB (evict 28815 pairs)
  r=0.2 ours             peak= 8.325GB acc=1.00 hr=0.5 fb=200 segs=0
ratio 0.50 (pair), 0.0 GB (evict 28830 pairs)
  r=0.2 ours_predict_next peak= 8.325GB acc=0.00 hr=0.5 fb=200 segs=0
ratio 0.50 (pair), 0.0 GB (evict 28830 pairs)
  r=0.2 ours_combine     peak= 8.325GB acc=0.00 hr=0.5 fb=200 segs=0
chunk inputs, size: 512 (num 2)
ratio 0.40 (pair), 0.0 GB (evict 86234 pairs)
  r=0.4 kvzip            peak= 8.311GB acc=1.00 hr=0.4 fb=None segs=None
ratio 0.50 (pair), 0.0 GB (evict 57480 pairs)
  r=0.4 ours             peak= 8.325GB acc=1.00 hr=0.5 fb=399 segs=0
ratio 0.50 (pair), 0.0 GB (evict 57502 pairs)
  r=0.4 ours_predict_next peak= 8.325GB acc=1.00 hr=0.5 fb=399 segs=0
ratio 0.50 (pair), 0.0 GB (evict 57502 pairs)
  r=0.4 ours_combine     peak= 8.325GB acc=1.00 hr=0.5 fb=399 segs=0
chunk inputs, size: 512 (num 2)
ratio 0.60 (pair), 0.0 GB (evict 57581 pairs)
  r=0.6 kvzip            peak= 8.311GB acc=1.00 hr=0.6 fb=None segs=None
ratio 0.60 (pair), 0.0 GB (evict 57627 pairs)
  r=0.6 ours             peak= 8.325GB acc=1.00 hr=0.6 fb=499 segs=0
ratio 0.60 (pair), 0.0 GB (evict 57627 pairs)
  r=0.6 ours_predict_next peak= 8.325GB acc=1.00 hr=0.6 fb=499 segs=0
ratio 0.60 (pair), 0.0 GB (evict 57627 pairs)
  r=0.6 ours_combine     peak= 8.325GB acc=1.00 hr=0.6 fb=499 segs=0
chunk inputs, size: 512 (num 2)
ratio 0.80 (pair), 0.1 GB (evict 28812 pairs)
  r=0.8 kvzip            peak= 8.311GB acc=1.00 hr=0.8 fb=None segs=None
ratio 0.80 (pair), 0.1 GB (evict 28827 pairs)
  r=0.8 ours             peak= 8.325GB acc=1.00 hr=0.8 fb=499 segs=0
ratio 0.80 (pair), 0.1 GB (evict 28827 pairs)
  r=0.8 ours_predict_next peak= 8.325GB acc=1.00 hr=0.8 fb=499 segs=0
ratio 0.80 (pair), 0.1 GB (evict 28827 pairs)
  r=0.8 ours_combine     peak= 8.325GB acc=1.00 hr=0.8 fb=499 segs=0
chunk inputs, size: 512 (num 2)
ratio 1.00 (pair), 0.1 GB (evict 0 pairs)
  r=1.0 kvzip            peak= 8.311GB acc=1.00 hr=1.0 fb=None segs=None
ratio 1.00 (pair), 0.1 GB (evict 0 pairs)
  r=1.0 ours             peak= 8.325GB acc=1.00 hr=1.0 fb=499 segs=0
ratio 1.00 (pair), 0.1 GB (evict 0 pairs)
  r=1.0 ours_predict_next peak= 8.325GB acc=1.00 hr=1.0 fb=499 segs=0
ratio 1.00 (pair), 0.1 GB (evict 0 pairs)
  r=1.0 ours_combine     peak= 8.325GB acc=1.00 hr=1.0 fb=499 segs=0
insertion at 368
================================================================================ 
[ctx_len=500 depth=90% q=0.9 true_len=499]
chunk inputs, size: 512 (num 2)
ratio 0.00 (pair), 0.0 GB (evict 143712 pairs)
  r=0.0 kvzip            peak= 8.311GB acc=0.00 hr=0.0 fb=None segs=None
ratio 0.00 (pair), 0.0 GB (evict 18432 pairs)
  r=0.0 ours             peak= 8.325GB acc=0.00 hr=0.0 fb=64 segs=0
ratio 0.00 (pair), 0.0 GB (evict 18432 pairs)
  r=0.0 ours_predict_next peak= 8.325GB acc=0.00 hr=0.0 fb=64 segs=0
ratio 0.00 (pair), 0.0 GB (evict 18432 pairs)
  r=0.0 ours_combine     peak= 8.325GB acc=0.00 hr=0.0 fb=64 segs=0
chunk inputs, size: 512 (num 2)
ratio 0.20 (pair), 0.0 GB (evict 115034 pairs)
  r=0.2 kvzip            peak= 8.311GB acc=1.00 hr=0.2 fb=None segs=None
ratio 0.50 (pair), 0.0 GB (evict 28815 pairs)
  r=0.2 ours             peak= 8.325GB acc=1.00 hr=0.5 fb=200 segs=0
ratio 0.50 (pair), 0.0 GB (evict 28830 pairs)
  r=0.2 ours_predict_next peak= 8.325GB acc=0.00 hr=0.5 fb=200 segs=0
ratio 0.50 (pair), 0.0 GB (evict 28830 pairs)
  r=0.2 ours_combine     peak= 8.325GB acc=0.00 hr=0.5 fb=200 segs=0
chunk inputs, size: 512 (num 2)
ratio 0.40 (pair), 0.0 GB (evict 86234 pairs)
  r=0.4 kvzip            peak= 8.311GB acc=1.00 hr=0.4 fb=None segs=None
ratio 0.50 (pair), 0.0 GB (evict 57480 pairs)
  r=0.4 ours             peak= 8.325GB acc=1.00 hr=0.5 fb=399 segs=0
ratio 0.50 (pair), 0.0 GB (evict 57502 pairs)
  r=0.4 ours_predict_next peak= 8.325GB acc=1.00 hr=0.5 fb=399 segs=0
ratio 0.50 (pair), 0.0 GB (evict 57502 pairs)
  r=0.4 ours_combine     peak= 8.325GB acc=1.00 hr=0.5 fb=399 segs=0
chunk inputs, size: 512 (num 2)
ratio 0.60 (pair), 0.0 GB (evict 57581 pairs)
  r=0.6 kvzip            peak= 8.311GB acc=1.00 hr=0.6 fb=None segs=None
ratio 0.60 (pair), 0.0 GB (evict 57627 pairs)
  r=0.6 ours             peak= 8.325GB acc=1.00 hr=0.6 fb=499 segs=0
ratio 0.60 (pair), 0.0 GB (evict 57627 pairs)
  r=0.6 ours_predict_next peak= 8.325GB acc=1.00 hr=0.6 fb=499 segs=0
ratio 0.60 (pair), 0.0 GB (evict 57627 pairs)
  r=0.6 ours_combine     peak= 8.325GB acc=1.00 hr=0.6 fb=499 segs=0
chunk inputs, size: 512 (num 2)
ratio 0.80 (pair), 0.1 GB (evict 28812 pairs)
  r=0.8 kvzip            peak= 8.311GB acc=1.00 hr=0.8 fb=None segs=None
ratio 0.80 (pair), 0.1 GB (evict 28827 pairs)
  r=0.8 ours             peak= 8.325GB acc=1.00 hr=0.8 fb=499 segs=0
ratio 0.80 (pair), 0.1 GB (evict 28827 pairs)
  r=0.8 ours_predict_next peak= 8.325GB acc=1.00 hr=0.8 fb=499 segs=0
ratio 0.80 (pair), 0.1 GB (evict 28827 pairs)
  r=0.8 ours_combine     peak= 8.325GB acc=1.00 hr=0.8 fb=499 segs=0
chunk inputs, size: 512 (num 2)
ratio 1.00 (pair), 0.1 GB (evict 0 pairs)
  r=1.0 kvzip            peak= 8.311GB acc=1.00 hr=1.0 fb=None segs=None
ratio 1.00 (pair), 0.1 GB (evict 0 pairs)
  r=1.0 ours             peak= 8.325GB acc=1.00 hr=1.0 fb=499 segs=0
ratio 1.00 (pair), 0.1 GB (evict 0 pairs)
  r=1.0 ours_predict_next peak= 8.325GB acc=1.00 hr=1.0 fb=499 segs=0
ratio 1.00 (pair), 0.1 GB (evict 0 pairs)
  r=1.0 ours_combine     peak= 8.325GB acc=1.00 hr=1.0 fb=499 segs=0
insertion at 476
================================================================================ 
[ctx_len=500 depth=100% q=1.0 true_len=500]
chunk inputs, size: 512 (num 2)
ratio 0.00 (pair), 0.0 GB (evict 144000 pairs)
  r=0.0 kvzip            peak= 8.311GB acc=0.00 hr=0.0 fb=None segs=None
ratio 0.00 (pair), 0.0 GB (evict 18432 pairs)
  r=0.0 ours             peak= 8.326GB acc=0.00 hr=0.0 fb=64 segs=0
ratio 0.00 (pair), 0.0 GB (evict 18432 pairs)
  r=0.0 ours_predict_next peak= 8.326GB acc=0.00 hr=0.0 fb=64 segs=0
ratio 0.00 (pair), 0.0 GB (evict 18432 pairs)
  r=0.0 ours_combine     peak= 8.326GB acc=0.00 hr=0.0 fb=64 segs=0
chunk inputs, size: 512 (num 2)
ratio 0.20 (pair), 0.0 GB (evict 115215 pairs)
  r=0.2 kvzip            peak= 8.311GB acc=1.00 hr=0.2 fb=None segs=None
ratio 0.50 (pair), 0.0 GB (evict 28814 pairs)
  r=0.2 ours             peak= 8.326GB acc=1.00 hr=0.5 fb=200 segs=0
ratio 0.50 (pair), 0.0 GB (evict 28811 pairs)
  r=0.2 ours_predict_next peak= 8.326GB acc=0.00 hr=0.5 fb=200 segs=0
ratio 0.50 (pair), 0.0 GB (evict 28811 pairs)
  r=0.2 ours_combine     peak= 8.326GB acc=0.00 hr=0.5 fb=200 segs=0
chunk inputs, size: 512 (num 2)
ratio 0.40 (pair), 0.0 GB (evict 86473 pairs)
  r=0.4 kvzip            peak= 8.311GB acc=1.00 hr=0.4 fb=None segs=None
ratio 0.50 (pair), 0.0 GB (evict 57651 pairs)
  r=0.4 ours             peak= 8.326GB acc=1.00 hr=0.5 fb=400 segs=0
ratio 0.50 (pair), 0.0 GB (evict 57679 pairs)
  r=0.4 ours_predict_next peak= 8.326GB acc=0.00 hr=0.5 fb=400 segs=0
ratio 0.50 (pair), 0.0 GB (evict 57679 pairs)
  r=0.4 ours_combine     peak= 8.326GB acc=0.00 hr=0.5 fb=400 segs=0
chunk inputs, size: 512 (num 2)
ratio 0.60 (pair), 0.0 GB (evict 57665 pairs)
  r=0.6 kvzip            peak= 8.311GB acc=1.00 hr=0.6 fb=None segs=None
ratio 0.60 (pair), 0.0 GB (evict 57641 pairs)
  r=0.6 ours             peak= 8.326GB acc=1.00 hr=0.6 fb=500 segs=0
ratio 0.60 (pair), 0.0 GB (evict 57641 pairs)
  r=0.6 ours_predict_next peak= 8.326GB acc=1.00 hr=0.6 fb=500 segs=0
ratio 0.60 (pair), 0.0 GB (evict 57641 pairs)
  r=0.6 ours_combine     peak= 8.326GB acc=1.00 hr=0.6 fb=500 segs=0
chunk inputs, size: 512 (num 2)
ratio 0.80 (pair), 0.1 GB (evict 28807 pairs)
  r=0.8 kvzip            peak= 8.311GB acc=1.00 hr=0.8 fb=None segs=None
ratio 0.80 (pair), 0.1 GB (evict 28863 pairs)
  r=0.8 ours             peak= 8.326GB acc=1.00 hr=0.8 fb=500 segs=0
ratio 0.80 (pair), 0.1 GB (evict 28863 pairs)
  r=0.8 ours_predict_next peak= 8.326GB acc=1.00 hr=0.8 fb=500 segs=0
ratio 0.80 (pair), 0.1 GB (evict 28863 pairs)
  r=0.8 ours_combine     peak= 8.326GB acc=1.00 hr=0.8 fb=500 segs=0
chunk inputs, size: 512 (num 2)
ratio 1.00 (pair), 0.1 GB (evict 0 pairs)
  r=1.0 kvzip            peak= 8.311GB acc=1.00 hr=1.0 fb=None segs=None
ratio 1.00 (pair), 0.1 GB (evict 0 pairs)
  r=1.0 ours             peak= 8.326GB acc=1.00 hr=1.0 fb=500 segs=0
ratio 1.00 (pair), 0.1 GB (evict 0 pairs)
  r=1.0 ours_predict_next peak= 8.326GB acc=1.00 hr=1.0 fb=500 segs=0
ratio 1.00 (pair), 0.1 GB (evict 0 pairs)
  r=1.0 ours_combine     peak= 8.326GB acc=1.00 hr=1.0 fb=500 segs=0
insertion at 0
================================================================================ 
[ctx_len=2000 depth=0% q=0.0 true_len=1999]
chunk inputs, size: 512 (num 4)
ratio 0.00 (pair), 0.0 GB (evict 575712 pairs)
  r=0.0 kvzip            peak= 9.769GB acc=0.00 hr=0.0 fb=None segs=None
chunk inputs, size: 512 (num 4)
chunk inputs, size: 512 (num 2)
chunk inputs, size: 512 (num 2)
ratio 0.00 (pair), 0.0 GB (evict 18432 pairs)
  r=0.0 ours             peak= 8.391GB acc=0.00 hr=0.0 fb=64 segs=1
chunk inputs, size: 512 (num 4)
ratio 0.00 (pair), 0.0 GB (evict 18432 pairs)
  r=0.0 ours_predict_next peak= 8.438GB acc=0.00 hr=0.0 fb=64 segs=1
chunk inputs, size: 512 (num 4)
chunk inputs, size: 512 (num 2)
chunk inputs, size: 512 (num 2)
chunk inputs, size: 512 (num 2)
ratio 0.00 (pair), 0.0 GB (evict 18432 pairs)
  r=0.0 ours_combine     peak= 8.425GB acc=0.00 hr=0.0 fb=64 segs=1
chunk inputs, size: 512 (num 4)
ratio 0.20 (pair), 0.1 GB (evict 460690 pairs)
  r=0.2 kvzip            peak= 9.769GB acc=1.00 hr=0.2 fb=None segs=None
chunk inputs, size: 512 (num 4)
chunk inputs, size: 512 (num 2)
chunk inputs, size: 512 (num 2)
ratio 0.50 (pair), 0.1 GB (evict 115352 pairs)
  r=0.2 ours             peak= 8.445GB acc=1.00 hr=0.5 fb=800 segs=1
chunk inputs, size: 512 (num 4)
chunk inputs, size: 512 (num 2)
ratio 0.50 (pair), 0.1 GB (evict 115248 pairs)
  r=0.2 ours_predict_next peak= 8.438GB acc=1.00 hr=0.5 fb=800 segs=1
chunk inputs, size: 512 (num 4)
chunk inputs, size: 512 (num 2)
chunk inputs, size: 512 (num 2)
chunk inputs, size: 512 (num 2)
chunk inputs, size: 512 (num 2)
ratio 0.50 (pair), 0.1 GB (evict 115301 pairs)
  r=0.2 ours_combine     peak= 8.442GB acc=1.00 hr=0.5 fb=800 segs=1
chunk inputs, size: 512 (num 4)
ratio 0.40 (pair), 0.1 GB (evict 345792 pairs)
  r=0.4 kvzip            peak= 9.769GB acc=1.00 hr=0.4 fb=None segs=None
chunk inputs, size: 512 (num 4)
chunk inputs, size: 512 (num 2)
chunk inputs, size: 512 (num 2)
ratio 0.50 (pair), 0.1 GB (evict 230436 pairs)
  r=0.4 ours             peak= 8.500GB acc=1.00 hr=0.5 fb=1599 segs=1
chunk inputs, size: 512 (num 4)
chunk inputs, size: 512 (num 3)
ratio 0.50 (pair), 0.1 GB (evict 184675 pairs)
  r=0.4 ours_predict_next peak= 8.438GB acc=1.00 hr=0.5 fb=1599 segs=1
chunk inputs, size: 512 (num 4)
chunk inputs, size: 512 (num 2)
chunk inputs, size: 512 (num 2)
chunk inputs, size: 512 (num 2)
chunk inputs, size: 512 (num 4)
ratio 0.50 (pair), 0.1 GB (evict 230461 pairs)
  r=0.4 ours_combine     peak= 8.499GB acc=1.00 hr=0.5 fb=1599 segs=1
chunk inputs, size: 512 (num 4)
ratio 0.60 (pair), 0.2 GB (evict 230658 pairs)
  r=0.6 kvzip            peak= 9.769GB acc=1.00 hr=0.6 fb=None segs=None
chunk inputs, size: 512 (num 4)
chunk inputs, size: 512 (num 3)
ratio 0.60 (pair), 0.1 GB (evict 171750 pairs)
  r=0.6 ours             peak= 8.469GB acc=1.00 hr=0.6 fb=1999 segs=1
chunk inputs, size: 512 (num 4)
chunk inputs, size: 512 (num 4)
chunk inputs, size: 512 (num 2)
ratio 0.60 (pair), 0.1 GB (evict 117985 pairs)
  r=0.6 ours_predict_next peak= 8.481GB acc=1.00 hr=0.6 fb=1999 segs=1
chunk inputs, size: 512 (num 4)
chunk inputs, size: 512 (num 3)
chunk inputs, size: 512 (num 3)
ratio 0.60 (pair), 0.1 GB (evict 171318 pairs)
  r=0.6 ours_combine     peak= 8.498GB acc=1.00 hr=0.6 fb=1999 segs=1
chunk inputs, size: 512 (num 4)
ratio 0.80 (pair), 0.2 GB (evict 115666 pairs)
  r=0.8 kvzip            peak= 9.769GB acc=1.00 hr=0.8 fb=None segs=None
chunk inputs, size: 512 (num 4)
chunk inputs, size: 512 (num 3)
ratio 0.80 (pair), 0.2 GB (evict 85707 pairs)
  r=0.8 ours             peak= 8.469GB acc=1.00 hr=0.8 fb=1999 segs=1
chunk inputs, size: 512 (num 4)
chunk inputs, size: 512 (num 4)
chunk inputs, size: 512 (num 2)
ratio 0.80 (pair), 0.1 GB (evict 59103 pairs)
  r=0.8 ours_predict_next peak= 8.481GB acc=1.00 hr=0.8 fb=1999 segs=1
chunk inputs, size: 512 (num 4)
chunk inputs, size: 512 (num 3)
chunk inputs, size: 512 (num 3)
ratio 0.80 (pair), 0.2 GB (evict 85730 pairs)
  r=0.8 ours_combine     peak= 8.498GB acc=1.00 hr=0.8 fb=1999 segs=1
chunk inputs, size: 512 (num 4)
ratio 1.00 (pair), 0.3 GB (evict 0 pairs)
  r=1.0 kvzip            peak= 9.769GB acc=1.00 hr=1.0 fb=None segs=None
chunk inputs, size: 512 (num 4)
chunk inputs, size: 512 (num 4)
ratio 1.00 (pair), 0.3 GB (evict 0 pairs)
  r=1.0 ours             peak= 8.538GB acc=1.00 hr=1.0 fb=1999 segs=0
chunk inputs, size: 512 (num 4)
chunk inputs, size: 512 (num 4)
chunk inputs, size: 512 (num 4)
ratio 1.00 (pair), 0.3 GB (evict 0 pairs)
  r=1.0 ours_predict_next peak= 8.488GB acc=1.00 hr=1.0 fb=1999 segs=0
chunk inputs, size: 512 (num 4)
chunk inputs, size: 512 (num 4)
chunk inputs, size: 512 (num 4)
chunk inputs, size: 512 (num 4)
ratio 1.00 (pair), 0.3 GB (evict 0 pairs)
  r=1.0 ours_combine     peak= 8.535GB acc=1.00 hr=1.0 fb=1999 segs=0
insertion at 140
================================================================================ 
[ctx_len=2000 depth=10% q=0.1 true_len=1999]
chunk inputs, size: 512 (num 4)
ratio 0.00 (pair), 0.0 GB (evict 575712 pairs)
  r=0.0 kvzip            peak= 9.769GB acc=0.00 hr=0.0 fb=None segs=None
chunk inputs, size: 512 (num 4)
chunk inputs, size: 512 (num 2)
chunk inputs, size: 512 (num 2)
ratio 0.00 (pair), 0.0 GB (evict 18432 pairs)
  r=0.0 ours             peak= 8.391GB acc=0.00 hr=0.0 fb=64 segs=1
chunk inputs, size: 512 (num 4)
ratio 0.00 (pair), 0.0 GB (evict 18432 pairs)
  r=0.0 ours_predict_next peak= 8.437GB acc=0.00 hr=0.0 fb=64 segs=1
chunk inputs, size: 512 (num 4)
chunk inputs, size: 512 (num 2)
chunk inputs, size: 512 (num 2)
chunk inputs, size: 512 (num 2)
ratio 0.00 (pair), 0.0 GB (evict 18432 pairs)
  r=0.0 ours_combine     peak= 8.425GB acc=0.00 hr=0.0 fb=64 segs=1
chunk inputs, size: 512 (num 4)
ratio 0.20 (pair), 0.1 GB (evict 460594 pairs)
  r=0.2 kvzip            peak= 9.769GB acc=1.00 hr=0.2 fb=None segs=None
chunk inputs, size: 512 (num 4)
chunk inputs, size: 512 (num 2)
chunk inputs, size: 512 (num 2)
ratio 0.50 (pair), 0.1 GB (evict 115262 pairs)
  r=0.2 ours             peak= 8.445GB acc=1.00 hr=0.5 fb=800 segs=1
chunk inputs, size: 512 (num 4)
chunk inputs, size: 512 (num 2)
ratio 0.50 (pair), 0.1 GB (evict 115313 pairs)
  r=0.2 ours_predict_next peak= 8.437GB acc=1.00 hr=0.5 fb=800 segs=1
chunk inputs, size: 512 (num 4)
chunk inputs, size: 512 (num 2)
chunk inputs, size: 512 (num 2)
chunk inputs, size: 512 (num 2)
chunk inputs, size: 512 (num 2)
ratio 0.50 (pair), 0.1 GB (evict 115326 pairs)
  r=0.2 ours_combine     peak= 8.442GB acc=1.00 hr=0.5 fb=800 segs=1
chunk inputs, size: 512 (num 4)
ratio 0.40 (pair), 0.1 GB (evict 345862 pairs)
  r=0.4 kvzip            peak= 9.769GB acc=1.00 hr=0.4 fb=None segs=None
chunk inputs, size: 512 (num 4)
chunk inputs, size: 512 (num 2)
chunk inputs, size: 512 (num 2)
ratio 0.50 (pair), 0.1 GB (evict 230488 pairs)
  r=0.4 ours             peak= 8.500GB acc=1.00 hr=0.5 fb=1599 segs=1
chunk inputs, size: 512 (num 4)
chunk inputs, size: 512 (num 3)
ratio 0.50 (pair), 0.1 GB (evict 184739 pairs)
  r=0.4 ours_predict_next peak= 8.437GB acc=1.00 hr=0.5 fb=1599 segs=1
chunk inputs, size: 512 (num 4)
chunk inputs, size: 512 (num 2)
chunk inputs, size: 512 (num 2)
chunk inputs, size: 512 (num 2)
chunk inputs, size: 512 (num 4)
ratio 0.50 (pair), 0.1 GB (evict 230291 pairs)
  r=0.4 ours_combine     peak= 8.499GB acc=1.00 hr=0.5 fb=1599 segs=1
chunk inputs, size: 512 (num 4)
ratio 0.60 (pair), 0.2 GB (evict 230305 pairs)
  r=0.6 kvzip            peak= 9.769GB acc=1.00 hr=0.6 fb=None segs=None
chunk inputs, size: 512 (num 4)
chunk inputs, size: 512 (num 3)
ratio 0.60 (pair), 0.1 GB (evict 171395 pairs)
  r=0.6 ours             peak= 8.469GB acc=1.00 hr=0.6 fb=1999 segs=1
chunk inputs, size: 512 (num 4)
chunk inputs, size: 512 (num 4)
chunk inputs, size: 512 (num 2)
ratio 0.60 (pair), 0.1 GB (evict 118128 pairs)
  r=0.6 ours_predict_next peak= 8.481GB acc=1.00 hr=0.6 fb=1999 segs=1
chunk inputs, size: 512 (num 4)
chunk inputs, size: 512 (num 3)
chunk inputs, size: 512 (num 3)
ratio 0.60 (pair), 0.1 GB (evict 171420 pairs)
  r=0.6 ours_combine     peak= 8.498GB acc=1.00 hr=0.6 fb=1999 segs=1
chunk inputs, size: 512 (num 4)
ratio 0.80 (pair), 0.2 GB (evict 115760 pairs)
  r=0.8 kvzip            peak= 9.769GB acc=1.00 hr=0.8 fb=None segs=None
chunk inputs, size: 512 (num 4)
chunk inputs, size: 512 (num 3)
ratio 0.80 (pair), 0.2 GB (evict 85820 pairs)
  r=0.8 ours             peak= 8.469GB acc=1.00 hr=0.8 fb=1999 segs=1
chunk inputs, size: 512 (num 4)
chunk inputs, size: 512 (num 4)
chunk inputs, size: 512 (num 2)
ratio 0.80 (pair), 0.1 GB (evict 59078 pairs)
  r=0.8 ours_predict_next peak= 8.481GB acc=1.00 hr=0.8 fb=1999 segs=1
chunk inputs, size: 512 (num 4)
chunk inputs, size: 512 (num 3)
chunk inputs, size: 512 (num 3)
ratio 0.80 (pair), 0.2 GB (evict 85910 pairs)
  r=0.8 ours_combine     peak= 8.498GB acc=1.00 hr=0.8 fb=1999 segs=1
chunk inputs, size: 512 (num 4)
ratio 1.00 (pair), 0.3 GB (evict 0 pairs)
  r=1.0 kvzip            peak= 9.769GB acc=1.00 hr=1.0 fb=None segs=None
chunk inputs, size: 512 (num 4)
chunk inputs, size: 512 (num 4)
ratio 1.00 (pair), 0.3 GB (evict 0 pairs)
  r=1.0 ours             peak= 8.538GB acc=1.00 hr=1.0 fb=1999 segs=0
chunk inputs, size: 512 (num 4)
chunk inputs, size: 512 (num 4)
chunk inputs, size: 512 (num 4)
ratio 1.00 (pair), 0.3 GB (evict 0 pairs)
  r=1.0 ours_predict_next peak= 8.488GB acc=1.00 hr=1.0 fb=1999 segs=0
chunk inputs, size: 512 (num 4)
chunk inputs, size: 512 (num 4)
chunk inputs, size: 512 (num 4)
chunk inputs, size: 512 (num 4)
ratio 1.00 (pair), 0.3 GB (evict 0 pairs)
  r=1.0 ours_combine     peak= 8.535GB acc=1.00 hr=1.0 fb=1999 segs=0
insertion at 368
================================================================================ 
[ctx_len=2000 depth=20% q=0.2 true_len=1999]
chunk inputs, size: 512 (num 4)
ratio 0.00 (pair), 0.0 GB (evict 575712 pairs)
  r=0.0 kvzip            peak= 9.769GB acc=0.00 hr=0.0 fb=None segs=None
chunk inputs, size: 512 (num 4)
chunk inputs, size: 512 (num 2)
chunk inputs, size: 512 (num 2)
ratio 0.00 (pair), 0.0 GB (evict 18432 pairs)
  r=0.0 ours             peak= 8.391GB acc=0.00 hr=0.0 fb=64 segs=1
chunk inputs, size: 512 (num 4)
ratio 0.00 (pair), 0.0 GB (evict 18432 pairs)
  r=0.0 ours_predict_next peak= 8.439GB acc=0.00 hr=0.0 fb=64 segs=1
chunk inputs, size: 512 (num 4)
chunk inputs, size: 512 (num 2)
chunk inputs, size: 512 (num 2)
chunk inputs, size: 512 (num 2)
ratio 0.00 (pair), 0.0 GB (evict 18432 pairs)
  r=0.0 ours_combine     peak= 8.425GB acc=0.00 hr=0.0 fb=64 segs=1
chunk inputs, size: 512 (num 4)
ratio 0.20 (pair), 0.1 GB (evict 460734 pairs)
  r=0.2 kvzip            peak= 9.769GB acc=1.00 hr=0.2 fb=None segs=None
chunk inputs, size: 512 (num 4)
chunk inputs, size: 512 (num 2)
chunk inputs, size: 512 (num 2)
ratio 0.50 (pair), 0.1 GB (evict 115214 pairs)
  r=0.2 ours             peak= 8.445GB acc=1.00 hr=0.5 fb=800 segs=1
chunk inputs, size: 512 (num 4)
chunk inputs, size: 512 (num 2)
ratio 0.50 (pair), 0.1 GB (evict 115237 pairs)
  r=0.2 ours_predict_next peak= 8.439GB acc=1.00 hr=0.5 fb=800 segs=1
chunk inputs, size: 512 (num 4)
chunk inputs, size: 512 (num 2)
chunk inputs, size: 512 (num 2)
chunk inputs, size: 512 (num 2)
chunk inputs, size: 512 (num 2)
ratio 0.50 (pair), 0.1 GB (evict 115277 pairs)
  r=0.2 ours_combine     peak= 8.442GB acc=1.00 hr=0.5 fb=800 segs=1
chunk inputs, size: 512 (num 4)
ratio 0.40 (pair), 0.1 GB (evict 345653 pairs)
  r=0.4 kvzip            peak= 9.769GB acc=1.00 hr=0.4 fb=None segs=None
chunk inputs, size: 512 (num 4)
chunk inputs, size: 512 (num 2)
chunk inputs, size: 512 (num 2)
ratio 0.50 (pair), 0.1 GB (evict 230494 pairs)
  r=0.4 ours             peak= 8.500GB acc=1.00 hr=0.5 fb=1599 segs=1
chunk inputs, size: 512 (num 4)
chunk inputs, size: 512 (num 3)
ratio 0.50 (pair), 0.1 GB (evict 184774 pairs)
  r=0.4 ours_predict_next peak= 8.439GB acc=1.00 hr=0.5 fb=1599 segs=1
chunk inputs, size: 512 (num 4)
chunk inputs, size: 512 (num 2)
chunk inputs, size: 512 (num 2)
chunk inputs, size: 512 (num 2)
chunk inputs, size: 512 (num 4)
ratio 0.50 (pair), 0.1 GB (evict 230511 pairs)
  r=0.4 ours_combine     peak= 8.499GB acc=1.00 hr=0.5 fb=1599 segs=1
chunk inputs, size: 512 (num 4)
ratio 0.60 (pair), 0.2 GB (evict 230776 pairs)
  r=0.6 kvzip            peak= 9.769GB acc=1.00 hr=0.6 fb=None segs=None
chunk inputs, size: 512 (num 4)
chunk inputs, size: 512 (num 3)
ratio 0.60 (pair), 0.1 GB (evict 171406 pairs)
  r=0.6 ours             peak= 8.469GB acc=1.00 hr=0.6 fb=1999 segs=1
chunk inputs, size: 512 (num 4)
chunk inputs, size: 512 (num 4)
chunk inputs, size: 512 (num 2)
ratio 0.60 (pair), 0.1 GB (evict 117991 pairs)
  r=0.6 ours_predict_next peak= 8.479GB acc=1.00 hr=0.6 fb=1999 segs=1
chunk inputs, size: 512 (num 4)
chunk inputs, size: 512 (num 3)
chunk inputs, size: 512 (num 3)
ratio 0.60 (pair), 0.1 GB (evict 171416 pairs)
  r=0.6 ours_combine     peak= 8.498GB acc=1.00 hr=0.6 fb=1999 segs=1
chunk inputs, size: 512 (num 4)
ratio 0.80 (pair), 0.2 GB (evict 115213 pairs)
  r=0.8 kvzip            peak= 9.769GB acc=1.00 hr=0.8 fb=None segs=None
chunk inputs, size: 512 (num 4)
chunk inputs, size: 512 (num 3)
ratio 0.80 (pair), 0.2 GB (evict 86028 pairs)
  r=0.8 ours             peak= 8.469GB acc=1.00 hr=0.8 fb=1999 segs=1
chunk inputs, size: 512 (num 4)
chunk inputs, size: 512 (num 4)
chunk inputs, size: 512 (num 2)
ratio 0.80 (pair), 0.1 GB (evict 59091 pairs)
  r=0.8 ours_predict_next peak= 8.479GB acc=1.00 hr=0.8 fb=1999 segs=1
chunk inputs, size: 512 (num 4)
chunk inputs, size: 512 (num 3)
chunk inputs, size: 512 (num 3)
ratio 0.80 (pair), 0.2 GB (evict 85829 pairs)
  r=0.8 ours_combine     peak= 8.498GB acc=1.00 hr=0.8 fb=1999 segs=1
chunk inputs, size: 512 (num 4)
ratio 1.00 (pair), 0.3 GB (evict 0 pairs)
  r=1.0 kvzip            peak= 9.769GB acc=1.00 hr=1.0 fb=None segs=None
chunk inputs, size: 512 (num 4)
chunk inputs, size: 512 (num 4)
ratio 1.00 (pair), 0.3 GB (evict 0 pairs)
  r=1.0 ours             peak= 8.538GB acc=1.00 hr=1.0 fb=1999 segs=0
chunk inputs, size: 512 (num 4)
chunk inputs, size: 512 (num 4)
chunk inputs, size: 512 (num 4)
ratio 1.00 (pair), 0.3 GB (evict 0 pairs)
  r=1.0 ours_predict_next peak= 8.488GB acc=1.00 hr=1.0 fb=1999 segs=0
chunk inputs, size: 512 (num 4)
chunk inputs, size: 512 (num 4)
chunk inputs, size: 512 (num 4)
chunk inputs, size: 512 (num 4)
ratio 1.00 (pair), 0.3 GB (evict 0 pairs)
  r=1.0 ours_combine     peak= 8.535GB acc=1.00 hr=1.0 fb=1999 segs=0
insertion at 576
================================================================================ 
[ctx_len=2000 depth=30% q=0.3 true_len=1999]
chunk inputs, size: 512 (num 4)
ratio 0.00 (pair), 0.0 GB (evict 575712 pairs)
  r=0.0 kvzip            peak= 9.769GB acc=0.00 hr=0.0 fb=None segs=None
chunk inputs, size: 512 (num 4)
chunk inputs, size: 512 (num 2)
chunk inputs, size: 512 (num 2)
ratio 0.00 (pair), 0.0 GB (evict 18432 pairs)
  r=0.0 ours             peak= 8.391GB acc=0.00 hr=0.0 fb=64 segs=1
chunk inputs, size: 512 (num 4)
ratio 0.00 (pair), 0.0 GB (evict 18432 pairs)
  r=0.0 ours_predict_next peak= 8.437GB acc=0.00 hr=0.0 fb=64 segs=1
chunk inputs, size: 512 (num 4)
chunk inputs, size: 512 (num 2)
chunk inputs, size: 512 (num 2)
chunk inputs, size: 512 (num 2)
ratio 0.00 (pair), 0.0 GB (evict 18432 pairs)
  r=0.0 ours_combine     peak= 8.425GB acc=0.00 hr=0.0 fb=64 segs=1
chunk inputs, size: 512 (num 4)
ratio 0.20 (pair), 0.1 GB (evict 460727 pairs)
  r=0.2 kvzip            peak= 9.769GB acc=1.00 hr=0.2 fb=None segs=None
chunk inputs, size: 512 (num 4)
chunk inputs, size: 512 (num 2)
chunk inputs, size: 512 (num 2)
ratio 0.50 (pair), 0.1 GB (evict 115202 pairs)
  r=0.2 ours             peak= 8.445GB acc=1.00 hr=0.5 fb=800 segs=1
chunk inputs, size: 512 (num 4)
chunk inputs, size: 512 (num 2)
ratio 0.50 (pair), 0.1 GB (evict 115366 pairs)
  r=0.2 ours_predict_next peak= 8.437GB acc=0.00 hr=0.5 fb=800 segs=1
chunk inputs, size: 512 (num 4)
chunk inputs, size: 512 (num 2)
chunk inputs, size: 512 (num 2)
chunk inputs, size: 512 (num 2)
chunk inputs, size: 512 (num 2)
ratio 0.50 (pair), 0.1 GB (evict 115290 pairs)
  r=0.2 ours_combine     peak= 8.442GB acc=0.00 hr=0.5 fb=800 segs=1
chunk inputs, size: 512 (num 4)
ratio 0.40 (pair), 0.1 GB (evict 345449 pairs)
  r=0.4 kvzip            peak= 9.769GB acc=1.00 hr=0.4 fb=None segs=None
chunk inputs, size: 512 (num 4)
chunk inputs, size: 512 (num 2)
chunk inputs, size: 512 (num 2)
ratio 0.50 (pair), 0.1 GB (evict 230692 pairs)
  r=0.4 ours             peak= 8.500GB acc=1.00 hr=0.5 fb=1599 segs=1
chunk inputs, size: 512 (num 4)
chunk inputs, size: 512 (num 3)
ratio 0.50 (pair), 0.1 GB (evict 184621 pairs)
  r=0.4 ours_predict_next peak= 8.437GB acc=0.00 hr=0.5 fb=1599 segs=1
chunk inputs, size: 512 (num 4)
chunk inputs, size: 512 (num 2)
chunk inputs, size: 512 (num 2)
chunk inputs, size: 512 (num 2)
chunk inputs, size: 512 (num 4)
ratio 0.50 (pair), 0.1 GB (evict 230332 pairs)
  r=0.4 ours_combine     peak= 8.499GB acc=1.00 hr=0.5 fb=1599 segs=1
chunk inputs, size: 512 (num 4)
ratio 0.60 (pair), 0.2 GB (evict 230732 pairs)
  r=0.6 kvzip            peak= 9.769GB acc=1.00 hr=0.6 fb=None segs=None
chunk inputs, size: 512 (num 4)
chunk inputs, size: 512 (num 3)
ratio 0.60 (pair), 0.1 GB (evict 171721 pairs)
  r=0.6 ours             peak= 8.469GB acc=1.00 hr=0.6 fb=1999 segs=1
chunk inputs, size: 512 (num 4)
chunk inputs, size: 512 (num 4)
chunk inputs, size: 512 (num 2)
ratio 0.60 (pair), 0.1 GB (evict 118027 pairs)
  r=0.6 ours_predict_next peak= 8.482GB acc=0.00 hr=0.6 fb=1999 segs=1
chunk inputs, size: 512 (num 4)
chunk inputs, size: 512 (num 3)
chunk inputs, size: 512 (num 3)
ratio 0.60 (pair), 0.1 GB (evict 171450 pairs)
  r=0.6 ours_combine     peak= 8.498GB acc=1.00 hr=0.6 fb=1999 segs=1
chunk inputs, size: 512 (num 4)
ratio 0.80 (pair), 0.2 GB (evict 115178 pairs)
  r=0.8 kvzip            peak= 9.769GB acc=1.00 hr=0.8 fb=None segs=None
chunk inputs, size: 512 (num 4)
chunk inputs, size: 512 (num 3)
ratio 0.80 (pair), 0.2 GB (evict 85858 pairs)
  r=0.8 ours             peak= 8.469GB acc=1.00 hr=0.8 fb=1999 segs=1
chunk inputs, size: 512 (num 4)
chunk inputs, size: 512 (num 4)
chunk inputs, size: 512 (num 2)
ratio 0.80 (pair), 0.1 GB (evict 59147 pairs)
  r=0.8 ours_predict_next peak= 8.482GB acc=0.00 hr=0.8 fb=1999 segs=1
chunk inputs, size: 512 (num 4)
chunk inputs, size: 512 (num 3)
chunk inputs, size: 512 (num 3)
ratio 0.80 (pair), 0.2 GB (evict 85820 pairs)
  r=0.8 ours_combine     peak= 8.498GB acc=1.00 hr=0.8 fb=1999 segs=1
chunk inputs, size: 512 (num 4)
ratio 1.00 (pair), 0.3 GB (evict 0 pairs)
  r=1.0 kvzip            peak= 9.769GB acc=1.00 hr=1.0 fb=None segs=None
chunk inputs, size: 512 (num 4)
chunk inputs, size: 512 (num 4)
ratio 1.00 (pair), 0.3 GB (evict 0 pairs)
  r=1.0 ours             peak= 8.538GB acc=1.00 hr=1.0 fb=1999 segs=0
chunk inputs, size: 512 (num 4)
chunk inputs, size: 512 (num 4)
chunk inputs, size: 512 (num 4)
ratio 1.00 (pair), 0.3 GB (evict 0 pairs)
  r=1.0 ours_predict_next peak= 8.485GB acc=0.50 hr=1.0 fb=1999 segs=0
chunk inputs, size: 512 (num 4)
chunk inputs, size: 512 (num 4)
chunk inputs, size: 512 (num 4)
chunk inputs, size: 512 (num 4)
ratio 1.00 (pair), 0.3 GB (evict 0 pairs)
  r=1.0 ours_combine     peak= 8.535GB acc=1.00 hr=1.0 fb=1999 segs=0
insertion at 788
================================================================================ 
[ctx_len=2000 depth=40% q=0.4 true_len=1999]
chunk inputs, size: 512 (num 4)
ratio 0.00 (pair), 0.0 GB (evict 575712 pairs)
  r=0.0 kvzip            peak= 9.769GB acc=0.00 hr=0.0 fb=None segs=None
chunk inputs, size: 512 (num 4)
chunk inputs, size: 512 (num 2)
chunk inputs, size: 512 (num 2)
ratio 0.00 (pair), 0.0 GB (evict 18432 pairs)
  r=0.0 ours             peak= 8.391GB acc=0.00 hr=0.0 fb=64 segs=1
chunk inputs, size: 512 (num 4)
ratio 0.00 (pair), 0.0 GB (evict 18432 pairs)
  r=0.0 ours_predict_next peak= 8.438GB acc=0.00 hr=0.0 fb=64 segs=1
chunk inputs, size: 512 (num 4)
chunk inputs, size: 512 (num 2)
chunk inputs, size: 512 (num 2)
chunk inputs, size: 512 (num 2)
ratio 0.00 (pair), 0.0 GB (evict 18432 pairs)
  r=0.0 ours_combine     peak= 8.425GB acc=0.00 hr=0.0 fb=64 segs=1
chunk inputs, size: 512 (num 4)
ratio 0.20 (pair), 0.1 GB (evict 460756 pairs)
  r=0.2 kvzip            peak= 9.769GB acc=1.00 hr=0.2 fb=None segs=None
chunk inputs, size: 512 (num 4)
chunk inputs, size: 512 (num 2)
chunk inputs, size: 512 (num 2)
ratio 0.50 (pair), 0.1 GB (evict 115339 pairs)
  r=0.2 ours             peak= 8.445GB acc=1.00 hr=0.5 fb=800 segs=1
chunk inputs, size: 512 (num 4)
chunk inputs, size: 512 (num 2)
ratio 0.50 (pair), 0.1 GB (evict 115366 pairs)
  r=0.2 ours_predict_next peak= 8.438GB acc=0.00 hr=0.5 fb=800 segs=1
chunk inputs, size: 512 (num 4)
chunk inputs, size: 512 (num 2)
chunk inputs, size: 512 (num 2)
chunk inputs, size: 512 (num 2)
chunk inputs, size: 512 (num 2)
ratio 0.50 (pair), 0.1 GB (evict 115290 pairs)
  r=0.2 ours_combine     peak= 8.442GB acc=0.00 hr=0.5 fb=800 segs=1
chunk inputs, size: 512 (num 4)
ratio 0.40 (pair), 0.1 GB (evict 345707 pairs)
  r=0.4 kvzip            peak= 9.769GB acc=1.00 hr=0.4 fb=None segs=None
chunk inputs, size: 512 (num 4)
chunk inputs, size: 512 (num 2)
chunk inputs, size: 512 (num 2)
ratio 0.50 (pair), 0.1 GB (evict 230408 pairs)
  r=0.4 ours             peak= 8.500GB acc=1.00 hr=0.5 fb=1599 segs=1
chunk inputs, size: 512 (num 4)
chunk inputs, size: 512 (num 3)
ratio 0.50 (pair), 0.1 GB (evict 184836 pairs)
  r=0.4 ours_predict_next peak= 8.438GB acc=0.00 hr=0.5 fb=1599 segs=1
chunk inputs, size: 512 (num 4)
chunk inputs, size: 512 (num 2)
chunk inputs, size: 512 (num 2)
chunk inputs, size: 512 (num 2)
chunk inputs, size: 512 (num 4)
ratio 0.50 (pair), 0.1 GB (evict 230438 pairs)
  r=0.4 ours_combine     peak= 8.499GB acc=1.00 hr=0.5 fb=1599 segs=1
chunk inputs, size: 512 (num 4)
ratio 0.60 (pair), 0.2 GB (evict 230357 pairs)
  r=0.6 kvzip            peak= 9.769GB acc=1.00 hr=0.6 fb=None segs=None
chunk inputs, size: 512 (num 4)
chunk inputs, size: 512 (num 3)
ratio 0.60 (pair), 0.1 GB (evict 171309 pairs)
  r=0.6 ours             peak= 8.469GB acc=1.00 hr=0.6 fb=1999 segs=1
chunk inputs, size: 512 (num 4)
chunk inputs, size: 512 (num 4)
chunk inputs, size: 512 (num 2)
ratio 0.60 (pair), 0.1 GB (evict 118145 pairs)
  r=0.6 ours_predict_next peak= 8.481GB acc=0.00 hr=0.6 fb=1999 segs=1
chunk inputs, size: 512 (num 4)
chunk inputs, size: 512 (num 3)
chunk inputs, size: 512 (num 3)
ratio 0.60 (pair), 0.1 GB (evict 171308 pairs)
  r=0.6 ours_combine     peak= 8.498GB acc=1.00 hr=0.6 fb=1999 segs=1
chunk inputs, size: 512 (num 4)
ratio 0.80 (pair), 0.2 GB (evict 115401 pairs)
  r=0.8 kvzip            peak= 9.769GB acc=1.00 hr=0.8 fb=None segs=None
chunk inputs, size: 512 (num 4)
chunk inputs, size: 512 (num 3)
ratio 0.80 (pair), 0.2 GB (evict 85882 pairs)
  r=0.8 ours             peak= 8.469GB acc=1.00 hr=0.8 fb=1999 segs=1
chunk inputs, size: 512 (num 4)
chunk inputs, size: 512 (num 4)
chunk inputs, size: 512 (num 2)
ratio 0.80 (pair), 0.1 GB (evict 59094 pairs)
  r=0.8 ours_predict_next peak= 8.481GB acc=0.00 hr=0.8 fb=1999 segs=1
chunk inputs, size: 512 (num 4)
chunk inputs, size: 512 (num 3)
chunk inputs, size: 512 (num 3)
ratio 0.80 (pair), 0.2 GB (evict 85882 pairs)
  r=0.8 ours_combine     peak= 8.498GB acc=1.00 hr=0.8 fb=1999 segs=1
chunk inputs, size: 512 (num 4)
ratio 1.00 (pair), 0.3 GB (evict 0 pairs)
  r=1.0 kvzip            peak= 9.769GB acc=1.00 hr=1.0 fb=None segs=None
chunk inputs, size: 512 (num 4)
chunk inputs, size: 512 (num 4)
ratio 1.00 (pair), 0.3 GB (evict 0 pairs)
  r=1.0 ours             peak= 8.538GB acc=1.00 hr=1.0 fb=1999 segs=0
chunk inputs, size: 512 (num 4)
chunk inputs, size: 512 (num 4)
chunk inputs, size: 512 (num 4)
ratio 1.00 (pair), 0.3 GB (evict 0 pairs)
  r=1.0 ours_predict_next peak= 8.486GB acc=0.50 hr=1.0 fb=1999 segs=0
chunk inputs, size: 512 (num 4)
chunk inputs, size: 512 (num 4)
chunk inputs, size: 512 (num 4)
chunk inputs, size: 512 (num 4)
ratio 1.00 (pair), 0.3 GB (evict 0 pairs)
  r=1.0 ours_combine     peak= 8.535GB acc=1.00 hr=1.0 fb=1999 segs=0
insertion at 926
================================================================================ 
[ctx_len=2000 depth=50% q=0.5 true_len=1999]
chunk inputs, size: 512 (num 4)
ratio 0.00 (pair), 0.0 GB (evict 575712 pairs)
  r=0.0 kvzip            peak= 9.769GB acc=0.00 hr=0.0 fb=None segs=None
chunk inputs, size: 512 (num 4)
chunk inputs, size: 512 (num 2)
chunk inputs, size: 512 (num 2)
ratio 0.00 (pair), 0.0 GB (evict 18432 pairs)
  r=0.0 ours             peak= 8.391GB acc=0.00 hr=0.0 fb=64 segs=1
chunk inputs, size: 512 (num 4)
ratio 0.00 (pair), 0.0 GB (evict 18432 pairs)
  r=0.0 ours_predict_next peak= 8.440GB acc=0.00 hr=0.0 fb=64 segs=1
chunk inputs, size: 512 (num 4)
chunk inputs, size: 512 (num 2)
chunk inputs, size: 512 (num 2)
chunk inputs, size: 512 (num 2)
ratio 0.00 (pair), 0.0 GB (evict 18432 pairs)
  r=0.0 ours_combine     peak= 8.425GB acc=0.00 hr=0.0 fb=64 segs=1
chunk inputs, size: 512 (num 4)
ratio 0.20 (pair), 0.1 GB (evict 460702 pairs)
  r=0.2 kvzip            peak= 9.769GB acc=1.00 hr=0.2 fb=None segs=None
chunk inputs, size: 512 (num 4)
chunk inputs, size: 512 (num 2)
chunk inputs, size: 512 (num 2)
ratio 0.50 (pair), 0.1 GB (evict 115385 pairs)
  r=0.2 ours             peak= 8.445GB acc=1.00 hr=0.5 fb=800 segs=1
chunk inputs, size: 512 (num 4)
chunk inputs, size: 512 (num 2)
ratio 0.50 (pair), 0.1 GB (evict 115366 pairs)
  r=0.2 ours_predict_next peak= 8.440GB acc=0.00 hr=0.5 fb=800 segs=1
chunk inputs, size: 512 (num 4)
chunk inputs, size: 512 (num 2)
chunk inputs, size: 512 (num 2)
chunk inputs, size: 512 (num 2)
chunk inputs, size: 512 (num 2)
ratio 0.50 (pair), 0.1 GB (evict 115290 pairs)
  r=0.2 ours_combine     peak= 8.442GB acc=0.00 hr=0.5 fb=800 segs=1
chunk inputs, size: 512 (num 4)
ratio 0.40 (pair), 0.1 GB (evict 345599 pairs)
  r=0.4 kvzip            peak= 9.769GB acc=1.00 hr=0.4 fb=None segs=None
chunk inputs, size: 512 (num 4)
chunk inputs, size: 512 (num 2)
chunk inputs, size: 512 (num 2)
ratio 0.50 (pair), 0.1 GB (evict 230371 pairs)
  r=0.4 ours             peak= 8.500GB acc=1.00 hr=0.5 fb=1599 segs=1
chunk inputs, size: 512 (num 4)
chunk inputs, size: 512 (num 3)
ratio 0.50 (pair), 0.1 GB (evict 184721 pairs)
  r=0.4 ours_predict_next peak= 8.440GB acc=0.00 hr=0.5 fb=1599 segs=1
chunk inputs, size: 512 (num 4)
chunk inputs, size: 512 (num 2)
chunk inputs, size: 512 (num 2)
chunk inputs, size: 512 (num 2)
chunk inputs, size: 512 (num 4)
ratio 0.50 (pair), 0.1 GB (evict 230499 pairs)
  r=0.4 ours_combine     peak= 8.499GB acc=1.00 hr=0.5 fb=1599 segs=1
chunk inputs, size: 512 (num 4)
ratio 0.60 (pair), 0.2 GB (evict 230361 pairs)
  r=0.6 kvzip            peak= 9.769GB acc=1.00 hr=0.6 fb=None segs=None
chunk inputs, size: 512 (num 4)
chunk inputs, size: 512 (num 3)
ratio 0.60 (pair), 0.1 GB (evict 171381 pairs)
  r=0.6 ours             peak= 8.469GB acc=1.00 hr=0.6 fb=1999 segs=1
chunk inputs, size: 512 (num 4)
chunk inputs, size: 512 (num 4)
chunk inputs, size: 512 (num 2)
ratio 0.60 (pair), 0.1 GB (evict 118027 pairs)
  r=0.6 ours_predict_next peak= 8.486GB acc=0.00 hr=0.6 fb=1999 segs=1
chunk inputs, size: 512 (num 4)
chunk inputs, size: 512 (num 3)
chunk inputs, size: 512 (num 3)
ratio 0.60 (pair), 0.1 GB (evict 171582 pairs)
  r=0.6 ours_combine     peak= 8.498GB acc=1.00 hr=0.6 fb=1999 segs=1
chunk inputs, size: 512 (num 4)
ratio 0.80 (pair), 0.2 GB (evict 115480 pairs)
  r=0.8 kvzip            peak= 9.769GB acc=1.00 hr=0.8 fb=None segs=None
chunk inputs, size: 512 (num 4)
chunk inputs, size: 512 (num 3)
ratio 0.80 (pair), 0.2 GB (evict 85741 pairs)
  r=0.8 ours             peak= 8.469GB acc=1.00 hr=0.8 fb=1999 segs=1
chunk inputs, size: 512 (num 4)
chunk inputs, size: 512 (num 4)
chunk inputs, size: 512 (num 2)
ratio 0.80 (pair), 0.1 GB (evict 59069 pairs)
  r=0.8 ours_predict_next peak= 8.486GB acc=0.00 hr=0.8 fb=1999 segs=1
chunk inputs, size: 512 (num 4)
chunk inputs, size: 512 (num 3)
chunk inputs, size: 512 (num 3)
ratio 0.80 (pair), 0.2 GB (evict 85722 pairs)
  r=0.8 ours_combine     peak= 8.498GB acc=1.00 hr=0.8 fb=1999 segs=1
chunk inputs, size: 512 (num 4)
ratio 1.00 (pair), 0.3 GB (evict 0 pairs)
  r=1.0 kvzip            peak= 9.769GB acc=1.00 hr=1.0 fb=None segs=None
chunk inputs, size: 512 (num 4)
chunk inputs, size: 512 (num 4)
ratio 1.00 (pair), 0.3 GB (evict 0 pairs)
  r=1.0 ours             peak= 8.538GB acc=1.00 hr=1.0 fb=1999 segs=0
chunk inputs, size: 512 (num 4)
chunk inputs, size: 512 (num 4)
chunk inputs, size: 512 (num 4)
ratio 1.00 (pair), 0.3 GB (evict 0 pairs)
  r=1.0 ours_predict_next peak= 8.490GB acc=0.50 hr=1.0 fb=1999 segs=0
chunk inputs, size: 512 (num 4)
chunk inputs, size: 512 (num 4)
chunk inputs, size: 512 (num 4)
chunk inputs, size: 512 (num 4)
ratio 1.00 (pair), 0.3 GB (evict 0 pairs)
  r=1.0 ours_combine     peak= 8.535GB acc=1.00 hr=1.0 fb=1999 segs=0
insertion at 1183
================================================================================ 
[ctx_len=2000 depth=60% q=0.6 true_len=1999]
chunk inputs, size: 512 (num 4)
ratio 0.00 (pair), 0.0 GB (evict 575712 pairs)
  r=0.0 kvzip            peak= 9.769GB acc=0.00 hr=0.0 fb=None segs=None
chunk inputs, size: 512 (num 4)
chunk inputs, size: 512 (num 2)
chunk inputs, size: 512 (num 2)
ratio 0.00 (pair), 0.0 GB (evict 18432 pairs)
  r=0.0 ours             peak= 8.391GB acc=0.00 hr=0.0 fb=64 segs=1
chunk inputs, size: 512 (num 4)
ratio 0.00 (pair), 0.0 GB (evict 18432 pairs)
  r=0.0 ours_predict_next peak= 8.451GB acc=0.00 hr=0.0 fb=64 segs=1
chunk inputs, size: 512 (num 4)
chunk inputs, size: 512 (num 2)
chunk inputs, size: 512 (num 2)
chunk inputs, size: 512 (num 2)
ratio 0.00 (pair), 0.0 GB (evict 18432 pairs)
  r=0.0 ours_combine     peak= 8.425GB acc=0.00 hr=0.0 fb=64 segs=1
chunk inputs, size: 512 (num 4)
ratio 0.20 (pair), 0.1 GB (evict 460633 pairs)
  r=0.2 kvzip            peak= 9.769GB acc=1.00 hr=0.2 fb=None segs=None
chunk inputs, size: 512 (num 4)
chunk inputs, size: 512 (num 2)
chunk inputs, size: 512 (num 2)
ratio 0.50 (pair), 0.1 GB (evict 115344 pairs)
  r=0.2 ours             peak= 8.445GB acc=1.00 hr=0.5 fb=800 segs=1
chunk inputs, size: 512 (num 4)
chunk inputs, size: 512 (num 2)
ratio 0.50 (pair), 0.1 GB (evict 115366 pairs)
  r=0.2 ours_predict_next peak= 8.451GB acc=0.00 hr=0.5 fb=800 segs=1
chunk inputs, size: 512 (num 4)
chunk inputs, size: 512 (num 2)
chunk inputs, size: 512 (num 2)
chunk inputs, size: 512 (num 2)
chunk inputs, size: 512 (num 2)
ratio 0.50 (pair), 0.1 GB (evict 115357 pairs)
  r=0.2 ours_combine     peak= 8.442GB acc=0.00 hr=0.5 fb=800 segs=1
chunk inputs, size: 512 (num 4)
ratio 0.40 (pair), 0.1 GB (evict 345712 pairs)
  r=0.4 kvzip            peak= 9.769GB acc=1.00 hr=0.4 fb=None segs=None
chunk inputs, size: 512 (num 4)
chunk inputs, size: 512 (num 2)
chunk inputs, size: 512 (num 2)
ratio 0.50 (pair), 0.1 GB (evict 230441 pairs)
  r=0.4 ours             peak= 8.500GB acc=1.00 hr=0.5 fb=1599 segs=1
chunk inputs, size: 512 (num 4)
chunk inputs, size: 512 (num 3)
ratio 0.50 (pair), 0.1 GB (evict 184753 pairs)
  r=0.4 ours_predict_next peak= 8.451GB acc=0.00 hr=0.5 fb=1599 segs=1
chunk inputs, size: 512 (num 4)
chunk inputs, size: 512 (num 2)
chunk inputs, size: 512 (num 2)
chunk inputs, size: 512 (num 2)
chunk inputs, size: 512 (num 4)
ratio 0.50 (pair), 0.1 GB (evict 230442 pairs)
  r=0.4 ours_combine     peak= 8.499GB acc=1.00 hr=0.5 fb=1599 segs=1
chunk inputs, size: 512 (num 4)
ratio 0.60 (pair), 0.2 GB (evict 230685 pairs)
  r=0.6 kvzip            peak= 9.769GB acc=1.00 hr=0.6 fb=None segs=None
chunk inputs, size: 512 (num 4)
chunk inputs, size: 512 (num 3)
ratio 0.60 (pair), 0.1 GB (evict 171729 pairs)
  r=0.6 ours             peak= 8.469GB acc=1.00 hr=0.6 fb=1999 segs=1
chunk inputs, size: 512 (num 4)
chunk inputs, size: 512 (num 4)
chunk inputs, size: 512 (num 2)
ratio 0.60 (pair), 0.1 GB (evict 118070 pairs)
  r=0.6 ours_predict_next peak= 8.492GB acc=0.00 hr=0.6 fb=1999 segs=1
chunk inputs, size: 512 (num 4)
chunk inputs, size: 512 (num 3)
chunk inputs, size: 512 (num 3)
ratio 0.60 (pair), 0.1 GB (evict 171460 pairs)
  r=0.6 ours_combine     peak= 8.498GB acc=1.00 hr=0.6 fb=1999 segs=1
chunk inputs, size: 512 (num 4)
ratio 0.80 (pair), 0.2 GB (evict 115769 pairs)
  r=0.8 kvzip            peak= 9.769GB acc=1.00 hr=0.8 fb=None segs=None
chunk inputs, size: 512 (num 4)
chunk inputs, size: 512 (num 3)
ratio 0.80 (pair), 0.2 GB (evict 85818 pairs)
  r=0.8 ours             peak= 8.469GB acc=1.00 hr=0.8 fb=1999 segs=1
chunk inputs, size: 512 (num 4)
chunk inputs, size: 512 (num 4)
chunk inputs, size: 512 (num 2)
ratio 0.80 (pair), 0.1 GB (evict 59008 pairs)
  r=0.8 ours_predict_next peak= 8.492GB acc=0.00 hr=0.8 fb=1999 segs=1
chunk inputs, size: 512 (num 4)
chunk inputs, size: 512 (num 3)
chunk inputs, size: 512 (num 3)
ratio 0.80 (pair), 0.2 GB (evict 85676 pairs)
  r=0.8 ours_combine     peak= 8.498GB acc=1.00 hr=0.8 fb=1999 segs=1
chunk inputs, size: 512 (num 4)
ratio 1.00 (pair), 0.3 GB (evict 0 pairs)
  r=1.0 kvzip            peak= 9.769GB acc=1.00 hr=1.0 fb=None segs=None
chunk inputs, size: 512 (num 4)
chunk inputs, size: 512 (num 4)
ratio 1.00 (pair), 0.3 GB (evict 0 pairs)
  r=1.0 ours             peak= 8.538GB acc=1.00 hr=1.0 fb=1999 segs=0
chunk inputs, size: 512 (num 4)
chunk inputs, size: 512 (num 4)
chunk inputs, size: 512 (num 4)
ratio 1.00 (pair), 0.3 GB (evict 0 pairs)
  r=1.0 ours_predict_next peak= 8.500GB acc=1.00 hr=1.0 fb=1999 segs=0
chunk inputs, size: 512 (num 4)
chunk inputs, size: 512 (num 4)
chunk inputs, size: 512 (num 4)
chunk inputs, size: 512 (num 4)
ratio 1.00 (pair), 0.3 GB (evict 0 pairs)
  r=1.0 ours_combine     peak= 8.535GB acc=1.00 hr=1.0 fb=1999 segs=0
insertion at 1376
================================================================================ 
[ctx_len=2000 depth=70% q=0.7 true_len=1999]
chunk inputs, size: 512 (num 4)
ratio 0.00 (pair), 0.0 GB (evict 575712 pairs)
  r=0.0 kvzip            peak= 9.769GB acc=0.00 hr=0.0 fb=None segs=None
chunk inputs, size: 512 (num 4)
chunk inputs, size: 512 (num 2)
chunk inputs, size: 512 (num 2)
ratio 0.00 (pair), 0.0 GB (evict 18432 pairs)
  r=0.0 ours             peak= 8.391GB acc=0.00 hr=0.0 fb=64 segs=1
chunk inputs, size: 512 (num 4)
ratio 0.00 (pair), 0.0 GB (evict 18432 pairs)
  r=0.0 ours_predict_next peak= 8.451GB acc=0.00 hr=0.0 fb=64 segs=1
chunk inputs, size: 512 (num 4)
chunk inputs, size: 512 (num 2)
chunk inputs, size: 512 (num 2)
chunk inputs, size: 512 (num 2)
ratio 0.00 (pair), 0.0 GB (evict 18432 pairs)
  r=0.0 ours_combine     peak= 8.425GB acc=0.00 hr=0.0 fb=64 segs=1
chunk inputs, size: 512 (num 4)
ratio 0.20 (pair), 0.1 GB (evict 460593 pairs)
  r=0.2 kvzip            peak= 9.769GB acc=1.00 hr=0.2 fb=None segs=None
chunk inputs, size: 512 (num 4)
chunk inputs, size: 512 (num 2)
chunk inputs, size: 512 (num 2)
ratio 0.50 (pair), 0.1 GB (evict 115231 pairs)
  r=0.2 ours             peak= 8.445GB acc=1.00 hr=0.5 fb=800 segs=1
chunk inputs, size: 512 (num 4)
chunk inputs, size: 512 (num 2)
ratio 0.50 (pair), 0.1 GB (evict 115366 pairs)
  r=0.2 ours_predict_next peak= 8.451GB acc=0.00 hr=0.5 fb=800 segs=1
chunk inputs, size: 512 (num 4)
chunk inputs, size: 512 (num 2)
chunk inputs, size: 512 (num 2)
chunk inputs, size: 512 (num 2)
chunk inputs, size: 512 (num 2)
ratio 0.50 (pair), 0.1 GB (evict 115314 pairs)
  r=0.2 ours_combine     peak= 8.442GB acc=0.00 hr=0.5 fb=800 segs=1
chunk inputs, size: 512 (num 4)
ratio 0.40 (pair), 0.1 GB (evict 345670 pairs)
  r=0.4 kvzip            peak= 9.769GB acc=1.00 hr=0.4 fb=None segs=None
chunk inputs, size: 512 (num 4)
chunk inputs, size: 512 (num 2)
chunk inputs, size: 512 (num 2)
ratio 0.50 (pair), 0.1 GB (evict 230296 pairs)
  r=0.4 ours             peak= 8.500GB acc=1.00 hr=0.5 fb=1599 segs=1
chunk inputs, size: 512 (num 4)
chunk inputs, size: 512 (num 3)
ratio 0.50 (pair), 0.1 GB (evict 184687 pairs)
  r=0.4 ours_predict_next peak= 8.451GB acc=0.50 hr=0.5 fb=1599 segs=1
chunk inputs, size: 512 (num 4)
chunk inputs, size: 512 (num 2)
chunk inputs, size: 512 (num 2)
chunk inputs, size: 512 (num 2)
chunk inputs, size: 512 (num 4)
ratio 0.50 (pair), 0.1 GB (evict 230355 pairs)
  r=0.4 ours_combine     peak= 8.499GB acc=1.00 hr=0.5 fb=1599 segs=1
chunk inputs, size: 512 (num 4)
ratio 0.60 (pair), 0.2 GB (evict 230656 pairs)
  r=0.6 kvzip            peak= 9.769GB acc=1.00 hr=0.6 fb=None segs=None
chunk inputs, size: 512 (num 4)
chunk inputs, size: 512 (num 3)
ratio 0.60 (pair), 0.1 GB (evict 171728 pairs)
  r=0.6 ours             peak= 8.469GB acc=1.00 hr=0.6 fb=1999 segs=1
chunk inputs, size: 512 (num 4)
chunk inputs, size: 512 (num 4)
chunk inputs, size: 512 (num 2)
ratio 0.60 (pair), 0.1 GB (evict 118122 pairs)
  r=0.6 ours_predict_next peak= 8.495GB acc=0.00 hr=0.6 fb=1999 segs=1
chunk inputs, size: 512 (num 4)
chunk inputs, size: 512 (num 3)
chunk inputs, size: 512 (num 3)
ratio 0.60 (pair), 0.1 GB (evict 171485 pairs)
  r=0.6 ours_combine     peak= 8.498GB acc=1.00 hr=0.6 fb=1999 segs=1
chunk inputs, size: 512 (num 4)
ratio 0.80 (pair), 0.2 GB (evict 115728 pairs)
  r=0.8 kvzip            peak= 9.769GB acc=1.00 hr=0.8 fb=None segs=None
chunk inputs, size: 512 (num 4)
chunk inputs, size: 512 (num 3)
ratio 0.80 (pair), 0.2 GB (evict 85789 pairs)
  r=0.8 ours             peak= 8.469GB acc=1.00 hr=0.8 fb=1999 segs=1
chunk inputs, size: 512 (num 4)
chunk inputs, size: 512 (num 4)
chunk inputs, size: 512 (num 2)
ratio 0.80 (pair), 0.1 GB (evict 59052 pairs)
  r=0.8 ours_predict_next peak= 8.495GB acc=0.00 hr=0.8 fb=1999 segs=1
chunk inputs, size: 512 (num 4)
chunk inputs, size: 512 (num 3)
chunk inputs, size: 512 (num 3)
ratio 0.80 (pair), 0.2 GB (evict 85806 pairs)
  r=0.8 ours_combine     peak= 8.498GB acc=1.00 hr=0.8 fb=1999 segs=1
chunk inputs, size: 512 (num 4)
ratio 1.00 (pair), 0.3 GB (evict 0 pairs)
  r=1.0 kvzip            peak= 9.769GB acc=1.00 hr=1.0 fb=None segs=None
chunk inputs, size: 512 (num 4)
chunk inputs, size: 512 (num 4)
ratio 1.00 (pair), 0.3 GB (evict 0 pairs)
  r=1.0 ours             peak= 8.538GB acc=1.00 hr=1.0 fb=1999 segs=0
chunk inputs, size: 512 (num 4)
chunk inputs, size: 512 (num 4)
chunk inputs, size: 512 (num 4)
ratio 1.00 (pair), 0.3 GB (evict 0 pairs)
  r=1.0 ours_predict_next peak= 8.500GB acc=1.00 hr=1.0 fb=1999 segs=0
chunk inputs, size: 512 (num 4)
chunk inputs, size: 512 (num 4)
chunk inputs, size: 512 (num 4)
chunk inputs, size: 512 (num 4)
ratio 1.00 (pair), 0.3 GB (evict 0 pairs)
  r=1.0 ours_combine     peak= 8.535GB acc=1.00 hr=1.0 fb=1999 segs=0
insertion at 1544
================================================================================ 
[ctx_len=2000 depth=80% q=0.8 true_len=1999]
chunk inputs, size: 512 (num 4)
ratio 0.00 (pair), 0.0 GB (evict 575712 pairs)
  r=0.0 kvzip            peak= 9.769GB acc=0.00 hr=0.0 fb=None segs=None
chunk inputs, size: 512 (num 4)
chunk inputs, size: 512 (num 2)
chunk inputs, size: 512 (num 2)
ratio 0.00 (pair), 0.0 GB (evict 18432 pairs)
  r=0.0 ours             peak= 8.391GB acc=0.00 hr=0.0 fb=64 segs=1
chunk inputs, size: 512 (num 4)
ratio 0.00 (pair), 0.0 GB (evict 18432 pairs)
  r=0.0 ours_predict_next peak= 8.435GB acc=0.00 hr=0.0 fb=64 segs=1
chunk inputs, size: 512 (num 4)
chunk inputs, size: 512 (num 2)
chunk inputs, size: 512 (num 2)
chunk inputs, size: 512 (num 2)
ratio 0.00 (pair), 0.0 GB (evict 18432 pairs)
  r=0.0 ours_combine     peak= 8.425GB acc=0.00 hr=0.0 fb=64 segs=1
chunk inputs, size: 512 (num 4)
ratio 0.20 (pair), 0.1 GB (evict 460594 pairs)
  r=0.2 kvzip            peak= 9.769GB acc=1.00 hr=0.2 fb=None segs=None
chunk inputs, size: 512 (num 4)
chunk inputs, size: 512 (num 2)
chunk inputs, size: 512 (num 2)
ratio 0.50 (pair), 0.1 GB (evict 115349 pairs)
  r=0.2 ours             peak= 8.445GB acc=1.00 hr=0.5 fb=800 segs=1
chunk inputs, size: 512 (num 4)
chunk inputs, size: 512 (num 2)
ratio 0.50 (pair), 0.1 GB (evict 115313 pairs)
  r=0.2 ours_predict_next peak= 8.435GB acc=1.00 hr=0.5 fb=800 segs=1
chunk inputs, size: 512 (num 4)
chunk inputs, size: 512 (num 2)
chunk inputs, size: 512 (num 2)
chunk inputs, size: 512 (num 2)
chunk inputs, size: 512 (num 2)
ratio 0.50 (pair), 0.1 GB (evict 115278 pairs)
  r=0.2 ours_combine     peak= 8.442GB acc=1.00 hr=0.5 fb=800 segs=1
chunk inputs, size: 512 (num 4)
ratio 0.40 (pair), 0.1 GB (evict 345664 pairs)
  r=0.4 kvzip            peak= 9.769GB acc=1.00 hr=0.4 fb=None segs=None
chunk inputs, size: 512 (num 4)
chunk inputs, size: 512 (num 2)
chunk inputs, size: 512 (num 2)
ratio 0.50 (pair), 0.1 GB (evict 230588 pairs)
  r=0.4 ours             peak= 8.500GB acc=1.00 hr=0.5 fb=1599 segs=1
chunk inputs, size: 512 (num 4)
chunk inputs, size: 512 (num 3)
ratio 0.50 (pair), 0.1 GB (evict 184824 pairs)
  r=0.4 ours_predict_next peak= 8.435GB acc=1.00 hr=0.5 fb=1599 segs=1
chunk inputs, size: 512 (num 4)
chunk inputs, size: 512 (num 2)
chunk inputs, size: 512 (num 2)
chunk inputs, size: 512 (num 2)
chunk inputs, size: 512 (num 4)
ratio 0.50 (pair), 0.1 GB (evict 230284 pairs)
  r=0.4 ours_combine     peak= 8.499GB acc=1.00 hr=0.5 fb=1599 segs=1
chunk inputs, size: 512 (num 4)
ratio 0.60 (pair), 0.2 GB (evict 230549 pairs)
  r=0.6 kvzip            peak= 9.769GB acc=1.00 hr=0.6 fb=None segs=None
chunk inputs, size: 512 (num 4)
chunk inputs, size: 512 (num 3)
ratio 0.60 (pair), 0.1 GB (evict 171386 pairs)
  r=0.6 ours             peak= 8.469GB acc=1.00 hr=0.6 fb=1999 segs=1
chunk inputs, size: 512 (num 4)
chunk inputs, size: 512 (num 4)
chunk inputs, size: 512 (num 2)
ratio 0.60 (pair), 0.1 GB (evict 118011 pairs)
  r=0.6 ours_predict_next peak= 8.480GB acc=1.00 hr=0.6 fb=1999 segs=1
chunk inputs, size: 512 (num 4)
chunk inputs, size: 512 (num 3)
chunk inputs, size: 512 (num 3)
ratio 0.60 (pair), 0.1 GB (evict 171537 pairs)
  r=0.6 ours_combine     peak= 8.498GB acc=1.00 hr=0.6 fb=1999 segs=1
chunk inputs, size: 512 (num 4)
ratio 0.80 (pair), 0.2 GB (evict 115641 pairs)
  r=0.8 kvzip            peak= 9.769GB acc=1.00 hr=0.8 fb=None segs=None
chunk inputs, size: 512 (num 4)
chunk inputs, size: 512 (num 3)
ratio 0.80 (pair), 0.2 GB (evict 86028 pairs)
  r=0.8 ours             peak= 8.469GB acc=1.00 hr=0.8 fb=1999 segs=1
chunk inputs, size: 512 (num 4)
chunk inputs, size: 512 (num 4)
chunk inputs, size: 512 (num 2)
ratio 0.80 (pair), 0.1 GB (evict 59010 pairs)
  r=0.8 ours_predict_next peak= 8.480GB acc=1.00 hr=0.8 fb=1999 segs=1
chunk inputs, size: 512 (num 4)
chunk inputs, size: 512 (num 3)
chunk inputs, size: 512 (num 3)
ratio 0.80 (pair), 0.2 GB (evict 85809 pairs)
  r=0.8 ours_combine     peak= 8.498GB acc=1.00 hr=0.8 fb=1999 segs=1
chunk inputs, size: 512 (num 4)
ratio 1.00 (pair), 0.3 GB (evict 0 pairs)
  r=1.0 kvzip            peak= 9.769GB acc=1.00 hr=1.0 fb=None segs=None
chunk inputs, size: 512 (num 4)
chunk inputs, size: 512 (num 4)
ratio 1.00 (pair), 0.3 GB (evict 0 pairs)
  r=1.0 ours             peak= 8.538GB acc=1.00 hr=1.0 fb=1999 segs=0
chunk inputs, size: 512 (num 4)
chunk inputs, size: 512 (num 4)
chunk inputs, size: 512 (num 4)
ratio 1.00 (pair), 0.2 GB (evict 0 pairs)
  r=1.0 ours_predict_next peak= 8.482GB acc=1.00 hr=1.0 fb=1999 segs=0
chunk inputs, size: 512 (num 4)
chunk inputs, size: 512 (num 4)
chunk inputs, size: 512 (num 4)
chunk inputs, size: 512 (num 4)
ratio 1.00 (pair), 0.3 GB (evict 0 pairs)
  r=1.0 ours_combine     peak= 8.535GB acc=1.00 hr=1.0 fb=1999 segs=0
insertion at 1759
================================================================================ 
[ctx_len=2000 depth=90% q=0.9 true_len=1999]
chunk inputs, size: 512 (num 4)
ratio 0.00 (pair), 0.0 GB (evict 575712 pairs)
  r=0.0 kvzip            peak= 9.769GB acc=0.00 hr=0.0 fb=None segs=None
chunk inputs, size: 512 (num 4)
chunk inputs, size: 512 (num 2)
chunk inputs, size: 512 (num 2)
ratio 0.00 (pair), 0.0 GB (evict 18432 pairs)
  r=0.0 ours             peak= 8.391GB acc=0.00 hr=0.0 fb=64 segs=1
chunk inputs, size: 512 (num 4)
ratio 0.00 (pair), 0.0 GB (evict 18432 pairs)
  r=0.0 ours_predict_next peak= 8.427GB acc=0.00 hr=0.0 fb=64 segs=1
chunk inputs, size: 512 (num 4)
chunk inputs, size: 512 (num 2)
chunk inputs, size: 512 (num 2)
chunk inputs, size: 512 (num 2)
ratio 0.00 (pair), 0.0 GB (evict 18432 pairs)
  r=0.0 ours_combine     peak= 8.425GB acc=0.00 hr=0.0 fb=64 segs=1
chunk inputs, size: 512 (num 4)
ratio 0.20 (pair), 0.1 GB (evict 460632 pairs)
  r=0.2 kvzip            peak= 9.769GB acc=1.00 hr=0.2 fb=None segs=None
chunk inputs, size: 512 (num 4)
chunk inputs, size: 512 (num 2)
chunk inputs, size: 512 (num 2)
ratio 0.50 (pair), 0.1 GB (evict 115336 pairs)
  r=0.2 ours             peak= 8.445GB acc=1.00 hr=0.5 fb=800 segs=1
chunk inputs, size: 512 (num 4)
chunk inputs, size: 512 (num 2)
ratio 0.50 (pair), 0.1 GB (evict 115275 pairs)
  r=0.2 ours_predict_next peak= 8.427GB acc=1.00 hr=0.5 fb=800 segs=1
chunk inputs, size: 512 (num 4)
chunk inputs, size: 512 (num 2)
chunk inputs, size: 512 (num 2)
chunk inputs, size: 512 (num 2)
chunk inputs, size: 512 (num 2)
ratio 0.50 (pair), 0.1 GB (evict 115267 pairs)
  r=0.2 ours_combine     peak= 8.442GB acc=1.00 hr=0.5 fb=800 segs=1
chunk inputs, size: 512 (num 4)
ratio 0.40 (pair), 0.1 GB (evict 345613 pairs)
  r=0.4 kvzip            peak= 9.769GB acc=1.00 hr=0.4 fb=None segs=None
chunk inputs, size: 512 (num 4)
chunk inputs, size: 512 (num 2)
chunk inputs, size: 512 (num 2)
ratio 0.50 (pair), 0.1 GB (evict 230676 pairs)
  r=0.4 ours             peak= 8.500GB acc=1.00 hr=0.5 fb=1599 segs=1
chunk inputs, size: 512 (num 4)
chunk inputs, size: 512 (num 3)
ratio 0.50 (pair), 0.1 GB (evict 184830 pairs)
  r=0.4 ours_predict_next peak= 8.433GB acc=1.00 hr=0.5 fb=1599 segs=1
chunk inputs, size: 512 (num 4)
chunk inputs, size: 512 (num 2)
chunk inputs, size: 512 (num 2)
chunk inputs, size: 512 (num 2)
chunk inputs, size: 512 (num 4)
ratio 0.50 (pair), 0.1 GB (evict 230589 pairs)
  r=0.4 ours_combine     peak= 8.499GB acc=1.00 hr=0.5 fb=1599 segs=1
chunk inputs, size: 512 (num 4)
ratio 0.60 (pair), 0.2 GB (evict 230570 pairs)
  r=0.6 kvzip            peak= 9.769GB acc=1.00 hr=0.6 fb=None segs=None
chunk inputs, size: 512 (num 4)
chunk inputs, size: 512 (num 3)
ratio 0.60 (pair), 0.1 GB (evict 171411 pairs)
  r=0.6 ours             peak= 8.469GB acc=1.00 hr=0.6 fb=1999 segs=1
chunk inputs, size: 512 (num 4)
chunk inputs, size: 512 (num 4)
chunk inputs, size: 512 (num 2)
ratio 0.60 (pair), 0.1 GB (evict 118135 pairs)
  r=0.6 ours_predict_next peak= 8.477GB acc=1.00 hr=0.6 fb=1999 segs=1
chunk inputs, size: 512 (num 4)
chunk inputs, size: 512 (num 3)
chunk inputs, size: 512 (num 3)
ratio 0.60 (pair), 0.1 GB (evict 171412 pairs)
  r=0.6 ours_combine     peak= 8.498GB acc=1.00 hr=0.6 fb=1999 segs=1
chunk inputs, size: 512 (num 4)
ratio 0.80 (pair), 0.2 GB (evict 115732 pairs)
  r=0.8 kvzip            peak= 9.769GB acc=1.00 hr=0.8 fb=None segs=None
chunk inputs, size: 512 (num 4)
chunk inputs, size: 512 (num 3)
ratio 0.80 (pair), 0.2 GB (evict 85893 pairs)
  r=0.8 ours             peak= 8.469GB acc=1.00 hr=0.8 fb=1999 segs=1
chunk inputs, size: 512 (num 4)
chunk inputs, size: 512 (num 4)
chunk inputs, size: 512 (num 2)
ratio 0.80 (pair), 0.1 GB (evict 59118 pairs)
  r=0.8 ours_predict_next peak= 8.477GB acc=1.00 hr=0.8 fb=1999 segs=1
chunk inputs, size: 512 (num 4)
chunk inputs, size: 512 (num 3)
chunk inputs, size: 512 (num 3)
ratio 0.80 (pair), 0.2 GB (evict 85726 pairs)
  r=0.8 ours_combine     peak= 8.498GB acc=1.00 hr=0.8 fb=1999 segs=1
chunk inputs, size: 512 (num 4)
ratio 1.00 (pair), 0.3 GB (evict 0 pairs)
  r=1.0 kvzip            peak= 9.769GB acc=1.00 hr=1.0 fb=None segs=None
chunk inputs, size: 512 (num 4)
chunk inputs, size: 512 (num 4)
ratio 1.00 (pair), 0.3 GB (evict 0 pairs)
  r=1.0 ours             peak= 8.538GB acc=1.00 hr=1.0 fb=1999 segs=0
chunk inputs, size: 512 (num 4)
chunk inputs, size: 512 (num 4)
chunk inputs, size: 512 (num 4)
ratio 1.00 (pair), 0.2 GB (evict 0 pairs)
  r=1.0 ours_predict_next peak= 8.483GB acc=1.00 hr=1.0 fb=1999 segs=0
chunk inputs, size: 512 (num 4)
chunk inputs, size: 512 (num 4)
chunk inputs, size: 512 (num 4)
chunk inputs, size: 512 (num 4)
ratio 1.00 (pair), 0.3 GB (evict 0 pairs)
  r=1.0 ours_combine     peak= 8.535GB acc=1.00 hr=1.0 fb=1999 segs=0
insertion at 1976
================================================================================ 
[ctx_len=2000 depth=100% q=1.0 true_len=2000]
chunk inputs, size: 512 (num 4)
ratio 0.00 (pair), 0.0 GB (evict 576000 pairs)
  r=0.0 kvzip            peak= 9.770GB acc=0.00 hr=0.0 fb=None segs=None
chunk inputs, size: 512 (num 4)
chunk inputs, size: 512 (num 2)
chunk inputs, size: 512 (num 2)
ratio 0.00 (pair), 0.0 GB (evict 18432 pairs)
  r=0.0 ours             peak= 8.391GB acc=0.00 hr=0.0 fb=64 segs=1
chunk inputs, size: 512 (num 4)
ratio 0.00 (pair), 0.0 GB (evict 18432 pairs)
  r=0.0 ours_predict_next peak= 8.433GB acc=0.00 hr=0.0 fb=64 segs=1
chunk inputs, size: 512 (num 4)
chunk inputs, size: 512 (num 2)
chunk inputs, size: 512 (num 2)
chunk inputs, size: 512 (num 2)
ratio 0.00 (pair), 0.0 GB (evict 18432 pairs)
  r=0.0 ours_combine     peak= 8.425GB acc=0.00 hr=0.0 fb=64 segs=1
chunk inputs, size: 512 (num 4)
ratio 0.20 (pair), 0.1 GB (evict 460841 pairs)
  r=0.2 kvzip            peak= 9.770GB acc=1.00 hr=0.2 fb=None segs=None
chunk inputs, size: 512 (num 4)
chunk inputs, size: 512 (num 2)
chunk inputs, size: 512 (num 2)
ratio 0.50 (pair), 0.1 GB (evict 115263 pairs)
  r=0.2 ours             peak= 8.441GB acc=1.00 hr=0.5 fb=800 segs=1
chunk inputs, size: 512 (num 4)
chunk inputs, size: 512 (num 2)
ratio 0.50 (pair), 0.1 GB (evict 115202 pairs)
  r=0.2 ours_predict_next peak= 8.433GB acc=0.00 hr=0.5 fb=800 segs=1
chunk inputs, size: 512 (num 4)
chunk inputs, size: 512 (num 2)
chunk inputs, size: 512 (num 2)
chunk inputs, size: 512 (num 2)
chunk inputs, size: 512 (num 2)
ratio 0.50 (pair), 0.1 GB (evict 115289 pairs)
  r=0.2 ours_combine     peak= 8.443GB acc=0.00 hr=0.5 fb=800 segs=1
chunk inputs, size: 512 (num 4)
ratio 0.40 (pair), 0.1 GB (evict 345713 pairs)
  r=0.4 kvzip            peak= 9.770GB acc=1.00 hr=0.4 fb=None segs=None
chunk inputs, size: 512 (num 4)
chunk inputs, size: 512 (num 2)
chunk inputs, size: 512 (num 2)
ratio 0.50 (pair), 0.1 GB (evict 230798 pairs)
  r=0.4 ours             peak= 8.499GB acc=1.00 hr=0.5 fb=1600 segs=1
chunk inputs, size: 512 (num 4)
chunk inputs, size: 512 (num 3)
ratio 0.50 (pair), 0.1 GB (evict 184852 pairs)
  r=0.4 ours_predict_next peak= 8.433GB acc=1.00 hr=0.5 fb=1600 segs=1
chunk inputs, size: 512 (num 4)
chunk inputs, size: 512 (num 2)
chunk inputs, size: 512 (num 2)
chunk inputs, size: 512 (num 2)
chunk inputs, size: 512 (num 4)
ratio 0.50 (pair), 0.1 GB (evict 230706 pairs)
  r=0.4 ours_combine     peak= 8.496GB acc=1.00 hr=0.5 fb=1600 segs=1
chunk inputs, size: 512 (num 4)
ratio 0.60 (pair), 0.2 GB (evict 230762 pairs)
  r=0.6 kvzip            peak= 9.770GB acc=1.00 hr=0.6 fb=None segs=None
chunk inputs, size: 512 (num 4)
chunk inputs, size: 512 (num 3)
ratio 0.60 (pair), 0.1 GB (evict 171607 pairs)
  r=0.6 ours             peak= 8.469GB acc=1.00 hr=0.6 fb=2000 segs=1
chunk inputs, size: 512 (num 4)
chunk inputs, size: 512 (num 4)
chunk inputs, size: 512 (num 2)
ratio 0.60 (pair), 0.1 GB (evict 117974 pairs)
  r=0.6 ours_predict_next peak= 8.476GB acc=1.00 hr=0.6 fb=2000 segs=1
chunk inputs, size: 512 (num 4)
chunk inputs, size: 512 (num 3)
chunk inputs, size: 512 (num 3)
ratio 0.60 (pair), 0.1 GB (evict 171611 pairs)
  r=0.6 ours_combine     peak= 8.500GB acc=1.00 hr=0.6 fb=2000 segs=1
chunk inputs, size: 512 (num 4)
ratio 0.80 (pair), 0.2 GB (evict 115477 pairs)
  r=0.8 kvzip            peak= 9.770GB acc=1.00 hr=0.8 fb=None segs=None
chunk inputs, size: 512 (num 4)
chunk inputs, size: 512 (num 3)
ratio 0.80 (pair), 0.2 GB (evict 86055 pairs)
  r=0.8 ours             peak= 8.469GB acc=1.00 hr=0.8 fb=2000 segs=1
chunk inputs, size: 512 (num 4)
chunk inputs, size: 512 (num 4)
chunk inputs, size: 512 (num 2)
ratio 0.80 (pair), 0.1 GB (evict 59015 pairs)
  r=0.8 ours_predict_next peak= 8.476GB acc=1.00 hr=0.8 fb=2000 segs=1
chunk inputs, size: 512 (num 4)
chunk inputs, size: 512 (num 3)
chunk inputs, size: 512 (num 3)
ratio 0.80 (pair), 0.2 GB (evict 85870 pairs)
  r=0.8 ours_combine     peak= 8.500GB acc=1.00 hr=0.8 fb=2000 segs=1
chunk inputs, size: 512 (num 4)
ratio 1.00 (pair), 0.3 GB (evict 0 pairs)
  r=1.0 kvzip            peak= 9.770GB acc=1.00 hr=1.0 fb=None segs=None
chunk inputs, size: 512 (num 4)
chunk inputs, size: 512 (num 4)
ratio 1.00 (pair), 0.3 GB (evict 0 pairs)
  r=1.0 ours             peak= 8.531GB acc=1.00 hr=1.0 fb=2000 segs=0
chunk inputs, size: 512 (num 4)
chunk inputs, size: 512 (num 4)
chunk inputs, size: 512 (num 4)
ratio 1.00 (pair), 0.2 GB (evict 0 pairs)
  r=1.0 ours_predict_next peak= 8.481GB acc=1.00 hr=1.0 fb=2000 segs=0
chunk inputs, size: 512 (num 4)
chunk inputs, size: 512 (num 4)
chunk inputs, size: 512 (num 4)
chunk inputs, size: 512 (num 4)
ratio 1.00 (pair), 0.3 GB (evict 0 pairs)
  r=1.0 ours_combine     peak= 8.538GB acc=1.00 hr=1.0 fb=2000 segs=0
insertion at 0
================================================================================ 
[ctx_len=8000 depth=0% q=0.0 true_len=7999]
chunk inputs, size: 512 (num 16)
chunk inputs, size: 2000 (num 4)
ratio 0.00 (pair), 0.0 GB (evict 2303712 pairs)
  r=0.0 kvzip            peak=10.674GB acc=0.00 hr=0.0 fb=None segs=None
chunk inputs, size: 512 (num 16)
chunk inputs, size: 512 (num 2)
chunk inputs, size: 512 (num 2)
chunk inputs, size: 512 (num 2)
chunk inputs, size: 512 (num 2)
chunk inputs, size: 512 (num 2)
chunk inputs, size: 512 (num 2)
chunk inputs, size: 512 (num 2)
chunk inputs, size: 512 (num 2)
ratio 0.00 (pair), 0.0 GB (evict 18432 pairs)
  r=0.0 ours             peak= 8.417GB acc=0.00 hr=0.0 fb=64 segs=7
chunk inputs, size: 512 (num 16)
ratio 0.00 (pair), 0.0 GB (evict 18432 pairs)
  r=0.0 ours_predict_next peak= 8.492GB acc=0.00 hr=0.0 fb=64 segs=5
chunk inputs, size: 512 (num 16)
chunk inputs, size: 512 (num 2)
chunk inputs, size: 512 (num 2)
chunk inputs, size: 512 (num 2)
chunk inputs, size: 512 (num 2)
chunk inputs, size: 512 (num 2)
chunk inputs, size: 512 (num 2)
chunk inputs, size: 512 (num 2)
chunk inputs, size: 512 (num 2)
chunk inputs, size: 512 (num 2)
ratio 0.00 (pair), 0.0 GB (evict 18432 pairs)
  r=0.0 ours_combine     peak= 8.429GB acc=0.00 hr=0.0 fb=64 segs=7
chunk inputs, size: 512 (num 16)
chunk inputs, size: 2000 (num 4)
ratio 0.20 (pair), 0.2 GB (evict 1843315 pairs)
  r=0.2 kvzip            peak=10.674GB acc=1.00 hr=0.2 fb=None segs=None
chunk inputs, size: 512 (num 16)
chunk inputs, size: 512 (num 2)
chunk inputs, size: 512 (num 2)
chunk inputs, size: 512 (num 2)
chunk inputs, size: 512 (num 2)
chunk inputs, size: 512 (num 2)
chunk inputs, size: 512 (num 2)
chunk inputs, size: 512 (num 2)
chunk inputs, size: 512 (num 2)
ratio 0.50 (pair), 0.2 GB (evict 461504 pairs)
  r=0.2 ours             peak= 8.775GB acc=1.00 hr=0.5 fb=3200 segs=7
chunk inputs, size: 512 (num 16)
chunk inputs, size: 512 (num 3)
chunk inputs, size: 512 (num 5)
ratio 0.50 (pair), 0.2 GB (evict 295218 pairs)
  r=0.2 ours_predict_next peak= 8.672GB acc=1.00 hr=0.5 fb=3200 segs=5
chunk inputs, size: 512 (num 16)
chunk inputs, size: 512 (num 2)
chunk inputs, size: 512 (num 2)
chunk inputs, size: 512 (num 2)
chunk inputs, size: 512 (num 2)
chunk inputs, size: 512 (num 2)
chunk inputs, size: 512 (num 2)
chunk inputs, size: 512 (num 2)
chunk inputs, size: 512 (num 2)
chunk inputs, size: 512 (num 2)
chunk inputs, size: 512 (num 7)
ratio 0.50 (pair), 0.2 GB (evict 461460 pairs)
  r=0.2 ours_combine     peak= 8.775GB acc=1.00 hr=0.5 fb=3200 segs=7
chunk inputs, size: 512 (num 16)
chunk inputs, size: 2000 (num 4)
ratio 0.40 (pair), 0.5 GB (evict 1383081 pairs)
  r=0.4 kvzip            peak=10.674GB acc=1.00 hr=0.4 fb=None segs=None
chunk inputs, size: 512 (num 16)
chunk inputs, size: 512 (num 2)
chunk inputs, size: 512 (num 2)
chunk inputs, size: 512 (num 2)
chunk inputs, size: 512 (num 2)
chunk inputs, size: 512 (num 2)
chunk inputs, size: 512 (num 2)
chunk inputs, size: 512 (num 2)
chunk inputs, size: 512 (num 2)
ratio 0.50 (pair), 0.5 GB (evict 922489 pairs)
  r=0.4 ours             peak= 9.198GB acc=1.00 hr=0.5 fb=6399 segs=7
chunk inputs, size: 512 (num 16)
chunk inputs, size: 512 (num 9)
ratio 0.50 (pair), 0.3 GB (evict 636348 pairs)
  r=0.4 ours_predict_next peak= 8.887GB acc=1.00 hr=0.5 fb=6399 segs=5
chunk inputs, size: 512 (num 16)
chunk inputs, size: 512 (num 2)
chunk inputs, size: 512 (num 2)
chunk inputs, size: 512 (num 2)
chunk inputs, size: 512 (num 2)
chunk inputs, size: 512 (num 2)
chunk inputs, size: 512 (num 2)
chunk inputs, size: 512 (num 2)
chunk inputs, size: 512 (num 2)
chunk inputs, size: 512 (num 2)
chunk inputs, size: 512 (num 13)
ratio 0.50 (pair), 0.5 GB (evict 921975 pairs)
  r=0.4 ours_combine     peak= 9.198GB acc=1.00 hr=0.5 fb=6399 segs=7
chunk inputs, size: 512 (num 16)
chunk inputs, size: 2000 (num 4)
ratio 0.60 (pair), 0.7 GB (evict 922419 pairs)
  r=0.6 kvzip            peak=10.674GB acc=1.00 hr=0.6 fb=None segs=None
chunk inputs, size: 512 (num 16)
chunk inputs, size: 512 (num 3)
chunk inputs, size: 512 (num 3)
chunk inputs, size: 512 (num 3)
chunk inputs, size: 512 (num 3)
chunk inputs, size: 512 (num 3)
ratio 0.60 (pair), 0.5 GB (evict 626598 pairs)
  r=0.6 ours             peak= 9.073GB acc=1.00 hr=0.6 fb=7999 segs=5
chunk inputs, size: 512 (num 16)
chunk inputs, size: 512 (num 3)
chunk inputs, size: 512 (num 9)
ratio 0.60 (pair), 0.4 GB (evict 509936 pairs)
  r=0.6 ours_predict_next peak= 8.889GB acc=1.00 hr=0.6 fb=7999 segs=3
chunk inputs, size: 512 (num 16)
chunk inputs, size: 512 (num 3)
chunk inputs, size: 512 (num 3)
chunk inputs, size: 512 (num 3)
chunk inputs, size: 512 (num 3)
chunk inputs, size: 512 (num 3)
chunk inputs, size: 512 (num 11)
ratio 0.60 (pair), 0.5 GB (evict 627175 pairs)
  r=0.6 ours_combine     peak= 9.067GB acc=1.00 hr=0.6 fb=7999 segs=5
chunk inputs, size: 512 (num 16)
chunk inputs, size: 2000 (num 4)
ratio 0.80 (pair), 0.9 GB (evict 461321 pairs)
  r=0.8 kvzip            peak=10.674GB acc=1.00 hr=0.8 fb=None segs=None
chunk inputs, size: 512 (num 16)
chunk inputs, size: 512 (num 3)
chunk inputs, size: 512 (num 3)
chunk inputs, size: 512 (num 3)
chunk inputs, size: 512 (num 3)
chunk inputs, size: 512 (num 3)
ratio 0.80 (pair), 0.6 GB (evict 313758 pairs)
  r=0.8 ours             peak= 9.073GB acc=1.00 hr=0.8 fb=7999 segs=5
chunk inputs, size: 512 (num 16)
chunk inputs, size: 512 (num 3)
chunk inputs, size: 512 (num 9)
ratio 0.80 (pair), 0.5 GB (evict 255637 pairs)
  r=0.8 ours_predict_next peak= 8.889GB acc=1.00 hr=0.8 fb=7999 segs=3
chunk inputs, size: 512 (num 16)
chunk inputs, size: 512 (num 3)
chunk inputs, size: 512 (num 3)
chunk inputs, size: 512 (num 3)
chunk inputs, size: 512 (num 3)
chunk inputs, size: 512 (num 3)
chunk inputs, size: 512 (num 11)
ratio 0.80 (pair), 0.6 GB (evict 313378 pairs)
  r=0.8 ours_combine     peak= 9.067GB acc=1.00 hr=0.8 fb=7999 segs=5
chunk inputs, size: 512 (num 16)
chunk inputs, size: 2000 (num 4)
ratio 1.00 (pair), 1.2 GB (evict 0 pairs)
  r=1.0 kvzip            peak=10.674GB acc=1.00 hr=1.0 fb=None segs=None
chunk inputs, size: 512 (num 16)
chunk inputs, size: 512 (num 16)
ratio 1.00 (pair), 1.2 GB (evict 0 pairs)
  r=1.0 ours             peak= 9.417GB acc=1.00 hr=1.0 fb=7999 segs=0
chunk inputs, size: 512 (num 16)
chunk inputs, size: 512 (num 13)
chunk inputs, size: 512 (num 13)
ratio 1.00 (pair), 0.9 GB (evict 0 pairs)
  r=1.0 ours_predict_next peak= 9.162GB acc=1.00 hr=1.0 fb=7999 segs=0
chunk inputs, size: 512 (num 16)
chunk inputs, size: 512 (num 16)
chunk inputs, size: 512 (num 16)
chunk inputs, size: 512 (num 16)
ratio 1.00 (pair), 1.2 GB (evict 0 pairs)
  r=1.0 ours_combine     peak= 9.416GB acc=1.00 hr=1.0 fb=7999 segs=0
insertion at 788
================================================================================ 
[ctx_len=8000 depth=10% q=0.1 true_len=7999]
chunk inputs, size: 512 (num 16)
chunk inputs, size: 2000 (num 4)
ratio 0.00 (pair), 0.0 GB (evict 2303712 pairs)
  r=0.0 kvzip            peak=10.674GB acc=0.00 hr=0.0 fb=None segs=None
chunk inputs, size: 512 (num 16)
chunk inputs, size: 512 (num 2)
chunk inputs, size: 512 (num 2)
chunk inputs, size: 512 (num 2)
chunk inputs, size: 512 (num 2)
chunk inputs, size: 512 (num 2)
chunk inputs, size: 512 (num 2)
chunk inputs, size: 512 (num 2)
chunk inputs, size: 512 (num 2)
ratio 0.00 (pair), 0.0 GB (evict 18432 pairs)
  r=0.0 ours             peak= 8.417GB acc=0.00 hr=0.0 fb=64 segs=7
chunk inputs, size: 512 (num 16)
ratio 0.00 (pair), 0.0 GB (evict 18432 pairs)
  r=0.0 ours_predict_next peak= 8.495GB acc=0.00 hr=0.0 fb=64 segs=5
chunk inputs, size: 512 (num 16)
chunk inputs, size: 512 (num 2)
chunk inputs, size: 512 (num 2)
chunk inputs, size: 512 (num 2)
chunk inputs, size: 512 (num 2)
chunk inputs, size: 512 (num 2)
chunk inputs, size: 512 (num 2)
chunk inputs, size: 512 (num 2)
chunk inputs, size: 512 (num 2)
chunk inputs, size: 512 (num 2)
ratio 0.00 (pair), 0.0 GB (evict 18432 pairs)
  r=0.0 ours_combine     peak= 8.429GB acc=0.00 hr=0.0 fb=64 segs=7
chunk inputs, size: 512 (num 16)
chunk inputs, size: 2000 (num 4)
ratio 0.20 (pair), 0.2 GB (evict 1843385 pairs)
  r=0.2 kvzip            peak=10.674GB acc=1.00 hr=0.2 fb=None segs=None
chunk inputs, size: 512 (num 16)
chunk inputs, size: 512 (num 2)
chunk inputs, size: 512 (num 2)
chunk inputs, size: 512 (num 2)
chunk inputs, size: 512 (num 2)
chunk inputs, size: 512 (num 2)
chunk inputs, size: 512 (num 2)
chunk inputs, size: 512 (num 2)
chunk inputs, size: 512 (num 2)
ratio 0.50 (pair), 0.2 GB (evict 461422 pairs)
  r=0.2 ours             peak= 8.775GB acc=1.00 hr=0.5 fb=3200 segs=7
chunk inputs, size: 512 (num 16)
chunk inputs, size: 512 (num 5)
ratio 0.50 (pair), 0.2 GB (evict 341285 pairs)
  r=0.2 ours_predict_next peak= 8.649GB acc=0.00 hr=0.5 fb=3200 segs=5
chunk inputs, size: 512 (num 16)
chunk inputs, size: 512 (num 2)
chunk inputs, size: 512 (num 2)
chunk inputs, size: 512 (num 2)
chunk inputs, size: 512 (num 2)
chunk inputs, size: 512 (num 2)
chunk inputs, size: 512 (num 2)
chunk inputs, size: 512 (num 2)
chunk inputs, size: 512 (num 2)
chunk inputs, size: 512 (num 2)
chunk inputs, size: 512 (num 7)
ratio 0.50 (pair), 0.2 GB (evict 460880 pairs)
  r=0.2 ours_combine     peak= 8.775GB acc=0.00 hr=0.5 fb=3200 segs=7
chunk inputs, size: 512 (num 16)
chunk inputs, size: 2000 (num 4)
ratio 0.40 (pair), 0.5 GB (evict 1382655 pairs)
  r=0.4 kvzip            peak=10.674GB acc=1.00 hr=0.4 fb=None segs=None
chunk inputs, size: 512 (num 16)
chunk inputs, size: 512 (num 2)
chunk inputs, size: 512 (num 2)
chunk inputs, size: 512 (num 2)
chunk inputs, size: 512 (num 2)
chunk inputs, size: 512 (num 2)
chunk inputs, size: 512 (num 2)
chunk inputs, size: 512 (num 2)
chunk inputs, size: 512 (num 2)
ratio 0.50 (pair), 0.5 GB (evict 921777 pairs)
  r=0.4 ours             peak= 9.198GB acc=1.00 hr=0.5 fb=6399 segs=7
chunk inputs, size: 512 (num 16)
chunk inputs, size: 512 (num 9)
ratio 0.50 (pair), 0.3 GB (evict 635746 pairs)
  r=0.4 ours_predict_next peak= 8.887GB acc=0.00 hr=0.5 fb=6399 segs=5
chunk inputs, size: 512 (num 16)
chunk inputs, size: 512 (num 2)
chunk inputs, size: 512 (num 2)
chunk inputs, size: 512 (num 2)
chunk inputs, size: 512 (num 2)
chunk inputs, size: 512 (num 2)
chunk inputs, size: 512 (num 2)
chunk inputs, size: 512 (num 2)
chunk inputs, size: 512 (num 2)
chunk inputs, size: 512 (num 2)
chunk inputs, size: 512 (num 13)
ratio 0.50 (pair), 0.5 GB (evict 921618 pairs)
  r=0.4 ours_combine     peak= 9.198GB acc=1.00 hr=0.5 fb=6399 segs=7
chunk inputs, size: 512 (num 16)
chunk inputs, size: 2000 (num 4)
ratio 0.60 (pair), 0.7 GB (evict 922713 pairs)
  r=0.6 kvzip            peak=10.674GB acc=1.00 hr=0.6 fb=None segs=None
chunk inputs, size: 512 (num 16)
chunk inputs, size: 512 (num 3)
chunk inputs, size: 512 (num 3)
chunk inputs, size: 512 (num 3)
chunk inputs, size: 512 (num 3)
chunk inputs, size: 512 (num 3)
ratio 0.60 (pair), 0.5 GB (evict 627009 pairs)
  r=0.6 ours             peak= 9.073GB acc=1.00 hr=0.6 fb=7999 segs=5
chunk inputs, size: 512 (num 16)
chunk inputs, size: 512 (num 3)
chunk inputs, size: 512 (num 9)
ratio 0.60 (pair), 0.4 GB (evict 509766 pairs)
  r=0.6 ours_predict_next peak= 8.887GB acc=0.00 hr=0.6 fb=7999 segs=3
chunk inputs, size: 512 (num 16)
chunk inputs, size: 512 (num 3)
chunk inputs, size: 512 (num 3)
chunk inputs, size: 512 (num 3)
chunk inputs, size: 512 (num 3)
chunk inputs, size: 512 (num 3)
chunk inputs, size: 512 (num 11)
ratio 0.60 (pair), 0.5 GB (evict 627345 pairs)
  r=0.6 ours_combine     peak= 9.067GB acc=1.00 hr=0.6 fb=7999 segs=5
chunk inputs, size: 512 (num 16)
chunk inputs, size: 2000 (num 4)
ratio 0.80 (pair), 0.9 GB (evict 461875 pairs)
  r=0.8 kvzip            peak=10.674GB acc=1.00 hr=0.8 fb=None segs=None
chunk inputs, size: 512 (num 16)
chunk inputs, size: 512 (num 3)
chunk inputs, size: 512 (num 3)
chunk inputs, size: 512 (num 3)
chunk inputs, size: 512 (num 3)
chunk inputs, size: 512 (num 3)
ratio 0.80 (pair), 0.6 GB (evict 313491 pairs)
  r=0.8 ours             peak= 9.073GB acc=1.00 hr=0.8 fb=7999 segs=5
chunk inputs, size: 512 (num 16)
chunk inputs, size: 512 (num 3)
chunk inputs, size: 512 (num 9)
ratio 0.80 (pair), 0.5 GB (evict 254478 pairs)
  r=0.8 ours_predict_next peak= 8.887GB acc=0.00 hr=0.8 fb=7999 segs=3
chunk inputs, size: 512 (num 16)
chunk inputs, size: 512 (num 3)
chunk inputs, size: 512 (num 3)
chunk inputs, size: 512 (num 3)
chunk inputs, size: 512 (num 3)
chunk inputs, size: 512 (num 3)
chunk inputs, size: 512 (num 11)
ratio 0.80 (pair), 0.6 GB (evict 314031 pairs)
  r=0.8 ours_combine     peak= 9.067GB acc=1.00 hr=0.8 fb=7999 segs=5
chunk inputs, size: 512 (num 16)
chunk inputs, size: 2000 (num 4)
ratio 1.00 (pair), 1.2 GB (evict 0 pairs)
  r=1.0 kvzip            peak=10.674GB acc=1.00 hr=1.0 fb=None segs=None
chunk inputs, size: 512 (num 16)
chunk inputs, size: 512 (num 16)
ratio 1.00 (pair), 1.2 GB (evict 0 pairs)
  r=1.0 ours             peak= 9.417GB acc=1.00 hr=1.0 fb=7999 segs=0
chunk inputs, size: 512 (num 16)
chunk inputs, size: 512 (num 13)
chunk inputs, size: 512 (num 13)
ratio 1.00 (pair), 0.9 GB (evict 0 pairs)
  r=1.0 ours_predict_next peak= 9.161GB acc=0.50 hr=1.0 fb=7999 segs=0
chunk inputs, size: 512 (num 16)
chunk inputs, size: 512 (num 16)
chunk inputs, size: 512 (num 16)
chunk inputs, size: 512 (num 16)
ratio 1.00 (pair), 1.2 GB (evict 0 pairs)
  r=1.0 ours_combine     peak= 9.416GB acc=1.00 hr=1.0 fb=7999 segs=0
insertion at 1584
================================================================================ 
[ctx_len=8000 depth=20% q=0.2 true_len=7999]
chunk inputs, size: 512 (num 16)
chunk inputs, size: 2000 (num 4)
ratio 0.00 (pair), 0.0 GB (evict 2303712 pairs)
  r=0.0 kvzip            peak=10.674GB acc=0.00 hr=0.0 fb=None segs=None
chunk inputs, size: 512 (num 16)
chunk inputs, size: 512 (num 2)
chunk inputs, size: 512 (num 2)
chunk inputs, size: 512 (num 2)
chunk inputs, size: 512 (num 2)
chunk inputs, size: 512 (num 2)
chunk inputs, size: 512 (num 2)
chunk inputs, size: 512 (num 2)
chunk inputs, size: 512 (num 2)
ratio 0.00 (pair), 0.0 GB (evict 18432 pairs)
  r=0.0 ours             peak= 8.417GB acc=0.00 hr=0.0 fb=64 segs=7
chunk inputs, size: 512 (num 16)
ratio 0.00 (pair), 0.0 GB (evict 18432 pairs)
  r=0.0 ours_predict_next peak= 8.495GB acc=0.00 hr=0.0 fb=64 segs=5
chunk inputs, size: 512 (num 16)
chunk inputs, size: 512 (num 2)
chunk inputs, size: 512 (num 2)
chunk inputs, size: 512 (num 2)
chunk inputs, size: 512 (num 2)
chunk inputs, size: 512 (num 2)
chunk inputs, size: 512 (num 2)
chunk inputs, size: 512 (num 2)
chunk inputs, size: 512 (num 2)
chunk inputs, size: 512 (num 2)
ratio 0.00 (pair), 0.0 GB (evict 18432 pairs)
  r=0.0 ours_combine     peak= 8.429GB acc=0.00 hr=0.0 fb=64 segs=7
chunk inputs, size: 512 (num 16)
chunk inputs, size: 2000 (num 4)
ratio 0.20 (pair), 0.2 GB (evict 1843750 pairs)
  r=0.2 kvzip            peak=10.674GB acc=1.00 hr=0.2 fb=None segs=None
chunk inputs, size: 512 (num 16)
chunk inputs, size: 512 (num 2)
chunk inputs, size: 512 (num 2)
chunk inputs, size: 512 (num 2)
chunk inputs, size: 512 (num 2)
chunk inputs, size: 512 (num 2)
chunk inputs, size: 512 (num 2)
chunk inputs, size: 512 (num 2)
chunk inputs, size: 512 (num 2)
ratio 0.50 (pair), 0.2 GB (evict 461491 pairs)
  r=0.2 ours             peak= 8.775GB acc=0.50 hr=0.5 fb=3200 segs=7
chunk inputs, size: 512 (num 16)
chunk inputs, size: 512 (num 5)
ratio 0.50 (pair), 0.2 GB (evict 341499 pairs)
  r=0.2 ours_predict_next peak= 8.647GB acc=1.00 hr=0.5 fb=3200 segs=5
chunk inputs, size: 512 (num 16)
chunk inputs, size: 512 (num 2)
chunk inputs, size: 512 (num 2)
chunk inputs, size: 512 (num 2)
chunk inputs, size: 512 (num 2)
chunk inputs, size: 512 (num 2)
chunk inputs, size: 512 (num 2)
chunk inputs, size: 512 (num 2)
chunk inputs, size: 512 (num 2)
chunk inputs, size: 512 (num 2)
chunk inputs, size: 512 (num 7)
ratio 0.50 (pair), 0.2 GB (evict 461068 pairs)
  r=0.2 ours_combine     peak= 8.775GB acc=0.50 hr=0.5 fb=3200 segs=7
chunk inputs, size: 512 (num 16)
chunk inputs, size: 2000 (num 4)
ratio 0.40 (pair), 0.5 GB (evict 1382954 pairs)
  r=0.4 kvzip            peak=10.674GB acc=1.00 hr=0.4 fb=None segs=None
chunk inputs, size: 512 (num 16)
chunk inputs, size: 512 (num 2)
chunk inputs, size: 512 (num 2)
chunk inputs, size: 512 (num 2)
chunk inputs, size: 512 (num 2)
chunk inputs, size: 512 (num 2)
chunk inputs, size: 512 (num 2)
chunk inputs, size: 512 (num 2)
chunk inputs, size: 512 (num 2)
ratio 0.50 (pair), 0.5 GB (evict 921858 pairs)
  r=0.4 ours             peak= 9.198GB acc=1.00 hr=0.5 fb=6399 segs=7
chunk inputs, size: 512 (num 16)
chunk inputs, size: 512 (num 9)
ratio 0.50 (pair), 0.3 GB (evict 636160 pairs)
  r=0.4 ours_predict_next peak= 8.887GB acc=0.50 hr=0.5 fb=6399 segs=5
chunk inputs, size: 512 (num 16)
chunk inputs, size: 512 (num 2)
chunk inputs, size: 512 (num 2)
chunk inputs, size: 512 (num 2)
chunk inputs, size: 512 (num 2)
chunk inputs, size: 512 (num 2)
chunk inputs, size: 512 (num 2)
chunk inputs, size: 512 (num 2)
chunk inputs, size: 512 (num 2)
chunk inputs, size: 512 (num 2)
chunk inputs, size: 512 (num 13)
ratio 0.50 (pair), 0.5 GB (evict 921569 pairs)
  r=0.4 ours_combine     peak= 9.198GB acc=1.00 hr=0.5 fb=6399 segs=7
chunk inputs, size: 512 (num 16)
chunk inputs, size: 2000 (num 4)
ratio 0.60 (pair), 0.7 GB (evict 921807 pairs)
  r=0.6 kvzip            peak=10.674GB acc=1.00 hr=0.6 fb=None segs=None
chunk inputs, size: 512 (num 16)
chunk inputs, size: 512 (num 3)
chunk inputs, size: 512 (num 3)
chunk inputs, size: 512 (num 3)
chunk inputs, size: 512 (num 3)
chunk inputs, size: 512 (num 3)
ratio 0.60 (pair), 0.5 GB (evict 627369 pairs)
  r=0.6 ours             peak= 9.073GB acc=1.00 hr=0.6 fb=7999 segs=5
chunk inputs, size: 512 (num 16)
chunk inputs, size: 512 (num 3)
chunk inputs, size: 512 (num 9)
ratio 0.60 (pair), 0.4 GB (evict 510797 pairs)
  r=0.6 ours_predict_next peak= 8.889GB acc=1.00 hr=0.6 fb=7999 segs=3
chunk inputs, size: 512 (num 16)
chunk inputs, size: 512 (num 3)
chunk inputs, size: 512 (num 3)
chunk inputs, size: 512 (num 3)
chunk inputs, size: 512 (num 3)
chunk inputs, size: 512 (num 3)
chunk inputs, size: 512 (num 11)
ratio 0.60 (pair), 0.5 GB (evict 626602 pairs)
  r=0.6 ours_combine     peak= 9.067GB acc=1.00 hr=0.6 fb=7999 segs=5
chunk inputs, size: 512 (num 16)
chunk inputs, size: 2000 (num 4)
ratio 0.80 (pair), 0.9 GB (evict 461648 pairs)
  r=0.8 kvzip            peak=10.674GB acc=1.00 hr=0.8 fb=None segs=None
chunk inputs, size: 512 (num 16)
chunk inputs, size: 512 (num 3)
chunk inputs, size: 512 (num 3)
chunk inputs, size: 512 (num 3)
chunk inputs, size: 512 (num 3)
chunk inputs, size: 512 (num 3)
ratio 0.80 (pair), 0.6 GB (evict 313954 pairs)
  r=0.8 ours             peak= 9.073GB acc=1.00 hr=0.8 fb=7999 segs=5
chunk inputs, size: 512 (num 16)
chunk inputs, size: 512 (num 3)
chunk inputs, size: 512 (num 9)
ratio 0.80 (pair), 0.5 GB (evict 255745 pairs)
  r=0.8 ours_predict_next peak= 8.889GB acc=1.00 hr=0.8 fb=7999 segs=3
chunk inputs, size: 512 (num 16)
chunk inputs, size: 512 (num 3)
chunk inputs, size: 512 (num 3)
chunk inputs, size: 512 (num 3)
chunk inputs, size: 512 (num 3)
chunk inputs, size: 512 (num 3)
chunk inputs, size: 512 (num 11)
ratio 0.80 (pair), 0.6 GB (evict 313680 pairs)
  r=0.8 ours_combine     peak= 9.067GB acc=1.00 hr=0.8 fb=7999 segs=5
chunk inputs, size: 512 (num 16)
chunk inputs, size: 2000 (num 4)
ratio 1.00 (pair), 1.2 GB (evict 0 pairs)
  r=1.0 kvzip            peak=10.674GB acc=1.00 hr=1.0 fb=None segs=None
chunk inputs, size: 512 (num 16)
chunk inputs, size: 512 (num 16)
ratio 1.00 (pair), 1.2 GB (evict 0 pairs)
  r=1.0 ours             peak= 9.417GB acc=1.00 hr=1.0 fb=7999 segs=0
chunk inputs, size: 512 (num 16)
chunk inputs, size: 512 (num 13)
chunk inputs, size: 512 (num 13)
ratio 1.00 (pair), 0.9 GB (evict 0 pairs)
  r=1.0 ours_predict_next peak= 9.154GB acc=1.00 hr=1.0 fb=7999 segs=0
chunk inputs, size: 512 (num 16)
chunk inputs, size: 512 (num 16)
chunk inputs, size: 512 (num 16)
chunk inputs, size: 512 (num 16)
ratio 1.00 (pair), 1.2 GB (evict 0 pairs)
  r=1.0 ours_combine     peak= 9.416GB acc=1.00 hr=1.0 fb=7999 segs=0
insertion at 2374
================================================================================ 
[ctx_len=8000 depth=30% q=0.3 true_len=7999]
chunk inputs, size: 512 (num 16)
chunk inputs, size: 2000 (num 4)
ratio 0.00 (pair), 0.0 GB (evict 2303712 pairs)
  r=0.0 kvzip            peak=10.674GB acc=0.00 hr=0.0 fb=None segs=None
chunk inputs, size: 512 (num 16)
chunk inputs, size: 512 (num 2)
chunk inputs, size: 512 (num 2)
chunk inputs, size: 512 (num 2)
chunk inputs, size: 512 (num 2)
chunk inputs, size: 512 (num 2)
chunk inputs, size: 512 (num 2)
chunk inputs, size: 512 (num 2)
chunk inputs, size: 512 (num 2)
ratio 0.00 (pair), 0.0 GB (evict 18432 pairs)
  r=0.0 ours             peak= 8.417GB acc=0.00 hr=0.0 fb=64 segs=7
chunk inputs, size: 512 (num 16)
ratio 0.00 (pair), 0.0 GB (evict 18432 pairs)
  r=0.0 ours_predict_next peak= 8.495GB acc=0.00 hr=0.0 fb=64 segs=5
chunk inputs, size: 512 (num 16)
chunk inputs, size: 512 (num 2)
chunk inputs, size: 512 (num 2)
chunk inputs, size: 512 (num 2)
chunk inputs, size: 512 (num 2)
chunk inputs, size: 512 (num 2)
chunk inputs, size: 512 (num 2)
chunk inputs, size: 512 (num 2)
chunk inputs, size: 512 (num 2)
chunk inputs, size: 512 (num 2)
ratio 0.00 (pair), 0.0 GB (evict 18432 pairs)
  r=0.0 ours_combine     peak= 8.429GB acc=0.00 hr=0.0 fb=64 segs=7
chunk inputs, size: 512 (num 16)
chunk inputs, size: 2000 (num 4)
ratio 0.20 (pair), 0.2 GB (evict 1843433 pairs)
  r=0.2 kvzip            peak=10.674GB acc=1.00 hr=0.2 fb=None segs=None
chunk inputs, size: 512 (num 16)
chunk inputs, size: 512 (num 2)
chunk inputs, size: 512 (num 2)
chunk inputs, size: 512 (num 2)
chunk inputs, size: 512 (num 2)
chunk inputs, size: 512 (num 2)
chunk inputs, size: 512 (num 2)
chunk inputs, size: 512 (num 2)
chunk inputs, size: 512 (num 2)
ratio 0.50 (pair), 0.2 GB (evict 460965 pairs)
  r=0.2 ours             peak= 8.775GB acc=0.50 hr=0.5 fb=3200 segs=7
chunk inputs, size: 512 (num 16)
chunk inputs, size: 512 (num 3)
chunk inputs, size: 512 (num 5)
ratio 0.50 (pair), 0.2 GB (evict 295495 pairs)
  r=0.2 ours_predict_next peak= 8.671GB acc=0.00 hr=0.5 fb=3200 segs=5
chunk inputs, size: 512 (num 16)
chunk inputs, size: 512 (num 2)
chunk inputs, size: 512 (num 2)
chunk inputs, size: 512 (num 2)
chunk inputs, size: 512 (num 2)
chunk inputs, size: 512 (num 2)
chunk inputs, size: 512 (num 2)
chunk inputs, size: 512 (num 2)
chunk inputs, size: 512 (num 2)
chunk inputs, size: 512 (num 2)
chunk inputs, size: 512 (num 7)
ratio 0.50 (pair), 0.2 GB (evict 461464 pairs)
  r=0.2 ours_combine     peak= 8.775GB acc=0.50 hr=0.5 fb=3200 segs=7
chunk inputs, size: 512 (num 16)
chunk inputs, size: 2000 (num 4)
ratio 0.40 (pair), 0.5 GB (evict 1382478 pairs)
  r=0.4 kvzip            peak=10.674GB acc=1.00 hr=0.4 fb=None segs=None
chunk inputs, size: 512 (num 16)
chunk inputs, size: 512 (num 2)
chunk inputs, size: 512 (num 2)
chunk inputs, size: 512 (num 2)
chunk inputs, size: 512 (num 2)
chunk inputs, size: 512 (num 2)
chunk inputs, size: 512 (num 2)
chunk inputs, size: 512 (num 2)
chunk inputs, size: 512 (num 2)
ratio 0.50 (pair), 0.5 GB (evict 921856 pairs)
  r=0.4 ours             peak= 9.198GB acc=1.00 hr=0.5 fb=6399 segs=7
chunk inputs, size: 512 (num 16)
chunk inputs, size: 512 (num 9)
ratio 0.50 (pair), 0.3 GB (evict 635678 pairs)
  r=0.4 ours_predict_next peak= 8.888GB acc=0.00 hr=0.5 fb=6399 segs=5
chunk inputs, size: 512 (num 16)
chunk inputs, size: 512 (num 2)
chunk inputs, size: 512 (num 2)
chunk inputs, size: 512 (num 2)
chunk inputs, size: 512 (num 2)
chunk inputs, size: 512 (num 2)
chunk inputs, size: 512 (num 2)
chunk inputs, size: 512 (num 2)
chunk inputs, size: 512 (num 2)
chunk inputs, size: 512 (num 2)
chunk inputs, size: 512 (num 13)
ratio 0.50 (pair), 0.5 GB (evict 921884 pairs)
  r=0.4 ours_combine     peak= 9.198GB acc=1.00 hr=0.5 fb=6399 segs=7
chunk inputs, size: 512 (num 16)
chunk inputs, size: 2000 (num 4)
ratio 0.60 (pair), 0.7 GB (evict 921784 pairs)
  r=0.6 kvzip            peak=10.674GB acc=1.00 hr=0.6 fb=None segs=None
chunk inputs, size: 512 (num 16)
chunk inputs, size: 512 (num 3)
chunk inputs, size: 512 (num 3)
chunk inputs, size: 512 (num 3)
chunk inputs, size: 512 (num 3)
chunk inputs, size: 512 (num 3)
ratio 0.60 (pair), 0.5 GB (evict 627336 pairs)
  r=0.6 ours             peak= 9.073GB acc=1.00 hr=0.6 fb=7999 segs=5
chunk inputs, size: 512 (num 16)
chunk inputs, size: 512 (num 3)
chunk inputs, size: 512 (num 9)
ratio 0.60 (pair), 0.4 GB (evict 510293 pairs)
  r=0.6 ours_predict_next peak= 8.887GB acc=0.00 hr=0.6 fb=7999 segs=3
chunk inputs, size: 512 (num 16)
chunk inputs, size: 512 (num 3)
chunk inputs, size: 512 (num 3)
chunk inputs, size: 512 (num 3)
chunk inputs, size: 512 (num 3)
chunk inputs, size: 512 (num 3)
chunk inputs, size: 512 (num 11)
ratio 0.60 (pair), 0.5 GB (evict 626976 pairs)
  r=0.6 ours_combine     peak= 9.067GB acc=1.00 hr=0.6 fb=7999 segs=5
chunk inputs, size: 512 (num 16)
chunk inputs, size: 2000 (num 4)
ratio 0.80 (pair), 0.9 GB (evict 461607 pairs)
  r=0.8 kvzip            peak=10.674GB acc=1.00 hr=0.8 fb=None segs=None
chunk inputs, size: 512 (num 16)
chunk inputs, size: 512 (num 3)
chunk inputs, size: 512 (num 3)
chunk inputs, size: 512 (num 3)
chunk inputs, size: 512 (num 3)
chunk inputs, size: 512 (num 3)
ratio 0.80 (pair), 0.6 GB (evict 313604 pairs)
  r=0.8 ours             peak= 9.073GB acc=1.00 hr=0.8 fb=7999 segs=5
chunk inputs, size: 512 (num 16)
chunk inputs, size: 512 (num 3)
chunk inputs, size: 512 (num 9)
ratio 0.80 (pair), 0.5 GB (evict 255075 pairs)
  r=0.8 ours_predict_next peak= 8.887GB acc=0.00 hr=0.8 fb=7999 segs=3
chunk inputs, size: 512 (num 16)
chunk inputs, size: 512 (num 3)
chunk inputs, size: 512 (num 3)
chunk inputs, size: 512 (num 3)
chunk inputs, size: 512 (num 3)
chunk inputs, size: 512 (num 3)
chunk inputs, size: 512 (num 11)
ratio 0.80 (pair), 0.6 GB (evict 313376 pairs)
  r=0.8 ours_combine     peak= 9.067GB acc=1.00 hr=0.8 fb=7999 segs=5
chunk inputs, size: 512 (num 16)
chunk inputs, size: 2000 (num 4)
ratio 1.00 (pair), 1.2 GB (evict 0 pairs)
  r=1.0 kvzip            peak=10.674GB acc=1.00 hr=1.0 fb=None segs=None
chunk inputs, size: 512 (num 16)
chunk inputs, size: 512 (num 16)
ratio 1.00 (pair), 1.2 GB (evict 0 pairs)
  r=1.0 ours             peak= 9.417GB acc=1.00 hr=1.0 fb=7999 segs=0
chunk inputs, size: 512 (num 16)
chunk inputs, size: 512 (num 13)
chunk inputs, size: 512 (num 13)
ratio 1.00 (pair), 0.9 GB (evict 0 pairs)
  r=1.0 ours_predict_next peak= 9.166GB acc=0.50 hr=1.0 fb=7999 segs=0
chunk inputs, size: 512 (num 16)
chunk inputs, size: 512 (num 16)
chunk inputs, size: 512 (num 16)
chunk inputs, size: 512 (num 16)
ratio 1.00 (pair), 1.2 GB (evict 0 pairs)
  r=1.0 ours_combine     peak= 9.416GB acc=1.00 hr=1.0 fb=7999 segs=0
insertion at 3152
================================================================================ 
[ctx_len=8000 depth=40% q=0.4 true_len=7999]
chunk inputs, size: 512 (num 16)
chunk inputs, size: 2000 (num 4)
ratio 0.00 (pair), 0.0 GB (evict 2303712 pairs)
  r=0.0 kvzip            peak=10.674GB acc=0.00 hr=0.0 fb=None segs=None
chunk inputs, size: 512 (num 16)
chunk inputs, size: 512 (num 2)
chunk inputs, size: 512 (num 2)
chunk inputs, size: 512 (num 2)
chunk inputs, size: 512 (num 2)
chunk inputs, size: 512 (num 2)
chunk inputs, size: 512 (num 2)
chunk inputs, size: 512 (num 2)
chunk inputs, size: 512 (num 2)
ratio 0.00 (pair), 0.0 GB (evict 18432 pairs)
  r=0.0 ours             peak= 8.417GB acc=0.00 hr=0.0 fb=64 segs=7
chunk inputs, size: 512 (num 16)
ratio 0.00 (pair), 0.0 GB (evict 18432 pairs)
  r=0.0 ours_predict_next peak= 8.511GB acc=0.00 hr=0.0 fb=64 segs=5
chunk inputs, size: 512 (num 16)
chunk inputs, size: 512 (num 2)
chunk inputs, size: 512 (num 2)
chunk inputs, size: 512 (num 2)
chunk inputs, size: 512 (num 2)
chunk inputs, size: 512 (num 2)
chunk inputs, size: 512 (num 2)
chunk inputs, size: 512 (num 2)
chunk inputs, size: 512 (num 2)
chunk inputs, size: 512 (num 2)
ratio 0.00 (pair), 0.0 GB (evict 18432 pairs)
  r=0.0 ours_combine     peak= 8.429GB acc=0.00 hr=0.0 fb=64 segs=7
chunk inputs, size: 512 (num 16)
chunk inputs, size: 2000 (num 4)
ratio 0.20 (pair), 0.2 GB (evict 1843723 pairs)
  r=0.2 kvzip            peak=10.674GB acc=1.00 hr=0.2 fb=None segs=None
chunk inputs, size: 512 (num 16)
chunk inputs, size: 512 (num 2)
chunk inputs, size: 512 (num 2)
chunk inputs, size: 512 (num 2)
chunk inputs, size: 512 (num 2)
chunk inputs, size: 512 (num 2)
chunk inputs, size: 512 (num 2)
chunk inputs, size: 512 (num 2)
chunk inputs, size: 512 (num 2)
ratio 0.50 (pair), 0.2 GB (evict 461002 pairs)
  r=0.2 ours             peak= 8.775GB acc=0.50 hr=0.5 fb=3200 segs=7
chunk inputs, size: 512 (num 16)
chunk inputs, size: 512 (num 3)
chunk inputs, size: 512 (num 5)
ratio 0.50 (pair), 0.2 GB (evict 295506 pairs)
  r=0.2 ours_predict_next peak= 8.672GB acc=0.00 hr=0.5 fb=3200 segs=5
chunk inputs, size: 512 (num 16)
chunk inputs, size: 512 (num 2)
chunk inputs, size: 512 (num 2)
chunk inputs, size: 512 (num 2)
chunk inputs, size: 512 (num 2)
chunk inputs, size: 512 (num 2)
chunk inputs, size: 512 (num 2)
chunk inputs, size: 512 (num 2)
chunk inputs, size: 512 (num 2)
chunk inputs, size: 512 (num 2)
chunk inputs, size: 512 (num 7)
ratio 0.50 (pair), 0.2 GB (evict 460855 pairs)
  r=0.2 ours_combine     peak= 8.775GB acc=0.50 hr=0.5 fb=3200 segs=7
chunk inputs, size: 512 (num 16)
chunk inputs, size: 2000 (num 4)
ratio 0.40 (pair), 0.5 GB (evict 1382973 pairs)
  r=0.4 kvzip            peak=10.674GB acc=1.00 hr=0.4 fb=None segs=None
chunk inputs, size: 512 (num 16)
chunk inputs, size: 512 (num 2)
chunk inputs, size: 512 (num 2)
chunk inputs, size: 512 (num 2)
chunk inputs, size: 512 (num 2)
chunk inputs, size: 512 (num 2)
chunk inputs, size: 512 (num 2)
chunk inputs, size: 512 (num 2)
chunk inputs, size: 512 (num 2)
ratio 0.50 (pair), 0.5 GB (evict 922013 pairs)
  r=0.4 ours             peak= 9.198GB acc=1.00 hr=0.5 fb=6399 segs=7
chunk inputs, size: 512 (num 16)
chunk inputs, size: 512 (num 9)
ratio 0.50 (pair), 0.3 GB (evict 635619 pairs)
  r=0.4 ours_predict_next peak= 8.886GB acc=0.00 hr=0.5 fb=6399 segs=5
chunk inputs, size: 512 (num 16)
chunk inputs, size: 512 (num 2)
chunk inputs, size: 512 (num 2)
chunk inputs, size: 512 (num 2)
chunk inputs, size: 512 (num 2)
chunk inputs, size: 512 (num 2)
chunk inputs, size: 512 (num 2)
chunk inputs, size: 512 (num 2)
chunk inputs, size: 512 (num 2)
chunk inputs, size: 512 (num 2)
chunk inputs, size: 512 (num 13)
ratio 0.50 (pair), 0.5 GB (evict 921474 pairs)
  r=0.4 ours_combine     peak= 9.198GB acc=1.00 hr=0.5 fb=6399 segs=7
chunk inputs, size: 512 (num 16)
chunk inputs, size: 2000 (num 4)
ratio 0.60 (pair), 0.7 GB (evict 922409 pairs)
  r=0.6 kvzip            peak=10.674GB acc=1.00 hr=0.6 fb=None segs=None
chunk inputs, size: 512 (num 16)
chunk inputs, size: 512 (num 3)
chunk inputs, size: 512 (num 3)
chunk inputs, size: 512 (num 3)
chunk inputs, size: 512 (num 3)
chunk inputs, size: 512 (num 3)
ratio 0.60 (pair), 0.5 GB (evict 627533 pairs)
  r=0.6 ours             peak= 9.073GB acc=1.00 hr=0.6 fb=7999 segs=5
chunk inputs, size: 512 (num 16)
chunk inputs, size: 512 (num 3)
chunk inputs, size: 512 (num 9)
ratio 0.60 (pair), 0.4 GB (evict 509354 pairs)
  r=0.6 ours_predict_next peak= 8.888GB acc=0.50 hr=0.6 fb=7999 segs=3
chunk inputs, size: 512 (num 16)
chunk inputs, size: 512 (num 3)
chunk inputs, size: 512 (num 3)
chunk inputs, size: 512 (num 3)
chunk inputs, size: 512 (num 3)
chunk inputs, size: 512 (num 3)
chunk inputs, size: 512 (num 11)
ratio 0.60 (pair), 0.5 GB (evict 626633 pairs)
  r=0.6 ours_combine     peak= 9.067GB acc=1.00 hr=0.6 fb=7999 segs=5
chunk inputs, size: 512 (num 16)
chunk inputs, size: 2000 (num 4)
ratio 0.80 (pair), 0.9 GB (evict 461237 pairs)
  r=0.8 kvzip            peak=10.674GB acc=1.00 hr=0.8 fb=None segs=None
chunk inputs, size: 512 (num 16)
chunk inputs, size: 512 (num 3)
chunk inputs, size: 512 (num 3)
chunk inputs, size: 512 (num 3)
chunk inputs, size: 512 (num 3)
chunk inputs, size: 512 (num 3)
ratio 0.80 (pair), 0.6 GB (evict 313535 pairs)
  r=0.8 ours             peak= 9.073GB acc=1.00 hr=0.8 fb=7999 segs=5
chunk inputs, size: 512 (num 16)
chunk inputs, size: 512 (num 3)
chunk inputs, size: 512 (num 9)
ratio 0.80 (pair), 0.5 GB (evict 255051 pairs)
  r=0.8 ours_predict_next peak= 8.888GB acc=0.50 hr=0.8 fb=7999 segs=3
chunk inputs, size: 512 (num 16)
chunk inputs, size: 512 (num 3)
chunk inputs, size: 512 (num 3)
chunk inputs, size: 512 (num 3)
chunk inputs, size: 512 (num 3)
chunk inputs, size: 512 (num 3)
chunk inputs, size: 512 (num 11)
ratio 0.80 (pair), 0.6 GB (evict 313668 pairs)
  r=0.8 ours_combine     peak= 9.067GB acc=1.00 hr=0.8 fb=7999 segs=5
chunk inputs, size: 512 (num 16)
chunk inputs, size: 2000 (num 4)
ratio 1.00 (pair), 1.2 GB (evict 0 pairs)
  r=1.0 kvzip            peak=10.674GB acc=1.00 hr=1.0 fb=None segs=None
chunk inputs, size: 512 (num 16)
chunk inputs, size: 512 (num 16)
ratio 1.00 (pair), 1.2 GB (evict 0 pairs)
  r=1.0 ours             peak= 9.417GB acc=1.00 hr=1.0 fb=7999 segs=0
chunk inputs, size: 512 (num 16)
chunk inputs, size: 512 (num 13)
chunk inputs, size: 512 (num 13)
ratio 1.00 (pair), 1.0 GB (evict 0 pairs)
  r=1.0 ours_predict_next peak= 9.190GB acc=0.50 hr=1.0 fb=7999 segs=0
chunk inputs, size: 512 (num 16)
chunk inputs, size: 512 (num 16)
chunk inputs, size: 512 (num 16)
chunk inputs, size: 512 (num 16)
ratio 1.00 (pair), 1.2 GB (evict 0 pairs)
  r=1.0 ours_combine     peak= 9.416GB acc=1.00 hr=1.0 fb=7999 segs=0
insertion at 3983
================================================================================ 
[ctx_len=8000 depth=50% q=0.5 true_len=7999]
chunk inputs, size: 512 (num 16)
chunk inputs, size: 2000 (num 4)
ratio 0.00 (pair), 0.0 GB (evict 2303712 pairs)
  r=0.0 kvzip            peak=10.674GB acc=0.00 hr=0.0 fb=None segs=None
chunk inputs, size: 512 (num 16)
chunk inputs, size: 512 (num 2)
chunk inputs, size: 512 (num 2)
chunk inputs, size: 512 (num 2)
chunk inputs, size: 512 (num 2)
chunk inputs, size: 512 (num 2)
chunk inputs, size: 512 (num 2)
chunk inputs, size: 512 (num 2)
chunk inputs, size: 512 (num 2)
ratio 0.00 (pair), 0.0 GB (evict 18432 pairs)
  r=0.0 ours             peak= 8.417GB acc=0.00 hr=0.0 fb=64 segs=7
chunk inputs, size: 512 (num 16)
ratio 0.00 (pair), 0.0 GB (evict 18432 pairs)
  r=0.0 ours_predict_next peak= 8.512GB acc=0.00 hr=0.0 fb=64 segs=5
chunk inputs, size: 512 (num 16)
chunk inputs, size: 512 (num 2)
chunk inputs, size: 512 (num 2)
chunk inputs, size: 512 (num 2)
chunk inputs, size: 512 (num 2)
chunk inputs, size: 512 (num 2)
chunk inputs, size: 512 (num 2)
chunk inputs, size: 512 (num 2)
chunk inputs, size: 512 (num 2)
chunk inputs, size: 512 (num 2)
ratio 0.00 (pair), 0.0 GB (evict 18432 pairs)
  r=0.0 ours_combine     peak= 8.429GB acc=0.00 hr=0.0 fb=64 segs=7
chunk inputs, size: 512 (num 16)
chunk inputs, size: 2000 (num 4)
ratio 0.20 (pair), 0.2 GB (evict 1843740 pairs)
  r=0.2 kvzip            peak=10.674GB acc=1.00 hr=0.2 fb=None segs=None
chunk inputs, size: 512 (num 16)
chunk inputs, size: 512 (num 2)
chunk inputs, size: 512 (num 2)
chunk inputs, size: 512 (num 2)
chunk inputs, size: 512 (num 2)
chunk inputs, size: 512 (num 2)
chunk inputs, size: 512 (num 2)
chunk inputs, size: 512 (num 2)
chunk inputs, size: 512 (num 2)
ratio 0.50 (pair), 0.2 GB (evict 461032 pairs)
  r=0.2 ours             peak= 8.775GB acc=1.00 hr=0.5 fb=3200 segs=7
chunk inputs, size: 512 (num 16)
chunk inputs, size: 512 (num 5)
ratio 0.50 (pair), 0.2 GB (evict 341158 pairs)
  r=0.2 ours_predict_next peak= 8.648GB acc=0.00 hr=0.5 fb=3200 segs=5
chunk inputs, size: 512 (num 16)
chunk inputs, size: 512 (num 2)
chunk inputs, size: 512 (num 2)
chunk inputs, size: 512 (num 2)
chunk inputs, size: 512 (num 2)
chunk inputs, size: 512 (num 2)
chunk inputs, size: 512 (num 2)
chunk inputs, size: 512 (num 2)
chunk inputs, size: 512 (num 2)
chunk inputs, size: 512 (num 2)
chunk inputs, size: 512 (num 7)
ratio 0.50 (pair), 0.2 GB (evict 460841 pairs)
  r=0.2 ours_combine     peak= 8.775GB acc=0.50 hr=0.5 fb=3200 segs=7
chunk inputs, size: 512 (num 16)
chunk inputs, size: 2000 (num 4)
ratio 0.40 (pair), 0.5 GB (evict 1383625 pairs)
  r=0.4 kvzip            peak=10.674GB acc=1.00 hr=0.4 fb=None segs=None
chunk inputs, size: 512 (num 16)
chunk inputs, size: 512 (num 2)
chunk inputs, size: 512 (num 2)
chunk inputs, size: 512 (num 2)
chunk inputs, size: 512 (num 2)
chunk inputs, size: 512 (num 2)
chunk inputs, size: 512 (num 2)
chunk inputs, size: 512 (num 2)
chunk inputs, size: 512 (num 2)
ratio 0.50 (pair), 0.5 GB (evict 922464 pairs)
  r=0.4 ours             peak= 9.198GB acc=1.00 hr=0.5 fb=6399 segs=7
chunk inputs, size: 512 (num 16)
chunk inputs, size: 512 (num 9)
ratio 0.50 (pair), 0.3 GB (evict 636752 pairs)
  r=0.4 ours_predict_next peak= 8.885GB acc=0.00 hr=0.5 fb=6399 segs=5
chunk inputs, size: 512 (num 16)
chunk inputs, size: 512 (num 2)
chunk inputs, size: 512 (num 2)
chunk inputs, size: 512 (num 2)
chunk inputs, size: 512 (num 2)
chunk inputs, size: 512 (num 2)
chunk inputs, size: 512 (num 2)
chunk inputs, size: 512 (num 2)
chunk inputs, size: 512 (num 2)
chunk inputs, size: 512 (num 2)
chunk inputs, size: 512 (num 13)
ratio 0.50 (pair), 0.5 GB (evict 921923 pairs)
  r=0.4 ours_combine     peak= 9.198GB acc=1.00 hr=0.5 fb=6399 segs=7
chunk inputs, size: 512 (num 16)
chunk inputs, size: 2000 (num 4)
ratio 0.60 (pair), 0.7 GB (evict 921536 pairs)
  r=0.6 kvzip            peak=10.674GB acc=1.00 hr=0.6 fb=None segs=None
chunk inputs, size: 512 (num 16)
chunk inputs, size: 512 (num 3)
chunk inputs, size: 512 (num 3)
chunk inputs, size: 512 (num 3)
chunk inputs, size: 512 (num 3)
chunk inputs, size: 512 (num 3)
ratio 0.60 (pair), 0.5 GB (evict 626833 pairs)
  r=0.6 ours             peak= 9.073GB acc=1.00 hr=0.6 fb=7999 segs=5
chunk inputs, size: 512 (num 16)
chunk inputs, size: 512 (num 3)
chunk inputs, size: 512 (num 9)
ratio 0.60 (pair), 0.4 GB (evict 509386 pairs)
  r=0.6 ours_predict_next peak= 8.886GB acc=1.00 hr=0.6 fb=7999 segs=3
chunk inputs, size: 512 (num 16)
chunk inputs, size: 512 (num 3)
chunk inputs, size: 512 (num 3)
chunk inputs, size: 512 (num 3)
chunk inputs, size: 512 (num 3)
chunk inputs, size: 512 (num 3)
chunk inputs, size: 512 (num 11)
ratio 0.60 (pair), 0.5 GB (evict 626695 pairs)
  r=0.6 ours_combine     peak= 9.067GB acc=1.00 hr=0.6 fb=7999 segs=5
chunk inputs, size: 512 (num 16)
chunk inputs, size: 2000 (num 4)
ratio 0.80 (pair), 0.9 GB (evict 461535 pairs)
  r=0.8 kvzip            peak=10.674GB acc=1.00 hr=0.8 fb=None segs=None
chunk inputs, size: 512 (num 16)
chunk inputs, size: 512 (num 3)
chunk inputs, size: 512 (num 3)
chunk inputs, size: 512 (num 3)
chunk inputs, size: 512 (num 3)
chunk inputs, size: 512 (num 3)
ratio 0.80 (pair), 0.6 GB (evict 313720 pairs)
  r=0.8 ours             peak= 9.073GB acc=1.00 hr=0.8 fb=7999 segs=5
chunk inputs, size: 512 (num 16)
chunk inputs, size: 512 (num 3)
chunk inputs, size: 512 (num 9)
ratio 0.80 (pair), 0.5 GB (evict 254588 pairs)
  r=0.8 ours_predict_next peak= 8.886GB acc=1.00 hr=0.8 fb=7999 segs=3
chunk inputs, size: 512 (num 16)
chunk inputs, size: 512 (num 3)
chunk inputs, size: 512 (num 3)
chunk inputs, size: 512 (num 3)
chunk inputs, size: 512 (num 3)
chunk inputs, size: 512 (num 3)
chunk inputs, size: 512 (num 11)
ratio 0.80 (pair), 0.6 GB (evict 313610 pairs)
  r=0.8 ours_combine     peak= 9.067GB acc=1.00 hr=0.8 fb=7999 segs=5
chunk inputs, size: 512 (num 16)
chunk inputs, size: 2000 (num 4)
ratio 1.00 (pair), 1.2 GB (evict 0 pairs)
  r=1.0 kvzip            peak=10.674GB acc=1.00 hr=1.0 fb=None segs=None
chunk inputs, size: 512 (num 16)
chunk inputs, size: 512 (num 16)
ratio 1.00 (pair), 1.2 GB (evict 0 pairs)
  r=1.0 ours             peak= 9.417GB acc=1.00 hr=1.0 fb=7999 segs=0
chunk inputs, size: 512 (num 16)
chunk inputs, size: 512 (num 13)
chunk inputs, size: 512 (num 13)
ratio 1.00 (pair), 1.0 GB (evict 0 pairs)
  r=1.0 ours_predict_next peak= 9.192GB acc=1.00 hr=1.0 fb=7999 segs=0
chunk inputs, size: 512 (num 16)
chunk inputs, size: 512 (num 16)
chunk inputs, size: 512 (num 16)
chunk inputs, size: 512 (num 16)
ratio 1.00 (pair), 1.2 GB (evict 0 pairs)
  r=1.0 ours_combine     peak= 9.416GB acc=1.00 hr=1.0 fb=7999 segs=0
insertion at 4751
================================================================================ 
[ctx_len=8000 depth=60% q=0.6 true_len=7999]
chunk inputs, size: 512 (num 16)
chunk inputs, size: 2000 (num 4)
ratio 0.00 (pair), 0.0 GB (evict 2303712 pairs)
  r=0.0 kvzip            peak=10.674GB acc=0.00 hr=0.0 fb=None segs=None
chunk inputs, size: 512 (num 16)
chunk inputs, size: 512 (num 2)
chunk inputs, size: 512 (num 2)
chunk inputs, size: 512 (num 2)
chunk inputs, size: 512 (num 2)
chunk inputs, size: 512 (num 2)
chunk inputs, size: 512 (num 2)
chunk inputs, size: 512 (num 2)
chunk inputs, size: 512 (num 2)
ratio 0.00 (pair), 0.0 GB (evict 18432 pairs)
  r=0.0 ours             peak= 8.417GB acc=0.00 hr=0.0 fb=64 segs=7
chunk inputs, size: 512 (num 16)
ratio 0.00 (pair), 0.0 GB (evict 18432 pairs)
  r=0.0 ours_predict_next peak= 8.517GB acc=0.00 hr=0.0 fb=64 segs=5
chunk inputs, size: 512 (num 16)
chunk inputs, size: 512 (num 2)
chunk inputs, size: 512 (num 2)
chunk inputs, size: 512 (num 2)
chunk inputs, size: 512 (num 2)
chunk inputs, size: 512 (num 2)
chunk inputs, size: 512 (num 2)
chunk inputs, size: 512 (num 2)
chunk inputs, size: 512 (num 2)
chunk inputs, size: 512 (num 2)
ratio 0.00 (pair), 0.0 GB (evict 18432 pairs)
  r=0.0 ours_combine     peak= 8.429GB acc=0.00 hr=0.0 fb=64 segs=7
chunk inputs, size: 512 (num 16)
chunk inputs, size: 2000 (num 4)
ratio 0.20 (pair), 0.2 GB (evict 1843646 pairs)
  r=0.2 kvzip            peak=10.674GB acc=1.00 hr=0.2 fb=None segs=None
chunk inputs, size: 512 (num 16)
chunk inputs, size: 512 (num 2)
chunk inputs, size: 512 (num 2)
chunk inputs, size: 512 (num 2)
chunk inputs, size: 512 (num 2)
chunk inputs, size: 512 (num 2)
chunk inputs, size: 512 (num 2)
chunk inputs, size: 512 (num 2)
chunk inputs, size: 512 (num 2)
ratio 0.50 (pair), 0.2 GB (evict 461153 pairs)
  r=0.2 ours             peak= 8.775GB acc=0.50 hr=0.5 fb=3200 segs=7
chunk inputs, size: 512 (num 16)
chunk inputs, size: 512 (num 5)
ratio 0.50 (pair), 0.2 GB (evict 341268 pairs)
  r=0.2 ours_predict_next peak= 8.648GB acc=0.00 hr=0.5 fb=3200 segs=5
chunk inputs, size: 512 (num 16)
chunk inputs, size: 512 (num 2)
chunk inputs, size: 512 (num 2)
chunk inputs, size: 512 (num 2)
chunk inputs, size: 512 (num 2)
chunk inputs, size: 512 (num 2)
chunk inputs, size: 512 (num 2)
chunk inputs, size: 512 (num 2)
chunk inputs, size: 512 (num 2)
chunk inputs, size: 512 (num 2)
chunk inputs, size: 512 (num 7)
ratio 0.50 (pair), 0.2 GB (evict 461350 pairs)
  r=0.2 ours_combine     peak= 8.775GB acc=0.50 hr=0.5 fb=3200 segs=7
chunk inputs, size: 512 (num 16)
chunk inputs, size: 2000 (num 4)
ratio 0.40 (pair), 0.5 GB (evict 1382780 pairs)
  r=0.4 kvzip            peak=10.674GB acc=1.00 hr=0.4 fb=None segs=None
chunk inputs, size: 512 (num 16)
chunk inputs, size: 512 (num 2)
chunk inputs, size: 512 (num 2)
chunk inputs, size: 512 (num 2)
chunk inputs, size: 512 (num 2)
chunk inputs, size: 512 (num 2)
chunk inputs, size: 512 (num 2)
chunk inputs, size: 512 (num 2)
chunk inputs, size: 512 (num 2)
ratio 0.50 (pair), 0.5 GB (evict 921998 pairs)
  r=0.4 ours             peak= 9.198GB acc=1.00 hr=0.5 fb=6399 segs=7
chunk inputs, size: 512 (num 16)
chunk inputs, size: 512 (num 9)
ratio 0.50 (pair), 0.3 GB (evict 636068 pairs)
  r=0.4 ours_predict_next peak= 8.887GB acc=1.00 hr=0.5 fb=6399 segs=5
chunk inputs, size: 512 (num 16)
chunk inputs, size: 512 (num 2)
chunk inputs, size: 512 (num 2)
chunk inputs, size: 512 (num 2)
chunk inputs, size: 512 (num 2)
chunk inputs, size: 512 (num 2)
chunk inputs, size: 512 (num 2)
chunk inputs, size: 512 (num 2)
chunk inputs, size: 512 (num 2)
chunk inputs, size: 512 (num 2)
chunk inputs, size: 512 (num 13)
ratio 0.50 (pair), 0.5 GB (evict 921676 pairs)
  r=0.4 ours_combine     peak= 9.198GB acc=1.00 hr=0.5 fb=6399 segs=7
chunk inputs, size: 512 (num 16)
chunk inputs, size: 2000 (num 4)
ratio 0.60 (pair), 0.7 GB (evict 921512 pairs)
  r=0.6 kvzip            peak=10.674GB acc=1.00 hr=0.6 fb=None segs=None
chunk inputs, size: 512 (num 16)
chunk inputs, size: 512 (num 3)
chunk inputs, size: 512 (num 3)
chunk inputs, size: 512 (num 3)
chunk inputs, size: 512 (num 3)
chunk inputs, size: 512 (num 3)
ratio 0.60 (pair), 0.5 GB (evict 627138 pairs)
  r=0.6 ours             peak= 9.073GB acc=1.00 hr=0.6 fb=7999 segs=5
chunk inputs, size: 512 (num 16)
chunk inputs, size: 512 (num 3)
chunk inputs, size: 512 (num 9)
ratio 0.60 (pair), 0.4 GB (evict 509160 pairs)
  r=0.6 ours_predict_next peak= 8.887GB acc=1.00 hr=0.6 fb=7999 segs=3
chunk inputs, size: 512 (num 16)
chunk inputs, size: 512 (num 3)
chunk inputs, size: 512 (num 3)
chunk inputs, size: 512 (num 3)
chunk inputs, size: 512 (num 3)
chunk inputs, size: 512 (num 3)
chunk inputs, size: 512 (num 11)
ratio 0.60 (pair), 0.5 GB (evict 627248 pairs)
  r=0.6 ours_combine     peak= 9.067GB acc=1.00 hr=0.6 fb=7999 segs=5
chunk inputs, size: 512 (num 16)
chunk inputs, size: 2000 (num 4)
ratio 0.80 (pair), 0.9 GB (evict 461827 pairs)
  r=0.8 kvzip            peak=10.674GB acc=1.00 hr=0.8 fb=None segs=None
chunk inputs, size: 512 (num 16)
chunk inputs, size: 512 (num 3)
chunk inputs, size: 512 (num 3)
chunk inputs, size: 512 (num 3)
chunk inputs, size: 512 (num 3)
chunk inputs, size: 512 (num 3)
ratio 0.80 (pair), 0.6 GB (evict 313483 pairs)
  r=0.8 ours             peak= 9.073GB acc=1.00 hr=0.8 fb=7999 segs=5
chunk inputs, size: 512 (num 16)
chunk inputs, size: 512 (num 3)
chunk inputs, size: 512 (num 9)
ratio 0.80 (pair), 0.5 GB (evict 254822 pairs)
  r=0.8 ours_predict_next peak= 8.887GB acc=1.00 hr=0.8 fb=7999 segs=3
chunk inputs, size: 512 (num 16)
chunk inputs, size: 512 (num 3)
chunk inputs, size: 512 (num 3)
chunk inputs, size: 512 (num 3)
chunk inputs, size: 512 (num 3)
chunk inputs, size: 512 (num 3)
chunk inputs, size: 512 (num 11)
ratio 0.80 (pair), 0.6 GB (evict 313783 pairs)
  r=0.8 ours_combine     peak= 9.067GB acc=1.00 hr=0.8 fb=7999 segs=5
chunk inputs, size: 512 (num 16)
chunk inputs, size: 2000 (num 4)
ratio 1.00 (pair), 1.2 GB (evict 0 pairs)
  r=1.0 kvzip            peak=10.674GB acc=1.00 hr=1.0 fb=None segs=None
chunk inputs, size: 512 (num 16)
chunk inputs, size: 512 (num 16)
ratio 1.00 (pair), 1.2 GB (evict 0 pairs)
  r=1.0 ours             peak= 9.417GB acc=1.00 hr=1.0 fb=7999 segs=0
chunk inputs, size: 512 (num 16)
chunk inputs, size: 512 (num 13)
chunk inputs, size: 512 (num 13)
ratio 1.00 (pair), 1.0 GB (evict 0 pairs)
  r=1.0 ours_predict_next peak= 9.217GB acc=1.00 hr=1.0 fb=7999 segs=0
chunk inputs, size: 512 (num 16)
chunk inputs, size: 512 (num 16)
chunk inputs, size: 512 (num 16)
chunk inputs, size: 512 (num 16)
ratio 1.00 (pair), 1.2 GB (evict 0 pairs)
  r=1.0 ours_combine     peak= 9.416GB acc=1.00 hr=1.0 fb=7999 segs=0
insertion at 5577
================================================================================ 
[ctx_len=8000 depth=70% q=0.7 true_len=7999]
chunk inputs, size: 512 (num 16)
chunk inputs, size: 2000 (num 4)
ratio 0.00 (pair), 0.0 GB (evict 2303712 pairs)
  r=0.0 kvzip            peak=10.674GB acc=0.00 hr=0.0 fb=None segs=None
chunk inputs, size: 512 (num 16)
chunk inputs, size: 512 (num 2)
chunk inputs, size: 512 (num 2)
chunk inputs, size: 512 (num 2)
chunk inputs, size: 512 (num 2)
chunk inputs, size: 512 (num 2)
chunk inputs, size: 512 (num 2)
chunk inputs, size: 512 (num 2)
chunk inputs, size: 512 (num 2)
ratio 0.00 (pair), 0.0 GB (evict 18432 pairs)
  r=0.0 ours             peak= 8.417GB acc=0.00 hr=0.0 fb=64 segs=7
chunk inputs, size: 512 (num 16)
ratio 0.00 (pair), 0.0 GB (evict 18432 pairs)
  r=0.0 ours_predict_next peak= 8.512GB acc=0.00 hr=0.0 fb=64 segs=5
chunk inputs, size: 512 (num 16)
chunk inputs, size: 512 (num 2)
chunk inputs, size: 512 (num 2)
chunk inputs, size: 512 (num 2)
chunk inputs, size: 512 (num 2)
chunk inputs, size: 512 (num 2)
chunk inputs, size: 512 (num 2)
chunk inputs, size: 512 (num 2)
chunk inputs, size: 512 (num 2)
chunk inputs, size: 512 (num 2)
ratio 0.00 (pair), 0.0 GB (evict 18432 pairs)
  r=0.0 ours_combine     peak= 8.429GB acc=0.00 hr=0.0 fb=64 segs=7
chunk inputs, size: 512 (num 16)
chunk inputs, size: 2000 (num 4)
ratio 0.20 (pair), 0.2 GB (evict 1843279 pairs)
  r=0.2 kvzip            peak=10.674GB acc=1.00 hr=0.2 fb=None segs=None
chunk inputs, size: 512 (num 16)
chunk inputs, size: 512 (num 2)
chunk inputs, size: 512 (num 2)
chunk inputs, size: 512 (num 2)
chunk inputs, size: 512 (num 2)
chunk inputs, size: 512 (num 2)
chunk inputs, size: 512 (num 2)
chunk inputs, size: 512 (num 2)
chunk inputs, size: 512 (num 2)
ratio 0.50 (pair), 0.2 GB (evict 461418 pairs)
  r=0.2 ours             peak= 8.775GB acc=0.50 hr=0.5 fb=3200 segs=7
chunk inputs, size: 512 (num 16)
chunk inputs, size: 512 (num 5)
ratio 0.50 (pair), 0.2 GB (evict 341223 pairs)
  r=0.2 ours_predict_next peak= 8.634GB acc=0.50 hr=0.5 fb=3200 segs=5
chunk inputs, size: 512 (num 16)
chunk inputs, size: 512 (num 2)
chunk inputs, size: 512 (num 2)
chunk inputs, size: 512 (num 2)
chunk inputs, size: 512 (num 2)
chunk inputs, size: 512 (num 2)
chunk inputs, size: 512 (num 2)
chunk inputs, size: 512 (num 2)
chunk inputs, size: 512 (num 2)
chunk inputs, size: 512 (num 2)
chunk inputs, size: 512 (num 7)
ratio 0.50 (pair), 0.2 GB (evict 460883 pairs)
  r=0.2 ours_combine     peak= 8.775GB acc=0.50 hr=0.5 fb=3200 segs=7
chunk inputs, size: 512 (num 16)
chunk inputs, size: 2000 (num 4)
ratio 0.40 (pair), 0.5 GB (evict 1382981 pairs)
  r=0.4 kvzip            peak=10.674GB acc=1.00 hr=0.4 fb=None segs=None
chunk inputs, size: 512 (num 16)
chunk inputs, size: 512 (num 2)
chunk inputs, size: 512 (num 2)
chunk inputs, size: 512 (num 2)
chunk inputs, size: 512 (num 2)
chunk inputs, size: 512 (num 2)
chunk inputs, size: 512 (num 2)
chunk inputs, size: 512 (num 2)
chunk inputs, size: 512 (num 2)
ratio 0.50 (pair), 0.5 GB (evict 921670 pairs)
  r=0.4 ours             peak= 9.198GB acc=1.00 hr=0.5 fb=6399 segs=7
chunk inputs, size: 512 (num 16)
chunk inputs, size: 512 (num 9)
ratio 0.50 (pair), 0.3 GB (evict 636377 pairs)
  r=0.4 ours_predict_next peak= 8.888GB acc=1.00 hr=0.5 fb=6399 segs=5
chunk inputs, size: 512 (num 16)
chunk inputs, size: 512 (num 2)
chunk inputs, size: 512 (num 2)
chunk inputs, size: 512 (num 2)
chunk inputs, size: 512 (num 2)
chunk inputs, size: 512 (num 2)
chunk inputs, size: 512 (num 2)
chunk inputs, size: 512 (num 2)
chunk inputs, size: 512 (num 2)
chunk inputs, size: 512 (num 2)
chunk inputs, size: 512 (num 13)
ratio 0.50 (pair), 0.5 GB (evict 921609 pairs)
  r=0.4 ours_combine     peak= 9.198GB acc=1.00 hr=0.5 fb=6399 segs=7
chunk inputs, size: 512 (num 16)
chunk inputs, size: 2000 (num 4)
ratio 0.60 (pair), 0.7 GB (evict 921601 pairs)
  r=0.6 kvzip            peak=10.674GB acc=1.00 hr=0.6 fb=None segs=None
chunk inputs, size: 512 (num 16)
chunk inputs, size: 512 (num 3)
chunk inputs, size: 512 (num 3)
chunk inputs, size: 512 (num 3)
chunk inputs, size: 512 (num 3)
chunk inputs, size: 512 (num 3)
ratio 0.60 (pair), 0.5 GB (evict 626967 pairs)
  r=0.6 ours             peak= 9.073GB acc=1.00 hr=0.6 fb=7999 segs=5
chunk inputs, size: 512 (num 16)
chunk inputs, size: 512 (num 3)
chunk inputs, size: 512 (num 9)
ratio 0.60 (pair), 0.4 GB (evict 510051 pairs)
  r=0.6 ours_predict_next peak= 8.887GB acc=1.00 hr=0.6 fb=7999 segs=3
chunk inputs, size: 512 (num 16)
chunk inputs, size: 512 (num 3)
chunk inputs, size: 512 (num 3)
chunk inputs, size: 512 (num 3)
chunk inputs, size: 512 (num 3)
chunk inputs, size: 512 (num 3)
chunk inputs, size: 512 (num 11)
ratio 0.60 (pair), 0.5 GB (evict 626852 pairs)
  r=0.6 ours_combine     peak= 9.067GB acc=1.00 hr=0.6 fb=7999 segs=5
chunk inputs, size: 512 (num 16)
chunk inputs, size: 2000 (num 4)
ratio 0.80 (pair), 0.9 GB (evict 461442 pairs)
  r=0.8 kvzip            peak=10.674GB acc=1.00 hr=0.8 fb=None segs=None
chunk inputs, size: 512 (num 16)
chunk inputs, size: 512 (num 3)
chunk inputs, size: 512 (num 3)
chunk inputs, size: 512 (num 3)
chunk inputs, size: 512 (num 3)
chunk inputs, size: 512 (num 3)
ratio 0.80 (pair), 0.6 GB (evict 314099 pairs)
  r=0.8 ours             peak= 9.073GB acc=1.00 hr=0.8 fb=7999 segs=5
chunk inputs, size: 512 (num 16)
chunk inputs, size: 512 (num 3)
chunk inputs, size: 512 (num 9)
ratio 0.80 (pair), 0.5 GB (evict 255093 pairs)
  r=0.8 ours_predict_next peak= 8.887GB acc=1.00 hr=0.8 fb=7999 segs=3
chunk inputs, size: 512 (num 16)
chunk inputs, size: 512 (num 3)
chunk inputs, size: 512 (num 3)
chunk inputs, size: 512 (num 3)
chunk inputs, size: 512 (num 3)
chunk inputs, size: 512 (num 3)
chunk inputs, size: 512 (num 11)
ratio 0.80 (pair), 0.6 GB (evict 313570 pairs)
  r=0.8 ours_combine     peak= 9.067GB acc=1.00 hr=0.8 fb=7999 segs=5
chunk inputs, size: 512 (num 16)
chunk inputs, size: 2000 (num 4)
ratio 1.00 (pair), 1.2 GB (evict 0 pairs)
  r=1.0 kvzip            peak=10.674GB acc=1.00 hr=1.0 fb=None segs=None
chunk inputs, size: 512 (num 16)
chunk inputs, size: 512 (num 16)
ratio 1.00 (pair), 1.2 GB (evict 0 pairs)
  r=1.0 ours             peak= 9.417GB acc=1.00 hr=1.0 fb=7999 segs=0
chunk inputs, size: 512 (num 16)
chunk inputs, size: 512 (num 13)
chunk inputs, size: 512 (num 13)
ratio 1.00 (pair), 1.0 GB (evict 0 pairs)
  r=1.0 ours_predict_next peak= 9.202GB acc=1.00 hr=1.0 fb=7999 segs=0
chunk inputs, size: 512 (num 16)
chunk inputs, size: 512 (num 16)
chunk inputs, size: 512 (num 16)
chunk inputs, size: 512 (num 16)
ratio 1.00 (pair), 1.2 GB (evict 0 pairs)
  r=1.0 ours_combine     peak= 9.416GB acc=1.00 hr=1.0 fb=7999 segs=0
insertion at 6307
================================================================================ 
[ctx_len=8000 depth=80% q=0.8 true_len=7999]
chunk inputs, size: 512 (num 16)
chunk inputs, size: 2000 (num 4)
ratio 0.00 (pair), 0.0 GB (evict 2303712 pairs)
  r=0.0 kvzip            peak=10.674GB acc=0.00 hr=0.0 fb=None segs=None
chunk inputs, size: 512 (num 16)
chunk inputs, size: 512 (num 2)
chunk inputs, size: 512 (num 2)
chunk inputs, size: 512 (num 2)
chunk inputs, size: 512 (num 2)
chunk inputs, size: 512 (num 2)
chunk inputs, size: 512 (num 2)
chunk inputs, size: 512 (num 2)
chunk inputs, size: 512 (num 2)
ratio 0.00 (pair), 0.0 GB (evict 18432 pairs)
  r=0.0 ours             peak= 8.417GB acc=0.00 hr=0.0 fb=64 segs=7
chunk inputs, size: 512 (num 16)
ratio 0.00 (pair), 0.0 GB (evict 18432 pairs)
  r=0.0 ours_predict_next peak= 8.512GB acc=0.00 hr=0.0 fb=64 segs=5
chunk inputs, size: 512 (num 16)
chunk inputs, size: 512 (num 2)
chunk inputs, size: 512 (num 2)
chunk inputs, size: 512 (num 2)
chunk inputs, size: 512 (num 2)
chunk inputs, size: 512 (num 2)
chunk inputs, size: 512 (num 2)
chunk inputs, size: 512 (num 2)
chunk inputs, size: 512 (num 2)
chunk inputs, size: 512 (num 2)
ratio 0.00 (pair), 0.0 GB (evict 18432 pairs)
  r=0.0 ours_combine     peak= 8.429GB acc=0.00 hr=0.0 fb=64 segs=7
chunk inputs, size: 512 (num 16)
chunk inputs, size: 2000 (num 4)
ratio 0.20 (pair), 0.2 GB (evict 1843832 pairs)
  r=0.2 kvzip            peak=10.674GB acc=1.00 hr=0.2 fb=None segs=None
chunk inputs, size: 512 (num 16)
chunk inputs, size: 512 (num 2)
chunk inputs, size: 512 (num 2)
chunk inputs, size: 512 (num 2)
chunk inputs, size: 512 (num 2)
chunk inputs, size: 512 (num 2)
chunk inputs, size: 512 (num 2)
chunk inputs, size: 512 (num 2)
chunk inputs, size: 512 (num 2)
ratio 0.50 (pair), 0.2 GB (evict 461185 pairs)
  r=0.2 ours             peak= 8.775GB acc=0.50 hr=0.5 fb=3200 segs=7
chunk inputs, size: 512 (num 16)
chunk inputs, size: 512 (num 5)
ratio 0.50 (pair), 0.2 GB (evict 341229 pairs)
  r=0.2 ours_predict_next peak= 8.666GB acc=0.00 hr=0.5 fb=3200 segs=5
chunk inputs, size: 512 (num 16)
chunk inputs, size: 512 (num 2)
chunk inputs, size: 512 (num 2)
chunk inputs, size: 512 (num 2)
chunk inputs, size: 512 (num 2)
chunk inputs, size: 512 (num 2)
chunk inputs, size: 512 (num 2)
chunk inputs, size: 512 (num 2)
chunk inputs, size: 512 (num 2)
chunk inputs, size: 512 (num 2)
chunk inputs, size: 512 (num 7)
ratio 0.50 (pair), 0.2 GB (evict 461123 pairs)
  r=0.2 ours_combine     peak= 8.775GB acc=0.50 hr=0.5 fb=3200 segs=7
chunk inputs, size: 512 (num 16)
chunk inputs, size: 2000 (num 4)
ratio 0.40 (pair), 0.5 GB (evict 1384023 pairs)
  r=0.4 kvzip            peak=10.674GB acc=1.00 hr=0.4 fb=None segs=None
chunk inputs, size: 512 (num 16)
chunk inputs, size: 512 (num 2)
chunk inputs, size: 512 (num 2)
chunk inputs, size: 512 (num 2)
chunk inputs, size: 512 (num 2)
chunk inputs, size: 512 (num 2)
chunk inputs, size: 512 (num 2)
chunk inputs, size: 512 (num 2)
chunk inputs, size: 512 (num 2)
ratio 0.50 (pair), 0.5 GB (evict 921512 pairs)
  r=0.4 ours             peak= 9.198GB acc=1.00 hr=0.5 fb=6399 segs=7
chunk inputs, size: 512 (num 16)
chunk inputs, size: 512 (num 9)
ratio 0.50 (pair), 0.3 GB (evict 635991 pairs)
  r=0.4 ours_predict_next peak= 8.886GB acc=0.00 hr=0.5 fb=6399 segs=5
chunk inputs, size: 512 (num 16)
chunk inputs, size: 512 (num 2)
chunk inputs, size: 512 (num 2)
chunk inputs, size: 512 (num 2)
chunk inputs, size: 512 (num 2)
chunk inputs, size: 512 (num 2)
chunk inputs, size: 512 (num 2)
chunk inputs, size: 512 (num 2)
chunk inputs, size: 512 (num 2)
chunk inputs, size: 512 (num 2)
chunk inputs, size: 512 (num 13)
ratio 0.50 (pair), 0.5 GB (evict 921756 pairs)
  r=0.4 ours_combine     peak= 9.198GB acc=1.00 hr=0.5 fb=6399 segs=7
chunk inputs, size: 512 (num 16)
chunk inputs, size: 2000 (num 4)
ratio 0.60 (pair), 0.7 GB (evict 922664 pairs)
  r=0.6 kvzip            peak=10.674GB acc=1.00 hr=0.6 fb=None segs=None
chunk inputs, size: 512 (num 16)
chunk inputs, size: 512 (num 3)
chunk inputs, size: 512 (num 3)
chunk inputs, size: 512 (num 3)
chunk inputs, size: 512 (num 3)
chunk inputs, size: 512 (num 3)
ratio 0.60 (pair), 0.5 GB (evict 626618 pairs)
  r=0.6 ours             peak= 9.073GB acc=1.00 hr=0.6 fb=7999 segs=5
chunk inputs, size: 512 (num 16)
chunk inputs, size: 512 (num 3)
chunk inputs, size: 512 (num 9)
ratio 0.60 (pair), 0.4 GB (evict 510218 pairs)
  r=0.6 ours_predict_next peak= 8.889GB acc=0.50 hr=0.6 fb=7999 segs=3
chunk inputs, size: 512 (num 16)
chunk inputs, size: 512 (num 3)
chunk inputs, size: 512 (num 3)
chunk inputs, size: 512 (num 3)
chunk inputs, size: 512 (num 3)
chunk inputs, size: 512 (num 3)
chunk inputs, size: 512 (num 11)
ratio 0.60 (pair), 0.5 GB (evict 626843 pairs)
  r=0.6 ours_combine     peak= 9.067GB acc=1.00 hr=0.6 fb=7999 segs=5
chunk inputs, size: 512 (num 16)
chunk inputs, size: 2000 (num 4)
ratio 0.80 (pair), 0.9 GB (evict 461097 pairs)
  r=0.8 kvzip            peak=10.674GB acc=1.00 hr=0.8 fb=None segs=None
chunk inputs, size: 512 (num 16)
chunk inputs, size: 512 (num 3)
chunk inputs, size: 512 (num 3)
chunk inputs, size: 512 (num 3)
chunk inputs, size: 512 (num 3)
chunk inputs, size: 512 (num 3)
ratio 0.80 (pair), 0.6 GB (evict 313779 pairs)
  r=0.8 ours             peak= 9.073GB acc=1.00 hr=0.8 fb=7999 segs=5
chunk inputs, size: 512 (num 16)
chunk inputs, size: 512 (num 3)
chunk inputs, size: 512 (num 9)
ratio 0.80 (pair), 0.5 GB (evict 255082 pairs)
  r=0.8 ours_predict_next peak= 8.889GB acc=0.50 hr=0.8 fb=7999 segs=3
chunk inputs, size: 512 (num 16)
chunk inputs, size: 512 (num 3)
chunk inputs, size: 512 (num 3)
chunk inputs, size: 512 (num 3)
chunk inputs, size: 512 (num 3)
chunk inputs, size: 512 (num 3)
chunk inputs, size: 512 (num 11)
ratio 0.80 (pair), 0.6 GB (evict 313911 pairs)
  r=0.8 ours_combine     peak= 9.067GB acc=1.00 hr=0.8 fb=7999 segs=5
chunk inputs, size: 512 (num 16)
chunk inputs, size: 2000 (num 4)
ratio 1.00 (pair), 1.2 GB (evict 0 pairs)
  r=1.0 kvzip            peak=10.674GB acc=1.00 hr=1.0 fb=None segs=None
chunk inputs, size: 512 (num 16)
chunk inputs, size: 512 (num 16)
ratio 1.00 (pair), 1.2 GB (evict 0 pairs)
  r=1.0 ours             peak= 9.417GB acc=1.00 hr=1.0 fb=7999 segs=0
chunk inputs, size: 512 (num 16)
chunk inputs, size: 512 (num 14)
chunk inputs, size: 512 (num 14)
ratio 1.00 (pair), 1.0 GB (evict 0 pairs)
  r=1.0 ours_predict_next peak= 9.224GB acc=0.50 hr=1.0 fb=7999 segs=0
chunk inputs, size: 512 (num 16)
chunk inputs, size: 512 (num 16)
chunk inputs, size: 512 (num 16)
chunk inputs, size: 512 (num 16)
ratio 1.00 (pair), 1.2 GB (evict 0 pairs)
  r=1.0 ours_combine     peak= 9.416GB acc=1.00 hr=1.0 fb=7999 segs=0
insertion at 7149
================================================================================ 
[ctx_len=8000 depth=90% q=0.9 true_len=7999]
chunk inputs, size: 512 (num 16)
chunk inputs, size: 2000 (num 4)
ratio 0.00 (pair), 0.0 GB (evict 2303712 pairs)
  r=0.0 kvzip            peak=10.674GB acc=0.00 hr=0.0 fb=None segs=None
chunk inputs, size: 512 (num 16)
chunk inputs, size: 512 (num 2)
chunk inputs, size: 512 (num 2)
chunk inputs, size: 512 (num 2)
chunk inputs, size: 512 (num 2)
chunk inputs, size: 512 (num 2)
chunk inputs, size: 512 (num 2)
chunk inputs, size: 512 (num 2)
chunk inputs, size: 512 (num 2)
ratio 0.00 (pair), 0.0 GB (evict 18432 pairs)
  r=0.0 ours             peak= 8.417GB acc=0.00 hr=0.0 fb=64 segs=7
chunk inputs, size: 512 (num 16)
ratio 0.00 (pair), 0.0 GB (evict 18432 pairs)
  r=0.0 ours_predict_next peak= 8.512GB acc=0.00 hr=0.0 fb=64 segs=5
chunk inputs, size: 512 (num 16)
chunk inputs, size: 512 (num 2)
chunk inputs, size: 512 (num 2)
chunk inputs, size: 512 (num 2)
chunk inputs, size: 512 (num 2)
chunk inputs, size: 512 (num 2)
chunk inputs, size: 512 (num 2)
chunk inputs, size: 512 (num 2)
chunk inputs, size: 512 (num 2)
chunk inputs, size: 512 (num 2)
ratio 0.00 (pair), 0.0 GB (evict 18432 pairs)
  r=0.0 ours_combine     peak= 8.429GB acc=0.00 hr=0.0 fb=64 segs=7
chunk inputs, size: 512 (num 16)
chunk inputs, size: 2000 (num 4)
ratio 0.20 (pair), 0.2 GB (evict 1843017 pairs)
  r=0.2 kvzip            peak=10.674GB acc=1.00 hr=0.2 fb=None segs=None
chunk inputs, size: 512 (num 16)
chunk inputs, size: 512 (num 2)
chunk inputs, size: 512 (num 2)
chunk inputs, size: 512 (num 2)
chunk inputs, size: 512 (num 2)
chunk inputs, size: 512 (num 2)
chunk inputs, size: 512 (num 2)
chunk inputs, size: 512 (num 2)
chunk inputs, size: 512 (num 2)
ratio 0.50 (pair), 0.2 GB (evict 461047 pairs)
  r=0.2 ours             peak= 8.775GB acc=1.00 hr=0.5 fb=3200 segs=7
chunk inputs, size: 512 (num 16)
chunk inputs, size: 512 (num 3)
chunk inputs, size: 512 (num 5)
ratio 0.50 (pair), 0.2 GB (evict 295537 pairs)
  r=0.2 ours_predict_next peak= 8.667GB acc=0.00 hr=0.5 fb=3200 segs=5
chunk inputs, size: 512 (num 16)
chunk inputs, size: 512 (num 2)
chunk inputs, size: 512 (num 2)
chunk inputs, size: 512 (num 2)
chunk inputs, size: 512 (num 2)
chunk inputs, size: 512 (num 2)
chunk inputs, size: 512 (num 2)
chunk inputs, size: 512 (num 2)
chunk inputs, size: 512 (num 2)
chunk inputs, size: 512 (num 2)
chunk inputs, size: 512 (num 7)
ratio 0.50 (pair), 0.2 GB (evict 461064 pairs)
  r=0.2 ours_combine     peak= 8.775GB acc=1.00 hr=0.5 fb=3200 segs=7
chunk inputs, size: 512 (num 16)
chunk inputs, size: 2000 (num 4)
ratio 0.40 (pair), 0.5 GB (evict 1383486 pairs)
  r=0.4 kvzip            peak=10.674GB acc=1.00 hr=0.4 fb=None segs=None
chunk inputs, size: 512 (num 16)
chunk inputs, size: 512 (num 2)
chunk inputs, size: 512 (num 2)
chunk inputs, size: 512 (num 2)
chunk inputs, size: 512 (num 2)
chunk inputs, size: 512 (num 2)
chunk inputs, size: 512 (num 2)
chunk inputs, size: 512 (num 2)
chunk inputs, size: 512 (num 2)
ratio 0.50 (pair), 0.5 GB (evict 921464 pairs)
  r=0.4 ours             peak= 9.198GB acc=1.00 hr=0.5 fb=6399 segs=7
chunk inputs, size: 512 (num 16)
chunk inputs, size: 512 (num 3)
chunk inputs, size: 512 (num 8)
ratio 0.50 (pair), 0.3 GB (evict 589953 pairs)
  r=0.4 ours_predict_next peak= 8.901GB acc=1.00 hr=0.5 fb=6399 segs=5
chunk inputs, size: 512 (num 16)
chunk inputs, size: 512 (num 2)
chunk inputs, size: 512 (num 2)
chunk inputs, size: 512 (num 2)
chunk inputs, size: 512 (num 2)
chunk inputs, size: 512 (num 2)
chunk inputs, size: 512 (num 2)
chunk inputs, size: 512 (num 2)
chunk inputs, size: 512 (num 2)
chunk inputs, size: 512 (num 2)
chunk inputs, size: 512 (num 13)
ratio 0.50 (pair), 0.5 GB (evict 922241 pairs)
  r=0.4 ours_combine     peak= 9.198GB acc=1.00 hr=0.5 fb=6399 segs=7
chunk inputs, size: 512 (num 16)
chunk inputs, size: 2000 (num 4)
ratio 0.60 (pair), 0.7 GB (evict 921615 pairs)
  r=0.6 kvzip            peak=10.674GB acc=1.00 hr=0.6 fb=None segs=None
chunk inputs, size: 512 (num 16)
chunk inputs, size: 512 (num 3)
chunk inputs, size: 512 (num 3)
chunk inputs, size: 512 (num 3)
chunk inputs, size: 512 (num 3)
chunk inputs, size: 512 (num 3)
ratio 0.60 (pair), 0.5 GB (evict 627018 pairs)
  r=0.6 ours             peak= 9.073GB acc=1.00 hr=0.6 fb=7999 segs=5
chunk inputs, size: 512 (num 16)
chunk inputs, size: 512 (num 3)
chunk inputs, size: 512 (num 9)
ratio 0.60 (pair), 0.4 GB (evict 501536 pairs)
  r=0.6 ours_predict_next peak= 8.888GB acc=1.00 hr=0.6 fb=7999 segs=3
chunk inputs, size: 512 (num 16)
chunk inputs, size: 512 (num 3)
chunk inputs, size: 512 (num 3)
chunk inputs, size: 512 (num 3)
chunk inputs, size: 512 (num 3)
chunk inputs, size: 512 (num 3)
chunk inputs, size: 512 (num 11)
ratio 0.60 (pair), 0.5 GB (evict 626836 pairs)
  r=0.6 ours_combine     peak= 9.067GB acc=1.00 hr=0.6 fb=7999 segs=5
chunk inputs, size: 512 (num 16)
chunk inputs, size: 2000 (num 4)
ratio 0.80 (pair), 0.9 GB (evict 461414 pairs)
  r=0.8 kvzip            peak=10.674GB acc=1.00 hr=0.8 fb=None segs=None
chunk inputs, size: 512 (num 16)
chunk inputs, size: 512 (num 3)
chunk inputs, size: 512 (num 3)
chunk inputs, size: 512 (num 3)
chunk inputs, size: 512 (num 3)
chunk inputs, size: 512 (num 3)
ratio 0.80 (pair), 0.6 GB (evict 314015 pairs)
  r=0.8 ours             peak= 9.073GB acc=1.00 hr=0.8 fb=7999 segs=5
chunk inputs, size: 512 (num 16)
chunk inputs, size: 512 (num 3)
chunk inputs, size: 512 (num 9)
ratio 0.80 (pair), 0.5 GB (evict 250539 pairs)
  r=0.8 ours_predict_next peak= 8.888GB acc=1.00 hr=0.8 fb=7999 segs=3
chunk inputs, size: 512 (num 16)
chunk inputs, size: 512 (num 3)
chunk inputs, size: 512 (num 3)
chunk inputs, size: 512 (num 3)
chunk inputs, size: 512 (num 3)
chunk inputs, size: 512 (num 3)
chunk inputs, size: 512 (num 11)
ratio 0.80 (pair), 0.6 GB (evict 314064 pairs)
  r=0.8 ours_combine     peak= 9.067GB acc=1.00 hr=0.8 fb=7999 segs=5
chunk inputs, size: 512 (num 16)
chunk inputs, size: 2000 (num 4)
ratio 1.00 (pair), 1.2 GB (evict 0 pairs)
  r=1.0 kvzip            peak=10.674GB acc=1.00 hr=1.0 fb=None segs=None
chunk inputs, size: 512 (num 16)
chunk inputs, size: 512 (num 16)
ratio 1.00 (pair), 1.2 GB (evict 0 pairs)
  r=1.0 ours             peak= 9.417GB acc=1.00 hr=1.0 fb=7999 segs=0
chunk inputs, size: 512 (num 16)
chunk inputs, size: 512 (num 13)
chunk inputs, size: 512 (num 13)
ratio 1.00 (pair), 1.0 GB (evict 0 pairs)
  r=1.0 ours_predict_next peak= 9.212GB acc=1.00 hr=1.0 fb=7999 segs=0
chunk inputs, size: 512 (num 16)
chunk inputs, size: 512 (num 16)
chunk inputs, size: 512 (num 16)
chunk inputs, size: 512 (num 16)
ratio 1.00 (pair), 1.2 GB (evict 0 pairs)
  r=1.0 ours_combine     peak= 9.416GB acc=1.00 hr=1.0 fb=7999 segs=0
insertion at 7976
================================================================================ 
[ctx_len=8000 depth=100% q=1.0 true_len=8000]
chunk inputs, size: 512 (num 16)
chunk inputs, size: 2000 (num 4)
ratio 0.00 (pair), 0.0 GB (evict 2304000 pairs)
  r=0.0 kvzip            peak=10.676GB acc=0.00 hr=0.0 fb=None segs=None
chunk inputs, size: 512 (num 16)
chunk inputs, size: 512 (num 2)
chunk inputs, size: 512 (num 2)
chunk inputs, size: 512 (num 2)
chunk inputs, size: 512 (num 2)
chunk inputs, size: 512 (num 2)
chunk inputs, size: 512 (num 2)
chunk inputs, size: 512 (num 2)
chunk inputs, size: 512 (num 2)
ratio 0.00 (pair), 0.0 GB (evict 18432 pairs)
  r=0.0 ours             peak= 8.417GB acc=0.00 hr=0.0 fb=64 segs=7
chunk inputs, size: 512 (num 16)
chunk inputs, size: 512 (num 3)
ratio 0.00 (pair), 0.0 GB (evict 18432 pairs)
  r=0.0 ours_predict_next peak= 8.512GB acc=0.00 hr=0.0 fb=64 segs=5
chunk inputs, size: 512 (num 16)
chunk inputs, size: 512 (num 2)
chunk inputs, size: 512 (num 2)
chunk inputs, size: 512 (num 2)
chunk inputs, size: 512 (num 2)
chunk inputs, size: 512 (num 2)
chunk inputs, size: 512 (num 2)
chunk inputs, size: 512 (num 2)
chunk inputs, size: 512 (num 2)
chunk inputs, size: 512 (num 2)
ratio 0.00 (pair), 0.0 GB (evict 18432 pairs)
  r=0.0 ours_combine     peak= 8.429GB acc=0.00 hr=0.0 fb=64 segs=7
chunk inputs, size: 512 (num 16)
chunk inputs, size: 2000 (num 4)
ratio 0.20 (pair), 0.2 GB (evict 1843992 pairs)
  r=0.2 kvzip            peak=10.676GB acc=1.00 hr=0.2 fb=None segs=None
chunk inputs, size: 512 (num 16)
chunk inputs, size: 512 (num 2)
chunk inputs, size: 512 (num 2)
chunk inputs, size: 512 (num 2)
chunk inputs, size: 512 (num 2)
chunk inputs, size: 512 (num 2)
chunk inputs, size: 512 (num 2)
chunk inputs, size: 512 (num 2)
chunk inputs, size: 512 (num 2)
ratio 0.50 (pair), 0.2 GB (evict 461218 pairs)
  r=0.2 ours             peak= 8.776GB acc=1.00 hr=0.5 fb=3200 segs=7
chunk inputs, size: 512 (num 16)
chunk inputs, size: 512 (num 3)
chunk inputs, size: 512 (num 5)
ratio 0.50 (pair), 0.2 GB (evict 295416 pairs)
  r=0.2 ours_predict_next peak= 8.667GB acc=1.00 hr=0.5 fb=3200 segs=5
chunk inputs, size: 512 (num 16)
chunk inputs, size: 512 (num 2)
chunk inputs, size: 512 (num 2)
chunk inputs, size: 512 (num 2)
chunk inputs, size: 512 (num 2)
chunk inputs, size: 512 (num 2)
chunk inputs, size: 512 (num 2)
chunk inputs, size: 512 (num 2)
chunk inputs, size: 512 (num 2)
chunk inputs, size: 512 (num 2)
chunk inputs, size: 512 (num 7)
ratio 0.50 (pair), 0.2 GB (evict 460994 pairs)
  r=0.2 ours_combine     peak= 8.775GB acc=1.00 hr=0.5 fb=3200 segs=7
chunk inputs, size: 512 (num 16)
chunk inputs, size: 2000 (num 4)
ratio 0.40 (pair), 0.5 GB (evict 1382494 pairs)
  r=0.4 kvzip            peak=10.676GB acc=1.00 hr=0.4 fb=None segs=None
chunk inputs, size: 512 (num 16)
chunk inputs, size: 512 (num 2)
chunk inputs, size: 512 (num 2)
chunk inputs, size: 512 (num 2)
chunk inputs, size: 512 (num 2)
chunk inputs, size: 512 (num 2)
chunk inputs, size: 512 (num 2)
chunk inputs, size: 512 (num 2)
chunk inputs, size: 512 (num 2)
ratio 0.50 (pair), 0.5 GB (evict 922514 pairs)
  r=0.4 ours             peak= 9.198GB acc=1.00 hr=0.5 fb=6400 segs=7
chunk inputs, size: 512 (num 16)
chunk inputs, size: 512 (num 3)
chunk inputs, size: 512 (num 8)
ratio 0.50 (pair), 0.3 GB (evict 590188 pairs)
  r=0.4 ours_predict_next peak= 8.880GB acc=1.00 hr=0.5 fb=6400 segs=5
chunk inputs, size: 512 (num 16)
chunk inputs, size: 512 (num 2)
chunk inputs, size: 512 (num 2)
chunk inputs, size: 512 (num 2)
chunk inputs, size: 512 (num 2)
chunk inputs, size: 512 (num 2)
chunk inputs, size: 512 (num 2)
chunk inputs, size: 512 (num 2)
chunk inputs, size: 512 (num 2)
chunk inputs, size: 512 (num 2)
chunk inputs, size: 512 (num 13)
ratio 0.50 (pair), 0.5 GB (evict 921915 pairs)
  r=0.4 ours_combine     peak= 9.198GB acc=1.00 hr=0.5 fb=6400 segs=7
chunk inputs, size: 512 (num 16)
chunk inputs, size: 2000 (num 4)
ratio 0.60 (pair), 0.7 GB (evict 921891 pairs)
  r=0.6 kvzip            peak=10.676GB acc=1.00 hr=0.6 fb=None segs=None
chunk inputs, size: 512 (num 16)
chunk inputs, size: 512 (num 3)
chunk inputs, size: 512 (num 3)
chunk inputs, size: 512 (num 3)
chunk inputs, size: 512 (num 3)
chunk inputs, size: 512 (num 3)
ratio 0.60 (pair), 0.5 GB (evict 626909 pairs)
  r=0.6 ours             peak= 9.073GB acc=1.00 hr=0.6 fb=8000 segs=5
chunk inputs, size: 512 (num 16)
chunk inputs, size: 512 (num 3)
chunk inputs, size: 512 (num 9)
ratio 0.60 (pair), 0.4 GB (evict 485311 pairs)
  r=0.6 ours_predict_next peak= 8.888GB acc=1.00 hr=0.6 fb=8000 segs=3
chunk inputs, size: 512 (num 16)
chunk inputs, size: 512 (num 3)
chunk inputs, size: 512 (num 3)
chunk inputs, size: 512 (num 3)
chunk inputs, size: 512 (num 3)
chunk inputs, size: 512 (num 3)
chunk inputs, size: 512 (num 11)
ratio 0.60 (pair), 0.5 GB (evict 627427 pairs)
  r=0.6 ours_combine     peak= 9.067GB acc=1.00 hr=0.6 fb=8000 segs=5
chunk inputs, size: 512 (num 16)
chunk inputs, size: 2000 (num 4)
ratio 0.80 (pair), 0.9 GB (evict 461682 pairs)
  r=0.8 kvzip            peak=10.676GB acc=1.00 hr=0.8 fb=None segs=None
chunk inputs, size: 512 (num 16)
chunk inputs, size: 512 (num 3)
chunk inputs, size: 512 (num 3)
chunk inputs, size: 512 (num 3)
chunk inputs, size: 512 (num 3)
chunk inputs, size: 512 (num 3)
ratio 0.80 (pair), 0.6 GB (evict 313554 pairs)
  r=0.8 ours             peak= 9.073GB acc=1.00 hr=0.8 fb=8000 segs=5
chunk inputs, size: 512 (num 16)
chunk inputs, size: 512 (num 3)
chunk inputs, size: 512 (num 9)
ratio 0.80 (pair), 0.5 GB (evict 242639 pairs)
  r=0.8 ours_predict_next peak= 8.888GB acc=1.00 hr=0.8 fb=8000 segs=3
chunk inputs, size: 512 (num 16)
chunk inputs, size: 512 (num 3)
chunk inputs, size: 512 (num 3)
chunk inputs, size: 512 (num 3)
chunk inputs, size: 512 (num 3)
chunk inputs, size: 512 (num 3)
chunk inputs, size: 512 (num 11)
ratio 0.80 (pair), 0.6 GB (evict 313668 pairs)
  r=0.8 ours_combine     peak= 9.067GB acc=1.00 hr=0.8 fb=8000 segs=5
chunk inputs, size: 512 (num 16)
chunk inputs, size: 2000 (num 4)
ratio 1.00 (pair), 1.2 GB (evict 0 pairs)
  r=1.0 kvzip            peak=10.676GB acc=1.00 hr=1.0 fb=None segs=None
chunk inputs, size: 512 (num 16)
chunk inputs, size: 512 (num 16)
ratio 1.00 (pair), 1.2 GB (evict 0 pairs)
  r=1.0 ours             peak= 9.417GB acc=1.00 hr=1.0 fb=8000 segs=0
chunk inputs, size: 512 (num 16)
chunk inputs, size: 512 (num 13)
chunk inputs, size: 512 (num 13)
ratio 1.00 (pair), 1.0 GB (evict 0 pairs)
  r=1.0 ours_predict_next peak= 9.195GB acc=1.00 hr=1.0 fb=8000 segs=0
chunk inputs, size: 512 (num 16)
chunk inputs, size: 512 (num 16)
chunk inputs, size: 512 (num 16)
chunk inputs, size: 512 (num 16)
ratio 1.00 (pair), 1.2 GB (evict 0 pairs)
  r=1.0 ours_combine     peak= 9.416GB acc=1.00 hr=1.0 fb=8000 segs=0

[recorded] detail -> results/niah_grid/qwen3-4b_ours_per_head_full_comb_20260528-020144.json
[recorded] master -> results/niah_grid_runs.jsonl

DONE: 792 cells recorded.

Loading checkpoint shards:   0%|          | 0/3 [00:00<?, ?it/s]
Loading checkpoint shards:  33%|███▎      | 1/3 [00:00<00:00,  2.51it/s]
Loading checkpoint shards:  67%|██████▋   | 2/3 [00:00<00:00,  2.39it/s]
Loading checkpoint shards: 100%|██████████| 3/3 [00:00<00:00,  3.57it/s]
Token indices sequence length is longer than the specified maximum sequence length for this model (149704 > 131072). Running this sequence through the model will result in indexing errors

Prefill:   0%|          | 0/2 [00:00<?, ?it/s]
Prefill:  50%|█████     | 1/2 [00:00<00:00,  2.90it/s]
Prefill: 100%|██████████| 2/2 [00:00<00:00,  4.70it/s]

Importance scoring:   0%|          | 0/1 [00:00<?, ?it/s]
Importance scoring: 100%|██████████| 1/1 [00:00<00:00,  8.05it/s]
Importance scoring: 100%|██████████| 1/1 [00:00<00:00,  8.04it/s]

Prefill:   0%|          | 0/2 [00:00<?, ?it/s]
Prefill: 100%|██████████| 2/2 [00:00<00:00, 18.76it/s]
Prefill: 100%|██████████| 2/2 [00:00<00:00, 18.73it/s]

Importance scoring:   0%|          | 0/1 [00:00<?, ?it/s]
Importance scoring: 100%|██████████| 1/1 [00:00<00:00,  9.95it/s]
Importance scoring: 100%|██████████| 1/1 [00:00<00:00,  9.94it/s]

Prefill:   0%|          | 0/2 [00:00<?, ?it/s]
Prefill: 100%|██████████| 2/2 [00:00<00:00, 18.75it/s]
Prefill: 100%|██████████| 2/2 [00:00<00:00, 18.73it/s]

Importance scoring:   0%|          | 0/1 [00:00<?, ?it/s]
Importance scoring: 100%|██████████| 1/1 [00:00<00:00,  9.95it/s]
Importance scoring: 100%|██████████| 1/1 [00:00<00:00,  9.94it/s]

Prefill:   0%|          | 0/2 [00:00<?, ?it/s]
Prefill: 100%|██████████| 2/2 [00:00<00:00, 18.70it/s]
Prefill: 100%|██████████| 2/2 [00:00<00:00, 18.68it/s]

Importance scoring:   0%|          | 0/1 [00:00<?, ?it/s]
Importance scoring: 100%|██████████| 1/1 [00:00<00:00,  9.90it/s]
Importance scoring: 100%|██████████| 1/1 [00:00<00:00,  9.89it/s]

Prefill:   0%|          | 0/2 [00:00<?, ?it/s]
Prefill: 100%|██████████| 2/2 [00:00<00:00, 18.58it/s]
Prefill: 100%|██████████| 2/2 [00:00<00:00, 18.56it/s]

Importance scoring:   0%|          | 0/1 [00:00<?, ?it/s]
Importance scoring: 100%|██████████| 1/1 [00:00<00:00,  9.85it/s]
Importance scoring: 100%|██████████| 1/1 [00:00<00:00,  9.84it/s]

Prefill:   0%|          | 0/2 [00:00<?, ?it/s]
Prefill: 100%|██████████| 2/2 [00:00<00:00, 18.75it/s]
Prefill: 100%|██████████| 2/2 [00:00<00:00, 18.73it/s]

Importance scoring:   0%|          | 0/1 [00:00<?, ?it/s]
Importance scoring: 100%|██████████| 1/1 [00:00<00:00,  9.82it/s]
Importance scoring: 100%|██████████| 1/1 [00:00<00:00,  9.82it/s]

Prefill:   0%|          | 0/2 [00:00<?, ?it/s]
Prefill: 100%|██████████| 2/2 [00:00<00:00, 18.59it/s]
Prefill: 100%|██████████| 2/2 [00:00<00:00, 18.58it/s]

Importance scoring:   0%|          | 0/1 [00:00<?, ?it/s]
Importance scoring: 100%|██████████| 1/1 [00:00<00:00,  9.87it/s]
Importance scoring: 100%|██████████| 1/1 [00:00<00:00,  9.87it/s]

Prefill:   0%|          | 0/2 [00:00<?, ?it/s]
Prefill: 100%|██████████| 2/2 [00:00<00:00, 18.70it/s]
Prefill: 100%|██████████| 2/2 [00:00<00:00, 18.68it/s]

Importance scoring:   0%|          | 0/1 [00:00<?, ?it/s]
Importance scoring: 100%|██████████| 1/1 [00:00<00:00,  9.69it/s]
Importance scoring: 100%|██████████| 1/1 [00:00<00:00,  9.68it/s]

Prefill:   0%|          | 0/2 [00:00<?, ?it/s]
Prefill: 100%|██████████| 2/2 [00:00<00:00, 18.31it/s]
Prefill: 100%|██████████| 2/2 [00:00<00:00, 18.29it/s]

Importance scoring:   0%|          | 0/1 [00:00<?, ?it/s]
Importance scoring: 100%|██████████| 1/1 [00:00<00:00,  9.65it/s]
Importance scoring: 100%|██████████| 1/1 [00:00<00:00,  9.64it/s]

Prefill:   0%|          | 0/2 [00:00<?, ?it/s]
Prefill: 100%|██████████| 2/2 [00:00<00:00, 19.06it/s]
Prefill: 100%|██████████| 2/2 [00:00<00:00, 19.03it/s]

Importance scoring:   0%|          | 0/1 [00:00<?, ?it/s]
Importance scoring: 100%|██████████| 1/1 [00:00<00:00,  9.75it/s]
Importance scoring: 100%|██████████| 1/1 [00:00<00:00,  9.74it/s]

Prefill:   0%|          | 0/2 [00:00<?, ?it/s]
Prefill: 100%|██████████| 2/2 [00:00<00:00, 18.30it/s]
Prefill: 100%|██████████| 2/2 [00:00<00:00, 18.28it/s]

Importance scoring:   0%|          | 0/1 [00:00<?, ?it/s]
Importance scoring: 100%|██████████| 1/1 [00:00<00:00,  9.72it/s]
Importance scoring: 100%|██████████| 1/1 [00:00<00:00,  9.71it/s]

Prefill:   0%|          | 0/2 [00:00<?, ?it/s]
Prefill: 100%|██████████| 2/2 [00:00<00:00, 18.40it/s]
Prefill: 100%|██████████| 2/2 [00:00<00:00, 18.38it/s]

Importance scoring:   0%|          | 0/1 [00:00<?, ?it/s]
Importance scoring: 100%|██████████| 1/1 [00:00<00:00,  9.69it/s]
Importance scoring: 100%|██████████| 1/1 [00:00<00:00,  9.68it/s]

Prefill:   0%|          | 0/2 [00:00<?, ?it/s]
Prefill: 100%|██████████| 2/2 [00:00<00:00, 18.26it/s]
Prefill: 100%|██████████| 2/2 [00:00<00:00, 18.24it/s]

Importance scoring:   0%|          | 0/1 [00:00<?, ?it/s]
Importance scoring: 100%|██████████| 1/1 [00:00<00:00,  9.72it/s]
Importance scoring: 100%|██████████| 1/1 [00:00<00:00,  9.71it/s]

Prefill:   0%|          | 0/2 [00:00<?, ?it/s]
Prefill: 100%|██████████| 2/2 [00:00<00:00, 18.37it/s]
Prefill: 100%|██████████| 2/2 [00:00<00:00, 18.35it/s]

Importance scoring:   0%|          | 0/1 [00:00<?, ?it/s]
Importance scoring: 100%|██████████| 1/1 [00:00<00:00,  9.72it/s]
Importance scoring: 100%|██████████| 1/1 [00:00<00:00,  9.71it/s]

Prefill:   0%|          | 0/2 [00:00<?, ?it/s]
Prefill: 100%|██████████| 2/2 [00:00<00:00, 18.37it/s]
Prefill: 100%|██████████| 2/2 [00:00<00:00, 18.35it/s]

Importance scoring:   0%|          | 0/1 [00:00<?, ?it/s]
Importance scoring: 100%|██████████| 1/1 [00:00<00:00,  9.74it/s]
Importance scoring: 100%|██████████| 1/1 [00:00<00:00,  9.73it/s]

Prefill:   0%|          | 0/2 [00:00<?, ?it/s]
Prefill: 100%|██████████| 2/2 [00:00<00:00, 18.10it/s]
Prefill: 100%|██████████| 2/2 [00:00<00:00, 18.08it/s]

Importance scoring:   0%|          | 0/1 [00:00<?, ?it/s]
Importance scoring: 100%|██████████| 1/1 [00:00<00:00,  9.58it/s]
Importance scoring: 100%|██████████| 1/1 [00:00<00:00,  9.57it/s]

Prefill:   0%|          | 0/2 [00:00<?, ?it/s]
Prefill: 100%|██████████| 2/2 [00:00<00:00, 18.09it/s]
Prefill: 100%|██████████| 2/2 [00:00<00:00, 18.07it/s]

Importance scoring:   0%|          | 0/1 [00:00<?, ?it/s]
Importance scoring: 100%|██████████| 1/1 [00:00<00:00,  9.65it/s]
Importance scoring: 100%|██████████| 1/1 [00:00<00:00,  9.65it/s]

Prefill:   0%|          | 0/2 [00:00<?, ?it/s]
Prefill: 100%|██████████| 2/2 [00:00<00:00, 18.12it/s]
Prefill: 100%|██████████| 2/2 [00:00<00:00, 18.10it/s]

Importance scoring:   0%|          | 0/1 [00:00<?, ?it/s]
Importance scoring: 100%|██████████| 1/1 [00:00<00:00,  9.47it/s]
Importance scoring: 100%|██████████| 1/1 [00:00<00:00,  9.46it/s]

Prefill:   0%|          | 0/2 [00:00<?, ?it/s]
Prefill: 100%|██████████| 2/2 [00:00<00:00, 18.17it/s]
Prefill: 100%|██████████| 2/2 [00:00<00:00, 18.16it/s]

Importance scoring:   0%|          | 0/1 [00:00<?, ?it/s]
Importance scoring: 100%|██████████| 1/1 [00:00<00:00,  9.71it/s]
Importance scoring: 100%|██████████| 1/1 [00:00<00:00,  9.70it/s]

Prefill:   0%|          | 0/2 [00:00<?, ?it/s]
Prefill: 100%|██████████| 2/2 [00:00<00:00, 18.04it/s]
Prefill: 100%|██████████| 2/2 [00:00<00:00, 18.02it/s]

Importance scoring:   0%|          | 0/1 [00:00<?, ?it/s]
Importance scoring: 100%|██████████| 1/1 [00:00<00:00,  9.57it/s]
Importance scoring: 100%|██████████| 1/1 [00:00<00:00,  9.56it/s]

Prefill:   0%|          | 0/2 [00:00<?, ?it/s]
Prefill: 100%|██████████| 2/2 [00:00<00:00, 18.05it/s]
Prefill: 100%|██████████| 2/2 [00:00<00:00, 18.03it/s]

Importance scoring:   0%|          | 0/1 [00:00<?, ?it/s]
Importance scoring: 100%|██████████| 1/1 [00:00<00:00,  9.60it/s]
Importance scoring: 100%|██████████| 1/1 [00:00<00:00,  9.59it/s]

Prefill:   0%|          | 0/2 [00:00<?, ?it/s]
Prefill: 100%|██████████| 2/2 [00:00<00:00, 17.95it/s]
Prefill: 100%|██████████| 2/2 [00:00<00:00, 17.93it/s]

Importance scoring:   0%|          | 0/1 [00:00<?, ?it/s]
Importance scoring: 100%|██████████| 1/1 [00:00<00:00,  9.57it/s]
Importance scoring: 100%|██████████| 1/1 [00:00<00:00,  9.57it/s]

Prefill:   0%|          | 0/2 [00:00<?, ?it/s]
Prefill: 100%|██████████| 2/2 [00:00<00:00, 18.20it/s]
Prefill: 100%|██████████| 2/2 [00:00<00:00, 18.18it/s]

Importance scoring:   0%|          | 0/1 [00:00<?, ?it/s]
Importance scoring: 100%|██████████| 1/1 [00:00<00:00,  9.54it/s]
Importance scoring: 100%|██████████| 1/1 [00:00<00:00,  9.53it/s]

Prefill:   0%|          | 0/2 [00:00<?, ?it/s]
Prefill: 100%|██████████| 2/2 [00:00<00:00, 18.16it/s]
Prefill: 100%|██████████| 2/2 [00:00<00:00, 18.14it/s]

Importance scoring:   0%|          | 0/1 [00:00<?, ?it/s]
Importance scoring: 100%|██████████| 1/1 [00:00<00:00,  9.42it/s]
Importance scoring: 100%|██████████| 1/1 [00:00<00:00,  9.41it/s]

Prefill:   0%|          | 0/2 [00:00<?, ?it/s]
Prefill: 100%|██████████| 2/2 [00:00<00:00, 18.12it/s]
Prefill: 100%|██████████| 2/2 [00:00<00:00, 18.11it/s]

Importance scoring:   0%|          | 0/1 [00:00<?, ?it/s]
Importance scoring: 100%|██████████| 1/1 [00:00<00:00,  9.62it/s]
Importance scoring: 100%|██████████| 1/1 [00:00<00:00,  9.62it/s]

Prefill:   0%|          | 0/2 [00:00<?, ?it/s]
Prefill: 100%|██████████| 2/2 [00:00<00:00, 18.20it/s]
Prefill: 100%|██████████| 2/2 [00:00<00:00, 18.18it/s]

Importance scoring:   0%|          | 0/1 [00:00<?, ?it/s]
Importance scoring: 100%|██████████| 1/1 [00:00<00:00,  9.62it/s]
Importance scoring: 100%|██████████| 1/1 [00:00<00:00,  9.62it/s]

Prefill:   0%|          | 0/2 [00:00<?, ?it/s]
Prefill: 100%|██████████| 2/2 [00:00<00:00, 18.10it/s]
Prefill: 100%|██████████| 2/2 [00:00<00:00, 18.07it/s]

Importance scoring:   0%|          | 0/1 [00:00<?, ?it/s]
Importance scoring: 100%|██████████| 1/1 [00:00<00:00,  9.60it/s]
Importance scoring: 100%|██████████| 1/1 [00:00<00:00,  9.59it/s]

Prefill:   0%|          | 0/2 [00:00<?, ?it/s]
Prefill: 100%|██████████| 2/2 [00:00<00:00, 17.93it/s]
Prefill: 100%|██████████| 2/2 [00:00<00:00, 17.91it/s]

Importance scoring:   0%|          | 0/1 [00:00<?, ?it/s]
Importance scoring: 100%|██████████| 1/1 [00:00<00:00,  9.53it/s]
Importance scoring: 100%|██████████| 1/1 [00:00<00:00,  9.52it/s]

Prefill:   0%|          | 0/2 [00:00<?, ?it/s]
Prefill: 100%|██████████| 2/2 [00:00<00:00, 17.97it/s]
Prefill: 100%|██████████| 2/2 [00:00<00:00, 17.95it/s]

Importance scoring:   0%|          | 0/1 [00:00<?, ?it/s]
Importance scoring: 100%|██████████| 1/1 [00:00<00:00,  9.61it/s]
Importance scoring: 100%|██████████| 1/1 [00:00<00:00,  9.60it/s]

Prefill:   0%|          | 0/2 [00:00<?, ?it/s]
Prefill: 100%|██████████| 2/2 [00:00<00:00, 18.05it/s]
Prefill: 100%|██████████| 2/2 [00:00<00:00, 18.03it/s]

Importance scoring:   0%|          | 0/1 [00:00<?, ?it/s]
Importance scoring: 100%|██████████| 1/1 [00:00<00:00,  9.55it/s]
Importance scoring: 100%|██████████| 1/1 [00:00<00:00,  9.55it/s]

Prefill:   0%|          | 0/2 [00:00<?, ?it/s]
Prefill: 100%|██████████| 2/2 [00:00<00:00, 17.80it/s]
Prefill: 100%|██████████| 2/2 [00:00<00:00, 17.78it/s]

Importance scoring:   0%|          | 0/1 [00:00<?, ?it/s]
Importance scoring: 100%|██████████| 1/1 [00:00<00:00,  9.64it/s]
Importance scoring: 100%|██████████| 1/1 [00:00<00:00,  9.63it/s]

Prefill:   0%|          | 0/2 [00:00<?, ?it/s]
Prefill: 100%|██████████| 2/2 [00:00<00:00, 18.07it/s]
Prefill: 100%|██████████| 2/2 [00:00<00:00, 18.05it/s]

Importance scoring:   0%|          | 0/1 [00:00<?, ?it/s]
Importance scoring: 100%|██████████| 1/1 [00:00<00:00,  9.46it/s]
Importance scoring: 100%|██████████| 1/1 [00:00<00:00,  9.45it/s]

Prefill:   0%|          | 0/2 [00:00<?, ?it/s]
Prefill: 100%|██████████| 2/2 [00:00<00:00, 18.12it/s]
Prefill: 100%|██████████| 2/2 [00:00<00:00, 18.10it/s]

Importance scoring:   0%|          | 0/1 [00:00<?, ?it/s]
Importance scoring: 100%|██████████| 1/1 [00:00<00:00,  9.56it/s]
Importance scoring: 100%|██████████| 1/1 [00:00<00:00,  9.55it/s]

Prefill:   0%|          | 0/2 [00:00<?, ?it/s]
Prefill: 100%|██████████| 2/2 [00:00<00:00, 17.81it/s]
Prefill: 100%|██████████| 2/2 [00:00<00:00, 17.79it/s]

Importance scoring:   0%|          | 0/1 [00:00<?, ?it/s]
Importance scoring: 100%|██████████| 1/1 [00:00<00:00,  9.55it/s]
Importance scoring: 100%|██████████| 1/1 [00:00<00:00,  9.54it/s]

Prefill:   0%|          | 0/2 [00:00<?, ?it/s]
Prefill: 100%|██████████| 2/2 [00:00<00:00, 18.25it/s]
Prefill: 100%|██████████| 2/2 [00:00<00:00, 18.23it/s]

Importance scoring:   0%|          | 0/1 [00:00<?, ?it/s]
Importance scoring: 100%|██████████| 1/1 [00:00<00:00,  9.51it/s]
Importance scoring: 100%|██████████| 1/1 [00:00<00:00,  9.50it/s]

Prefill:   0%|          | 0/2 [00:00<?, ?it/s]
Prefill: 100%|██████████| 2/2 [00:00<00:00, 17.76it/s]
Prefill: 100%|██████████| 2/2 [00:00<00:00, 17.75it/s]

Importance scoring:   0%|          | 0/1 [00:00<?, ?it/s]
Importance scoring: 100%|██████████| 1/1 [00:00<00:00,  9.61it/s]
Importance scoring: 100%|██████████| 1/1 [00:00<00:00,  9.60it/s]

Prefill:   0%|          | 0/2 [00:00<?, ?it/s]
Prefill: 100%|██████████| 2/2 [00:00<00:00, 18.13it/s]
Prefill: 100%|██████████| 2/2 [00:00<00:00, 18.11it/s]

Importance scoring:   0%|          | 0/1 [00:00<?, ?it/s]
Importance scoring: 100%|██████████| 1/1 [00:00<00:00,  9.60it/s]
Importance scoring: 100%|██████████| 1/1 [00:00<00:00,  9.59it/s]

Prefill:   0%|          | 0/2 [00:00<?, ?it/s]
Prefill: 100%|██████████| 2/2 [00:00<00:00, 17.84it/s]
Prefill: 100%|██████████| 2/2 [00:00<00:00, 17.82it/s]

Importance scoring:   0%|          | 0/1 [00:00<?, ?it/s]
Importance scoring: 100%|██████████| 1/1 [00:00<00:00,  9.51it/s]
Importance scoring: 100%|██████████| 1/1 [00:00<00:00,  9.51it/s]

Prefill:   0%|          | 0/2 [00:00<?, ?it/s]
Prefill: 100%|██████████| 2/2 [00:00<00:00, 17.99it/s]
Prefill: 100%|██████████| 2/2 [00:00<00:00, 17.97it/s]

Importance scoring:   0%|          | 0/1 [00:00<?, ?it/s]
Importance scoring: 100%|██████████| 1/1 [00:00<00:00,  9.60it/s]
Importance scoring: 100%|██████████| 1/1 [00:00<00:00,  9.59it/s]

Prefill:   0%|          | 0/2 [00:00<?, ?it/s]
Prefill: 100%|██████████| 2/2 [00:00<00:00, 17.97it/s]
Prefill: 100%|██████████| 2/2 [00:00<00:00, 17.95it/s]

Importance scoring:   0%|          | 0/1 [00:00<?, ?it/s]
Importance scoring: 100%|██████████| 1/1 [00:00<00:00,  9.43it/s]
Importance scoring: 100%|██████████| 1/1 [00:00<00:00,  9.42it/s]

Prefill:   0%|          | 0/2 [00:00<?, ?it/s]
Prefill: 100%|██████████| 2/2 [00:00<00:00, 17.95it/s]
Prefill: 100%|██████████| 2/2 [00:00<00:00, 17.93it/s]

Importance scoring:   0%|          | 0/1 [00:00<?, ?it/s]
Importance scoring: 100%|██████████| 1/1 [00:00<00:00,  9.54it/s]
Importance scoring: 100%|██████████| 1/1 [00:00<00:00,  9.53it/s]

Prefill:   0%|          | 0/2 [00:00<?, ?it/s]
Prefill: 100%|██████████| 2/2 [00:00<00:00, 18.00it/s]
Prefill: 100%|██████████| 2/2 [00:00<00:00, 17.98it/s]

Importance scoring:   0%|          | 0/1 [00:00<?, ?it/s]
Importance scoring: 100%|██████████| 1/1 [00:00<00:00,  9.53it/s]
Importance scoring: 100%|██████████| 1/1 [00:00<00:00,  9.52it/s]

Prefill:   0%|          | 0/2 [00:00<?, ?it/s]
Prefill: 100%|██████████| 2/2 [00:00<00:00, 18.12it/s]
Prefill: 100%|██████████| 2/2 [00:00<00:00, 18.10it/s]

Importance scoring:   0%|          | 0/1 [00:00<?, ?it/s]
Importance scoring: 100%|██████████| 1/1 [00:00<00:00,  9.44it/s]
Importance scoring: 100%|██████████| 1/1 [00:00<00:00,  9.43it/s]

Prefill:   0%|          | 0/2 [00:00<?, ?it/s]
Prefill: 100%|██████████| 2/2 [00:00<00:00, 17.90it/s]
Prefill: 100%|██████████| 2/2 [00:00<00:00, 17.89it/s]

Importance scoring:   0%|          | 0/1 [00:00<?, ?it/s]
Importance scoring: 100%|██████████| 1/1 [00:00<00:00,  9.57it/s]
Importance scoring: 100%|██████████| 1/1 [00:00<00:00,  9.56it/s]

Prefill:   0%|          | 0/2 [00:00<?, ?it/s]
Prefill: 100%|██████████| 2/2 [00:00<00:00, 17.86it/s]
Prefill: 100%|██████████| 2/2 [00:00<00:00, 17.84it/s]

Importance scoring:   0%|          | 0/1 [00:00<?, ?it/s]
Importance scoring: 100%|██████████| 1/1 [00:00<00:00,  9.48it/s]
Importance scoring: 100%|██████████| 1/1 [00:00<00:00,  9.48it/s]

Prefill:   0%|          | 0/2 [00:00<?, ?it/s]
Prefill: 100%|██████████| 2/2 [00:00<00:00, 18.00it/s]
Prefill: 100%|██████████| 2/2 [00:00<00:00, 17.98it/s]

Importance scoring:   0%|          | 0/1 [00:00<?, ?it/s]
Importance scoring: 100%|██████████| 1/1 [00:00<00:00,  9.45it/s]
Importance scoring: 100%|██████████| 1/1 [00:00<00:00,  9.44it/s]

Prefill:   0%|          | 0/2 [00:00<?, ?it/s]
Prefill: 100%|██████████| 2/2 [00:00<00:00, 17.97it/s]
Prefill: 100%|██████████| 2/2 [00:00<00:00, 17.95it/s]

Importance scoring:   0%|          | 0/1 [00:00<?, ?it/s]
Importance scoring: 100%|██████████| 1/1 [00:00<00:00,  9.54it/s]
Importance scoring: 100%|██████████| 1/1 [00:00<00:00,  9.54it/s]

Prefill:   0%|          | 0/2 [00:00<?, ?it/s]
Prefill: 100%|██████████| 2/2 [00:00<00:00, 17.89it/s]
Prefill: 100%|██████████| 2/2 [00:00<00:00, 17.87it/s]

Importance scoring:   0%|          | 0/1 [00:00<?, ?it/s]
Importance scoring: 100%|██████████| 1/1 [00:00<00:00,  9.39it/s]
Importance scoring: 100%|██████████| 1/1 [00:00<00:00,  9.39it/s]

Prefill:   0%|          | 0/2 [00:00<?, ?it/s]
Prefill: 100%|██████████| 2/2 [00:00<00:00, 17.99it/s]
Prefill: 100%|██████████| 2/2 [00:00<00:00, 17.98it/s]

Importance scoring:   0%|          | 0/1 [00:00<?, ?it/s]
Importance scoring: 100%|██████████| 1/1 [00:00<00:00,  9.56it/s]
Importance scoring: 100%|██████████| 1/1 [00:00<00:00,  9.55it/s]

Prefill:   0%|          | 0/2 [00:00<?, ?it/s]
Prefill: 100%|██████████| 2/2 [00:00<00:00, 17.87it/s]
Prefill: 100%|██████████| 2/2 [00:00<00:00, 17.86it/s]

Importance scoring:   0%|          | 0/1 [00:00<?, ?it/s]
Importance scoring: 100%|██████████| 1/1 [00:00<00:00,  9.50it/s]
Importance scoring: 100%|██████████| 1/1 [00:00<00:00,  9.49it/s]

Prefill:   0%|          | 0/2 [00:00<?, ?it/s]
Prefill: 100%|██████████| 2/2 [00:00<00:00, 17.95it/s]
Prefill: 100%|██████████| 2/2 [00:00<00:00, 17.93it/s]

Importance scoring:   0%|          | 0/1 [00:00<?, ?it/s]
Importance scoring: 100%|██████████| 1/1 [00:00<00:00,  9.52it/s]
Importance scoring: 100%|██████████| 1/1 [00:00<00:00,  9.51it/s]

Prefill:   0%|          | 0/2 [00:00<?, ?it/s]
Prefill: 100%|██████████| 2/2 [00:00<00:00, 17.98it/s]
Prefill: 100%|██████████| 2/2 [00:00<00:00, 17.96it/s]

Importance scoring:   0%|          | 0/1 [00:00<?, ?it/s]
Importance scoring: 100%|██████████| 1/1 [00:00<00:00,  9.67it/s]
Importance scoring: 100%|██████████| 1/1 [00:00<00:00,  9.66it/s]

Prefill:   0%|          | 0/2 [00:00<?, ?it/s]
Prefill: 100%|██████████| 2/2 [00:00<00:00, 18.16it/s]
Prefill: 100%|██████████| 2/2 [00:00<00:00, 18.14it/s]

Importance scoring:   0%|          | 0/1 [00:00<?, ?it/s]
Importance scoring: 100%|██████████| 1/1 [00:00<00:00,  9.59it/s]
Importance scoring: 100%|██████████| 1/1 [00:00<00:00,  9.58it/s]

Prefill:   0%|          | 0/2 [00:00<?, ?it/s]
Prefill: 100%|██████████| 2/2 [00:00<00:00, 18.25it/s]
Prefill: 100%|██████████| 2/2 [00:00<00:00, 18.23it/s]

Importance scoring:   0%|          | 0/1 [00:00<?, ?it/s]
Importance scoring: 100%|██████████| 1/1 [00:00<00:00,  9.54it/s]
Importance scoring: 100%|██████████| 1/1 [00:00<00:00,  9.54it/s]

Prefill:   0%|          | 0/2 [00:00<?, ?it/s]
Prefill: 100%|██████████| 2/2 [00:00<00:00, 18.59it/s]
Prefill: 100%|██████████| 2/2 [00:00<00:00, 18.58it/s]

Importance scoring:   0%|          | 0/1 [00:00<?, ?it/s]
Importance scoring: 100%|██████████| 1/1 [00:00<00:00,  9.67it/s]
Importance scoring: 100%|██████████| 1/1 [00:00<00:00,  9.66it/s]

Prefill:   0%|          | 0/2 [00:00<?, ?it/s]
Prefill: 100%|██████████| 2/2 [00:00<00:00, 18.13it/s]
Prefill: 100%|██████████| 2/2 [00:00<00:00, 18.11it/s]

Importance scoring:   0%|          | 0/1 [00:00<?, ?it/s]
Importance scoring: 100%|██████████| 1/1 [00:00<00:00,  9.59it/s]
Importance scoring: 100%|██████████| 1/1 [00:00<00:00,  9.59it/s]

Prefill:   0%|          | 0/2 [00:00<?, ?it/s]
Prefill: 100%|██████████| 2/2 [00:00<00:00, 18.21it/s]
Prefill: 100%|██████████| 2/2 [00:00<00:00, 18.19it/s]

Importance scoring:   0%|          | 0/1 [00:00<?, ?it/s]
Importance scoring: 100%|██████████| 1/1 [00:00<00:00,  9.61it/s]
Importance scoring: 100%|██████████| 1/1 [00:00<00:00,  9.60it/s]

Prefill:   0%|          | 0/2 [00:00<?, ?it/s]
Prefill: 100%|██████████| 2/2 [00:00<00:00, 18.11it/s]
Prefill: 100%|██████████| 2/2 [00:00<00:00, 18.09it/s]

Importance scoring:   0%|          | 0/1 [00:00<?, ?it/s]
Importance scoring: 100%|██████████| 1/1 [00:00<00:00,  9.48it/s]
Importance scoring: 100%|██████████| 1/1 [00:00<00:00,  9.47it/s]

Prefill:   0%|          | 0/2 [00:00<?, ?it/s]
Prefill: 100%|██████████| 2/2 [00:00<00:00, 18.03it/s]
Prefill: 100%|██████████| 2/2 [00:00<00:00, 18.01it/s]

Importance scoring:   0%|          | 0/1 [00:00<?, ?it/s]
Importance scoring: 100%|██████████| 1/1 [00:00<00:00,  9.56it/s]
Importance scoring: 100%|██████████| 1/1 [00:00<00:00,  9.56it/s]

Prefill:   0%|          | 0/2 [00:00<?, ?it/s]
Prefill: 100%|██████████| 2/2 [00:00<00:00, 17.62it/s]
Prefill: 100%|██████████| 2/2 [00:00<00:00, 17.60it/s]

Importance scoring:   0%|          | 0/1 [00:00<?, ?it/s]
Importance scoring: 100%|██████████| 1/1 [00:00<00:00,  9.55it/s]
Importance scoring: 100%|██████████| 1/1 [00:00<00:00,  9.54it/s]

Prefill:   0%|          | 0/2 [00:00<?, ?it/s]
Prefill: 100%|██████████| 2/2 [00:00<00:00, 18.04it/s]
Prefill: 100%|██████████| 2/2 [00:00<00:00, 18.02it/s]

Importance scoring:   0%|          | 0/1 [00:00<?, ?it/s]
Importance scoring: 100%|██████████| 1/1 [00:00<00:00,  9.44it/s]
Importance scoring: 100%|██████████| 1/1 [00:00<00:00,  9.43it/s]

Prefill:   0%|          | 0/2 [00:00<?, ?it/s]
Prefill: 100%|██████████| 2/2 [00:00<00:00, 18.01it/s]
Prefill: 100%|██████████| 2/2 [00:00<00:00, 17.99it/s]

Importance scoring:   0%|          | 0/1 [00:00<?, ?it/s]
Importance scoring: 100%|██████████| 1/1 [00:00<00:00,  9.60it/s]
Importance scoring: 100%|██████████| 1/1 [00:00<00:00,  9.59it/s]

Prefill:   0%|          | 0/2 [00:00<?, ?it/s]
Prefill: 100%|██████████| 2/2 [00:00<00:00, 18.18it/s]
Prefill: 100%|██████████| 2/2 [00:00<00:00, 18.16it/s]

Importance scoring:   0%|          | 0/1 [00:00<?, ?it/s]
Importance scoring: 100%|██████████| 1/1 [00:00<00:00,  9.60it/s]
Importance scoring: 100%|██████████| 1/1 [00:00<00:00,  9.59it/s]

Prefill:   0%|          | 0/2 [00:00<?, ?it/s]
Prefill: 100%|██████████| 2/2 [00:00<00:00, 18.02it/s]
Prefill: 100%|██████████| 2/2 [00:00<00:00, 18.00it/s]

Importance scoring:   0%|          | 0/1 [00:00<?, ?it/s]
Importance scoring: 100%|██████████| 1/1 [00:00<00:00,  9.44it/s]
Importance scoring: 100%|██████████| 1/1 [00:00<00:00,  9.43it/s]

Prefill:   0%|          | 0/2 [00:00<?, ?it/s]
Prefill: 100%|██████████| 2/2 [00:00<00:00, 18.03it/s]
Prefill: 100%|██████████| 2/2 [00:00<00:00, 18.02it/s]

Importance scoring:   0%|          | 0/1 [00:00<?, ?it/s]
Importance scoring: 100%|██████████| 1/1 [00:00<00:00,  9.47it/s]
Importance scoring: 100%|██████████| 1/1 [00:00<00:00,  9.46it/s]

Prefill:   0%|          | 0/2 [00:00<?, ?it/s]
Prefill: 100%|██████████| 2/2 [00:00<00:00, 17.95it/s]
Prefill: 100%|██████████| 2/2 [00:00<00:00, 17.93it/s]

Importance scoring:   0%|          | 0/1 [00:00<?, ?it/s]
Importance scoring: 100%|██████████| 1/1 [00:00<00:00,  9.55it/s]
Importance scoring: 100%|██████████| 1/1 [00:00<00:00,  9.54it/s]

Prefill:   0%|          | 0/4 [00:00<?, ?it/s]
Prefill:  50%|█████     | 2/4 [00:00<00:00, 13.61it/s]
Prefill: 100%|██████████| 4/4 [00:00<00:00, 10.53it/s]
Prefill: 100%|██████████| 4/4 [00:00<00:00, 10.90it/s]

Importance scoring:   0%|          | 0/1 [00:00<?, ?it/s]
Importance scoring: 100%|██████████| 1/1 [00:00<00:00,  1.49it/s]
Importance scoring: 100%|██████████| 1/1 [00:00<00:00,  1.49it/s]

Prefill:   0%|          | 0/4 [00:00<?, ?it/s]
Prefill:  50%|█████     | 2/4 [00:00<00:00, 13.45it/s]
Prefill: 100%|██████████| 4/4 [00:00<00:00, 10.41it/s]
Prefill: 100%|██████████| 4/4 [00:00<00:00, 10.77it/s]

Importance scoring:   0%|          | 0/1 [00:00<?, ?it/s]
Importance scoring: 100%|██████████| 1/1 [00:00<00:00,  1.49it/s]
Importance scoring: 100%|██████████| 1/1 [00:00<00:00,  1.49it/s]

Prefill:   0%|          | 0/4 [00:00<?, ?it/s]
Prefill:  50%|█████     | 2/4 [00:00<00:00, 13.59it/s]
Prefill: 100%|██████████| 4/4 [00:00<00:00, 10.52it/s]
Prefill: 100%|██████████| 4/4 [00:00<00:00, 10.88it/s]

Importance scoring:   0%|          | 0/1 [00:00<?, ?it/s]
Importance scoring: 100%|██████████| 1/1 [00:00<00:00,  1.49it/s]
Importance scoring: 100%|██████████| 1/1 [00:00<00:00,  1.49it/s]

Prefill:   0%|          | 0/4 [00:00<?, ?it/s]
Prefill:  50%|█████     | 2/4 [00:00<00:00, 13.55it/s]
Prefill: 100%|██████████| 4/4 [00:00<00:00, 10.51it/s]
Prefill: 100%|██████████| 4/4 [00:00<00:00, 10.87it/s]

Importance scoring:   0%|          | 0/1 [00:00<?, ?it/s]
Importance scoring: 100%|██████████| 1/1 [00:00<00:00,  1.50it/s]
Importance scoring: 100%|██████████| 1/1 [00:00<00:00,  1.50it/s]

Prefill:   0%|          | 0/4 [00:00<?, ?it/s]
Prefill:  50%|█████     | 2/4 [00:00<00:00, 13.58it/s]
Prefill: 100%|██████████| 4/4 [00:00<00:00, 10.59it/s]
Prefill: 100%|██████████| 4/4 [00:00<00:00, 10.95it/s]

Importance scoring:   0%|          | 0/1 [00:00<?, ?it/s]
Importance scoring: 100%|██████████| 1/1 [00:00<00:00,  1.51it/s]
Importance scoring: 100%|██████████| 1/1 [00:00<00:00,  1.51it/s]

Prefill:   0%|          | 0/4 [00:00<?, ?it/s]
Prefill:  50%|█████     | 2/4 [00:00<00:00, 13.82it/s]
Prefill: 100%|██████████| 4/4 [00:00<00:00, 10.69it/s]
Prefill: 100%|██████████| 4/4 [00:00<00:00, 11.06it/s]

Importance scoring:   0%|          | 0/1 [00:00<?, ?it/s]
Importance scoring: 100%|██████████| 1/1 [00:00<00:00,  1.51it/s]
Importance scoring: 100%|██████████| 1/1 [00:00<00:00,  1.51it/s]

Prefill:   0%|          | 0/4 [00:00<?, ?it/s]
Prefill:  50%|█████     | 2/4 [00:00<00:00, 13.72it/s]
Prefill: 100%|██████████| 4/4 [00:00<00:00, 10.64it/s]
Prefill: 100%|██████████| 4/4 [00:00<00:00, 11.01it/s]

Importance scoring:   0%|          | 0/1 [00:00<?, ?it/s]
Importance scoring: 100%|██████████| 1/1 [00:00<00:00,  1.50it/s]
Importance scoring: 100%|██████████| 1/1 [00:00<00:00,  1.50it/s]

Prefill:   0%|          | 0/4 [00:00<?, ?it/s]
Prefill:  50%|█████     | 2/4 [00:00<00:00, 13.48it/s]
Prefill: 100%|██████████| 4/4 [00:00<00:00, 10.48it/s]
Prefill: 100%|██████████| 4/4 [00:00<00:00, 10.84it/s]

Importance scoring:   0%|          | 0/1 [00:00<?, ?it/s]
Importance scoring: 100%|██████████| 1/1 [00:00<00:00,  1.49it/s]
Importance scoring: 100%|██████████| 1/1 [00:00<00:00,  1.49it/s]

Prefill:   0%|          | 0/4 [00:00<?, ?it/s]
Prefill:  50%|█████     | 2/4 [00:00<00:00, 13.47it/s]
Prefill: 100%|██████████| 4/4 [00:00<00:00, 10.51it/s]
Prefill: 100%|██████████| 4/4 [00:00<00:00, 10.86it/s]

Importance scoring:   0%|          | 0/1 [00:00<?, ?it/s]
Importance scoring: 100%|██████████| 1/1 [00:00<00:00,  1.48it/s]
Importance scoring: 100%|██████████| 1/1 [00:00<00:00,  1.48it/s]

Prefill:   0%|          | 0/4 [00:00<?, ?it/s]
Prefill:  50%|█████     | 2/4 [00:00<00:00, 13.37it/s]
Prefill: 100%|██████████| 4/4 [00:00<00:00, 10.49it/s]
Prefill: 100%|██████████| 4/4 [00:00<00:00, 10.84it/s]

Importance scoring:   0%|          | 0/1 [00:00<?, ?it/s]
Importance scoring: 100%|██████████| 1/1 [00:00<00:00,  1.49it/s]
Importance scoring: 100%|██████████| 1/1 [00:00<00:00,  1.49it/s]

Prefill:   0%|          | 0/4 [00:00<?, ?it/s]
Prefill:  50%|█████     | 2/4 [00:00<00:00, 13.59it/s]
Prefill: 100%|██████████| 4/4 [00:00<00:00, 10.51it/s]
Prefill: 100%|██████████| 4/4 [00:00<00:00, 10.88it/s]

Importance scoring:   0%|          | 0/1 [00:00<?, ?it/s]
Importance scoring: 100%|██████████| 1/1 [00:00<00:00,  1.50it/s]
Importance scoring: 100%|██████████| 1/1 [00:00<00:00,  1.50it/s]

Prefill:   0%|          | 0/4 [00:00<?, ?it/s]
Prefill:  50%|█████     | 2/4 [00:00<00:00, 13.68it/s]
Prefill: 100%|██████████| 4/4 [00:00<00:00, 10.56it/s]
Prefill: 100%|██████████| 4/4 [00:00<00:00, 10.93it/s]

Importance scoring:   0%|          | 0/1 [00:00<?, ?it/s]
Importance scoring: 100%|██████████| 1/1 [00:00<00:00,  1.50it/s]
Importance scoring: 100%|██████████| 1/1 [00:00<00:00,  1.49it/s]

Prefill:   0%|          | 0/4 [00:00<?, ?it/s]
Prefill:  50%|█████     | 2/4 [00:00<00:00, 13.69it/s]
Prefill: 100%|██████████| 4/4 [00:00<00:00, 10.61it/s]
Prefill: 100%|██████████| 4/4 [00:00<00:00, 10.98it/s]

Importance scoring:   0%|          | 0/1 [00:00<?, ?it/s]
Importance scoring: 100%|██████████| 1/1 [00:00<00:00,  1.50it/s]
Importance scoring: 100%|██████████| 1/1 [00:00<00:00,  1.50it/s]

Prefill:   0%|          | 0/4 [00:00<?, ?it/s]
Prefill:  50%|█████     | 2/4 [00:00<00:00, 13.63it/s]
Prefill: 100%|██████████| 4/4 [00:00<00:00, 10.51it/s]
Prefill: 100%|██████████| 4/4 [00:00<00:00, 10.88it/s]

Importance scoring:   0%|          | 0/1 [00:00<?, ?it/s]
Importance scoring: 100%|██████████| 1/1 [00:00<00:00,  1.49it/s]
Importance scoring: 100%|██████████| 1/1 [00:00<00:00,  1.49it/s]

Prefill:   0%|          | 0/4 [00:00<?, ?it/s]
Prefill:  50%|█████     | 2/4 [00:00<00:00, 13.65it/s]
Prefill: 100%|██████████| 4/4 [00:00<00:00, 10.59it/s]
Prefill: 100%|██████████| 4/4 [00:00<00:00, 10.96it/s]

Importance scoring:   0%|          | 0/1 [00:00<?, ?it/s]
Importance scoring: 100%|██████████| 1/1 [00:00<00:00,  1.50it/s]
Importance scoring: 100%|██████████| 1/1 [00:00<00:00,  1.50it/s]

Prefill:   0%|          | 0/4 [00:00<?, ?it/s]
Prefill:  50%|█████     | 2/4 [00:00<00:00, 13.81it/s]
Prefill: 100%|██████████| 4/4 [00:00<00:00, 10.67it/s]
Prefill: 100%|██████████| 4/4 [00:00<00:00, 11.04it/s]

Importance scoring:   0%|          | 0/1 [00:00<?, ?it/s]
Importance scoring: 100%|██████████| 1/1 [00:00<00:00,  1.50it/s]
Importance scoring: 100%|██████████| 1/1 [00:00<00:00,  1.50it/s]

Prefill:   0%|          | 0/4 [00:00<?, ?it/s]
Prefill:  50%|█████     | 2/4 [00:00<00:00, 13.58it/s]
Prefill: 100%|██████████| 4/4 [00:00<00:00, 10.54it/s]
Prefill: 100%|██████████| 4/4 [00:00<00:00, 10.91it/s]

Importance scoring:   0%|          | 0/1 [00:00<?, ?it/s]
Importance scoring: 100%|██████████| 1/1 [00:00<00:00,  1.50it/s]
Importance scoring: 100%|██████████| 1/1 [00:00<00:00,  1.50it/s]

Prefill:   0%|          | 0/4 [00:00<?, ?it/s]
Prefill:  50%|█████     | 2/4 [00:00<00:00, 13.49it/s]
Prefill: 100%|██████████| 4/4 [00:00<00:00, 10.53it/s]
Prefill: 100%|██████████| 4/4 [00:00<00:00, 10.89it/s]

Importance scoring:   0%|          | 0/1 [00:00<?, ?it/s]
Importance scoring: 100%|██████████| 1/1 [00:00<00:00,  1.49it/s]
Importance scoring: 100%|██████████| 1/1 [00:00<00:00,  1.49it/s]

Prefill:   0%|          | 0/4 [00:00<?, ?it/s]
Prefill:  50%|█████     | 2/4 [00:00<00:00, 13.74it/s]
Prefill: 100%|██████████| 4/4 [00:00<00:00, 10.66it/s]
Prefill: 100%|██████████| 4/4 [00:00<00:00, 11.03it/s]

Importance scoring:   0%|          | 0/1 [00:00<?, ?it/s]
Importance scoring: 100%|██████████| 1/1 [00:00<00:00,  1.50it/s]
Importance scoring: 100%|██████████| 1/1 [00:00<00:00,  1.50it/s]

Prefill:   0%|          | 0/4 [00:00<?, ?it/s]
Prefill:  50%|█████     | 2/4 [00:00<00:00, 13.59it/s]
Prefill: 100%|██████████| 4/4 [00:00<00:00, 10.57it/s]
Prefill: 100%|██████████| 4/4 [00:00<00:00, 10.93it/s]

Importance scoring:   0%|          | 0/1 [00:00<?, ?it/s]
Importance scoring: 100%|██████████| 1/1 [00:00<00:00,  1.50it/s]
Importance scoring: 100%|██████████| 1/1 [00:00<00:00,  1.50it/s]

Prefill:   0%|          | 0/4 [00:00<?, ?it/s]
Prefill:  50%|█████     | 2/4 [00:00<00:00, 13.41it/s]
Prefill: 100%|██████████| 4/4 [00:00<00:00, 10.49it/s]
Prefill: 100%|██████████| 4/4 [00:00<00:00, 10.84it/s]

Importance scoring:   0%|          | 0/1 [00:00<?, ?it/s]
Importance scoring: 100%|██████████| 1/1 [00:00<00:00,  1.49it/s]
Importance scoring: 100%|██████████| 1/1 [00:00<00:00,  1.49it/s]

Prefill:   0%|          | 0/4 [00:00<?, ?it/s]
Prefill:  50%|█████     | 2/4 [00:00<00:00, 13.61it/s]
Prefill: 100%|██████████| 4/4 [00:00<00:00, 10.58it/s]
Prefill: 100%|██████████| 4/4 [00:00<00:00, 10.94it/s]

Importance scoring:   0%|          | 0/1 [00:00<?, ?it/s]
Importance scoring: 100%|██████████| 1/1 [00:00<00:00,  1.50it/s]
Importance scoring: 100%|██████████| 1/1 [00:00<00:00,  1.50it/s]

Prefill:   0%|          | 0/4 [00:00<?, ?it/s]
Prefill:  50%|█████     | 2/4 [00:00<00:00, 13.69it/s]
Prefill: 100%|██████████| 4/4 [00:00<00:00, 10.61it/s]
Prefill: 100%|██████████| 4/4 [00:00<00:00, 10.98it/s]

Importance scoring:   0%|          | 0/1 [00:00<?, ?it/s]
Importance scoring: 100%|██████████| 1/1 [00:00<00:00,  1.50it/s]
Importance scoring: 100%|██████████| 1/1 [00:00<00:00,  1.50it/s]

Prefill:   0%|          | 0/4 [00:00<?, ?it/s]
Prefill:  50%|█████     | 2/4 [00:00<00:00, 13.70it/s]
Prefill: 100%|██████████| 4/4 [00:00<00:00, 10.60it/s]
Prefill: 100%|██████████| 4/4 [00:00<00:00, 10.97it/s]

Importance scoring:   0%|          | 0/1 [00:00<?, ?it/s]
Importance scoring: 100%|██████████| 1/1 [00:00<00:00,  1.50it/s]
Importance scoring: 100%|██████████| 1/1 [00:00<00:00,  1.50it/s]

Prefill:   0%|          | 0/4 [00:00<?, ?it/s]
Prefill:  50%|█████     | 2/4 [00:00<00:00, 13.72it/s]
Prefill: 100%|██████████| 4/4 [00:00<00:00, 10.60it/s]
Prefill: 100%|██████████| 4/4 [00:00<00:00, 10.97it/s]

Importance scoring:   0%|          | 0/1 [00:00<?, ?it/s]
Importance scoring: 100%|██████████| 1/1 [00:00<00:00,  1.50it/s]
Importance scoring: 100%|██████████| 1/1 [00:00<00:00,  1.50it/s]

Prefill:   0%|          | 0/4 [00:00<?, ?it/s]
Prefill:  50%|█████     | 2/4 [00:00<00:00, 13.49it/s]
Prefill: 100%|██████████| 4/4 [00:00<00:00, 10.51it/s]
Prefill: 100%|██████████| 4/4 [00:00<00:00, 10.86it/s]

Importance scoring:   0%|          | 0/1 [00:00<?, ?it/s]
Importance scoring: 100%|██████████| 1/1 [00:00<00:00,  1.50it/s]
Importance scoring: 100%|██████████| 1/1 [00:00<00:00,  1.50it/s]

Prefill:   0%|          | 0/4 [00:00<?, ?it/s]
Prefill:  50%|█████     | 2/4 [00:00<00:00, 13.58it/s]
Prefill: 100%|██████████| 4/4 [00:00<00:00, 10.54it/s]
Prefill: 100%|██████████| 4/4 [00:00<00:00, 10.91it/s]

Importance scoring:   0%|          | 0/1 [00:00<?, ?it/s]
Importance scoring: 100%|██████████| 1/1 [00:00<00:00,  1.49it/s]
Importance scoring: 100%|██████████| 1/1 [00:00<00:00,  1.49it/s]

Prefill:   0%|          | 0/4 [00:00<?, ?it/s]
Prefill:  50%|█████     | 2/4 [00:00<00:00, 13.49it/s]
Prefill: 100%|██████████| 4/4 [00:00<00:00, 10.50it/s]
Prefill: 100%|██████████| 4/4 [00:00<00:00, 10.86it/s]

Importance scoring:   0%|          | 0/1 [00:00<?, ?it/s]
Importance scoring: 100%|██████████| 1/1 [00:00<00:00,  1.49it/s]
Importance scoring: 100%|██████████| 1/1 [00:00<00:00,  1.49it/s]

Prefill:   0%|          | 0/4 [00:00<?, ?it/s]
Prefill:  50%|█████     | 2/4 [00:00<00:00, 13.63it/s]
Prefill: 100%|██████████| 4/4 [00:00<00:00, 10.63it/s]
Prefill: 100%|██████████| 4/4 [00:00<00:00, 10.99it/s]

Importance scoring:   0%|          | 0/1 [00:00<?, ?it/s]
Importance scoring: 100%|██████████| 1/1 [00:00<00:00,  1.50it/s]
Importance scoring: 100%|██████████| 1/1 [00:00<00:00,  1.50it/s]

Prefill:   0%|          | 0/4 [00:00<?, ?it/s]
Prefill:  50%|█████     | 2/4 [00:00<00:00, 13.49it/s]
Prefill: 100%|██████████| 4/4 [00:00<00:00, 10.55it/s]
Prefill: 100%|██████████| 4/4 [00:00<00:00, 10.91it/s]

Importance scoring:   0%|          | 0/1 [00:00<?, ?it/s]
Importance scoring: 100%|██████████| 1/1 [00:00<00:00,  1.50it/s]
Importance scoring: 100%|██████████| 1/1 [00:00<00:00,  1.50it/s]

Prefill:   0%|          | 0/4 [00:00<?, ?it/s]
Prefill:  50%|█████     | 2/4 [00:00<00:00, 13.66it/s]
Prefill: 100%|██████████| 4/4 [00:00<00:00, 10.55it/s]
Prefill: 100%|██████████| 4/4 [00:00<00:00, 10.92it/s]

Importance scoring:   0%|          | 0/1 [00:00<?, ?it/s]
Importance scoring: 100%|██████████| 1/1 [00:00<00:00,  1.49it/s]
Importance scoring: 100%|██████████| 1/1 [00:00<00:00,  1.49it/s]

Prefill:   0%|          | 0/4 [00:00<?, ?it/s]
Prefill:  50%|█████     | 2/4 [00:00<00:00, 13.65it/s]
Prefill: 100%|██████████| 4/4 [00:00<00:00, 10.56it/s]
Prefill: 100%|██████████| 4/4 [00:00<00:00, 10.93it/s]

Importance scoring:   0%|          | 0/1 [00:00<?, ?it/s]
Importance scoring: 100%|██████████| 1/1 [00:00<00:00,  1.49it/s]
Importance scoring: 100%|██████████| 1/1 [00:00<00:00,  1.49it/s]

Prefill:   0%|          | 0/4 [00:00<?, ?it/s]
Prefill:  50%|█████     | 2/4 [00:00<00:00, 13.71it/s]
Prefill: 100%|██████████| 4/4 [00:00<00:00, 10.59it/s]
Prefill: 100%|██████████| 4/4 [00:00<00:00, 10.96it/s]

Importance scoring:   0%|          | 0/1 [00:00<?, ?it/s]
Importance scoring: 100%|██████████| 1/1 [00:00<00:00,  1.50it/s]
Importance scoring: 100%|██████████| 1/1 [00:00<00:00,  1.50it/s]

Prefill:   0%|          | 0/4 [00:00<?, ?it/s]
Prefill:  50%|█████     | 2/4 [00:00<00:00, 13.65it/s]
Prefill: 100%|██████████| 4/4 [00:00<00:00, 10.58it/s]
Prefill: 100%|██████████| 4/4 [00:00<00:00, 10.94it/s]

Importance scoring:   0%|          | 0/1 [00:00<?, ?it/s]
Importance scoring: 100%|██████████| 1/1 [00:00<00:00,  1.50it/s]
Importance scoring: 100%|██████████| 1/1 [00:00<00:00,  1.50it/s]

Prefill:   0%|          | 0/4 [00:00<?, ?it/s]
Prefill:  50%|█████     | 2/4 [00:00<00:00, 13.62it/s]
Prefill: 100%|██████████| 4/4 [00:00<00:00, 10.57it/s]
Prefill: 100%|██████████| 4/4 [00:00<00:00, 10.93it/s]

Importance scoring:   0%|          | 0/1 [00:00<?, ?it/s]
Importance scoring: 100%|██████████| 1/1 [00:00<00:00,  1.50it/s]
Importance scoring: 100%|██████████| 1/1 [00:00<00:00,  1.50it/s]

Prefill:   0%|          | 0/4 [00:00<?, ?it/s]
Prefill:  50%|█████     | 2/4 [00:00<00:00, 13.52it/s]
Prefill: 100%|██████████| 4/4 [00:00<00:00, 10.48it/s]
Prefill: 100%|██████████| 4/4 [00:00<00:00, 10.84it/s]

Importance scoring:   0%|          | 0/1 [00:00<?, ?it/s]
Importance scoring: 100%|██████████| 1/1 [00:00<00:00,  1.49it/s]
Importance scoring: 100%|██████████| 1/1 [00:00<00:00,  1.49it/s]

Prefill:   0%|          | 0/4 [00:00<?, ?it/s]
Prefill:  50%|█████     | 2/4 [00:00<00:00, 13.48it/s]
Prefill: 100%|██████████| 4/4 [00:00<00:00, 10.42it/s]
Prefill: 100%|██████████| 4/4 [00:00<00:00, 10.79it/s]

Importance scoring:   0%|          | 0/1 [00:00<?, ?it/s]
Importance scoring: 100%|██████████| 1/1 [00:00<00:00,  1.48it/s]
Importance scoring: 100%|██████████| 1/1 [00:00<00:00,  1.48it/s]

Prefill:   0%|          | 0/4 [00:00<?, ?it/s]
Prefill:  50%|█████     | 2/4 [00:00<00:00, 13.65it/s]
Prefill: 100%|██████████| 4/4 [00:00<00:00, 10.52it/s]
Prefill: 100%|██████████| 4/4 [00:00<00:00, 10.89it/s]

Importance scoring:   0%|          | 0/1 [00:00<?, ?it/s]
Importance scoring: 100%|██████████| 1/1 [00:00<00:00,  1.49it/s]
Importance scoring: 100%|██████████| 1/1 [00:00<00:00,  1.49it/s]

Prefill:   0%|          | 0/4 [00:00<?, ?it/s]
Prefill:  50%|█████     | 2/4 [00:00<00:00, 13.69it/s]
Prefill: 100%|██████████| 4/4 [00:00<00:00, 10.78it/s]
Prefill: 100%|██████████| 4/4 [00:00<00:00, 11.13it/s]

Importance scoring:   0%|          | 0/1 [00:00<?, ?it/s]
Importance scoring: 100%|██████████| 1/1 [00:00<00:00,  1.50it/s]
Importance scoring: 100%|██████████| 1/1 [00:00<00:00,  1.50it/s]

Prefill:   0%|          | 0/4 [00:00<?, ?it/s]
Prefill:  50%|█████     | 2/4 [00:00<00:00, 13.86it/s]
Prefill: 100%|██████████| 4/4 [00:00<00:00, 10.74it/s]
Prefill: 100%|██████████| 4/4 [00:00<00:00, 11.12it/s]

Importance scoring:   0%|          | 0/1 [00:00<?, ?it/s]
Importance scoring: 100%|██████████| 1/1 [00:00<00:00,  1.52it/s]
Importance scoring: 100%|██████████| 1/1 [00:00<00:00,  1.52it/s]

Prefill:   0%|          | 0/4 [00:00<?, ?it/s]
Prefill:  50%|█████     | 2/4 [00:00<00:00, 13.89it/s]
Prefill: 100%|██████████| 4/4 [00:00<00:00, 10.79it/s]
Prefill: 100%|██████████| 4/4 [00:00<00:00, 11.16it/s]

Importance scoring:   0%|          | 0/1 [00:00<?, ?it/s]
Importance scoring: 100%|██████████| 1/1 [00:00<00:00,  1.52it/s]
Importance scoring: 100%|██████████| 1/1 [00:00<00:00,  1.52it/s]

Prefill:   0%|          | 0/4 [00:00<?, ?it/s]
Prefill:  50%|█████     | 2/4 [00:00<00:00, 13.79it/s]
Prefill: 100%|██████████| 4/4 [00:00<00:00, 10.78it/s]
Prefill: 100%|██████████| 4/4 [00:00<00:00, 11.14it/s]

Importance scoring:   0%|          | 0/1 [00:00<?, ?it/s]
Importance scoring: 100%|██████████| 1/1 [00:00<00:00,  1.51it/s]
Importance scoring: 100%|██████████| 1/1 [00:00<00:00,  1.51it/s]

Prefill:   0%|          | 0/4 [00:00<?, ?it/s]
Prefill:  50%|█████     | 2/4 [00:00<00:00, 13.79it/s]
Prefill: 100%|██████████| 4/4 [00:00<00:00, 10.74it/s]
Prefill: 100%|██████████| 4/4 [00:00<00:00, 11.11it/s]

Importance scoring:   0%|          | 0/1 [00:00<?, ?it/s]
Importance scoring: 100%|██████████| 1/1 [00:00<00:00,  1.51it/s]
Importance scoring: 100%|██████████| 1/1 [00:00<00:00,  1.51it/s]

Prefill:   0%|          | 0/4 [00:00<?, ?it/s]
Prefill:  50%|█████     | 2/4 [00:00<00:00, 13.64it/s]
Prefill: 100%|██████████| 4/4 [00:00<00:00, 10.59it/s]
Prefill: 100%|██████████| 4/4 [00:00<00:00, 10.96it/s]

Importance scoring:   0%|          | 0/1 [00:00<?, ?it/s]
Importance scoring: 100%|██████████| 1/1 [00:00<00:00,  1.50it/s]
Importance scoring: 100%|██████████| 1/1 [00:00<00:00,  1.50it/s]

Prefill:   0%|          | 0/4 [00:00<?, ?it/s]
Prefill:  50%|█████     | 2/4 [00:00<00:00, 13.42it/s]
Prefill: 100%|██████████| 4/4 [00:00<00:00, 10.41it/s]
Prefill: 100%|██████████| 4/4 [00:00<00:00, 10.77it/s]

Importance scoring:   0%|          | 0/1 [00:00<?, ?it/s]
Importance scoring: 100%|██████████| 1/1 [00:00<00:00,  1.48it/s]
Importance scoring: 100%|██████████| 1/1 [00:00<00:00,  1.48it/s]

Prefill:   0%|          | 0/4 [00:00<?, ?it/s]
Prefill:  50%|█████     | 2/4 [00:00<00:00, 13.64it/s]
Prefill: 100%|██████████| 4/4 [00:00<00:00, 10.57it/s]
Prefill: 100%|██████████| 4/4 [00:00<00:00, 10.93it/s]

Importance scoring:   0%|          | 0/1 [00:00<?, ?it/s]
Importance scoring: 100%|██████████| 1/1 [00:00<00:00,  1.50it/s]
Importance scoring: 100%|██████████| 1/1 [00:00<00:00,  1.50it/s]

Prefill:   0%|          | 0/4 [00:00<?, ?it/s]
Prefill:  50%|█████     | 2/4 [00:00<00:00, 13.59it/s]
Prefill: 100%|██████████| 4/4 [00:00<00:00, 10.62it/s]
Prefill: 100%|██████████| 4/4 [00:00<00:00, 10.98it/s]

Importance scoring:   0%|          | 0/1 [00:00<?, ?it/s]
Importance scoring: 100%|██████████| 1/1 [00:00<00:00,  1.51it/s]
Importance scoring: 100%|██████████| 1/1 [00:00<00:00,  1.50it/s]

Prefill:   0%|          | 0/4 [00:00<?, ?it/s]
Prefill:  50%|█████     | 2/4 [00:00<00:00, 13.91it/s]
Prefill: 100%|██████████| 4/4 [00:00<00:00, 10.76it/s]
Prefill: 100%|██████████| 4/4 [00:00<00:00, 11.14it/s]

Importance scoring:   0%|          | 0/1 [00:00<?, ?it/s]
Importance scoring: 100%|██████████| 1/1 [00:00<00:00,  1.51it/s]
Importance scoring: 100%|██████████| 1/1 [00:00<00:00,  1.51it/s]

Prefill:   0%|          | 0/4 [00:00<?, ?it/s]
Prefill:  50%|█████     | 2/4 [00:00<00:00, 13.88it/s]
Prefill: 100%|██████████| 4/4 [00:00<00:00, 10.76it/s]
Prefill: 100%|██████████| 4/4 [00:00<00:00, 11.13it/s]

Importance scoring:   0%|          | 0/1 [00:00<?, ?it/s]
Importance scoring: 100%|██████████| 1/1 [00:00<00:00,  1.51it/s]
Importance scoring: 100%|██████████| 1/1 [00:00<00:00,  1.51it/s]

Prefill:   0%|          | 0/4 [00:00<?, ?it/s]
Prefill:  50%|█████     | 2/4 [00:00<00:00, 13.84it/s]
Prefill: 100%|██████████| 4/4 [00:00<00:00, 10.71it/s]
Prefill: 100%|██████████| 4/4 [00:00<00:00, 11.09it/s]

Importance scoring:   0%|          | 0/1 [00:00<?, ?it/s]
Importance scoring: 100%|██████████| 1/1 [00:00<00:00,  1.51it/s]
Importance scoring: 100%|██████████| 1/1 [00:00<00:00,  1.51it/s]

Prefill:   0%|          | 0/4 [00:00<?, ?it/s]
Prefill:  50%|█████     | 2/4 [00:00<00:00, 13.76it/s]
Prefill: 100%|██████████| 4/4 [00:00<00:00, 10.62it/s]
Prefill: 100%|██████████| 4/4 [00:00<00:00, 10.99it/s]

Importance scoring:   0%|          | 0/1 [00:00<?, ?it/s]
Importance scoring: 100%|██████████| 1/1 [00:00<00:00,  1.50it/s]
Importance scoring: 100%|██████████| 1/1 [00:00<00:00,  1.50it/s]

Prefill:   0%|          | 0/4 [00:00<?, ?it/s]
Prefill:  50%|█████     | 2/4 [00:00<00:00, 13.61it/s]
Prefill: 100%|██████████| 4/4 [00:00<00:00, 10.46it/s]
Prefill: 100%|██████████| 4/4 [00:00<00:00, 10.84it/s]

Importance scoring:   0%|          | 0/1 [00:00<?, ?it/s]
Importance scoring: 100%|██████████| 1/1 [00:00<00:00,  1.49it/s]
Importance scoring: 100%|██████████| 1/1 [00:00<00:00,  1.49it/s]

Prefill:   0%|          | 0/4 [00:00<?, ?it/s]
Prefill:  50%|█████     | 2/4 [00:00<00:00, 13.37it/s]
Prefill: 100%|██████████| 4/4 [00:00<00:00, 10.48it/s]
Prefill: 100%|██████████| 4/4 [00:00<00:00, 10.83it/s]

Importance scoring:   0%|          | 0/1 [00:00<?, ?it/s]
Importance scoring: 100%|██████████| 1/1 [00:00<00:00,  1.49it/s]
Importance scoring: 100%|██████████| 1/1 [00:00<00:00,  1.49it/s]

Prefill:   0%|          | 0/4 [00:00<?, ?it/s]
Prefill:  50%|█████     | 2/4 [00:00<00:00, 13.67it/s]
Prefill: 100%|██████████| 4/4 [00:00<00:00, 10.54it/s]
Prefill: 100%|██████████| 4/4 [00:00<00:00, 10.91it/s]

Importance scoring:   0%|          | 0/1 [00:00<?, ?it/s]
Importance scoring: 100%|██████████| 1/1 [00:00<00:00,  1.49it/s]
Importance scoring: 100%|██████████| 1/1 [00:00<00:00,  1.49it/s]

Prefill:   0%|          | 0/4 [00:00<?, ?it/s]
Prefill:  50%|█████     | 2/4 [00:00<00:00, 13.76it/s]
Prefill: 100%|██████████| 4/4 [00:00<00:00, 10.63it/s]
Prefill: 100%|██████████| 4/4 [00:00<00:00, 11.00it/s]

Importance scoring:   0%|          | 0/1 [00:00<?, ?it/s]
Importance scoring: 100%|██████████| 1/1 [00:00<00:00,  1.49it/s]
Importance scoring: 100%|██████████| 1/1 [00:00<00:00,  1.49it/s]

Prefill:   0%|          | 0/4 [00:00<?, ?it/s]
Prefill:  50%|█████     | 2/4 [00:00<00:00, 13.63it/s]
Prefill: 100%|██████████| 4/4 [00:00<00:00, 10.59it/s]
Prefill: 100%|██████████| 4/4 [00:00<00:00, 10.95it/s]

Importance scoring:   0%|          | 0/1 [00:00<?, ?it/s]
Importance scoring: 100%|██████████| 1/1 [00:00<00:00,  1.50it/s]
Importance scoring: 100%|██████████| 1/1 [00:00<00:00,  1.50it/s]

Prefill:   0%|          | 0/4 [00:00<?, ?it/s]
Prefill:  50%|█████     | 2/4 [00:00<00:00, 13.72it/s]
Prefill: 100%|██████████| 4/4 [00:00<00:00, 10.63it/s]
Prefill: 100%|██████████| 4/4 [00:00<00:00, 11.00it/s]

Importance scoring:   0%|          | 0/1 [00:00<?, ?it/s]
Importance scoring: 100%|██████████| 1/1 [00:00<00:00,  1.50it/s]
Importance scoring: 100%|██████████| 1/1 [00:00<00:00,  1.50it/s]

Prefill:   0%|          | 0/4 [00:00<?, ?it/s]
Prefill:  50%|█████     | 2/4 [00:00<00:00, 13.49it/s]
Prefill: 100%|██████████| 4/4 [00:00<00:00, 10.59it/s]
Prefill: 100%|██████████| 4/4 [00:00<00:00, 10.94it/s]

Importance scoring:   0%|          | 0/1 [00:00<?, ?it/s]
Importance scoring: 100%|██████████| 1/1 [00:00<00:00,  1.50it/s]
Importance scoring: 100%|██████████| 1/1 [00:00<00:00,  1.50it/s]

Prefill:   0%|          | 0/4 [00:00<?, ?it/s]
Prefill:  50%|█████     | 2/4 [00:00<00:00, 13.51it/s]
Prefill: 100%|██████████| 4/4 [00:00<00:00, 10.65it/s]
Prefill: 100%|██████████| 4/4 [00:00<00:00, 10.99it/s]

Importance scoring:   0%|          | 0/1 [00:00<?, ?it/s]
Importance scoring: 100%|██████████| 1/1 [00:00<00:00,  1.50it/s]
Importance scoring: 100%|██████████| 1/1 [00:00<00:00,  1.50it/s]

Prefill:   0%|          | 0/4 [00:00<?, ?it/s]
Prefill:  50%|█████     | 2/4 [00:00<00:00, 13.55it/s]
Prefill: 100%|██████████| 4/4 [00:00<00:00, 10.45it/s]
Prefill: 100%|██████████| 4/4 [00:00<00:00, 10.82it/s]

Importance scoring:   0%|          | 0/1 [00:00<?, ?it/s]
Importance scoring: 100%|██████████| 1/1 [00:00<00:00,  1.49it/s]
Importance scoring: 100%|██████████| 1/1 [00:00<00:00,  1.49it/s]

Prefill:   0%|          | 0/4 [00:00<?, ?it/s]
Prefill:  50%|█████     | 2/4 [00:00<00:00, 13.66it/s]
Prefill: 100%|██████████| 4/4 [00:00<00:00, 10.56it/s]
Prefill: 100%|██████████| 4/4 [00:00<00:00, 10.93it/s]

Importance scoring:   0%|          | 0/1 [00:00<?, ?it/s]
Importance scoring: 100%|██████████| 1/1 [00:00<00:00,  1.50it/s]
Importance scoring: 100%|██████████| 1/1 [00:00<00:00,  1.50it/s]

Prefill:   0%|          | 0/4 [00:00<?, ?it/s]
Prefill:  50%|█████     | 2/4 [00:00<00:00, 13.50it/s]
Prefill: 100%|██████████| 4/4 [00:00<00:00, 10.60it/s]
Prefill: 100%|██████████| 4/4 [00:00<00:00, 10.95it/s]

Importance scoring:   0%|          | 0/1 [00:00<?, ?it/s]
Importance scoring: 100%|██████████| 1/1 [00:00<00:00,  1.51it/s]
Importance scoring: 100%|██████████| 1/1 [00:00<00:00,  1.51it/s]

Prefill:   0%|          | 0/4 [00:00<?, ?it/s]
Prefill:  50%|█████     | 2/4 [00:00<00:00, 13.64it/s]
Prefill: 100%|██████████| 4/4 [00:00<00:00, 10.65it/s]
Prefill: 100%|██████████| 4/4 [00:00<00:00, 11.01it/s]

Importance scoring:   0%|          | 0/1 [00:00<?, ?it/s]
Importance scoring: 100%|██████████| 1/1 [00:00<00:00,  1.51it/s]
Importance scoring: 100%|██████████| 1/1 [00:00<00:00,  1.51it/s]

Prefill:   0%|          | 0/4 [00:00<?, ?it/s]
Prefill:  50%|█████     | 2/4 [00:00<00:00, 13.55it/s]
Prefill: 100%|██████████| 4/4 [00:00<00:00, 10.55it/s]
Prefill: 100%|██████████| 4/4 [00:00<00:00, 10.91it/s]

Importance scoring:   0%|          | 0/1 [00:00<?, ?it/s]
Importance scoring: 100%|██████████| 1/1 [00:00<00:00,  1.51it/s]
Importance scoring: 100%|██████████| 1/1 [00:00<00:00,  1.50it/s]

Prefill:   0%|          | 0/4 [00:00<?, ?it/s]
Prefill:  50%|█████     | 2/4 [00:00<00:00, 13.45it/s]
Prefill: 100%|██████████| 4/4 [00:00<00:00, 10.51it/s]
Prefill: 100%|██████████| 4/4 [00:00<00:00, 10.86it/s]

Importance scoring:   0%|          | 0/1 [00:00<?, ?it/s]
Importance scoring: 100%|██████████| 1/1 [00:00<00:00,  1.49it/s]
Importance scoring: 100%|██████████| 1/1 [00:00<00:00,  1.49it/s]

Prefill:   0%|          | 0/4 [00:00<?, ?it/s]
Prefill:  50%|█████     | 2/4 [00:00<00:00, 13.40it/s]
Prefill: 100%|██████████| 4/4 [00:00<00:00, 10.38it/s]
Prefill: 100%|██████████| 4/4 [00:00<00:00, 10.74it/s]

Importance scoring:   0%|          | 0/1 [00:00<?, ?it/s]
Importance scoring: 100%|██████████| 1/1 [00:00<00:00,  1.49it/s]
Importance scoring: 100%|██████████| 1/1 [00:00<00:00,  1.49it/s]

Prefill:   0%|          | 0/16 [00:00<?, ?it/s]
Prefill:  12%|█▎        | 2/16 [00:00<00:01, 13.52it/s]
Prefill:  25%|██▌       | 4/16 [00:00<00:01, 10.44it/s]
Prefill:  38%|███▊      | 6/16 [00:00<00:01,  9.39it/s]
Prefill:  44%|████▍     | 7/16 [00:00<00:00,  9.03it/s]
Prefill:  50%|█████     | 8/16 [00:00<00:00,  8.54it/s]
Prefill:  56%|█████▋    | 9/16 [00:01<00:00,  8.00it/s]
Prefill:  62%|██████▎   | 10/16 [00:01<00:00,  7.58it/s]
Prefill:  69%|██████▉   | 11/16 [00:01<00:00,  7.31it/s]
Prefill:  75%|███████▌  | 12/16 [00:01<00:00,  7.18it/s]
Prefill:  81%|████████▏ | 13/16 [00:01<00:00,  7.05it/s]
Prefill:  88%|████████▊ | 14/16 [00:01<00:00,  6.91it/s]
Prefill:  94%|█████████▍| 15/16 [00:01<00:00,  6.64it/s]
Prefill: 100%|██████████| 16/16 [00:02<00:00,  6.68it/s]
Prefill: 100%|██████████| 16/16 [00:02<00:00,  7.73it/s]

Importance scoring:   0%|          | 0/4 [00:00<?, ?it/s]
Importance scoring:  25%|██▌       | 1/4 [00:00<00:02,  1.35it/s]
Importance scoring:  50%|█████     | 2/4 [00:02<00:02,  1.06s/it]
Importance scoring:  75%|███████▌  | 3/4 [00:03<00:01,  1.16s/it]
Importance scoring: 100%|██████████| 4/4 [00:04<00:00,  1.20s/it]
Importance scoring: 100%|██████████| 4/4 [00:04<00:00,  1.14s/it]

Prefill:   0%|          | 0/16 [00:00<?, ?it/s]
Prefill:  12%|█▎        | 2/16 [00:00<00:01, 13.45it/s]
Prefill:  25%|██▌       | 4/16 [00:00<00:01, 10.42it/s]
Prefill:  38%|███▊      | 6/16 [00:00<00:01,  9.36it/s]
Prefill:  44%|████▍     | 7/16 [00:00<00:01,  8.96it/s]
Prefill:  50%|█████     | 8/16 [00:00<00:00,  8.50it/s]
Prefill:  56%|█████▋    | 9/16 [00:01<00:00,  8.00it/s]
Prefill:  62%|██████▎   | 10/16 [00:01<00:00,  7.57it/s]
Prefill:  69%|██████▉   | 11/16 [00:01<00:00,  7.27it/s]
Prefill:  75%|███████▌  | 12/16 [00:01<00:00,  7.12it/s]
Prefill:  81%|████████▏ | 13/16 [00:01<00:00,  7.02it/s]
Prefill:  88%|████████▊ | 14/16 [00:01<00:00,  6.90it/s]
Prefill:  94%|█████████▍| 15/16 [00:01<00:00,  6.61it/s]
Prefill: 100%|██████████| 16/16 [00:02<00:00,  6.66it/s]
Prefill: 100%|██████████| 16/16 [00:02<00:00,  7.70it/s]

Importance scoring:   0%|          | 0/4 [00:00<?, ?it/s]
Importance scoring:  25%|██▌       | 1/4 [00:00<00:02,  1.35it/s]
Importance scoring:  50%|█████     | 2/4 [00:02<00:02,  1.06s/it]
Importance scoring:  75%|███████▌  | 3/4 [00:03<00:01,  1.17s/it]
Importance scoring: 100%|██████████| 4/4 [00:04<00:00,  1.20s/it]
Importance scoring: 100%|██████████| 4/4 [00:04<00:00,  1.14s/it]

Prefill:   0%|          | 0/16 [00:00<?, ?it/s]
Prefill:  12%|█▎        | 2/16 [00:00<00:01, 13.20it/s]
Prefill:  25%|██▌       | 4/16 [00:00<00:01, 10.26it/s]
Prefill:  38%|███▊      | 6/16 [00:00<00:01,  9.28it/s]
Prefill:  44%|████▍     | 7/16 [00:00<00:01,  8.92it/s]
Prefill:  50%|█████     | 8/16 [00:00<00:00,  8.44it/s]
Prefill:  56%|█████▋    | 9/16 [00:01<00:00,  7.93it/s]
Prefill:  62%|██████▎   | 10/16 [00:01<00:00,  7.51it/s]
Prefill:  69%|██████▉   | 11/16 [00:01<00:00,  7.24it/s]
Prefill:  75%|███████▌  | 12/16 [00:01<00:00,  7.16it/s]
Prefill:  81%|████████▏ | 13/16 [00:01<00:00,  7.05it/s]
Prefill:  88%|████████▊ | 14/16 [00:01<00:00,  6.90it/s]
Prefill:  94%|█████████▍| 15/16 [00:01<00:00,  6.61it/s]
Prefill: 100%|██████████| 16/16 [00:02<00:00,  6.66it/s]
Prefill: 100%|██████████| 16/16 [00:02<00:00,  7.68it/s]

Importance scoring:   0%|          | 0/4 [00:00<?, ?it/s]
Importance scoring:  25%|██▌       | 1/4 [00:00<00:02,  1.34it/s]
Importance scoring:  50%|█████     | 2/4 [00:02<00:02,  1.06s/it]
Importance scoring:  75%|███████▌  | 3/4 [00:03<00:01,  1.17s/it]
Importance scoring: 100%|██████████| 4/4 [00:04<00:00,  1.20s/it]
Importance scoring: 100%|██████████| 4/4 [00:04<00:00,  1.14s/it]

Prefill:   0%|          | 0/16 [00:00<?, ?it/s]
Prefill:  12%|█▎        | 2/16 [00:00<00:01, 13.59it/s]
Prefill:  25%|██▌       | 4/16 [00:00<00:01, 10.62it/s]
Prefill:  38%|███▊      | 6/16 [00:00<00:01,  9.57it/s]
Prefill:  44%|████▍     | 7/16 [00:00<00:00,  9.18it/s]
Prefill:  50%|█████     | 8/16 [00:00<00:00,  8.70it/s]
Prefill:  56%|█████▋    | 9/16 [00:00<00:00,  8.16it/s]
Prefill:  62%|██████▎   | 10/16 [00:01<00:00,  7.73it/s]
Prefill:  69%|██████▉   | 11/16 [00:01<00:00,  7.46it/s]
Prefill:  75%|███████▌  | 12/16 [00:01<00:00,  7.35it/s]
Prefill:  81%|████████▏ | 13/16 [00:01<00:00,  7.20it/s]
Prefill:  88%|████████▊ | 14/16 [00:01<00:00,  7.06it/s]
Prefill:  94%|█████████▍| 15/16 [00:01<00:00,  6.83it/s]
Prefill: 100%|██████████| 16/16 [00:02<00:00,  6.87it/s]
Prefill: 100%|██████████| 16/16 [00:02<00:00,  7.90it/s]

Importance scoring:   0%|          | 0/4 [00:00<?, ?it/s]
Importance scoring:  25%|██▌       | 1/4 [00:00<00:02,  1.36it/s]
Importance scoring:  50%|█████     | 2/4 [00:02<00:02,  1.05s/it]
Importance scoring:  75%|███████▌  | 3/4 [00:03<00:01,  1.15s/it]
Importance scoring: 100%|██████████| 4/4 [00:04<00:00,  1.19s/it]
Importance scoring: 100%|██████████| 4/4 [00:04<00:00,  1.13s/it]

Prefill:   0%|          | 0/16 [00:00<?, ?it/s]
Prefill:  12%|█▎        | 2/16 [00:00<00:01, 13.55it/s]
Prefill:  25%|██▌       | 4/16 [00:00<00:01, 10.54it/s]
Prefill:  38%|███▊      | 6/16 [00:00<00:01,  9.47it/s]
Prefill:  44%|████▍     | 7/16 [00:00<00:00,  9.08it/s]
Prefill:  50%|█████     | 8/16 [00:00<00:00,  8.60it/s]
Prefill:  56%|█████▋    | 9/16 [00:01<00:00,  8.06it/s]
Prefill:  62%|██████▎   | 10/16 [00:01<00:00,  7.65it/s]
Prefill:  69%|██████▉   | 11/16 [00:01<00:00,  7.35it/s]
Prefill:  75%|███████▌  | 12/16 [00:01<00:00,  7.22it/s]
Prefill:  81%|████████▏ | 13/16 [00:01<00:00,  7.10it/s]
Prefill:  88%|████████▊ | 14/16 [00:01<00:00,  6.99it/s]
Prefill:  94%|█████████▍| 15/16 [00:01<00:00,  6.71it/s]
Prefill: 100%|██████████| 16/16 [00:02<00:00,  6.75it/s]
Prefill: 100%|██████████| 16/16 [00:02<00:00,  7.79it/s]

Importance scoring:   0%|          | 0/4 [00:00<?, ?it/s]
Importance scoring:  25%|██▌       | 1/4 [00:00<00:02,  1.34it/s]
Importance scoring:  50%|█████     | 2/4 [00:02<00:02,  1.06s/it]
Importance scoring:  75%|███████▌  | 3/4 [00:03<00:01,  1.16s/it]
Importance scoring: 100%|██████████| 4/4 [00:04<00:00,  1.20s/it]
Importance scoring: 100%|██████████| 4/4 [00:04<00:00,  1.14s/it]

Prefill:   0%|          | 0/16 [00:00<?, ?it/s]
Prefill:  12%|█▎        | 2/16 [00:00<00:01, 13.71it/s]
Prefill:  25%|██▌       | 4/16 [00:00<00:01, 10.54it/s]
Prefill:  38%|███▊      | 6/16 [00:00<00:01,  9.49it/s]
Prefill:  44%|████▍     | 7/16 [00:00<00:00,  9.07it/s]
Prefill:  50%|█████     | 8/16 [00:00<00:00,  8.59it/s]
Prefill:  56%|█████▋    | 9/16 [00:01<00:00,  8.07it/s]
Prefill:  62%|██████▎   | 10/16 [00:01<00:00,  7.66it/s]
Prefill:  69%|██████▉   | 11/16 [00:01<00:00,  7.38it/s]
Prefill:  75%|███████▌  | 12/16 [00:01<00:00,  7.24it/s]
Prefill:  81%|████████▏ | 13/16 [00:01<00:00,  7.13it/s]
Prefill:  88%|████████▊ | 14/16 [00:01<00:00,  6.97it/s]
Prefill:  94%|█████████▍| 15/16 [00:01<00:00,  6.70it/s]
Prefill: 100%|██████████| 16/16 [00:02<00:00,  6.76it/s]
Prefill: 100%|██████████| 16/16 [00:02<00:00,  7.81it/s]

Importance scoring:   0%|          | 0/4 [00:00<?, ?it/s]
Importance scoring:  25%|██▌       | 1/4 [00:00<00:02,  1.35it/s]
Importance scoring:  50%|█████     | 2/4 [00:02<00:02,  1.06s/it]
Importance scoring:  75%|███████▌  | 3/4 [00:03<00:01,  1.17s/it]
Importance scoring: 100%|██████████| 4/4 [00:04<00:00,  1.20s/it]
Importance scoring: 100%|██████████| 4/4 [00:04<00:00,  1.14s/it]

Prefill:   0%|          | 0/16 [00:00<?, ?it/s]
Prefill:  12%|█▎        | 2/16 [00:00<00:01, 13.60it/s]
Prefill:  25%|██▌       | 4/16 [00:00<00:01, 10.55it/s]
Prefill:  38%|███▊      | 6/16 [00:00<00:01,  9.51it/s]
Prefill:  44%|████▍     | 7/16 [00:00<00:00,  9.13it/s]
Prefill:  50%|█████     | 8/16 [00:00<00:00,  8.67it/s]
Prefill:  56%|█████▋    | 9/16 [00:01<00:00,  8.10it/s]
Prefill:  62%|██████▎   | 10/16 [00:01<00:00,  7.68it/s]
Prefill:  69%|██████▉   | 11/16 [00:01<00:00,  7.38it/s]
Prefill:  75%|███████▌  | 12/16 [00:01<00:00,  7.24it/s]
Prefill:  81%|████████▏ | 13/16 [00:01<00:00,  7.13it/s]
Prefill:  88%|████████▊ | 14/16 [00:01<00:00,  6.97it/s]
Prefill:  94%|█████████▍| 15/16 [00:01<00:00,  6.73it/s]
Prefill: 100%|██████████| 16/16 [00:02<00:00,  6.79it/s]
Prefill: 100%|██████████| 16/16 [00:02<00:00,  7.83it/s]

Importance scoring:   0%|          | 0/4 [00:00<?, ?it/s]
Importance scoring:  25%|██▌       | 1/4 [00:00<00:02,  1.35it/s]
Importance scoring:  50%|█████     | 2/4 [00:02<00:02,  1.06s/it]
Importance scoring:  75%|███████▌  | 3/4 [00:03<00:01,  1.16s/it]
Importance scoring: 100%|██████████| 4/4 [00:04<00:00,  1.19s/it]
Importance scoring: 100%|██████████| 4/4 [00:04<00:00,  1.14s/it]

Prefill:   0%|          | 0/16 [00:00<?, ?it/s]
Prefill:  12%|█▎        | 2/16 [00:00<00:01, 13.41it/s]
Prefill:  25%|██▌       | 4/16 [00:00<00:01, 10.47it/s]
Prefill:  38%|███▊      | 6/16 [00:00<00:01,  9.44it/s]
Prefill:  44%|████▍     | 7/16 [00:00<00:00,  9.06it/s]
Prefill:  50%|█████     | 8/16 [00:00<00:00,  8.59it/s]
Prefill:  56%|█████▋    | 9/16 [00:01<00:00,  8.02it/s]
Prefill:  62%|██████▎   | 10/16 [00:01<00:00,  7.57it/s]
Prefill:  69%|██████▉   | 11/16 [00:01<00:00,  7.29it/s]
Prefill:  75%|███████▌  | 12/16 [00:01<00:00,  7.18it/s]
Prefill:  81%|████████▏ | 13/16 [00:01<00:00,  7.09it/s]
Prefill:  88%|████████▊ | 14/16 [00:01<00:00,  6.97it/s]
Prefill:  94%|█████████▍| 15/16 [00:01<00:00,  6.71it/s]
Prefill: 100%|██████████| 16/16 [00:02<00:00,  6.75it/s]
Prefill: 100%|██████████| 16/16 [00:02<00:00,  7.77it/s]

Importance scoring:   0%|          | 0/4 [00:00<?, ?it/s]
Importance scoring:  25%|██▌       | 1/4 [00:00<00:02,  1.35it/s]
Importance scoring:  50%|█████     | 2/4 [00:02<00:02,  1.06s/it]
Importance scoring:  75%|███████▌  | 3/4 [00:03<00:01,  1.17s/it]
Importance scoring: 100%|██████████| 4/4 [00:04<00:00,  1.20s/it]
Importance scoring: 100%|██████████| 4/4 [00:04<00:00,  1.14s/it]

Prefill:   0%|          | 0/16 [00:00<?, ?it/s]
Prefill:  12%|█▎        | 2/16 [00:00<00:01, 13.56it/s]
Prefill:  25%|██▌       | 4/16 [00:00<00:01, 10.50it/s]
Prefill:  38%|███▊      | 6/16 [00:00<00:01,  9.46it/s]
Prefill:  44%|████▍     | 7/16 [00:00<00:00,  9.08it/s]
Prefill:  50%|█████     | 8/16 [00:00<00:00,  8.62it/s]
Prefill:  56%|█████▋    | 9/16 [00:01<00:00,  8.09it/s]
Prefill:  62%|██████▎   | 10/16 [00:01<00:00,  7.66it/s]
Prefill:  69%|██████▉   | 11/16 [00:01<00:00,  7.38it/s]
Prefill:  75%|███████▌  | 12/16 [00:01<00:00,  7.24it/s]
Prefill:  81%|████████▏ | 13/16 [00:01<00:00,  7.14it/s]
Prefill:  88%|████████▊ | 14/16 [00:01<00:00,  6.99it/s]
Prefill:  94%|█████████▍| 15/16 [00:01<00:00,  6.74it/s]
Prefill: 100%|██████████| 16/16 [00:02<00:00,  6.75it/s]
Prefill: 100%|██████████| 16/16 [00:02<00:00,  7.81it/s]

Importance scoring:   0%|          | 0/4 [00:00<?, ?it/s]
Importance scoring:  25%|██▌       | 1/4 [00:00<00:02,  1.35it/s]
Importance scoring:  50%|█████     | 2/4 [00:02<00:02,  1.07s/it]
Importance scoring:  75%|███████▌  | 3/4 [00:03<00:01,  1.17s/it]
Importance scoring: 100%|██████████| 4/4 [00:04<00:00,  1.20s/it]
Importance scoring: 100%|██████████| 4/4 [00:04<00:00,  1.14s/it]

Prefill:   0%|          | 0/16 [00:00<?, ?it/s]
Prefill:  12%|█▎        | 2/16 [00:00<00:01, 13.51it/s]
Prefill:  25%|██▌       | 4/16 [00:00<00:01, 10.58it/s]
Prefill:  38%|███▊      | 6/16 [00:00<00:01,  9.53it/s]
Prefill:  44%|████▍     | 7/16 [00:00<00:00,  9.15it/s]
Prefill:  50%|█████     | 8/16 [00:00<00:00,  8.58it/s]
Prefill:  56%|█████▋    | 9/16 [00:01<00:00,  8.07it/s]
Prefill:  62%|██████▎   | 10/16 [00:01<00:00,  7.61it/s]
Prefill:  69%|██████▉   | 11/16 [00:01<00:00,  7.27it/s]
Prefill:  75%|███████▌  | 12/16 [00:01<00:00,  7.09it/s]
Prefill:  81%|████████▏ | 13/16 [00:01<00:00,  7.06it/s]
Prefill:  88%|████████▊ | 14/16 [00:01<00:00,  6.97it/s]
Prefill:  94%|█████████▍| 15/16 [00:01<00:00,  6.79it/s]
Prefill: 100%|██████████| 16/16 [00:02<00:00,  6.82it/s]
Prefill: 100%|██████████| 16/16 [00:02<00:00,  7.81it/s]

Importance scoring:   0%|          | 0/4 [00:00<?, ?it/s]
Importance scoring:  25%|██▌       | 1/4 [00:00<00:02,  1.34it/s]
Importance scoring:  50%|█████     | 2/4 [00:02<00:02,  1.06s/it]
Importance scoring:  75%|███████▌  | 3/4 [00:03<00:01,  1.16s/it]
Importance scoring: 100%|██████████| 4/4 [00:04<00:00,  1.19s/it]
Importance scoring: 100%|██████████| 4/4 [00:04<00:00,  1.14s/it]

Prefill:   0%|          | 0/16 [00:00<?, ?it/s]
Prefill:  12%|█▎        | 2/16 [00:00<00:01, 13.69it/s]
Prefill:  25%|██▌       | 4/16 [00:00<00:01, 10.63it/s]
Prefill:  38%|███▊      | 6/16 [00:00<00:01,  9.60it/s]
Prefill:  44%|████▍     | 7/16 [00:00<00:00,  9.19it/s]
Prefill:  50%|█████     | 8/16 [00:00<00:00,  8.74it/s]
Prefill:  56%|█████▋    | 9/16 [00:00<00:00,  8.17it/s]
Prefill:  62%|██████▎   | 10/16 [00:01<00:00,  7.73it/s]
Prefill:  69%|██████▉   | 11/16 [00:01<00:00,  7.41it/s]
Prefill:  75%|███████▌  | 12/16 [00:01<00:00,  7.29it/s]
Prefill:  81%|████████▏ | 13/16 [00:01<00:00,  7.18it/s]
Prefill:  88%|████████▊ | 14/16 [00:01<00:00,  7.01it/s]
Prefill:  94%|█████████▍| 15/16 [00:01<00:00,  6.77it/s]
Prefill: 100%|██████████| 16/16 [00:02<00:00,  6.81it/s]
Prefill: 100%|██████████| 16/16 [00:02<00:00,  7.87it/s]

Importance scoring:   0%|          | 0/4 [00:00<?, ?it/s]
Importance scoring:  25%|██▌       | 1/4 [00:00<00:02,  1.36it/s]
Importance scoring:  50%|█████     | 2/4 [00:02<00:02,  1.06s/it]
Importance scoring:  75%|███████▌  | 3/4 [00:03<00:01,  1.16s/it]
Importance scoring: 100%|██████████| 4/4 [00:04<00:00,  1.19s/it]
Importance scoring: 100%|██████████| 4/4 [00:04<00:00,  1.13s/it]

Prefill:   0%|          | 0/16 [00:00<?, ?it/s]
Prefill:  12%|█▎        | 2/16 [00:00<00:01, 13.43it/s]
Prefill:  25%|██▌       | 4/16 [00:00<00:01, 10.41it/s]
Prefill:  38%|███▊      | 6/16 [00:00<00:01,  9.38it/s]
Prefill:  44%|████▍     | 7/16 [00:00<00:01,  8.99it/s]
Prefill:  50%|█████     | 8/16 [00:00<00:00,  8.51it/s]
Prefill:  56%|█████▋    | 9/16 [00:01<00:00,  8.00it/s]
Prefill:  62%|██████▎   | 10/16 [00:01<00:00,  7.55it/s]
Prefill:  69%|██████▉   | 11/16 [00:01<00:00,  7.27it/s]
Prefill:  75%|███████▌  | 12/16 [00:01<00:00,  7.17it/s]
Prefill:  81%|████████▏ | 13/16 [00:01<00:00,  7.05it/s]
Prefill:  88%|████████▊ | 14/16 [00:01<00:00,  6.89it/s]
Prefill:  94%|█████████▍| 15/16 [00:01<00:00,  6.62it/s]
Prefill: 100%|██████████| 16/16 [00:02<00:00,  6.65it/s]
Prefill: 100%|██████████| 16/16 [00:02<00:00,  7.70it/s]

Importance scoring:   0%|          | 0/4 [00:00<?, ?it/s]
Importance scoring:  25%|██▌       | 1/4 [00:00<00:02,  1.34it/s]
Importance scoring:  50%|█████     | 2/4 [00:02<00:02,  1.07s/it]
Importance scoring:  75%|███████▌  | 3/4 [00:03<00:01,  1.17s/it]
Importance scoring: 100%|██████████| 4/4 [00:04<00:00,  1.20s/it]
Importance scoring: 100%|██████████| 4/4 [00:04<00:00,  1.14s/it]

Prefill:   0%|          | 0/16 [00:00<?, ?it/s]
Prefill:  12%|█▎        | 2/16 [00:00<00:01, 13.59it/s]
Prefill:  25%|██▌       | 4/16 [00:00<00:01, 10.55it/s]
Prefill:  38%|███▊      | 6/16 [00:00<00:01,  9.48it/s]
Prefill:  44%|████▍     | 7/16 [00:00<00:00,  9.08it/s]
Prefill:  50%|█████     | 8/16 [00:00<00:00,  8.60it/s]
Prefill:  56%|█████▋    | 9/16 [00:01<00:00,  8.08it/s]
Prefill:  62%|██████▎   | 10/16 [00:01<00:00,  7.66it/s]
Prefill:  69%|██████▉   | 11/16 [00:01<00:00,  7.39it/s]
Prefill:  75%|███████▌  | 12/16 [00:01<00:00,  7.27it/s]
Prefill:  81%|████████▏ | 13/16 [00:01<00:00,  7.15it/s]
Prefill:  88%|████████▊ | 14/16 [00:01<00:00,  7.01it/s]
Prefill:  94%|█████████▍| 15/16 [00:01<00:00,  6.74it/s]
Prefill: 100%|██████████| 16/16 [00:02<00:00,  6.79it/s]
Prefill: 100%|██████████| 16/16 [00:02<00:00,  7.83it/s]

Importance scoring:   0%|          | 0/4 [00:00<?, ?it/s]
Importance scoring:  25%|██▌       | 1/4 [00:00<00:02,  1.35it/s]
Importance scoring:  50%|█████     | 2/4 [00:02<00:02,  1.06s/it]
Importance scoring:  75%|███████▌  | 3/4 [00:03<00:01,  1.16s/it]
Importance scoring: 100%|██████████| 4/4 [00:04<00:00,  1.19s/it]
Importance scoring: 100%|██████████| 4/4 [00:04<00:00,  1.14s/it]

Prefill:   0%|          | 0/16 [00:00<?, ?it/s]
Prefill:  12%|█▎        | 2/16 [00:00<00:01, 13.45it/s]
Prefill:  25%|██▌       | 4/16 [00:00<00:01, 10.46it/s]
Prefill:  38%|███▊      | 6/16 [00:00<00:01,  9.42it/s]
Prefill:  44%|████▍     | 7/16 [00:00<00:00,  9.05it/s]
Prefill:  50%|█████     | 8/16 [00:00<00:00,  8.56it/s]
Prefill:  56%|█████▋    | 9/16 [00:01<00:00,  8.01it/s]
Prefill:  62%|██████▎   | 10/16 [00:01<00:00,  7.62it/s]
Prefill:  69%|██████▉   | 11/16 [00:01<00:00,  7.32it/s]
Prefill:  75%|███████▌  | 12/16 [00:01<00:00,  7.19it/s]
Prefill:  81%|████████▏ | 13/16 [00:01<00:00,  7.10it/s]
Prefill:  88%|████████▊ | 14/16 [00:01<00:00,  6.97it/s]
Prefill:  94%|█████████▍| 15/16 [00:01<00:00,  6.73it/s]
Prefill: 100%|██████████| 16/16 [00:02<00:00,  6.77it/s]
Prefill: 100%|██████████| 16/16 [00:02<00:00,  7.78it/s]

Importance scoring:   0%|          | 0/4 [00:00<?, ?it/s]
Importance scoring:  25%|██▌       | 1/4 [00:00<00:02,  1.35it/s]
Importance scoring:  50%|█████     | 2/4 [00:02<00:02,  1.06s/it]
Importance scoring:  75%|███████▌  | 3/4 [00:03<00:01,  1.16s/it]
Importance scoring: 100%|██████████| 4/4 [00:04<00:00,  1.19s/it]
Importance scoring: 100%|██████████| 4/4 [00:04<00:00,  1.14s/it]

Prefill:   0%|          | 0/16 [00:00<?, ?it/s]
Prefill:  12%|█▎        | 2/16 [00:00<00:01, 13.84it/s]
Prefill:  25%|██▌       | 4/16 [00:00<00:01, 10.76it/s]
Prefill:  38%|███▊      | 6/16 [00:00<00:01,  9.68it/s]
Prefill:  50%|█████     | 8/16 [00:00<00:00,  8.95it/s]
Prefill:  56%|█████▋    | 9/16 [00:00<00:00,  8.44it/s]
Prefill:  62%|██████▎   | 10/16 [00:01<00:00,  8.01it/s]
Prefill:  69%|██████▉   | 11/16 [00:01<00:00,  7.69it/s]
Prefill:  75%|███████▌  | 12/16 [00:01<00:00,  7.50it/s]
Prefill:  81%|████████▏ | 13/16 [00:01<00:00,  7.36it/s]
Prefill:  88%|████████▊ | 14/16 [00:01<00:00,  7.22it/s]
Prefill:  94%|█████████▍| 15/16 [00:01<00:00,  6.95it/s]
Prefill: 100%|██████████| 16/16 [00:02<00:00,  6.96it/s]
Prefill: 100%|██████████| 16/16 [00:02<00:00,  7.99it/s]

Importance scoring:   0%|          | 0/4 [00:00<?, ?it/s]
Importance scoring:  25%|██▌       | 1/4 [00:00<00:02,  1.36it/s]
Importance scoring:  50%|█████     | 2/4 [00:01<00:02,  1.05s/it]
Importance scoring:  75%|███████▌  | 3/4 [00:03<00:01,  1.15s/it]
Importance scoring: 100%|██████████| 4/4 [00:04<00:00,  1.18s/it]
Importance scoring: 100%|██████████| 4/4 [00:04<00:00,  1.12s/it]

Prefill:   0%|          | 0/16 [00:00<?, ?it/s]
Prefill:  12%|█▎        | 2/16 [00:00<00:01, 13.51it/s]
Prefill:  25%|██▌       | 4/16 [00:00<00:01, 10.50it/s]
Prefill:  38%|███▊      | 6/16 [00:00<00:01,  9.48it/s]
Prefill:  44%|████▍     | 7/16 [00:00<00:00,  9.10it/s]
Prefill:  50%|█████     | 8/16 [00:00<00:00,  8.61it/s]
Prefill:  56%|█████▋    | 9/16 [00:01<00:00,  8.09it/s]
Prefill:  62%|██████▎   | 10/16 [00:01<00:00,  7.65it/s]
Prefill:  69%|██████▉   | 11/16 [00:01<00:00,  7.33it/s]
Prefill:  75%|███████▌  | 12/16 [00:01<00:00,  7.23it/s]
Prefill:  81%|████████▏ | 13/16 [00:01<00:00,  7.13it/s]
Prefill:  88%|████████▊ | 14/16 [00:01<00:00,  6.99it/s]
Prefill:  94%|█████████▍| 15/16 [00:01<00:00,  6.69it/s]
Prefill: 100%|██████████| 16/16 [00:02<00:00,  6.72it/s]
Prefill: 100%|██████████| 16/16 [00:02<00:00,  7.79it/s]

Importance scoring:   0%|          | 0/4 [00:00<?, ?it/s]
Importance scoring:  25%|██▌       | 1/4 [00:00<00:02,  1.35it/s]
Importance scoring:  50%|█████     | 2/4 [00:02<00:02,  1.06s/it]
Importance scoring:  75%|███████▌  | 3/4 [00:03<00:01,  1.17s/it]
Importance scoring: 100%|██████████| 4/4 [00:04<00:00,  1.20s/it]
Importance scoring: 100%|██████████| 4/4 [00:04<00:00,  1.14s/it]

Prefill:   0%|          | 0/16 [00:00<?, ?it/s]
Prefill:  12%|█▎        | 2/16 [00:00<00:01, 13.70it/s]
Prefill:  25%|██▌       | 4/16 [00:00<00:01, 10.61it/s]
Prefill:  38%|███▊      | 6/16 [00:00<00:01,  9.58it/s]
Prefill:  44%|████▍     | 7/16 [00:00<00:00,  9.19it/s]
Prefill:  50%|█████     | 8/16 [00:00<00:00,  8.71it/s]
Prefill:  56%|█████▋    | 9/16 [00:00<00:00,  8.18it/s]
Prefill:  62%|██████▎   | 10/16 [00:01<00:00,  7.74it/s]
Prefill:  69%|██████▉   | 11/16 [00:01<00:00,  7.42it/s]
Prefill:  75%|███████▌  | 12/16 [00:01<00:00,  7.28it/s]
Prefill:  81%|████████▏ | 13/16 [00:01<00:00,  7.18it/s]
Prefill:  88%|████████▊ | 14/16 [00:01<00:00,  7.05it/s]
Prefill:  94%|█████████▍| 15/16 [00:01<00:00,  6.82it/s]
Prefill: 100%|██████████| 16/16 [00:02<00:00,  6.87it/s]
Prefill: 100%|██████████| 16/16 [00:02<00:00,  7.90it/s]

Importance scoring:   0%|          | 0/4 [00:00<?, ?it/s]
Importance scoring:  25%|██▌       | 1/4 [00:00<00:02,  1.36it/s]
Importance scoring:  50%|█████     | 2/4 [00:02<00:02,  1.05s/it]
Importance scoring:  75%|███████▌  | 3/4 [00:03<00:01,  1.16s/it]
Importance scoring: 100%|██████████| 4/4 [00:04<00:00,  1.19s/it]
Importance scoring: 100%|██████████| 4/4 [00:04<00:00,  1.13s/it]

Prefill:   0%|          | 0/16 [00:00<?, ?it/s]
Prefill:  12%|█▎        | 2/16 [00:00<00:01, 13.57it/s]
Prefill:  25%|██▌       | 4/16 [00:00<00:01, 10.48it/s]
Prefill:  38%|███▊      | 6/16 [00:00<00:01,  9.45it/s]
Prefill:  44%|████▍     | 7/16 [00:00<00:00,  9.05it/s]
Prefill:  50%|█████     | 8/16 [00:00<00:00,  8.52it/s]
Prefill:  56%|█████▋    | 9/16 [00:01<00:00,  8.00it/s]
Prefill:  62%|██████▎   | 10/16 [00:01<00:00,  7.59it/s]
Prefill:  69%|██████▉   | 11/16 [00:01<00:00,  7.31it/s]
Prefill:  75%|███████▌  | 12/16 [00:01<00:00,  7.19it/s]
Prefill:  81%|████████▏ | 13/16 [00:01<00:00,  7.11it/s]
Prefill:  88%|████████▊ | 14/16 [00:01<00:00,  6.96it/s]
Prefill:  94%|█████████▍| 15/16 [00:01<00:00,  6.67it/s]
Prefill: 100%|██████████| 16/16 [00:02<00:00,  6.70it/s]
Prefill: 100%|██████████| 16/16 [00:02<00:00,  7.75it/s]

Importance scoring:   0%|          | 0/4 [00:00<?, ?it/s]
Importance scoring:  25%|██▌       | 1/4 [00:00<00:02,  1.35it/s]
Importance scoring:  50%|█████     | 2/4 [00:02<00:02,  1.06s/it]
Importance scoring:  75%|███████▌  | 3/4 [00:03<00:01,  1.17s/it]
Importance scoring: 100%|██████████| 4/4 [00:04<00:00,  1.20s/it]
Importance scoring: 100%|██████████| 4/4 [00:04<00:00,  1.14s/it]

Prefill:   0%|          | 0/16 [00:00<?, ?it/s]
Prefill:  12%|█▎        | 2/16 [00:00<00:01, 13.67it/s]
Prefill:  25%|██▌       | 4/16 [00:00<00:01, 10.56it/s]
Prefill:  38%|███▊      | 6/16 [00:00<00:01,  9.48it/s]
Prefill:  44%|████▍     | 7/16 [00:00<00:00,  9.09it/s]
Prefill:  50%|█████     | 8/16 [00:00<00:00,  8.64it/s]
Prefill:  56%|█████▋    | 9/16 [00:01<00:00,  8.11it/s]
Prefill:  62%|██████▎   | 10/16 [00:01<00:00,  7.68it/s]
Prefill:  69%|██████▉   | 11/16 [00:01<00:00,  7.34it/s]
Prefill:  75%|███████▌  | 12/16 [00:01<00:00,  7.19it/s]
Prefill:  81%|████████▏ | 13/16 [00:01<00:00,  7.13it/s]
Prefill:  88%|████████▊ | 14/16 [00:01<00:00,  7.00it/s]
Prefill:  94%|█████████▍| 15/16 [00:01<00:00,  6.74it/s]
Prefill: 100%|██████████| 16/16 [00:02<00:00,  6.78it/s]
Prefill: 100%|██████████| 16/16 [00:02<00:00,  7.82it/s]

Importance scoring:   0%|          | 0/4 [00:00<?, ?it/s]
Importance scoring:  25%|██▌       | 1/4 [00:00<00:02,  1.35it/s]
Importance scoring:  50%|█████     | 2/4 [00:02<00:02,  1.06s/it]
Importance scoring:  75%|███████▌  | 3/4 [00:03<00:01,  1.16s/it]
Importance scoring: 100%|██████████| 4/4 [00:04<00:00,  1.20s/it]
Importance scoring: 100%|██████████| 4/4 [00:04<00:00,  1.14s/it]

Prefill:   0%|          | 0/16 [00:00<?, ?it/s]
Prefill:  12%|█▎        | 2/16 [00:00<00:01, 13.54it/s]
Prefill:  25%|██▌       | 4/16 [00:00<00:01, 10.45it/s]
Prefill:  38%|███▊      | 6/16 [00:00<00:01,  9.40it/s]
Prefill:  44%|████▍     | 7/16 [00:00<00:00,  9.02it/s]
Prefill:  50%|█████     | 8/16 [00:00<00:00,  8.54it/s]
Prefill:  56%|█████▋    | 9/16 [00:01<00:00,  7.99it/s]
Prefill:  62%|██████▎   | 10/16 [00:01<00:00,  7.55it/s]
Prefill:  69%|██████▉   | 11/16 [00:01<00:00,  7.29it/s]
Prefill:  75%|███████▌  | 12/16 [00:01<00:00,  7.17it/s]
Prefill:  81%|████████▏ | 13/16 [00:01<00:00,  7.09it/s]
Prefill:  88%|████████▊ | 14/16 [00:01<00:00,  6.94it/s]
Prefill:  94%|█████████▍| 15/16 [00:01<00:00,  6.68it/s]
Prefill: 100%|██████████| 16/16 [00:02<00:00,  6.71it/s]
Prefill: 100%|██████████| 16/16 [00:02<00:00,  7.74it/s]

Importance scoring:   0%|          | 0/4 [00:00<?, ?it/s]
Importance scoring:  25%|██▌       | 1/4 [00:00<00:02,  1.34it/s]
Importance scoring:  50%|█████     | 2/4 [00:02<00:02,  1.07s/it]
Importance scoring:  75%|███████▌  | 3/4 [00:03<00:01,  1.17s/it]
Importance scoring: 100%|██████████| 4/4 [00:04<00:00,  1.20s/it]
Importance scoring: 100%|██████████| 4/4 [00:04<00:00,  1.15s/it]

Prefill:   0%|          | 0/16 [00:00<?, ?it/s]
Prefill:  12%|█▎        | 2/16 [00:00<00:01, 13.70it/s]
Prefill:  25%|██▌       | 4/16 [00:00<00:01, 10.55it/s]
Prefill:  38%|███▊      | 6/16 [00:00<00:01,  9.46it/s]
Prefill:  44%|████▍     | 7/16 [00:00<00:00,  9.07it/s]
Prefill:  50%|█████     | 8/16 [00:00<00:00,  8.59it/s]
Prefill:  56%|█████▋    | 9/16 [00:01<00:00,  8.05it/s]
Prefill:  62%|██████▎   | 10/16 [00:01<00:00,  7.65it/s]
Prefill:  69%|██████▉   | 11/16 [00:01<00:00,  7.36it/s]
Prefill:  75%|███████▌  | 12/16 [00:01<00:00,  7.25it/s]
Prefill:  81%|████████▏ | 13/16 [00:01<00:00,  7.13it/s]
Prefill:  88%|████████▊ | 14/16 [00:01<00:00,  6.99it/s]
Prefill:  94%|█████████▍| 15/16 [00:01<00:00,  6.73it/s]
Prefill: 100%|██████████| 16/16 [00:02<00:00,  6.77it/s]
Prefill: 100%|██████████| 16/16 [00:02<00:00,  7.81it/s]

Importance scoring:   0%|          | 0/4 [00:00<?, ?it/s]
Importance scoring:  25%|██▌       | 1/4 [00:00<00:02,  1.35it/s]
Importance scoring:  50%|█████     | 2/4 [00:02<00:02,  1.06s/it]
Importance scoring:  75%|███████▌  | 3/4 [00:03<00:01,  1.16s/it]
Importance scoring: 100%|██████████| 4/4 [00:04<00:00,  1.20s/it]
Importance scoring: 100%|██████████| 4/4 [00:04<00:00,  1.14s/it]

Prefill:   0%|          | 0/16 [00:00<?, ?it/s]
Prefill:  12%|█▎        | 2/16 [00:00<00:01, 13.68it/s]
Prefill:  25%|██▌       | 4/16 [00:00<00:01, 10.57it/s]
Prefill:  38%|███▊      | 6/16 [00:00<00:01,  9.47it/s]
Prefill:  44%|████▍     | 7/16 [00:00<00:00,  9.09it/s]
Prefill:  50%|█████     | 8/16 [00:00<00:00,  8.63it/s]
Prefill:  56%|█████▋    | 9/16 [00:01<00:00,  8.11it/s]
Prefill:  62%|██████▎   | 10/16 [00:01<00:00,  7.69it/s]
Prefill:  69%|██████▉   | 11/16 [00:01<00:00,  7.37it/s]
Prefill:  75%|███████▌  | 12/16 [00:01<00:00,  7.23it/s]
Prefill:  81%|████████▏ | 13/16 [00:01<00:00,  7.11it/s]
Prefill:  88%|████████▊ | 14/16 [00:01<00:00,  6.99it/s]
Prefill:  94%|█████████▍| 15/16 [00:01<00:00,  6.73it/s]
Prefill: 100%|██████████| 16/16 [00:02<00:00,  6.77it/s]
Prefill: 100%|██████████| 16/16 [00:02<00:00,  7.82it/s]

Importance scoring:   0%|          | 0/4 [00:00<?, ?it/s]
Importance scoring:  25%|██▌       | 1/4 [00:00<00:02,  1.35it/s]
Importance scoring:  50%|█████     | 2/4 [00:02<00:02,  1.06s/it]
Importance scoring:  75%|███████▌  | 3/4 [00:03<00:01,  1.16s/it]
Importance scoring: 100%|██████████| 4/4 [00:04<00:00,  1.20s/it]
Importance scoring: 100%|██████████| 4/4 [00:04<00:00,  1.14s/it]

Prefill:   0%|          | 0/16 [00:00<?, ?it/s]
Prefill:  12%|█▎        | 2/16 [00:00<00:01, 13.66it/s]
Prefill:  25%|██▌       | 4/16 [00:00<00:01, 10.61it/s]
Prefill:  38%|███▊      | 6/16 [00:00<00:01,  9.56it/s]
Prefill:  44%|████▍     | 7/16 [00:00<00:00,  9.16it/s]
Prefill:  50%|█████     | 8/16 [00:00<00:00,  8.68it/s]
Prefill:  56%|█████▋    | 9/16 [00:00<00:00,  8.14it/s]
Prefill:  62%|██████▎   | 10/16 [00:01<00:00,  7.70it/s]
Prefill:  69%|██████▉   | 11/16 [00:01<00:00,  7.38it/s]
Prefill:  75%|███████▌  | 12/16 [00:01<00:00,  7.24it/s]
Prefill:  81%|████████▏ | 13/16 [00:01<00:00,  7.15it/s]
Prefill:  88%|████████▊ | 14/16 [00:01<00:00,  7.02it/s]
Prefill:  94%|█████████▍| 15/16 [00:01<00:00,  6.76it/s]
Prefill: 100%|██████████| 16/16 [00:02<00:00,  6.79it/s]
Prefill: 100%|██████████| 16/16 [00:02<00:00,  7.85it/s]

Importance scoring:   0%|          | 0/4 [00:00<?, ?it/s]
Importance scoring:  25%|██▌       | 1/4 [00:00<00:02,  1.35it/s]
Importance scoring:  50%|█████     | 2/4 [00:02<00:02,  1.06s/it]
Importance scoring:  75%|███████▌  | 3/4 [00:03<00:01,  1.16s/it]
Importance scoring: 100%|██████████| 4/4 [00:04<00:00,  1.19s/it]
Importance scoring: 100%|██████████| 4/4 [00:04<00:00,  1.14s/it]

Prefill:   0%|          | 0/16 [00:00<?, ?it/s]
Prefill:  12%|█▎        | 2/16 [00:00<00:01, 13.58it/s]
Prefill:  25%|██▌       | 4/16 [00:00<00:01, 10.55it/s]
Prefill:  38%|███▊      | 6/16 [00:00<00:01,  9.49it/s]
Prefill:  44%|████▍     | 7/16 [00:00<00:00,  9.11it/s]
Prefill:  50%|█████     | 8/16 [00:00<00:00,  8.67it/s]
Prefill:  56%|█████▋    | 9/16 [00:01<00:00,  8.12it/s]
Prefill:  62%|██████▎   | 10/16 [00:01<00:00,  7.69it/s]
Prefill:  69%|██████▉   | 11/16 [00:01<00:00,  7.35it/s]
Prefill:  75%|███████▌  | 12/16 [00:01<00:00,  7.21it/s]
Prefill:  81%|████████▏ | 13/16 [00:01<00:00,  7.12it/s]
Prefill:  88%|████████▊ | 14/16 [00:01<00:00,  7.00it/s]
Prefill:  94%|█████████▍| 15/16 [00:01<00:00,  6.74it/s]
Prefill: 100%|██████████| 16/16 [00:02<00:00,  6.81it/s]
Prefill: 100%|██████████| 16/16 [00:02<00:00,  7.83it/s]

Importance scoring:   0%|          | 0/4 [00:00<?, ?it/s]
Importance scoring:  25%|██▌       | 1/4 [00:00<00:02,  1.35it/s]
Importance scoring:  50%|█████     | 2/4 [00:02<00:02,  1.06s/it]
Importance scoring:  75%|███████▌  | 3/4 [00:03<00:01,  1.16s/it]
Importance scoring: 100%|██████████| 4/4 [00:04<00:00,  1.20s/it]
Importance scoring: 100%|██████████| 4/4 [00:04<00:00,  1.14s/it]

Prefill:   0%|          | 0/16 [00:00<?, ?it/s]
Prefill:  12%|█▎        | 2/16 [00:00<00:01, 13.66it/s]
Prefill:  25%|██▌       | 4/16 [00:00<00:01, 10.61it/s]
Prefill:  38%|███▊      | 6/16 [00:00<00:01,  9.56it/s]
Prefill:  44%|████▍     | 7/16 [00:00<00:00,  9.18it/s]
Prefill:  50%|█████     | 8/16 [00:00<00:00,  8.73it/s]
Prefill:  56%|█████▋    | 9/16 [00:00<00:00,  8.16it/s]
Prefill:  62%|██████▎   | 10/16 [00:01<00:00,  7.74it/s]
Prefill:  69%|██████▉   | 11/16 [00:01<00:00,  7.40it/s]
Prefill:  75%|███████▌  | 12/16 [00:01<00:00,  7.27it/s]
Prefill:  81%|████████▏ | 13/16 [00:01<00:00,  7.16it/s]
Prefill:  88%|████████▊ | 14/16 [00:01<00:00,  7.01it/s]
Prefill:  94%|█████████▍| 15/16 [00:01<00:00,  6.76it/s]
Prefill: 100%|██████████| 16/16 [00:02<00:00,  6.80it/s]
Prefill: 100%|██████████| 16/16 [00:02<00:00,  7.86it/s]

Importance scoring:   0%|          | 0/4 [00:00<?, ?it/s]
Importance scoring:  25%|██▌       | 1/4 [00:00<00:02,  1.35it/s]
Importance scoring:  50%|█████     | 2/4 [00:02<00:02,  1.06s/it]
Importance scoring:  75%|███████▌  | 3/4 [00:03<00:01,  1.16s/it]
Importance scoring: 100%|██████████| 4/4 [00:04<00:00,  1.19s/it]
Importance scoring: 100%|██████████| 4/4 [00:04<00:00,  1.14s/it]

Prefill:   0%|          | 0/16 [00:00<?, ?it/s]
Prefill:  12%|█▎        | 2/16 [00:00<00:01, 13.65it/s]
Prefill:  25%|██▌       | 4/16 [00:00<00:01, 10.65it/s]
Prefill:  38%|███▊      | 6/16 [00:00<00:01,  9.56it/s]
Prefill:  44%|████▍     | 7/16 [00:00<00:00,  9.16it/s]
Prefill:  50%|█████     | 8/16 [00:00<00:00,  8.73it/s]
Prefill:  56%|█████▋    | 9/16 [00:00<00:00,  8.13it/s]
Prefill:  62%|██████▎   | 10/16 [00:01<00:00,  7.71it/s]
Prefill:  69%|██████▉   | 11/16 [00:01<00:00,  7.38it/s]
Prefill:  75%|███████▌  | 12/16 [00:01<00:00,  7.25it/s]
Prefill:  81%|████████▏ | 13/16 [00:01<00:00,  7.15it/s]
Prefill:  88%|████████▊ | 14/16 [00:01<00:00,  7.01it/s]
Prefill:  94%|█████████▍| 15/16 [00:01<00:00,  6.79it/s]
Prefill: 100%|██████████| 16/16 [00:02<00:00,  6.84it/s]
Prefill: 100%|██████████| 16/16 [00:02<00:00,  7.87it/s]

Importance scoring:   0%|          | 0/4 [00:00<?, ?it/s]
Importance scoring:  25%|██▌       | 1/4 [00:00<00:02,  1.36it/s]
Importance scoring:  50%|█████     | 2/4 [00:02<00:02,  1.06s/it]
Importance scoring:  75%|███████▌  | 3/4 [00:03<00:01,  1.16s/it]
Importance scoring: 100%|██████████| 4/4 [00:04<00:00,  1.19s/it]
Importance scoring: 100%|██████████| 4/4 [00:04<00:00,  1.13s/it]

Prefill:   0%|          | 0/16 [00:00<?, ?it/s]
Prefill:  12%|█▎        | 2/16 [00:00<00:01, 13.53it/s]
Prefill:  25%|██▌       | 4/16 [00:00<00:01, 10.55it/s]
Prefill:  38%|███▊      | 6/16 [00:00<00:01,  9.46it/s]
Prefill:  44%|████▍     | 7/16 [00:00<00:00,  9.09it/s]
Prefill:  50%|█████     | 8/16 [00:00<00:00,  8.65it/s]
Prefill:  56%|█████▋    | 9/16 [00:01<00:00,  8.10it/s]
Prefill:  62%|██████▎   | 10/16 [00:01<00:00,  7.66it/s]
Prefill:  69%|██████▉   | 11/16 [00:01<00:00,  7.34it/s]
Prefill:  75%|███████▌  | 12/16 [00:01<00:00,  7.24it/s]
Prefill:  81%|████████▏ | 13/16 [00:01<00:00,  7.15it/s]
Prefill:  88%|████████▊ | 14/16 [00:01<00:00,  7.01it/s]
Prefill:  94%|█████████▍| 15/16 [00:01<00:00,  6.76it/s]
Prefill: 100%|██████████| 16/16 [00:02<00:00,  6.80it/s]
Prefill: 100%|██████████| 16/16 [00:02<00:00,  7.83it/s]

Importance scoring:   0%|          | 0/4 [00:00<?, ?it/s]
Importance scoring:  25%|██▌       | 1/4 [00:00<00:02,  1.35it/s]
Importance scoring:  50%|█████     | 2/4 [00:02<00:02,  1.06s/it]
Importance scoring:  75%|███████▌  | 3/4 [00:03<00:01,  1.16s/it]
Importance scoring: 100%|██████████| 4/4 [00:04<00:00,  1.19s/it]
Importance scoring: 100%|██████████| 4/4 [00:04<00:00,  1.14s/it]

Prefill:   0%|          | 0/16 [00:00<?, ?it/s]
Prefill:  12%|█▎        | 2/16 [00:00<00:01, 13.64it/s]
Prefill:  25%|██▌       | 4/16 [00:00<00:01, 10.58it/s]
Prefill:  38%|███▊      | 6/16 [00:00<00:01,  9.55it/s]
Prefill:  44%|████▍     | 7/16 [00:00<00:00,  9.16it/s]
Prefill:  50%|█████     | 8/16 [00:00<00:00,  8.71it/s]
Prefill:  56%|█████▋    | 9/16 [00:00<00:00,  8.17it/s]
Prefill:  62%|██████▎   | 10/16 [00:01<00:00,  7.72it/s]
Prefill:  69%|██████▉   | 11/16 [00:01<00:00,  7.38it/s]
Prefill:  75%|███████▌  | 12/16 [00:01<00:00,  7.26it/s]
Prefill:  81%|████████▏ | 13/16 [00:01<00:00,  7.15it/s]
Prefill:  88%|████████▊ | 14/16 [00:01<00:00,  6.99it/s]
Prefill:  94%|█████████▍| 15/16 [00:01<00:00,  6.75it/s]
Prefill: 100%|██████████| 16/16 [00:02<00:00,  6.79it/s]
Prefill: 100%|██████████| 16/16 [00:02<00:00,  7.85it/s]

Importance scoring:   0%|          | 0/4 [00:00<?, ?it/s]
Importance scoring:  25%|██▌       | 1/4 [00:00<00:02,  1.35it/s]
Importance scoring:  50%|█████     | 2/4 [00:02<00:02,  1.06s/it]
Importance scoring:  75%|███████▌  | 3/4 [00:03<00:01,  1.16s/it]
Importance scoring: 100%|██████████| 4/4 [00:04<00:00,  1.19s/it]
Importance scoring: 100%|██████████| 4/4 [00:04<00:00,  1.14s/it]

Prefill:   0%|          | 0/16 [00:00<?, ?it/s]
Prefill:  12%|█▎        | 2/16 [00:00<00:01, 13.68it/s]
Prefill:  25%|██▌       | 4/16 [00:00<00:01, 10.58it/s]
Prefill:  38%|███▊      | 6/16 [00:00<00:01,  9.54it/s]
Prefill:  44%|████▍     | 7/16 [00:00<00:00,  9.14it/s]
Prefill:  50%|█████     | 8/16 [00:00<00:00,  8.68it/s]
Prefill:  56%|█████▋    | 9/16 [00:00<00:00,  8.12it/s]
Prefill:  62%|██████▎   | 10/16 [00:01<00:00,  7.66it/s]
Prefill:  69%|██████▉   | 11/16 [00:01<00:00,  7.37it/s]
Prefill:  75%|███████▌  | 12/16 [00:01<00:00,  7.22it/s]
Prefill:  81%|████████▏ | 13/16 [00:01<00:00,  7.14it/s]
Prefill:  88%|████████▊ | 14/16 [00:01<00:00,  7.01it/s]
Prefill:  94%|█████████▍| 15/16 [00:01<00:00,  6.75it/s]
Prefill: 100%|██████████| 16/16 [00:02<00:00,  6.79it/s]
Prefill: 100%|██████████| 16/16 [00:02<00:00,  7.84it/s]

Importance scoring:   0%|          | 0/4 [00:00<?, ?it/s]
Importance scoring:  25%|██▌       | 1/4 [00:00<00:02,  1.35it/s]
Importance scoring:  50%|█████     | 2/4 [00:02<00:02,  1.06s/it]
Importance scoring:  75%|███████▌  | 3/4 [00:03<00:01,  1.16s/it]
Importance scoring: 100%|██████████| 4/4 [00:04<00:00,  1.19s/it]
Importance scoring: 100%|██████████| 4/4 [00:04<00:00,  1.14s/it]

Prefill:   0%|          | 0/16 [00:00<?, ?it/s]
Prefill:  12%|█▎        | 2/16 [00:00<00:01, 13.56it/s]
Prefill:  25%|██▌       | 4/16 [00:00<00:01, 10.59it/s]
Prefill:  38%|███▊      | 6/16 [00:00<00:01,  9.57it/s]
Prefill:  44%|████▍     | 7/16 [00:00<00:00,  9.15it/s]
Prefill:  50%|█████     | 8/16 [00:00<00:00,  8.68it/s]
Prefill:  56%|█████▋    | 9/16 [00:00<00:00,  8.10it/s]
Prefill:  62%|██████▎   | 10/16 [00:01<00:00,  7.63it/s]
Prefill:  69%|██████▉   | 11/16 [00:01<00:00,  7.34it/s]
Prefill:  75%|███████▌  | 12/16 [00:01<00:00,  7.23it/s]
Prefill:  81%|████████▏ | 13/16 [00:01<00:00,  7.13it/s]
Prefill:  88%|████████▊ | 14/16 [00:01<00:00,  6.99it/s]
Prefill:  94%|█████████▍| 15/16 [00:01<00:00,  6.75it/s]
Prefill: 100%|██████████| 16/16 [00:02<00:00,  6.77it/s]
Prefill: 100%|██████████| 16/16 [00:02<00:00,  7.82it/s]

Importance scoring:   0%|          | 0/4 [00:00<?, ?it/s]
Importance scoring:  25%|██▌       | 1/4 [00:00<00:02,  1.35it/s]
Importance scoring:  50%|█████     | 2/4 [00:02<00:02,  1.06s/it]
Importance scoring:  75%|███████▌  | 3/4 [00:03<00:01,  1.16s/it]
Importance scoring: 100%|██████████| 4/4 [00:04<00:00,  1.19s/it]
Importance scoring: 100%|██████████| 4/4 [00:04<00:00,  1.14s/it]

Prefill:   0%|          | 0/16 [00:00<?, ?it/s]
Prefill:  12%|█▎        | 2/16 [00:00<00:01, 13.83it/s]
Prefill:  25%|██▌       | 4/16 [00:00<00:01, 10.66it/s]
Prefill:  38%|███▊      | 6/16 [00:00<00:01,  9.58it/s]
Prefill:  44%|████▍     | 7/16 [00:00<00:00,  9.18it/s]
Prefill:  50%|█████     | 8/16 [00:00<00:00,  8.72it/s]
Prefill:  56%|█████▋    | 9/16 [00:00<00:00,  8.14it/s]
Prefill:  62%|██████▎   | 10/16 [00:01<00:00,  7.76it/s]
Prefill:  69%|██████▉   | 11/16 [00:01<00:00,  7.48it/s]
Prefill:  75%|███████▌  | 12/16 [00:01<00:00,  7.32it/s]
Prefill:  81%|████████▏ | 13/16 [00:01<00:00,  7.20it/s]
Prefill:  88%|████████▊ | 14/16 [00:01<00:00,  7.04it/s]
Prefill:  94%|█████████▍| 15/16 [00:01<00:00,  6.81it/s]
Prefill: 100%|██████████| 16/16 [00:02<00:00,  6.84it/s]
Prefill: 100%|██████████| 16/16 [00:02<00:00,  7.90it/s]

Importance scoring:   0%|          | 0/4 [00:00<?, ?it/s]
Importance scoring:  25%|██▌       | 1/4 [00:00<00:02,  1.36it/s]
Importance scoring:  50%|█████     | 2/4 [00:02<00:02,  1.06s/it]
Importance scoring:  75%|███████▌  | 3/4 [00:03<00:01,  1.16s/it]
Importance scoring: 100%|██████████| 4/4 [00:04<00:00,  1.19s/it]
Importance scoring: 100%|██████████| 4/4 [00:04<00:00,  1.14s/it]

Prefill:   0%|          | 0/16 [00:00<?, ?it/s]
Prefill:  12%|█▎        | 2/16 [00:00<00:01, 13.64it/s]
Prefill:  25%|██▌       | 4/16 [00:00<00:01, 10.60it/s]
Prefill:  38%|███▊      | 6/16 [00:00<00:01,  9.50it/s]
Prefill:  44%|████▍     | 7/16 [00:00<00:00,  9.13it/s]
Prefill:  50%|█████     | 8/16 [00:00<00:00,  8.68it/s]
Prefill:  56%|█████▋    | 9/16 [00:00<00:00,  8.12it/s]
Prefill:  62%|██████▎   | 10/16 [00:01<00:00,  7.68it/s]
Prefill:  69%|██████▉   | 11/16 [00:01<00:00,  7.41it/s]
Prefill:  75%|███████▌  | 12/16 [00:01<00:00,  7.26it/s]
Prefill:  81%|████████▏ | 13/16 [00:01<00:00,  7.15it/s]
Prefill:  88%|████████▊ | 14/16 [00:01<00:00,  7.02it/s]
Prefill:  94%|█████████▍| 15/16 [00:01<00:00,  6.80it/s]
Prefill: 100%|██████████| 16/16 [00:02<00:00,  6.85it/s]
Prefill: 100%|██████████| 16/16 [00:02<00:00,  7.86it/s]

Importance scoring:   0%|          | 0/4 [00:00<?, ?it/s]
Importance scoring:  25%|██▌       | 1/4 [00:00<00:02,  1.35it/s]
Importance scoring:  50%|█████     | 2/4 [00:02<00:02,  1.06s/it]
Importance scoring:  75%|███████▌  | 3/4 [00:03<00:01,  1.16s/it]
Importance scoring: 100%|██████████| 4/4 [00:04<00:00,  1.19s/it]
Importance scoring: 100%|██████████| 4/4 [00:04<00:00,  1.14s/it]

Prefill:   0%|          | 0/16 [00:00<?, ?it/s]
Prefill:  12%|█▎        | 2/16 [00:00<00:01, 13.59it/s]
Prefill:  25%|██▌       | 4/16 [00:00<00:01, 10.57it/s]
Prefill:  38%|███▊      | 6/16 [00:00<00:01,  9.54it/s]
Prefill:  44%|████▍     | 7/16 [00:00<00:00,  9.13it/s]
Prefill:  50%|█████     | 8/16 [00:00<00:00,  8.65it/s]
Prefill:  56%|█████▋    | 9/16 [00:01<00:00,  8.09it/s]
Prefill:  62%|██████▎   | 10/16 [00:01<00:00,  7.72it/s]
Prefill:  69%|██████▉   | 11/16 [00:01<00:00,  7.40it/s]
Prefill:  75%|███████▌  | 12/16 [00:01<00:00,  7.27it/s]
Prefill:  81%|████████▏ | 13/16 [00:01<00:00,  7.18it/s]
Prefill:  88%|████████▊ | 14/16 [00:01<00:00,  7.07it/s]
Prefill:  94%|█████████▍| 15/16 [00:01<00:00,  6.84it/s]
Prefill: 100%|██████████| 16/16 [00:02<00:00,  6.86it/s]
Prefill: 100%|██████████| 16/16 [00:02<00:00,  7.88it/s]

Importance scoring:   0%|          | 0/4 [00:00<?, ?it/s]
Importance scoring:  25%|██▌       | 1/4 [00:00<00:02,  1.35it/s]
Importance scoring:  50%|█████     | 2/4 [00:02<00:02,  1.06s/it]
Importance scoring:  75%|███████▌  | 3/4 [00:03<00:01,  1.16s/it]
Importance scoring: 100%|██████████| 4/4 [00:04<00:00,  1.19s/it]
Importance scoring: 100%|██████████| 4/4 [00:04<00:00,  1.14s/it]

Prefill:   0%|          | 0/16 [00:00<?, ?it/s]
Prefill:  12%|█▎        | 2/16 [00:00<00:01, 13.65it/s]
Prefill:  25%|██▌       | 4/16 [00:00<00:01, 10.60it/s]
Prefill:  38%|███▊      | 6/16 [00:00<00:01,  9.55it/s]
Prefill:  44%|████▍     | 7/16 [00:00<00:00,  9.15it/s]
Prefill:  50%|█████     | 8/16 [00:00<00:00,  8.67it/s]
Prefill:  56%|█████▋    | 9/16 [00:00<00:00,  8.13it/s]
Prefill:  62%|██████▎   | 10/16 [00:01<00:00,  7.70it/s]
Prefill:  69%|██████▉   | 11/16 [00:01<00:00,  7.40it/s]
Prefill:  75%|███████▌  | 12/16 [00:01<00:00,  7.28it/s]
Prefill:  81%|████████▏ | 13/16 [00:01<00:00,  7.18it/s]
Prefill:  88%|████████▊ | 14/16 [00:01<00:00,  7.04it/s]
Prefill:  94%|█████████▍| 15/16 [00:01<00:00,  6.79it/s]
Prefill: 100%|██████████| 16/16 [00:02<00:00,  6.79it/s]
Prefill: 100%|██████████| 16/16 [00:02<00:00,  7.86it/s]

Importance scoring:   0%|          | 0/4 [00:00<?, ?it/s]
Importance scoring:  25%|██▌       | 1/4 [00:00<00:02,  1.35it/s]
Importance scoring:  50%|█████     | 2/4 [00:02<00:02,  1.06s/it]
Importance scoring:  75%|███████▌  | 3/4 [00:03<00:01,  1.16s/it]
Importance scoring: 100%|██████████| 4/4 [00:04<00:00,  1.19s/it]
Importance scoring: 100%|██████████| 4/4 [00:04<00:00,  1.14s/it]

Prefill:   0%|          | 0/16 [00:00<?, ?it/s]
Prefill:  12%|█▎        | 2/16 [00:00<00:01, 13.56it/s]
Prefill:  25%|██▌       | 4/16 [00:00<00:01, 10.57it/s]
Prefill:  38%|███▊      | 6/16 [00:00<00:01,  9.49it/s]
Prefill:  44%|████▍     | 7/16 [00:00<00:00,  9.12it/s]
Prefill:  50%|█████     | 8/16 [00:00<00:00,  8.63it/s]
Prefill:  56%|█████▋    | 9/16 [00:01<00:00,  8.07it/s]
Prefill:  62%|██████▎   | 10/16 [00:01<00:00,  7.69it/s]
Prefill:  69%|██████▉   | 11/16 [00:01<00:00,  7.37it/s]
Prefill:  75%|███████▌  | 12/16 [00:01<00:00,  7.27it/s]
Prefill:  81%|████████▏ | 13/16 [00:01<00:00,  7.18it/s]
Prefill:  88%|████████▊ | 14/16 [00:01<00:00,  7.04it/s]
Prefill:  94%|█████████▍| 15/16 [00:01<00:00,  6.78it/s]
Prefill: 100%|██████████| 16/16 [00:02<00:00,  6.80it/s]
Prefill: 100%|██████████| 16/16 [00:02<00:00,  7.84it/s]

Importance scoring:   0%|          | 0/4 [00:00<?, ?it/s]
Importance scoring:  25%|██▌       | 1/4 [00:00<00:02,  1.35it/s]
Importance scoring:  50%|█████     | 2/4 [00:02<00:02,  1.06s/it]
Importance scoring:  75%|███████▌  | 3/4 [00:03<00:01,  1.16s/it]
Importance scoring: 100%|██████████| 4/4 [00:04<00:00,  1.19s/it]
Importance scoring: 100%|██████████| 4/4 [00:04<00:00,  1.14s/it]

Prefill:   0%|          | 0/16 [00:00<?, ?it/s]
Prefill:  12%|█▎        | 2/16 [00:00<00:01, 13.61it/s]
Prefill:  25%|██▌       | 4/16 [00:00<00:01, 10.55it/s]
Prefill:  38%|███▊      | 6/16 [00:00<00:01,  9.55it/s]
Prefill:  44%|████▍     | 7/16 [00:00<00:00,  9.14it/s]
Prefill:  50%|█████     | 8/16 [00:00<00:00,  8.70it/s]
Prefill:  56%|█████▋    | 9/16 [00:00<00:00,  8.12it/s]
Prefill:  62%|██████▎   | 10/16 [00:01<00:00,  7.75it/s]
Prefill:  69%|██████▉   | 11/16 [00:01<00:00,  7.43it/s]
Prefill:  75%|███████▌  | 12/16 [00:01<00:00,  7.26it/s]
Prefill:  81%|████████▏ | 13/16 [00:01<00:00,  7.14it/s]
Prefill:  88%|████████▊ | 14/16 [00:01<00:00,  7.00it/s]
Prefill:  94%|█████████▍| 15/16 [00:01<00:00,  6.77it/s]
Prefill: 100%|██████████| 16/16 [00:02<00:00,  6.80it/s]
Prefill: 100%|██████████| 16/16 [00:02<00:00,  7.85it/s]

Importance scoring:   0%|          | 0/4 [00:00<?, ?it/s]
Importance scoring:  25%|██▌       | 1/4 [00:00<00:02,  1.35it/s]
Importance scoring:  50%|█████     | 2/4 [00:02<00:02,  1.06s/it]
Importance scoring:  75%|███████▌  | 3/4 [00:03<00:01,  1.16s/it]
Importance scoring: 100%|██████████| 4/4 [00:04<00:00,  1.19s/it]
Importance scoring: 100%|██████████| 4/4 [00:04<00:00,  1.14s/it]

Prefill:   0%|          | 0/16 [00:00<?, ?it/s]
Prefill:  12%|█▎        | 2/16 [00:00<00:01, 13.65it/s]
Prefill:  25%|██▌       | 4/16 [00:00<00:01, 10.63it/s]
Prefill:  38%|███▊      | 6/16 [00:00<00:01,  9.56it/s]
Prefill:  44%|████▍     | 7/16 [00:00<00:00,  9.16it/s]
Prefill:  50%|█████     | 8/16 [00:00<00:00,  8.72it/s]
Prefill:  56%|█████▋    | 9/16 [00:00<00:00,  8.15it/s]
Prefill:  62%|██████▎   | 10/16 [00:01<00:00,  7.72it/s]
Prefill:  69%|██████▉   | 11/16 [00:01<00:00,  7.36it/s]
Prefill:  75%|███████▌  | 12/16 [00:01<00:00,  7.23it/s]
Prefill:  81%|████████▏ | 13/16 [00:01<00:00,  7.12it/s]
Prefill:  88%|████████▊ | 14/16 [00:01<00:00,  7.00it/s]
Prefill:  94%|█████████▍| 15/16 [00:01<00:00,  6.78it/s]
Prefill: 100%|██████████| 16/16 [00:02<00:00,  6.83it/s]
Prefill: 100%|██████████| 16/16 [00:02<00:00,  7.86it/s]

Importance scoring:   0%|          | 0/4 [00:00<?, ?it/s]
Importance scoring:  25%|██▌       | 1/4 [00:00<00:02,  1.36it/s]
Importance scoring:  50%|█████     | 2/4 [00:02<00:02,  1.06s/it]
Importance scoring:  75%|███████▌  | 3/4 [00:03<00:01,  1.16s/it]
Importance scoring: 100%|██████████| 4/4 [00:04<00:00,  1.19s/it]
Importance scoring: 100%|██████████| 4/4 [00:04<00:00,  1.14s/it]

Prefill:   0%|          | 0/16 [00:00<?, ?it/s]
Prefill:  12%|█▎        | 2/16 [00:00<00:01, 13.69it/s]
Prefill:  25%|██▌       | 4/16 [00:00<00:01, 10.54it/s]
Prefill:  38%|███▊      | 6/16 [00:00<00:01,  9.48it/s]
Prefill:  44%|████▍     | 7/16 [00:00<00:00,  9.08it/s]
Prefill:  50%|█████     | 8/16 [00:00<00:00,  8.60it/s]
Prefill:  56%|█████▋    | 9/16 [00:01<00:00,  8.08it/s]
Prefill:  62%|██████▎   | 10/16 [00:01<00:00,  7.67it/s]
Prefill:  69%|██████▉   | 11/16 [00:01<00:00,  7.41it/s]
Prefill:  75%|███████▌  | 12/16 [00:01<00:00,  7.27it/s]
Prefill:  81%|████████▏ | 13/16 [00:01<00:00,  7.14it/s]
Prefill:  88%|████████▊ | 14/16 [00:01<00:00,  6.96it/s]
Prefill:  94%|█████████▍| 15/16 [00:01<00:00,  6.69it/s]
Prefill: 100%|██████████| 16/16 [00:02<00:00,  6.75it/s]
Prefill: 100%|██████████| 16/16 [00:02<00:00,  7.81it/s]

Importance scoring:   0%|          | 0/4 [00:00<?, ?it/s]
Importance scoring:  25%|██▌       | 1/4 [00:00<00:02,  1.36it/s]
Importance scoring:  50%|█████     | 2/4 [00:02<00:02,  1.06s/it]
Importance scoring:  75%|███████▌  | 3/4 [00:03<00:01,  1.16s/it]
Importance scoring: 100%|██████████| 4/4 [00:04<00:00,  1.19s/it]
Importance scoring: 100%|██████████| 4/4 [00:04<00:00,  1.13s/it]

Prefill:   0%|          | 0/16 [00:00<?, ?it/s]
Prefill:  12%|█▎        | 2/16 [00:00<00:01, 13.45it/s]
Prefill:  25%|██▌       | 4/16 [00:00<00:01, 10.42it/s]
Prefill:  38%|███▊      | 6/16 [00:00<00:01,  9.40it/s]
Prefill:  44%|████▍     | 7/16 [00:00<00:00,  9.03it/s]
Prefill:  50%|█████     | 8/16 [00:00<00:00,  8.56it/s]
Prefill:  56%|█████▋    | 9/16 [00:01<00:00,  8.01it/s]
Prefill:  62%|██████▎   | 10/16 [00:01<00:00,  7.61it/s]
Prefill:  69%|██████▉   | 11/16 [00:01<00:00,  7.30it/s]
Prefill:  75%|███████▌  | 12/16 [00:01<00:00,  7.19it/s]
Prefill:  81%|████████▏ | 13/16 [00:01<00:00,  7.09it/s]
Prefill:  88%|████████▊ | 14/16 [00:01<00:00,  6.95it/s]
Prefill:  94%|█████████▍| 15/16 [00:01<00:00,  6.69it/s]
Prefill: 100%|██████████| 16/16 [00:02<00:00,  6.70it/s]
Prefill: 100%|██████████| 16/16 [00:02<00:00,  7.75it/s]

Importance scoring:   0%|          | 0/4 [00:00<?, ?it/s]
Importance scoring:  25%|██▌       | 1/4 [00:00<00:02,  1.35it/s]
Importance scoring:  50%|█████     | 2/4 [00:02<00:02,  1.06s/it]
Importance scoring:  75%|███████▌  | 3/4 [00:03<00:01,  1.17s/it]
Importance scoring: 100%|██████████| 4/4 [00:04<00:00,  1.20s/it]
Importance scoring: 100%|██████████| 4/4 [00:04<00:00,  1.14s/it]

Prefill:   0%|          | 0/16 [00:00<?, ?it/s]
Prefill:  12%|█▎        | 2/16 [00:00<00:01, 13.63it/s]
Prefill:  25%|██▌       | 4/16 [00:00<00:01, 10.50it/s]
Prefill:  38%|███▊      | 6/16 [00:00<00:01,  9.42it/s]
Prefill:  44%|████▍     | 7/16 [00:00<00:00,  9.02it/s]
Prefill:  50%|█████     | 8/16 [00:00<00:00,  8.51it/s]
Prefill:  56%|█████▋    | 9/16 [00:01<00:00,  8.00it/s]
Prefill:  62%|██████▎   | 10/16 [00:01<00:00,  7.59it/s]
Prefill:  69%|██████▉   | 11/16 [00:01<00:00,  7.30it/s]
Prefill:  75%|███████▌  | 12/16 [00:01<00:00,  7.18it/s]
Prefill:  81%|████████▏ | 13/16 [00:01<00:00,  7.09it/s]
Prefill:  88%|████████▊ | 14/16 [00:01<00:00,  6.95it/s]
Prefill:  94%|█████████▍| 15/16 [00:01<00:00,  6.69it/s]
Prefill: 100%|██████████| 16/16 [00:02<00:00,  6.73it/s]
Prefill: 100%|██████████| 16/16 [00:02<00:00,  7.76it/s]

Importance scoring:   0%|          | 0/4 [00:00<?, ?it/s]
Importance scoring:  25%|██▌       | 1/4 [00:00<00:02,  1.35it/s]
Importance scoring:  50%|█████     | 2/4 [00:02<00:02,  1.06s/it]
Importance scoring:  75%|███████▌  | 3/4 [00:03<00:01,  1.16s/it]
Importance scoring: 100%|██████████| 4/4 [00:04<00:00,  1.20s/it]
Importance scoring: 100%|██████████| 4/4 [00:04<00:00,  1.14s/it]

Prefill:   0%|          | 0/16 [00:00<?, ?it/s]
Prefill:  12%|█▎        | 2/16 [00:00<00:01, 13.54it/s]
Prefill:  25%|██▌       | 4/16 [00:00<00:01, 10.45it/s]
Prefill:  38%|███▊      | 6/16 [00:00<00:01,  9.40it/s]
Prefill:  44%|████▍     | 7/16 [00:00<00:00,  9.01it/s]
Prefill:  50%|█████     | 8/16 [00:00<00:00,  8.52it/s]
Prefill:  56%|█████▋    | 9/16 [00:01<00:00,  7.97it/s]
Prefill:  62%|██████▎   | 10/16 [00:01<00:00,  7.57it/s]
Prefill:  69%|██████▉   | 11/16 [00:01<00:00,  7.29it/s]
Prefill:  75%|███████▌  | 12/16 [00:01<00:00,  7.19it/s]
Prefill:  81%|████████▏ | 13/16 [00:01<00:00,  7.11it/s]
Prefill:  88%|████████▊ | 14/16 [00:01<00:00,  6.94it/s]
Prefill:  94%|█████████▍| 15/16 [00:01<00:00,  6.67it/s]
Prefill: 100%|██████████| 16/16 [00:02<00:00,  6.70it/s]
Prefill: 100%|██████████| 16/16 [00:02<00:00,  7.74it/s]

Importance scoring:   0%|          | 0/4 [00:00<?, ?it/s]
Importance scoring:  25%|██▌       | 1/4 [00:00<00:02,  1.35it/s]
Importance scoring:  50%|█████     | 2/4 [00:02<00:02,  1.06s/it]
Importance scoring:  75%|███████▌  | 3/4 [00:03<00:01,  1.17s/it]
Importance scoring: 100%|██████████| 4/4 [00:04<00:00,  1.20s/it]
Importance scoring: 100%|██████████| 4/4 [00:04<00:00,  1.14s/it]

Prefill:   0%|          | 0/16 [00:00<?, ?it/s]
Prefill:  12%|█▎        | 2/16 [00:00<00:01, 13.42it/s]
Prefill:  25%|██▌       | 4/16 [00:00<00:01, 10.41it/s]
Prefill:  38%|███▊      | 6/16 [00:00<00:01,  9.37it/s]
Prefill:  44%|████▍     | 7/16 [00:00<00:01,  8.98it/s]
Prefill:  50%|█████     | 8/16 [00:00<00:00,  8.50it/s]
Prefill:  56%|█████▋    | 9/16 [00:01<00:00,  7.96it/s]
Prefill:  62%|██████▎   | 10/16 [00:01<00:00,  7.56it/s]
Prefill:  69%|██████▉   | 11/16 [00:01<00:00,  7.28it/s]
Prefill:  75%|███████▌  | 12/16 [00:01<00:00,  7.17it/s]
Prefill:  81%|████████▏ | 13/16 [00:01<00:00,  7.07it/s]
Prefill:  88%|████████▊ | 14/16 [00:01<00:00,  6.88it/s]
Prefill:  94%|█████████▍| 15/16 [00:01<00:00,  6.63it/s]
Prefill: 100%|██████████| 16/16 [00:02<00:00,  6.66it/s]
Prefill: 100%|██████████| 16/16 [00:02<00:00,  7.71it/s]

Importance scoring:   0%|          | 0/4 [00:00<?, ?it/s]
Importance scoring:  25%|██▌       | 1/4 [00:00<00:02,  1.34it/s]
Importance scoring:  50%|█████     | 2/4 [00:02<00:02,  1.06s/it]
Importance scoring:  75%|███████▌  | 3/4 [00:03<00:01,  1.17s/it]
Importance scoring: 100%|██████████| 4/4 [00:04<00:00,  1.20s/it]
Importance scoring: 100%|██████████| 4/4 [00:04<00:00,  1.14s/it]

Prefill:   0%|          | 0/16 [00:00<?, ?it/s]
Prefill:  12%|█▎        | 2/16 [00:00<00:01, 13.44it/s]
Prefill:  25%|██▌       | 4/16 [00:00<00:01, 10.45it/s]
Prefill:  38%|███▊      | 6/16 [00:00<00:01,  9.40it/s]
Prefill:  44%|████▍     | 7/16 [00:00<00:00,  9.02it/s]
Prefill:  50%|█████     | 8/16 [00:00<00:00,  8.54it/s]
Prefill:  56%|█████▋    | 9/16 [00:01<00:00,  7.99it/s]
Prefill:  62%|██████▎   | 10/16 [00:01<00:00,  7.59it/s]
Prefill:  69%|██████▉   | 11/16 [00:01<00:00,  7.31it/s]
Prefill:  75%|███████▌  | 12/16 [00:01<00:00,  7.21it/s]
Prefill:  81%|████████▏ | 13/16 [00:01<00:00,  7.07it/s]
Prefill:  88%|████████▊ | 14/16 [00:01<00:00,  6.96it/s]
Prefill:  94%|█████████▍| 15/16 [00:01<00:00,  6.70it/s]
Prefill: 100%|██████████| 16/16 [00:02<00:00,  6.73it/s]
Prefill: 100%|██████████| 16/16 [00:02<00:00,  7.76it/s]

Importance scoring:   0%|          | 0/4 [00:00<?, ?it/s]
Importance scoring:  25%|██▌       | 1/4 [00:00<00:02,  1.35it/s]
Importance scoring:  50%|█████     | 2/4 [00:02<00:02,  1.06s/it]
Importance scoring:  75%|███████▌  | 3/4 [00:03<00:01,  1.16s/it]
Importance scoring: 100%|██████████| 4/4 [00:04<00:00,  1.20s/it]
Importance scoring: 100%|██████████| 4/4 [00:04<00:00,  1.14s/it]

Prefill:   0%|          | 0/16 [00:00<?, ?it/s]
Prefill:  12%|█▎        | 2/16 [00:00<00:01, 13.70it/s]
Prefill:  25%|██▌       | 4/16 [00:00<00:01, 10.63it/s]
Prefill:  38%|███▊      | 6/16 [00:00<00:01,  9.60it/s]
Prefill:  44%|████▍     | 7/16 [00:00<00:00,  9.19it/s]
Prefill:  50%|█████     | 8/16 [00:00<00:00,  8.73it/s]
Prefill:  56%|█████▋    | 9/16 [00:00<00:00,  8.15it/s]
Prefill:  62%|██████▎   | 10/16 [00:01<00:00,  7.71it/s]
Prefill:  69%|██████▉   | 11/16 [00:01<00:00,  7.43it/s]
Prefill:  75%|███████▌  | 12/16 [00:01<00:00,  7.28it/s]
Prefill:  81%|████████▏ | 13/16 [00:01<00:00,  7.16it/s]
Prefill:  88%|████████▊ | 14/16 [00:01<00:00,  7.04it/s]
Prefill:  94%|█████████▍| 15/16 [00:01<00:00,  6.80it/s]
Prefill: 100%|██████████| 16/16 [00:02<00:00,  6.85it/s]
Prefill: 100%|██████████| 16/16 [00:02<00:00,  7.89it/s]

Importance scoring:   0%|          | 0/4 [00:00<?, ?it/s]
Importance scoring:  25%|██▌       | 1/4 [00:00<00:02,  1.36it/s]
Importance scoring:  50%|█████     | 2/4 [00:02<00:02,  1.06s/it]
Importance scoring:  75%|███████▌  | 3/4 [00:03<00:01,  1.16s/it]
Importance scoring: 100%|██████████| 4/4 [00:04<00:00,  1.19s/it]
Importance scoring: 100%|██████████| 4/4 [00:04<00:00,  1.13s/it]

Prefill:   0%|          | 0/16 [00:00<?, ?it/s]
Prefill:  12%|█▎        | 2/16 [00:00<00:01, 13.46it/s]
Prefill:  25%|██▌       | 4/16 [00:00<00:01, 10.47it/s]
Prefill:  38%|███▊      | 6/16 [00:00<00:01,  9.44it/s]
Prefill:  44%|████▍     | 7/16 [00:00<00:00,  9.05it/s]
Prefill:  50%|█████     | 8/16 [00:00<00:00,  8.60it/s]
Prefill:  56%|█████▋    | 9/16 [00:01<00:00,  8.07it/s]
Prefill:  62%|██████▎   | 10/16 [00:01<00:00,  7.64it/s]
Prefill:  69%|██████▉   | 11/16 [00:01<00:00,  7.34it/s]
Prefill:  75%|███████▌  | 12/16 [00:01<00:00,  7.22it/s]
Prefill:  81%|████████▏ | 13/16 [00:01<00:00,  7.09it/s]
Prefill:  88%|████████▊ | 14/16 [00:01<00:00,  6.95it/s]
Prefill:  94%|█████████▍| 15/16 [00:01<00:00,  6.69it/s]
Prefill: 100%|██████████| 16/16 [00:02<00:00,  6.73it/s]
Prefill: 100%|██████████| 16/16 [00:02<00:00,  7.78it/s]

Importance scoring:   0%|          | 0/4 [00:00<?, ?it/s]
Importance scoring:  25%|██▌       | 1/4 [00:00<00:02,  1.35it/s]
Importance scoring:  50%|█████     | 2/4 [00:02<00:02,  1.06s/it]
Importance scoring:  75%|███████▌  | 3/4 [00:03<00:01,  1.16s/it]
Importance scoring: 100%|██████████| 4/4 [00:04<00:00,  1.20s/it]
Importance scoring: 100%|██████████| 4/4 [00:04<00:00,  1.14s/it]

Prefill:   0%|          | 0/16 [00:00<?, ?it/s]
Prefill:  12%|█▎        | 2/16 [00:00<00:01, 13.41it/s]
Prefill:  25%|██▌       | 4/16 [00:00<00:01, 10.49it/s]
Prefill:  38%|███▊      | 6/16 [00:00<00:01,  9.41it/s]
Prefill:  44%|████▍     | 7/16 [00:00<00:00,  9.04it/s]
Prefill:  50%|█████     | 8/16 [00:00<00:00,  8.53it/s]
Prefill:  56%|█████▋    | 9/16 [00:01<00:00,  8.00it/s]
Prefill:  62%|██████▎   | 10/16 [00:01<00:00,  7.56it/s]
Prefill:  69%|██████▉   | 11/16 [00:01<00:00,  7.29it/s]
Prefill:  75%|███████▌  | 12/16 [00:01<00:00,  7.16it/s]
Prefill:  81%|████████▏ | 13/16 [00:01<00:00,  7.09it/s]
Prefill:  88%|████████▊ | 14/16 [00:01<00:00,  6.96it/s]
Prefill:  94%|█████████▍| 15/16 [00:01<00:00,  6.67it/s]
Prefill: 100%|██████████| 16/16 [00:02<00:00,  6.71it/s]
Prefill: 100%|██████████| 16/16 [00:02<00:00,  7.75it/s]

Importance scoring:   0%|          | 0/4 [00:00<?, ?it/s]
Importance scoring:  25%|██▌       | 1/4 [00:00<00:02,  1.35it/s]
Importance scoring:  50%|█████     | 2/4 [00:02<00:02,  1.06s/it]
Importance scoring:  75%|███████▌  | 3/4 [00:03<00:01,  1.17s/it]
Importance scoring: 100%|██████████| 4/4 [00:04<00:00,  1.20s/it]
Importance scoring: 100%|██████████| 4/4 [00:04<00:00,  1.14s/it]

Prefill:   0%|          | 0/16 [00:00<?, ?it/s]
Prefill:  12%|█▎        | 2/16 [00:00<00:01, 13.59it/s]
Prefill:  25%|██▌       | 4/16 [00:00<00:01, 10.48it/s]
Prefill:  38%|███▊      | 6/16 [00:00<00:01,  9.39it/s]
Prefill:  44%|████▍     | 7/16 [00:00<00:00,  9.01it/s]
Prefill:  50%|█████     | 8/16 [00:00<00:00,  8.51it/s]
Prefill:  56%|█████▋    | 9/16 [00:01<00:00,  7.98it/s]
Prefill:  62%|██████▎   | 10/16 [00:01<00:00,  7.54it/s]
Prefill:  69%|██████▉   | 11/16 [00:01<00:00,  7.31it/s]
Prefill:  75%|███████▌  | 12/16 [00:01<00:00,  7.19it/s]
Prefill:  81%|████████▏ | 13/16 [00:01<00:00,  7.10it/s]
Prefill:  88%|████████▊ | 14/16 [00:01<00:00,  6.92it/s]
Prefill:  94%|█████████▍| 15/16 [00:01<00:00,  6.64it/s]
Prefill: 100%|██████████| 16/16 [00:02<00:00,  6.67it/s]
Prefill: 100%|██████████| 16/16 [00:02<00:00,  7.73it/s]

Importance scoring:   0%|          | 0/4 [00:00<?, ?it/s]
Importance scoring:  25%|██▌       | 1/4 [00:00<00:02,  1.35it/s]
Importance scoring:  50%|█████     | 2/4 [00:02<00:02,  1.06s/it]
Importance scoring:  75%|███████▌  | 3/4 [00:03<00:01,  1.16s/it]
Importance scoring: 100%|██████████| 4/4 [00:04<00:00,  1.20s/it]
Importance scoring: 100%|██████████| 4/4 [00:04<00:00,  1.14s/it]

Prefill:   0%|          | 0/16 [00:00<?, ?it/s]
Prefill:  12%|█▎        | 2/16 [00:00<00:01, 13.44it/s]
Prefill:  25%|██▌       | 4/16 [00:00<00:01, 10.46it/s]
Prefill:  38%|███▊      | 6/16 [00:00<00:01,  9.40it/s]
Prefill:  44%|████▍     | 7/16 [00:00<00:00,  9.04it/s]
Prefill:  50%|█████     | 8/16 [00:00<00:00,  8.53it/s]
Prefill:  56%|█████▋    | 9/16 [00:01<00:00,  8.01it/s]
Prefill:  62%|██████▎   | 10/16 [00:01<00:00,  7.59it/s]
Prefill:  69%|██████▉   | 11/16 [00:01<00:00,  7.30it/s]
Prefill:  75%|███████▌  | 12/16 [00:01<00:00,  7.20it/s]
Prefill:  81%|████████▏ | 13/16 [00:01<00:00,  7.09it/s]
Prefill:  88%|████████▊ | 14/16 [00:01<00:00,  6.96it/s]
Prefill:  94%|█████████▍| 15/16 [00:01<00:00,  6.67it/s]
Prefill: 100%|██████████| 16/16 [00:02<00:00,  6.71it/s]
Prefill: 100%|██████████| 16/16 [00:02<00:00,  7.75it/s]

Importance scoring:   0%|          | 0/4 [00:00<?, ?it/s]
Importance scoring:  25%|██▌       | 1/4 [00:00<00:02,  1.35it/s]
Importance scoring:  50%|█████     | 2/4 [00:02<00:02,  1.06s/it]
Importance scoring:  75%|███████▌  | 3/4 [00:03<00:01,  1.17s/it]
Importance scoring: 100%|██████████| 4/4 [00:04<00:00,  1.20s/it]
Importance scoring: 100%|██████████| 4/4 [00:04<00:00,  1.14s/it]

Prefill:   0%|          | 0/16 [00:00<?, ?it/s]
Prefill:  12%|█▎        | 2/16 [00:00<00:01, 13.46it/s]
Prefill:  25%|██▌       | 4/16 [00:00<00:01, 10.47it/s]
Prefill:  38%|███▊      | 6/16 [00:00<00:01,  9.45it/s]
Prefill:  44%|████▍     | 7/16 [00:00<00:00,  9.07it/s]
Prefill:  50%|█████     | 8/16 [00:00<00:00,  8.59it/s]
Prefill:  56%|█████▋    | 9/16 [00:01<00:00,  8.05it/s]
Prefill:  62%|██████▎   | 10/16 [00:01<00:00,  7.60it/s]
Prefill:  69%|██████▉   | 11/16 [00:01<00:00,  7.34it/s]
Prefill:  75%|███████▌  | 12/16 [00:01<00:00,  7.16it/s]
Prefill:  81%|████████▏ | 13/16 [00:01<00:00,  7.08it/s]
Prefill:  88%|████████▊ | 14/16 [00:01<00:00,  6.96it/s]
Prefill:  94%|█████████▍| 15/16 [00:01<00:00,  6.66it/s]
Prefill: 100%|██████████| 16/16 [00:02<00:00,  6.71it/s]
Prefill: 100%|██████████| 16/16 [00:02<00:00,  7.76it/s]

Importance scoring:   0%|          | 0/4 [00:00<?, ?it/s]
Importance scoring:  25%|██▌       | 1/4 [00:00<00:02,  1.34it/s]
Importance scoring:  50%|█████     | 2/4 [00:02<00:02,  1.06s/it]
Importance scoring:  75%|███████▌  | 3/4 [00:03<00:01,  1.16s/it]
Importance scoring: 100%|██████████| 4/4 [00:04<00:00,  1.20s/it]
Importance scoring: 100%|██████████| 4/4 [00:04<00:00,  1.14s/it]

Prefill:   0%|          | 0/16 [00:00<?, ?it/s]
Prefill:  12%|█▎        | 2/16 [00:00<00:01, 13.64it/s]
Prefill:  25%|██▌       | 4/16 [00:00<00:01, 10.47it/s]
Prefill:  38%|███▊      | 6/16 [00:00<00:01,  9.42it/s]
Prefill:  44%|████▍     | 7/16 [00:00<00:00,  9.02it/s]
Prefill:  50%|█████     | 8/16 [00:00<00:00,  8.52it/s]
Prefill:  56%|█████▋    | 9/16 [00:01<00:00,  8.00it/s]
Prefill:  62%|██████▎   | 10/16 [00:01<00:00,  7.55it/s]
Prefill:  69%|██████▉   | 11/16 [00:01<00:00,  7.34it/s]
Prefill:  75%|███████▌  | 12/16 [00:01<00:00,  7.21it/s]
Prefill:  81%|████████▏ | 13/16 [00:01<00:00,  7.10it/s]
Prefill:  88%|████████▊ | 14/16 [00:01<00:00,  6.95it/s]
Prefill:  94%|█████████▍| 15/16 [00:01<00:00,  6.67it/s]
Prefill: 100%|██████████| 16/16 [00:02<00:00,  6.68it/s]
Prefill: 100%|██████████| 16/16 [00:02<00:00,  7.75it/s]

Importance scoring:   0%|          | 0/4 [00:00<?, ?it/s]
Importance scoring:  25%|██▌       | 1/4 [00:00<00:02,  1.35it/s]
Importance scoring:  50%|█████     | 2/4 [00:02<00:02,  1.06s/it]
Importance scoring:  75%|███████▌  | 3/4 [00:03<00:01,  1.17s/it]
Importance scoring: 100%|██████████| 4/4 [00:04<00:00,  1.20s/it]
Importance scoring: 100%|██████████| 4/4 [00:04<00:00,  1.14s/it]

Prefill:   0%|          | 0/16 [00:00<?, ?it/s]
Prefill:  12%|█▎        | 2/16 [00:00<00:01, 13.56it/s]
Prefill:  25%|██▌       | 4/16 [00:00<00:01, 10.48it/s]
Prefill:  38%|███▊      | 6/16 [00:00<00:01,  9.40it/s]
Prefill:  44%|████▍     | 7/16 [00:00<00:00,  9.02it/s]
Prefill:  50%|█████     | 8/16 [00:00<00:00,  8.54it/s]
Prefill:  56%|█████▋    | 9/16 [00:01<00:00,  8.02it/s]
Prefill:  62%|██████▎   | 10/16 [00:01<00:00,  7.59it/s]
Prefill:  69%|██████▉   | 11/16 [00:01<00:00,  7.29it/s]
Prefill:  75%|███████▌  | 12/16 [00:01<00:00,  7.19it/s]
Prefill:  81%|████████▏ | 13/16 [00:01<00:00,  7.11it/s]
Prefill:  88%|████████▊ | 14/16 [00:01<00:00,  6.93it/s]
Prefill:  94%|█████████▍| 15/16 [00:01<00:00,  6.65it/s]
Prefill: 100%|██████████| 16/16 [00:02<00:00,  6.68it/s]
Prefill: 100%|██████████| 16/16 [00:02<00:00,  7.74it/s]

Importance scoring:   0%|          | 0/4 [00:00<?, ?it/s]
Importance scoring:  25%|██▌       | 1/4 [00:00<00:02,  1.35it/s]
Importance scoring:  50%|█████     | 2/4 [00:02<00:02,  1.06s/it]
Importance scoring:  75%|███████▌  | 3/4 [00:03<00:01,  1.16s/it]
Importance scoring: 100%|██████████| 4/4 [00:04<00:00,  1.20s/it]
Importance scoring: 100%|██████████| 4/4 [00:04<00:00,  1.14s/it]

Prefill:   0%|          | 0/16 [00:00<?, ?it/s]
Prefill:  12%|█▎        | 2/16 [00:00<00:01, 13.51it/s]
Prefill:  25%|██▌       | 4/16 [00:00<00:01, 10.43it/s]
Prefill:  38%|███▊      | 6/16 [00:00<00:01,  9.40it/s]
Prefill:  44%|████▍     | 7/16 [00:00<00:00,  9.01it/s]
Prefill:  50%|█████     | 8/16 [00:00<00:00,  8.52it/s]
Prefill:  56%|█████▋    | 9/16 [00:01<00:00,  8.02it/s]
Prefill:  62%|██████▎   | 10/16 [00:01<00:00,  7.57it/s]
Prefill:  69%|██████▉   | 11/16 [00:01<00:00,  7.32it/s]
Prefill:  75%|███████▌  | 12/16 [00:01<00:00,  7.15it/s]
Prefill:  81%|████████▏ | 13/16 [00:01<00:00,  7.06it/s]
Prefill:  88%|████████▊ | 14/16 [00:01<00:00,  6.90it/s]
Prefill:  94%|█████████▍| 15/16 [00:01<00:00,  6.64it/s]
Prefill: 100%|██████████| 16/16 [00:02<00:00,  6.67it/s]
Prefill: 100%|██████████| 16/16 [00:02<00:00,  7.72it/s]

Importance scoring:   0%|          | 0/4 [00:00<?, ?it/s]
Importance scoring:  25%|██▌       | 1/4 [00:00<00:02,  1.35it/s]
Importance scoring:  50%|█████     | 2/4 [00:02<00:02,  1.06s/it]
Importance scoring:  75%|███████▌  | 3/4 [00:03<00:01,  1.16s/it]
Importance scoring: 100%|██████████| 4/4 [00:04<00:00,  1.20s/it]
Importance scoring: 100%|██████████| 4/4 [00:04<00:00,  1.14s/it]

Prefill:   0%|          | 0/16 [00:00<?, ?it/s]
Prefill:  12%|█▎        | 2/16 [00:00<00:01, 13.50it/s]
Prefill:  25%|██▌       | 4/16 [00:00<00:01, 10.46it/s]
Prefill:  38%|███▊      | 6/16 [00:00<00:01,  9.47it/s]
Prefill:  44%|████▍     | 7/16 [00:00<00:00,  9.06it/s]
Prefill:  50%|█████     | 8/16 [00:00<00:00,  8.56it/s]
Prefill:  56%|█████▋    | 9/16 [00:01<00:00,  8.02it/s]
Prefill:  62%|██████▎   | 10/16 [00:01<00:00,  7.57it/s]
Prefill:  69%|██████▉   | 11/16 [00:01<00:00,  7.28it/s]
Prefill:  75%|███████▌  | 12/16 [00:01<00:00,  7.17it/s]
Prefill:  81%|████████▏ | 13/16 [00:01<00:00,  7.07it/s]
Prefill:  88%|████████▊ | 14/16 [00:01<00:00,  6.94it/s]
Prefill:  94%|█████████▍| 15/16 [00:01<00:00,  6.68it/s]
Prefill: 100%|██████████| 16/16 [00:02<00:00,  6.71it/s]
Prefill: 100%|██████████| 16/16 [00:02<00:00,  7.75it/s]

Importance scoring:   0%|          | 0/4 [00:00<?, ?it/s]
Importance scoring:  25%|██▌       | 1/4 [00:00<00:02,  1.35it/s]
Importance scoring:  50%|█████     | 2/4 [00:02<00:02,  1.06s/it]
Importance scoring:  75%|███████▌  | 3/4 [00:03<00:01,  1.17s/it]
Importance scoring: 100%|██████████| 4/4 [00:04<00:00,  1.20s/it]
Importance scoring: 100%|██████████| 4/4 [00:04<00:00,  1.14s/it]

Prefill:   0%|          | 0/16 [00:00<?, ?it/s]
Prefill:  12%|█▎        | 2/16 [00:00<00:01, 13.54it/s]
Prefill:  25%|██▌       | 4/16 [00:00<00:01, 10.39it/s]
Prefill:  38%|███▊      | 6/16 [00:00<00:01,  9.32it/s]
Prefill:  44%|████▍     | 7/16 [00:00<00:01,  8.93it/s]
Prefill:  50%|█████     | 8/16 [00:00<00:00,  8.47it/s]
Prefill:  56%|█████▋    | 9/16 [00:01<00:00,  7.93it/s]
Prefill:  62%|██████▎   | 10/16 [00:01<00:00,  7.51it/s]
Prefill:  69%|██████▉   | 11/16 [00:01<00:00,  7.23it/s]
Prefill:  75%|███████▌  | 12/16 [00:01<00:00,  7.11it/s]
Prefill:  81%|████████▏ | 13/16 [00:01<00:00,  7.05it/s]
Prefill:  88%|████████▊ | 14/16 [00:01<00:00,  6.87it/s]
Prefill:  94%|█████████▍| 15/16 [00:01<00:00,  6.58it/s]
Prefill: 100%|██████████| 16/16 [00:02<00:00,  6.61it/s]
Prefill: 100%|██████████| 16/16 [00:02<00:00,  7.67it/s]

Importance scoring:   0%|          | 0/4 [00:00<?, ?it/s]
Importance scoring:  25%|██▌       | 1/4 [00:00<00:02,  1.35it/s]
Importance scoring:  50%|█████     | 2/4 [00:02<00:02,  1.06s/it]
Importance scoring:  75%|███████▌  | 3/4 [00:03<00:01,  1.17s/it]
Importance scoring: 100%|██████████| 4/4 [00:04<00:00,  1.20s/it]
Importance scoring: 100%|██████████| 4/4 [00:04<00:00,  1.14s/it]

Prefill:   0%|          | 0/16 [00:00<?, ?it/s]
Prefill:  12%|█▎        | 2/16 [00:00<00:01, 13.61it/s]
Prefill:  25%|██▌       | 4/16 [00:00<00:01, 10.54it/s]
Prefill:  38%|███▊      | 6/16 [00:00<00:01,  9.49it/s]
Prefill:  44%|████▍     | 7/16 [00:00<00:00,  9.11it/s]
Prefill:  50%|█████     | 8/16 [00:00<00:00,  8.57it/s]
Prefill:  56%|█████▋    | 9/16 [00:01<00:00,  8.06it/s]
Prefill:  62%|██████▎   | 10/16 [00:01<00:00,  7.59it/s]
Prefill:  69%|██████▉   | 11/16 [00:01<00:00,  7.31it/s]
Prefill:  75%|███████▌  | 12/16 [00:01<00:00,  7.21it/s]
Prefill:  81%|████████▏ | 13/16 [00:01<00:00,  7.12it/s]
Prefill:  88%|████████▊ | 14/16 [00:01<00:00,  6.96it/s]
Prefill:  94%|█████████▍| 15/16 [00:01<00:00,  6.69it/s]
Prefill: 100%|██████████| 16/16 [00:02<00:00,  6.73it/s]
Prefill: 100%|██████████| 16/16 [00:02<00:00,  7.78it/s]

Importance scoring:   0%|          | 0/4 [00:00<?, ?it/s]
Importance scoring:  25%|██▌       | 1/4 [00:00<00:02,  1.35it/s]
Importance scoring:  50%|█████     | 2/4 [00:02<00:02,  1.06s/it]
Importance scoring:  75%|███████▌  | 3/4 [00:03<00:01,  1.16s/it]
Importance scoring: 100%|██████████| 4/4 [00:04<00:00,  1.20s/it]
Importance scoring: 100%|██████████| 4/4 [00:04<00:00,  1.14s/it]

Prefill:   0%|          | 0/16 [00:00<?, ?it/s]
Prefill:  12%|█▎        | 2/16 [00:00<00:01, 13.64it/s]
Prefill:  25%|██▌       | 4/16 [00:00<00:01, 10.54it/s]
Prefill:  38%|███▊      | 6/16 [00:00<00:01,  9.46it/s]
Prefill:  44%|████▍     | 7/16 [00:00<00:00,  9.06it/s]
Prefill:  50%|█████     | 8/16 [00:00<00:00,  8.59it/s]
Prefill:  56%|█████▋    | 9/16 [00:01<00:00,  8.04it/s]
Prefill:  62%|██████▎   | 10/16 [00:01<00:00,  7.61it/s]
Prefill:  69%|██████▉   | 11/16 [00:01<00:00,  7.31it/s]
Prefill:  75%|███████▌  | 12/16 [00:01<00:00,  7.23it/s]
Prefill:  81%|████████▏ | 13/16 [00:01<00:00,  7.12it/s]
Prefill:  88%|████████▊ | 14/16 [00:01<00:00,  6.95it/s]
Prefill:  94%|█████████▍| 15/16 [00:01<00:00,  6.68it/s]
Prefill: 100%|██████████| 16/16 [00:02<00:00,  6.73it/s]
Prefill: 100%|██████████| 16/16 [00:02<00:00,  7.78it/s]

Importance scoring:   0%|          | 0/4 [00:00<?, ?it/s]
Importance scoring:  25%|██▌       | 1/4 [00:00<00:02,  1.35it/s]
Importance scoring:  50%|█████     | 2/4 [00:02<00:02,  1.06s/it]
Importance scoring:  75%|███████▌  | 3/4 [00:03<00:01,  1.16s/it]
Importance scoring: 100%|██████████| 4/4 [00:04<00:00,  1.20s/it]
Importance scoring: 100%|██████████| 4/4 [00:04<00:00,  1.14s/it]

Prefill:   0%|          | 0/16 [00:00<?, ?it/s]
Prefill:  12%|█▎        | 2/16 [00:00<00:01, 13.34it/s]
Prefill:  25%|██▌       | 4/16 [00:00<00:01, 10.44it/s]
Prefill:  38%|███▊      | 6/16 [00:00<00:01,  9.46it/s]
Prefill:  44%|████▍     | 7/16 [00:00<00:00,  9.08it/s]
Prefill:  50%|█████     | 8/16 [00:00<00:00,  8.60it/s]
Prefill:  56%|█████▋    | 9/16 [00:01<00:00,  8.04it/s]
Prefill:  62%|██████▎   | 10/16 [00:01<00:00,  7.63it/s]
Prefill:  69%|██████▉   | 11/16 [00:01<00:00,  7.33it/s]
Prefill:  75%|███████▌  | 12/16 [00:01<00:00,  7.17it/s]
Prefill:  81%|████████▏ | 13/16 [00:01<00:00,  7.11it/s]
Prefill:  88%|████████▊ | 14/16 [00:01<00:00,  6.98it/s]
Prefill:  94%|█████████▍| 15/16 [00:01<00:00,  6.74it/s]
Prefill: 100%|██████████| 16/16 [00:02<00:00,  6.75it/s]
Prefill: 100%|██████████| 16/16 [00:02<00:00,  7.78it/s]

Importance scoring:   0%|          | 0/4 [00:00<?, ?it/s]
Importance scoring:  25%|██▌       | 1/4 [00:00<00:02,  1.35it/s]
Importance scoring:  50%|█████     | 2/4 [00:02<00:02,  1.06s/it]
Importance scoring:  75%|███████▌  | 3/4 [00:03<00:01,  1.17s/it]
Importance scoring: 100%|██████████| 4/4 [00:04<00:00,  1.20s/it]
Importance scoring: 100%|██████████| 4/4 [00:04<00:00,  1.14s/it]

Prefill:   0%|          | 0/16 [00:00<?, ?it/s]
Prefill:  12%|█▎        | 2/16 [00:00<00:01, 13.61it/s]
Prefill:  25%|██▌       | 4/16 [00:00<00:01, 10.51it/s]
Prefill:  38%|███▊      | 6/16 [00:00<00:01,  9.49it/s]
Prefill:  44%|████▍     | 7/16 [00:00<00:00,  9.07it/s]
Prefill:  50%|█████     | 8/16 [00:00<00:00,  8.60it/s]
Prefill:  56%|█████▋    | 9/16 [00:01<00:00,  8.01it/s]
Prefill:  62%|██████▎   | 10/16 [00:01<00:00,  7.60it/s]
Prefill:  69%|██████▉   | 11/16 [00:01<00:00,  7.31it/s]
Prefill:  75%|███████▌  | 12/16 [00:01<00:00,  7.18it/s]
Prefill:  81%|████████▏ | 13/16 [00:01<00:00,  7.08it/s]
Prefill:  88%|████████▊ | 14/16 [00:01<00:00,  6.96it/s]
Prefill:  94%|█████████▍| 15/16 [00:01<00:00,  6.67it/s]
Prefill: 100%|██████████| 16/16 [00:02<00:00,  6.71it/s]
Prefill: 100%|██████████| 16/16 [00:02<00:00,  7.76it/s]

Importance scoring:   0%|          | 0/4 [00:00<?, ?it/s]
Importance scoring:  25%|██▌       | 1/4 [00:00<00:02,  1.35it/s]
Importance scoring:  50%|█████     | 2/4 [00:02<00:02,  1.06s/it]
Importance scoring:  75%|███████▌  | 3/4 [00:03<00:01,  1.16s/it]
Importance scoring: 100%|██████████| 4/4 [00:04<00:00,  1.19s/it]
Importance scoring: 100%|██████████| 4/4 [00:04<00:00,  1.14s/it]

Prefill:   0%|          | 0/16 [00:00<?, ?it/s]
Prefill:  12%|█▎        | 2/16 [00:00<00:01, 13.51it/s]
Prefill:  25%|██▌       | 4/16 [00:00<00:01, 10.49it/s]
Prefill:  38%|███▊      | 6/16 [00:00<00:01,  9.43it/s]
Prefill:  44%|████▍     | 7/16 [00:00<00:00,  9.04it/s]
Prefill:  50%|█████     | 8/16 [00:00<00:00,  8.57it/s]
Prefill:  56%|█████▋    | 9/16 [00:01<00:00,  8.04it/s]
Prefill:  62%|██████▎   | 10/16 [00:01<00:00,  7.62it/s]
Prefill:  69%|██████▉   | 11/16 [00:01<00:00,  7.36it/s]
Prefill:  75%|███████▌  | 12/16 [00:01<00:00,  7.22it/s]
Prefill:  81%|████████▏ | 13/16 [00:01<00:00,  7.11it/s]
Prefill:  88%|████████▊ | 14/16 [00:01<00:00,  6.97it/s]
Prefill:  94%|█████████▍| 15/16 [00:01<00:00,  6.69it/s]
Prefill: 100%|██████████| 16/16 [00:02<00:00,  6.72it/s]
Prefill: 100%|██████████| 16/16 [00:02<00:00,  7.78it/s]

Importance scoring:   0%|          | 0/4 [00:00<?, ?it/s]
Importance scoring:  25%|██▌       | 1/4 [00:00<00:02,  1.35it/s]
Importance scoring:  50%|█████     | 2/4 [00:02<00:02,  1.06s/it]
Importance scoring:  75%|███████▌  | 3/4 [00:03<00:01,  1.16s/it]
Importance scoring: 100%|██████████| 4/4 [00:04<00:00,  1.20s/it]
Importance scoring: 100%|██████████| 4/4 [00:04<00:00,  1.14s/it]

Prefill:   0%|          | 0/16 [00:00<?, ?it/s]
Prefill:  12%|█▎        | 2/16 [00:00<00:01, 13.56it/s]
Prefill:  25%|██▌       | 4/16 [00:00<00:01, 10.49it/s]
Prefill:  38%|███▊      | 6/16 [00:00<00:01,  9.50it/s]
Prefill:  44%|████▍     | 7/16 [00:00<00:00,  9.06it/s]
Prefill:  50%|█████     | 8/16 [00:00<00:00,  8.53it/s]
Prefill:  56%|█████▋    | 9/16 [00:01<00:00,  7.96it/s]
Prefill:  62%|██████▎   | 10/16 [00:01<00:00,  7.51it/s]
Prefill:  69%|██████▉   | 11/16 [00:01<00:00,  7.19it/s]
Prefill:  75%|███████▌  | 12/16 [00:01<00:00,  7.08it/s]
Prefill:  81%|████████▏ | 13/16 [00:01<00:00,  6.97it/s]
Prefill:  88%|████████▊ | 14/16 [00:01<00:00,  6.81it/s]
Prefill:  94%|█████████▍| 15/16 [00:01<00:00,  6.56it/s]
Prefill: 100%|██████████| 16/16 [00:02<00:00,  6.62it/s]
Prefill: 100%|██████████| 16/16 [00:02<00:00,  7.68it/s]

Importance scoring:   0%|          | 0/4 [00:00<?, ?it/s]
Importance scoring:  25%|██▌       | 1/4 [00:00<00:02,  1.35it/s]
Importance scoring:  50%|█████     | 2/4 [00:02<00:02,  1.06s/it]
Importance scoring:  75%|███████▌  | 3/4 [00:03<00:01,  1.16s/it]
Importance scoring: 100%|██████████| 4/4 [00:04<00:00,  1.20s/it]
Importance scoring: 100%|██████████| 4/4 [00:04<00:00,  1.14s/it]

Prefill:   0%|          | 0/16 [00:00<?, ?it/s]
Prefill:  12%|█▎        | 2/16 [00:00<00:00, 14.10it/s]
Prefill:  25%|██▌       | 4/16 [00:00<00:01, 10.94it/s]
Prefill:  38%|███▊      | 6/16 [00:00<00:01,  9.80it/s]
Prefill:  50%|█████     | 8/16 [00:00<00:00,  9.09it/s]
Prefill:  56%|█████▋    | 9/16 [00:00<00:00,  8.57it/s]
Prefill:  62%|██████▎   | 10/16 [00:01<00:00,  8.11it/s]
Prefill:  69%|██████▉   | 11/16 [00:01<00:00,  7.77it/s]
Prefill:  75%|███████▌  | 12/16 [00:01<00:00,  7.57it/s]
Prefill:  81%|████████▏ | 13/16 [00:01<00:00,  7.43it/s]
Prefill:  88%|████████▊ | 14/16 [00:01<00:00,  7.28it/s]
Prefill:  94%|█████████▍| 15/16 [00:01<00:00,  7.08it/s]
Prefill: 100%|██████████| 16/16 [00:01<00:00,  7.11it/s]
Prefill: 100%|██████████| 16/16 [00:01<00:00,  8.11it/s]

Importance scoring:   0%|          | 0/4 [00:00<?, ?it/s]
Importance scoring:  25%|██▌       | 1/4 [00:00<00:02,  1.37it/s]
Importance scoring:  50%|█████     | 2/4 [00:01<00:02,  1.04s/it]
Importance scoring:  75%|███████▌  | 3/4 [00:03<00:01,  1.14s/it]
Importance scoring: 100%|██████████| 4/4 [00:04<00:00,  1.19s/it]
Importance scoring: 100%|██████████| 4/4 [00:04<00:00,  1.13s/it]

Prefill:   0%|          | 0/16 [00:00<?, ?it/s]
Prefill:  12%|█▎        | 2/16 [00:00<00:00, 14.23it/s]
Prefill:  25%|██▌       | 4/16 [00:00<00:01, 11.10it/s]
Prefill:  38%|███▊      | 6/16 [00:00<00:01,  9.98it/s]
Prefill:  50%|█████     | 8/16 [00:00<00:00,  9.25it/s]
Prefill:  56%|█████▋    | 9/16 [00:00<00:00,  8.71it/s]
Prefill:  62%|██████▎   | 10/16 [00:01<00:00,  8.28it/s]
Prefill:  69%|██████▉   | 11/16 [00:01<00:00,  7.87it/s]
Prefill:  75%|███████▌  | 12/16 [00:01<00:00,  7.67it/s]
Prefill:  81%|████████▏ | 13/16 [00:01<00:00,  7.53it/s]
Prefill:  88%|████████▊ | 14/16 [00:01<00:00,  7.37it/s]
Prefill:  94%|█████████▍| 15/16 [00:01<00:00,  7.17it/s]
Prefill: 100%|██████████| 16/16 [00:01<00:00,  7.22it/s]
Prefill: 100%|██████████| 16/16 [00:01<00:00,  8.23it/s]

Importance scoring:   0%|          | 0/4 [00:00<?, ?it/s]
Importance scoring:  25%|██▌       | 1/4 [00:00<00:02,  1.38it/s]
Importance scoring:  50%|█████     | 2/4 [00:01<00:02,  1.03s/it]
Importance scoring:  75%|███████▌  | 3/4 [00:03<00:01,  1.13s/it]
Importance scoring: 100%|██████████| 4/4 [00:04<00:00,  1.18s/it]
Importance scoring: 100%|██████████| 4/4 [00:04<00:00,  1.12s/it]

Prefill:   0%|          | 0/16 [00:00<?, ?it/s]
Prefill:  12%|█▎        | 2/16 [00:00<00:01, 13.95it/s]
Prefill:  25%|██▌       | 4/16 [00:00<00:01, 10.88it/s]
Prefill:  38%|███▊      | 6/16 [00:00<00:01,  9.78it/s]
Prefill:  50%|█████     | 8/16 [00:00<00:00,  9.04it/s]
Prefill:  56%|█████▋    | 9/16 [00:00<00:00,  8.54it/s]
Prefill:  62%|██████▎   | 10/16 [00:01<00:00,  8.09it/s]
Prefill:  69%|██████▉   | 11/16 [00:01<00:00,  7.75it/s]
Prefill:  75%|███████▌  | 12/16 [00:01<00:00,  7.55it/s]
Prefill:  81%|████████▏ | 13/16 [00:01<00:00,  7.41it/s]
Prefill:  88%|████████▊ | 14/16 [00:01<00:00,  7.24it/s]
Prefill:  94%|█████████▍| 15/16 [00:01<00:00,  7.01it/s]
Prefill: 100%|██████████| 16/16 [00:01<00:00,  7.05it/s]
Prefill: 100%|██████████| 16/16 [00:01<00:00,  8.06it/s]

Importance scoring:   0%|          | 0/4 [00:00<?, ?it/s]
Importance scoring:  25%|██▌       | 1/4 [00:00<00:02,  1.36it/s]
Importance scoring:  50%|█████     | 2/4 [00:01<00:02,  1.04s/it]
Importance scoring:  75%|███████▌  | 3/4 [00:03<00:01,  1.15s/it]
Importance scoring: 100%|██████████| 4/4 [00:04<00:00,  1.19s/it]
Importance scoring: 100%|██████████| 4/4 [00:04<00:00,  1.13s/it]

Prefill:   0%|          | 0/16 [00:00<?, ?it/s]
Prefill:  12%|█▎        | 2/16 [00:00<00:00, 15.03it/s]
Prefill:  25%|██▌       | 4/16 [00:00<00:01, 10.76it/s]
Prefill:  38%|███▊      | 6/16 [00:00<00:01,  9.57it/s]
Prefill:  50%|█████     | 8/16 [00:00<00:00,  8.73it/s]
Prefill:  56%|█████▋    | 9/16 [00:00<00:00,  8.26it/s]
Prefill:  62%|██████▎   | 10/16 [00:01<00:00,  7.82it/s]
Prefill:  69%|██████▉   | 11/16 [00:01<00:00,  7.50it/s]
Prefill:  75%|███████▌  | 12/16 [00:01<00:00,  7.33it/s]
Prefill:  81%|████████▏ | 13/16 [00:01<00:00,  7.20it/s]
Prefill:  88%|████████▊ | 14/16 [00:01<00:00,  7.02it/s]
Prefill:  94%|█████████▍| 15/16 [00:01<00:00,  6.73it/s]
Prefill: 100%|██████████| 16/16 [00:02<00:00,  6.74it/s]
Prefill: 100%|██████████| 16/16 [00:02<00:00,  7.81it/s]

Importance scoring:   0%|          | 0/4 [00:00<?, ?it/s]
Importance scoring:  25%|██▌       | 1/4 [00:00<00:02,  1.34it/s]
Importance scoring:  50%|█████     | 2/4 [00:02<00:02,  1.06s/it]
Importance scoring:  75%|███████▌  | 3/4 [00:03<00:01,  1.16s/it]
Importance scoring: 100%|██████████| 4/4 [00:04<00:00,  1.21s/it]
Importance scoring: 100%|██████████| 4/4 [00:04<00:00,  1.15s/it]

Prefill:   0%|          | 0/16 [00:00<?, ?it/s]
Prefill:  12%|█▎        | 2/16 [00:00<00:01, 13.99it/s]
Prefill:  25%|██▌       | 4/16 [00:00<00:01, 10.80it/s]
Prefill:  38%|███▊      | 6/16 [00:00<00:01,  9.69it/s]
Prefill:  50%|█████     | 8/16 [00:00<00:00,  8.93it/s]
Prefill:  56%|█████▋    | 9/16 [00:00<00:00,  8.42it/s]
Prefill:  62%|██████▎   | 10/16 [00:01<00:00,  7.99it/s]
Prefill:  69%|██████▉   | 11/16 [00:01<00:00,  7.67it/s]
Prefill:  75%|███████▌  | 12/16 [00:01<00:00,  7.49it/s]
Prefill:  81%|████████▏ | 13/16 [00:01<00:00,  7.35it/s]
Prefill:  88%|████████▊ | 14/16 [00:01<00:00,  7.21it/s]
Prefill:  94%|█████████▍| 15/16 [00:01<00:00,  6.94it/s]
Prefill: 100%|██████████| 16/16 [00:02<00:00,  6.95it/s]
Prefill: 100%|██████████| 16/16 [00:02<00:00,  7.98it/s]

Importance scoring:   0%|          | 0/4 [00:00<?, ?it/s]
Importance scoring:  25%|██▌       | 1/4 [00:00<00:02,  1.36it/s]
Importance scoring:  50%|█████     | 2/4 [00:01<00:02,  1.04s/it]
Importance scoring:  75%|███████▌  | 3/4 [00:03<00:01,  1.15s/it]
Importance scoring: 100%|██████████| 4/4 [00:04<00:00,  1.20s/it]
Importance scoring: 100%|██████████| 4/4 [00:04<00:00,  1.14s/it]

Prefill:   0%|          | 0/16 [00:00<?, ?it/s]
Prefill:  12%|█▎        | 2/16 [00:00<00:01, 13.40it/s]
Prefill:  25%|██▌       | 4/16 [00:00<00:01, 10.48it/s]
Prefill:  38%|███▊      | 6/16 [00:00<00:01,  9.41it/s]
Prefill:  44%|████▍     | 7/16 [00:00<00:00,  9.03it/s]
Prefill:  50%|█████     | 8/16 [00:00<00:00,  8.53it/s]
Prefill:  56%|█████▋    | 9/16 [00:01<00:00,  8.03it/s]
Prefill:  62%|██████▎   | 10/16 [00:01<00:00,  7.62it/s]
Prefill:  69%|██████▉   | 11/16 [00:01<00:00,  7.33it/s]
Prefill:  75%|███████▌  | 12/16 [00:01<00:00,  7.21it/s]
Prefill:  81%|████████▏ | 13/16 [00:01<00:00,  7.08it/s]
Prefill:  88%|████████▊ | 14/16 [00:01<00:00,  6.93it/s]
Prefill:  94%|█████████▍| 15/16 [00:01<00:00,  6.67it/s]
Prefill: 100%|██████████| 16/16 [00:02<00:00,  6.71it/s]
Prefill: 100%|██████████| 16/16 [00:02<00:00,  7.75it/s]

Importance scoring:   0%|          | 0/4 [00:00<?, ?it/s]
Importance scoring:  25%|██▌       | 1/4 [00:00<00:02,  1.35it/s]
Importance scoring:  50%|█████     | 2/4 [00:02<00:02,  1.06s/it]
Importance scoring:  75%|███████▌  | 3/4 [00:03<00:01,  1.17s/it]
Importance scoring: 100%|██████████| 4/4 [00:04<00:00,  1.21s/it]
Importance scoring: 100%|██████████| 4/4 [00:04<00:00,  1.15s/it]


=== LLAMA3.2-3B START Thu May 28 02:01:45 UTC 2026 ===
GPU total ~23.7GB | model=llama3.2-3b level=per_head chunk=512 recent_window=64 head_ratio_target=0.5
grid: ctx=[500, 2000, 8000] depths=[0, 10, 20, 30, 40, 50, 60, 70, 80, 90, 100] ratios=[0.0, 0.2, 0.4, 0.6, 0.8, 1.0] methods=['kvzip', 'ours', 'ours_predict_next', 'ours_combine'] -> 792 cells
Replace llama attention with KVzip

Load meta-llama/Llama-3.2-3B-Instruct with torch.bfloat16
KV type: evict
env: NVIDIA L4 23.659GB | KV 0.11469 GB/1k tok | torch 2.6.0+cu124
insertion at 0
================================================================================ 
[ctx_len=500 depth=0% q=0.0 true_len=498]
chunk inputs, size: 512 (num 2)
ratio 0.00 (pair), 0.0 GB (evict 111552 pairs)
  r=0.0 kvzip            peak= 6.653GB acc=0.00 hr=0.0 fb=None segs=None
ratio 0.00 (pair), 0.0 GB (evict 14336 pairs)
  r=0.0 ours             peak= 6.676GB acc=0.00 hr=0.0 fb=64 segs=0
ratio 0.00 (pair), 0.0 GB (evict 14336 pairs)
  r=0.0 ours_predict_next peak= 6.676GB acc=0.00 hr=0.0 fb=64 segs=0
ratio 0.00 (pair), 0.0 GB (evict 14336 pairs)
  r=0.0 ours_combine     peak= 6.676GB acc=0.00 hr=0.0 fb=64 segs=0
chunk inputs, size: 512 (num 2)
ratio 0.20 (pair), 0.0 GB (evict 89279 pairs)
  r=0.2 kvzip            peak= 6.653GB acc=1.00 hr=0.2 fb=None segs=None
ratio 0.50 (pair), 0.0 GB (evict 22297 pairs)
  r=0.2 ours             peak= 6.676GB acc=1.00 hr=0.5 fb=199 segs=0
ratio 0.50 (pair), 0.0 GB (evict 22316 pairs)
  r=0.2 ours_predict_next peak= 6.676GB acc=1.00 hr=0.5 fb=199 segs=0
ratio 0.50 (pair), 0.0 GB (evict 22316 pairs)
  r=0.2 ours_combine     peak= 6.676GB acc=1.00 hr=0.5 fb=199 segs=0
chunk inputs, size: 512 (num 2)
ratio 0.40 (pair), 0.0 GB (evict 66995 pairs)
  r=0.4 kvzip            peak= 6.653GB acc=1.00 hr=0.4 fb=None segs=None
ratio 0.50 (pair), 0.0 GB (evict 44624 pairs)
  r=0.4 ours             peak= 6.676GB acc=1.00 hr=0.5 fb=398 segs=0
ratio 0.50 (pair), 0.0 GB (evict 44594 pairs)
  r=0.4 ours_predict_next peak= 6.676GB acc=1.00 hr=0.5 fb=398 segs=0
ratio 0.50 (pair), 0.0 GB (evict 44594 pairs)
  r=0.4 ours_combine     peak= 6.676GB acc=1.00 hr=0.5 fb=398 segs=0
chunk inputs, size: 512 (num 2)
ratio 0.60 (pair), 0.0 GB (evict 44636 pairs)
  r=0.6 kvzip            peak= 6.653GB acc=1.00 hr=0.6 fb=None segs=None
ratio 0.60 (pair), 0.0 GB (evict 44638 pairs)
  r=0.6 ours             peak= 6.676GB acc=1.00 hr=0.6 fb=498 segs=0
ratio 0.60 (pair), 0.0 GB (evict 44638 pairs)
  r=0.6 ours_predict_next peak= 6.676GB acc=1.00 hr=0.6 fb=498 segs=0
ratio 0.60 (pair), 0.0 GB (evict 44638 pairs)
  r=0.6 ours_combine     peak= 6.676GB acc=1.00 hr=0.6 fb=498 segs=0
chunk inputs, size: 512 (num 2)
ratio 0.80 (pair), 0.0 GB (evict 22373 pairs)
  r=0.8 kvzip            peak= 6.653GB acc=1.00 hr=0.8 fb=None segs=None
ratio 0.80 (pair), 0.0 GB (evict 22385 pairs)
  r=0.8 ours             peak= 6.676GB acc=1.00 hr=0.8 fb=498 segs=0
ratio 0.80 (pair), 0.0 GB (evict 22385 pairs)
  r=0.8 ours_predict_next peak= 6.676GB acc=1.00 hr=0.8 fb=498 segs=0
ratio 0.80 (pair), 0.0 GB (evict 22385 pairs)
  r=0.8 ours_combine     peak= 6.676GB acc=1.00 hr=0.8 fb=498 segs=0
chunk inputs, size: 512 (num 2)
ratio 1.00 (pair), 0.1 GB (evict 0 pairs)
  r=1.0 kvzip            peak= 6.653GB acc=1.00 hr=1.0 fb=None segs=None
ratio 1.00 (pair), 0.1 GB (evict 0 pairs)
  r=1.0 ours             peak= 6.676GB acc=1.00 hr=1.0 fb=498 segs=0
ratio 1.00 (pair), 0.1 GB (evict 0 pairs)
  r=1.0 ours_predict_next peak= 6.676GB acc=1.00 hr=1.0 fb=498 segs=0
ratio 1.00 (pair), 0.1 GB (evict 0 pairs)
  r=1.0 ours_combine     peak= 6.676GB acc=1.00 hr=1.0 fb=498 segs=0
insertion at 46
================================================================================ 
[ctx_len=500 depth=10% q=0.1 true_len=498]
chunk inputs, size: 512 (num 2)
ratio 0.00 (pair), 0.0 GB (evict 111552 pairs)
  r=0.0 kvzip            peak= 6.653GB acc=0.00 hr=0.0 fb=None segs=None
ratio 0.00 (pair), 0.0 GB (evict 14336 pairs)
  r=0.0 ours             peak= 6.676GB acc=0.00 hr=0.0 fb=64 segs=0
ratio 0.00 (pair), 0.0 GB (evict 14336 pairs)
  r=0.0 ours_predict_next peak= 6.676GB acc=0.00 hr=0.0 fb=64 segs=0
ratio 0.00 (pair), 0.0 GB (evict 14336 pairs)
  r=0.0 ours_combine     peak= 6.676GB acc=0.00 hr=0.0 fb=64 segs=0
chunk inputs, size: 512 (num 2)
ratio 0.20 (pair), 0.0 GB (evict 89295 pairs)
  r=0.2 kvzip            peak= 6.653GB acc=1.00 hr=0.2 fb=None segs=None
ratio 0.50 (pair), 0.0 GB (evict 22293 pairs)
  r=0.2 ours             peak= 6.676GB acc=1.00 hr=0.5 fb=199 segs=0
ratio 0.50 (pair), 0.0 GB (evict 22300 pairs)
  r=0.2 ours_predict_next peak= 6.676GB acc=1.00 hr=0.5 fb=199 segs=0
ratio 0.50 (pair), 0.0 GB (evict 22300 pairs)
  r=0.2 ours_combine     peak= 6.676GB acc=1.00 hr=0.5 fb=199 segs=0
chunk inputs, size: 512 (num 2)
ratio 0.40 (pair), 0.0 GB (evict 66961 pairs)
  r=0.4 kvzip            peak= 6.653GB acc=1.00 hr=0.4 fb=None segs=None
ratio 0.50 (pair), 0.0 GB (evict 44578 pairs)
  r=0.4 ours             peak= 6.676GB acc=1.00 hr=0.5 fb=398 segs=0
ratio 0.50 (pair), 0.0 GB (evict 44594 pairs)
  r=0.4 ours_predict_next peak= 6.676GB acc=1.00 hr=0.5 fb=398 segs=0
ratio 0.50 (pair), 0.0 GB (evict 44594 pairs)
  r=0.4 ours_combine     peak= 6.676GB acc=1.00 hr=0.5 fb=398 segs=0
chunk inputs, size: 512 (num 2)
ratio 0.60 (pair), 0.0 GB (evict 44724 pairs)
  r=0.6 kvzip            peak= 6.653GB acc=1.00 hr=0.6 fb=None segs=None
ratio 0.60 (pair), 0.0 GB (evict 44709 pairs)
  r=0.6 ours             peak= 6.676GB acc=1.00 hr=0.6 fb=498 segs=0
ratio 0.60 (pair), 0.0 GB (evict 44709 pairs)
  r=0.6 ours_predict_next peak= 6.676GB acc=1.00 hr=0.6 fb=498 segs=0
ratio 0.60 (pair), 0.0 GB (evict 44709 pairs)
  r=0.6 ours_combine     peak= 6.676GB acc=1.00 hr=0.6 fb=498 segs=0
chunk inputs, size: 512 (num 2)
ratio 0.80 (pair), 0.0 GB (evict 22392 pairs)
  r=0.8 kvzip            peak= 6.653GB acc=1.00 hr=0.8 fb=None segs=None
ratio 0.80 (pair), 0.0 GB (evict 22383 pairs)
  r=0.8 ours             peak= 6.676GB acc=1.00 hr=0.8 fb=498 segs=0
ratio 0.80 (pair), 0.0 GB (evict 22383 pairs)
  r=0.8 ours_predict_next peak= 6.676GB acc=1.00 hr=0.8 fb=498 segs=0
ratio 0.80 (pair), 0.0 GB (evict 22383 pairs)
  r=0.8 ours_combine     peak= 6.676GB acc=1.00 hr=0.8 fb=498 segs=0
chunk inputs, size: 512 (num 2)
ratio 1.00 (pair), 0.1 GB (evict 0 pairs)
  r=1.0 kvzip            peak= 6.653GB acc=1.00 hr=1.0 fb=None segs=None
ratio 1.00 (pair), 0.1 GB (evict 0 pairs)
  r=1.0 ours             peak= 6.676GB acc=1.00 hr=1.0 fb=498 segs=0
ratio 1.00 (pair), 0.1 GB (evict 0 pairs)
  r=1.0 ours_predict_next peak= 6.676GB acc=1.00 hr=1.0 fb=498 segs=0
ratio 1.00 (pair), 0.1 GB (evict 0 pairs)
  r=1.0 ours_combine     peak= 6.676GB acc=1.00 hr=1.0 fb=498 segs=0
insertion at 46
================================================================================ 
[ctx_len=500 depth=20% q=0.2 true_len=498]
chunk inputs, size: 512 (num 2)
ratio 0.00 (pair), 0.0 GB (evict 111552 pairs)
  r=0.0 kvzip            peak= 6.653GB acc=0.00 hr=0.0 fb=None segs=None
ratio 0.00 (pair), 0.0 GB (evict 14336 pairs)
  r=0.0 ours             peak= 6.676GB acc=0.00 hr=0.0 fb=64 segs=0
ratio 0.00 (pair), 0.0 GB (evict 14336 pairs)
  r=0.0 ours_predict_next peak= 6.676GB acc=0.00 hr=0.0 fb=64 segs=0
ratio 0.00 (pair), 0.0 GB (evict 14336 pairs)
  r=0.0 ours_combine     peak= 6.676GB acc=0.00 hr=0.0 fb=64 segs=0
chunk inputs, size: 512 (num 2)
ratio 0.20 (pair), 0.0 GB (evict 89295 pairs)
  r=0.2 kvzip            peak= 6.653GB acc=1.00 hr=0.2 fb=None segs=None
ratio 0.50 (pair), 0.0 GB (evict 22293 pairs)
  r=0.2 ours             peak= 6.676GB acc=1.00 hr=0.5 fb=199 segs=0
ratio 0.50 (pair), 0.0 GB (evict 22300 pairs)
  r=0.2 ours_predict_next peak= 6.676GB acc=1.00 hr=0.5 fb=199 segs=0
ratio 0.50 (pair), 0.0 GB (evict 22300 pairs)
  r=0.2 ours_combine     peak= 6.676GB acc=1.00 hr=0.5 fb=199 segs=0
chunk inputs, size: 512 (num 2)
ratio 0.40 (pair), 0.0 GB (evict 66961 pairs)
  r=0.4 kvzip            peak= 6.653GB acc=1.00 hr=0.4 fb=None segs=None
ratio 0.50 (pair), 0.0 GB (evict 44578 pairs)
  r=0.4 ours             peak= 6.676GB acc=1.00 hr=0.5 fb=398 segs=0
ratio 0.50 (pair), 0.0 GB (evict 44594 pairs)
  r=0.4 ours_predict_next peak= 6.676GB acc=1.00 hr=0.5 fb=398 segs=0
ratio 0.50 (pair), 0.0 GB (evict 44594 pairs)
  r=0.4 ours_combine     peak= 6.676GB acc=1.00 hr=0.5 fb=398 segs=0
chunk inputs, size: 512 (num 2)
ratio 0.60 (pair), 0.0 GB (evict 44724 pairs)
  r=0.6 kvzip            peak= 6.653GB acc=1.00 hr=0.6 fb=None segs=None
ratio 0.60 (pair), 0.0 GB (evict 44709 pairs)
  r=0.6 ours             peak= 6.676GB acc=1.00 hr=0.6 fb=498 segs=0
ratio 0.60 (pair), 0.0 GB (evict 44709 pairs)
  r=0.6 ours_predict_next peak= 6.676GB acc=1.00 hr=0.6 fb=498 segs=0
ratio 0.60 (pair), 0.0 GB (evict 44709 pairs)
  r=0.6 ours_combine     peak= 6.676GB acc=1.00 hr=0.6 fb=498 segs=0
chunk inputs, size: 512 (num 2)
ratio 0.80 (pair), 0.0 GB (evict 22392 pairs)
  r=0.8 kvzip            peak= 6.653GB acc=1.00 hr=0.8 fb=None segs=None
ratio 0.80 (pair), 0.0 GB (evict 22383 pairs)
  r=0.8 ours             peak= 6.676GB acc=1.00 hr=0.8 fb=498 segs=0
ratio 0.80 (pair), 0.0 GB (evict 22383 pairs)
  r=0.8 ours_predict_next peak= 6.676GB acc=1.00 hr=0.8 fb=498 segs=0
ratio 0.80 (pair), 0.0 GB (evict 22383 pairs)
  r=0.8 ours_combine     peak= 6.676GB acc=1.00 hr=0.8 fb=498 segs=0
chunk inputs, size: 512 (num 2)
ratio 1.00 (pair), 0.1 GB (evict 0 pairs)
  r=1.0 kvzip            peak= 6.653GB acc=1.00 hr=1.0 fb=None segs=None
ratio 1.00 (pair), 0.1 GB (evict 0 pairs)
  r=1.0 ours             peak= 6.676GB acc=1.00 hr=1.0 fb=498 segs=0
ratio 1.00 (pair), 0.1 GB (evict 0 pairs)
  r=1.0 ours_predict_next peak= 6.676GB acc=1.00 hr=1.0 fb=498 segs=0
ratio 1.00 (pair), 0.1 GB (evict 0 pairs)
  r=1.0 ours_combine     peak= 6.676GB acc=1.00 hr=1.0 fb=498 segs=0
insertion at 135
================================================================================ 
[ctx_len=500 depth=30% q=0.3 true_len=498]
chunk inputs, size: 512 (num 2)
ratio 0.00 (pair), 0.0 GB (evict 111552 pairs)
  r=0.0 kvzip            peak= 6.653GB acc=0.00 hr=0.0 fb=None segs=None
ratio 0.00 (pair), 0.0 GB (evict 14336 pairs)
  r=0.0 ours             peak= 6.676GB acc=0.00 hr=0.0 fb=64 segs=0
ratio 0.00 (pair), 0.0 GB (evict 14336 pairs)
  r=0.0 ours_predict_next peak= 6.676GB acc=0.00 hr=0.0 fb=64 segs=0
ratio 0.00 (pair), 0.0 GB (evict 14336 pairs)
  r=0.0 ours_combine     peak= 6.676GB acc=0.00 hr=0.0 fb=64 segs=0
chunk inputs, size: 512 (num 2)
ratio 0.20 (pair), 0.0 GB (evict 89298 pairs)
  r=0.2 kvzip            peak= 6.653GB acc=1.00 hr=0.2 fb=None segs=None
ratio 0.50 (pair), 0.0 GB (evict 22302 pairs)
  r=0.2 ours             peak= 6.676GB acc=1.00 hr=0.5 fb=199 segs=0
ratio 0.50 (pair), 0.0 GB (evict 22296 pairs)
  r=0.2 ours_predict_next peak= 6.676GB acc=1.00 hr=0.5 fb=199 segs=0
ratio 0.50 (pair), 0.0 GB (evict 22296 pairs)
  r=0.2 ours_combine     peak= 6.676GB acc=1.00 hr=0.5 fb=199 segs=0
chunk inputs, size: 512 (num 2)
ratio 0.40 (pair), 0.0 GB (evict 66956 pairs)
  r=0.4 kvzip            peak= 6.653GB acc=1.00 hr=0.4 fb=None segs=None
ratio 0.50 (pair), 0.0 GB (evict 44661 pairs)
  r=0.4 ours             peak= 6.676GB acc=1.00 hr=0.5 fb=398 segs=0
ratio 0.50 (pair), 0.0 GB (evict 44645 pairs)
  r=0.4 ours_predict_next peak= 6.676GB acc=1.00 hr=0.5 fb=398 segs=0
ratio 0.50 (pair), 0.0 GB (evict 44645 pairs)
  r=0.4 ours_combine     peak= 6.676GB acc=1.00 hr=0.5 fb=398 segs=0
chunk inputs, size: 512 (num 2)
ratio 0.60 (pair), 0.0 GB (evict 44652 pairs)
  r=0.6 kvzip            peak= 6.653GB acc=1.00 hr=0.6 fb=None segs=None
ratio 0.60 (pair), 0.0 GB (evict 44679 pairs)
  r=0.6 ours             peak= 6.676GB acc=1.00 hr=0.6 fb=498 segs=0
ratio 0.60 (pair), 0.0 GB (evict 44679 pairs)
  r=0.6 ours_predict_next peak= 6.676GB acc=1.00 hr=0.6 fb=498 segs=0
ratio 0.60 (pair), 0.0 GB (evict 44679 pairs)
  r=0.6 ours_combine     peak= 6.676GB acc=1.00 hr=0.6 fb=498 segs=0
chunk inputs, size: 512 (num 2)
ratio 0.80 (pair), 0.0 GB (evict 22377 pairs)
  r=0.8 kvzip            peak= 6.653GB acc=1.00 hr=0.8 fb=None segs=None
ratio 0.80 (pair), 0.0 GB (evict 22359 pairs)
  r=0.8 ours             peak= 6.676GB acc=1.00 hr=0.8 fb=498 segs=0
ratio 0.80 (pair), 0.0 GB (evict 22359 pairs)
  r=0.8 ours_predict_next peak= 6.676GB acc=1.00 hr=0.8 fb=498 segs=0
ratio 0.80 (pair), 0.0 GB (evict 22359 pairs)
  r=0.8 ours_combine     peak= 6.676GB acc=1.00 hr=0.8 fb=498 segs=0
chunk inputs, size: 512 (num 2)
ratio 1.00 (pair), 0.1 GB (evict 0 pairs)
  r=1.0 kvzip            peak= 6.653GB acc=1.00 hr=1.0 fb=None segs=None
ratio 1.00 (pair), 0.1 GB (evict 0 pairs)
  r=1.0 ours             peak= 6.676GB acc=1.00 hr=1.0 fb=498 segs=0
ratio 1.00 (pair), 0.1 GB (evict 0 pairs)
  r=1.0 ours_predict_next peak= 6.676GB acc=1.00 hr=1.0 fb=498 segs=0
ratio 1.00 (pair), 0.1 GB (evict 0 pairs)
  r=1.0 ours_combine     peak= 6.676GB acc=1.00 hr=1.0 fb=498 segs=0
insertion at 135
================================================================================ 
[ctx_len=500 depth=40% q=0.4 true_len=498]
chunk inputs, size: 512 (num 2)
ratio 0.00 (pair), 0.0 GB (evict 111552 pairs)
  r=0.0 kvzip            peak= 6.653GB acc=0.00 hr=0.0 fb=None segs=None
ratio 0.00 (pair), 0.0 GB (evict 14336 pairs)
  r=0.0 ours             peak= 6.676GB acc=0.00 hr=0.0 fb=64 segs=0
ratio 0.00 (pair), 0.0 GB (evict 14336 pairs)
  r=0.0 ours_predict_next peak= 6.676GB acc=0.00 hr=0.0 fb=64 segs=0
ratio 0.00 (pair), 0.0 GB (evict 14336 pairs)
  r=0.0 ours_combine     peak= 6.676GB acc=0.00 hr=0.0 fb=64 segs=0
chunk inputs, size: 512 (num 2)
ratio 0.20 (pair), 0.0 GB (evict 89298 pairs)
  r=0.2 kvzip            peak= 6.653GB acc=1.00 hr=0.2 fb=None segs=None
ratio 0.50 (pair), 0.0 GB (evict 22302 pairs)
  r=0.2 ours             peak= 6.676GB acc=1.00 hr=0.5 fb=199 segs=0
ratio 0.50 (pair), 0.0 GB (evict 22296 pairs)
  r=0.2 ours_predict_next peak= 6.676GB acc=1.00 hr=0.5 fb=199 segs=0
ratio 0.50 (pair), 0.0 GB (evict 22296 pairs)
  r=0.2 ours_combine     peak= 6.676GB acc=1.00 hr=0.5 fb=199 segs=0
chunk inputs, size: 512 (num 2)
ratio 0.40 (pair), 0.0 GB (evict 66956 pairs)
  r=0.4 kvzip            peak= 6.653GB acc=1.00 hr=0.4 fb=None segs=None
ratio 0.50 (pair), 0.0 GB (evict 44661 pairs)
  r=0.4 ours             peak= 6.676GB acc=1.00 hr=0.5 fb=398 segs=0
ratio 0.50 (pair), 0.0 GB (evict 44645 pairs)
  r=0.4 ours_predict_next peak= 6.676GB acc=1.00 hr=0.5 fb=398 segs=0
ratio 0.50 (pair), 0.0 GB (evict 44645 pairs)
  r=0.4 ours_combine     peak= 6.676GB acc=1.00 hr=0.5 fb=398 segs=0
chunk inputs, size: 512 (num 2)
ratio 0.60 (pair), 0.0 GB (evict 44652 pairs)
  r=0.6 kvzip            peak= 6.653GB acc=1.00 hr=0.6 fb=None segs=None
ratio 0.60 (pair), 0.0 GB (evict 44679 pairs)
  r=0.6 ours             peak= 6.676GB acc=1.00 hr=0.6 fb=498 segs=0
ratio 0.60 (pair), 0.0 GB (evict 44679 pairs)
  r=0.6 ours_predict_next peak= 6.676GB acc=1.00 hr=0.6 fb=498 segs=0
ratio 0.60 (pair), 0.0 GB (evict 44679 pairs)
  r=0.6 ours_combine     peak= 6.676GB acc=1.00 hr=0.6 fb=498 segs=0
chunk inputs, size: 512 (num 2)
ratio 0.80 (pair), 0.0 GB (evict 22377 pairs)
  r=0.8 kvzip            peak= 6.653GB acc=1.00 hr=0.8 fb=None segs=None
ratio 0.80 (pair), 0.0 GB (evict 22359 pairs)
  r=0.8 ours             peak= 6.676GB acc=1.00 hr=0.8 fb=498 segs=0
ratio 0.80 (pair), 0.0 GB (evict 22359 pairs)
  r=0.8 ours_predict_next peak= 6.676GB acc=1.00 hr=0.8 fb=498 segs=0
ratio 0.80 (pair), 0.0 GB (evict 22359 pairs)
  r=0.8 ours_combine     peak= 6.676GB acc=1.00 hr=0.8 fb=498 segs=0
chunk inputs, size: 512 (num 2)
ratio 1.00 (pair), 0.1 GB (evict 0 pairs)
  r=1.0 kvzip            peak= 6.653GB acc=1.00 hr=1.0 fb=None segs=None
ratio 1.00 (pair), 0.1 GB (evict 0 pairs)
  r=1.0 ours             peak= 6.676GB acc=1.00 hr=1.0 fb=498 segs=0
ratio 1.00 (pair), 0.1 GB (evict 0 pairs)
  r=1.0 ours_predict_next peak= 6.676GB acc=1.00 hr=1.0 fb=498 segs=0
ratio 1.00 (pair), 0.1 GB (evict 0 pairs)
  r=1.0 ours_combine     peak= 6.676GB acc=1.00 hr=1.0 fb=498 segs=0
insertion at 234
================================================================================ 
[ctx_len=500 depth=50% q=0.5 true_len=498]
chunk inputs, size: 512 (num 2)
ratio 0.00 (pair), 0.0 GB (evict 111552 pairs)
  r=0.0 kvzip            peak= 6.653GB acc=0.00 hr=0.0 fb=None segs=None
ratio 0.00 (pair), 0.0 GB (evict 14336 pairs)
  r=0.0 ours             peak= 6.676GB acc=0.00 hr=0.0 fb=64 segs=0
ratio 0.00 (pair), 0.0 GB (evict 14336 pairs)
  r=0.0 ours_predict_next peak= 6.676GB acc=0.00 hr=0.0 fb=64 segs=0
ratio 0.00 (pair), 0.0 GB (evict 14336 pairs)
  r=0.0 ours_combine     peak= 6.676GB acc=0.00 hr=0.0 fb=64 segs=0
chunk inputs, size: 512 (num 2)
ratio 0.20 (pair), 0.0 GB (evict 89288 pairs)
  r=0.2 kvzip            peak= 6.653GB acc=1.00 hr=0.2 fb=None segs=None
ratio 0.50 (pair), 0.0 GB (evict 22299 pairs)
  r=0.2 ours             peak= 6.676GB acc=1.00 hr=0.5 fb=199 segs=0
ratio 0.50 (pair), 0.0 GB (evict 22302 pairs)
  r=0.2 ours_predict_next peak= 6.676GB acc=0.00 hr=0.5 fb=199 segs=0
ratio 0.50 (pair), 0.0 GB (evict 22302 pairs)
  r=0.2 ours_combine     peak= 6.676GB acc=0.00 hr=0.5 fb=199 segs=0
chunk inputs, size: 512 (num 2)
ratio 0.40 (pair), 0.0 GB (evict 67031 pairs)
  r=0.4 kvzip            peak= 6.653GB acc=1.00 hr=0.4 fb=None segs=None
ratio 0.50 (pair), 0.0 GB (evict 44646 pairs)
  r=0.4 ours             peak= 6.676GB acc=1.00 hr=0.5 fb=398 segs=0
ratio 0.50 (pair), 0.0 GB (evict 44586 pairs)
  r=0.4 ours_predict_next peak= 6.676GB acc=1.00 hr=0.5 fb=398 segs=0
ratio 0.50 (pair), 0.0 GB (evict 44586 pairs)
  r=0.4 ours_combine     peak= 6.676GB acc=1.00 hr=0.5 fb=398 segs=0
chunk inputs, size: 512 (num 2)
ratio 0.60 (pair), 0.0 GB (evict 44693 pairs)
  r=0.6 kvzip            peak= 6.653GB acc=1.00 hr=0.6 fb=None segs=None
ratio 0.60 (pair), 0.0 GB (evict 44692 pairs)
  r=0.6 ours             peak= 6.676GB acc=1.00 hr=0.6 fb=498 segs=0
ratio 0.60 (pair), 0.0 GB (evict 44692 pairs)
  r=0.6 ours_predict_next peak= 6.676GB acc=1.00 hr=0.6 fb=498 segs=0
ratio 0.60 (pair), 0.0 GB (evict 44692 pairs)
  r=0.6 ours_combine     peak= 6.676GB acc=1.00 hr=0.6 fb=498 segs=0
chunk inputs, size: 512 (num 2)
ratio 0.80 (pair), 0.0 GB (evict 22431 pairs)
  r=0.8 kvzip            peak= 6.653GB acc=1.00 hr=0.8 fb=None segs=None
ratio 0.80 (pair), 0.0 GB (evict 22427 pairs)
  r=0.8 ours             peak= 6.676GB acc=1.00 hr=0.8 fb=498 segs=0
ratio 0.80 (pair), 0.0 GB (evict 22427 pairs)
  r=0.8 ours_predict_next peak= 6.676GB acc=1.00 hr=0.8 fb=498 segs=0
ratio 0.80 (pair), 0.0 GB (evict 22427 pairs)
  r=0.8 ours_combine     peak= 6.676GB acc=1.00 hr=0.8 fb=498 segs=0
chunk inputs, size: 512 (num 2)
ratio 1.00 (pair), 0.1 GB (evict 0 pairs)
  r=1.0 kvzip            peak= 6.653GB acc=1.00 hr=1.0 fb=None segs=None
ratio 1.00 (pair), 0.1 GB (evict 0 pairs)
  r=1.0 ours             peak= 6.676GB acc=1.00 hr=1.0 fb=498 segs=0
ratio 1.00 (pair), 0.1 GB (evict 0 pairs)
  r=1.0 ours_predict_next peak= 6.676GB acc=1.00 hr=1.0 fb=498 segs=0
ratio 1.00 (pair), 0.1 GB (evict 0 pairs)
  r=1.0 ours_combine     peak= 6.676GB acc=1.00 hr=1.0 fb=498 segs=0
insertion at 249
================================================================================ 
[ctx_len=500 depth=60% q=0.6 true_len=498]
chunk inputs, size: 512 (num 2)
ratio 0.00 (pair), 0.0 GB (evict 111552 pairs)
  r=0.0 kvzip            peak= 6.653GB acc=0.00 hr=0.0 fb=None segs=None
ratio 0.00 (pair), 0.0 GB (evict 14336 pairs)
  r=0.0 ours             peak= 6.676GB acc=0.00 hr=0.0 fb=64 segs=0
ratio 0.00 (pair), 0.0 GB (evict 14336 pairs)
  r=0.0 ours_predict_next peak= 6.676GB acc=0.00 hr=0.0 fb=64 segs=0
ratio 0.00 (pair), 0.0 GB (evict 14336 pairs)
  r=0.0 ours_combine     peak= 6.676GB acc=0.00 hr=0.0 fb=64 segs=0
chunk inputs, size: 512 (num 2)
ratio 0.20 (pair), 0.0 GB (evict 89250 pairs)
  r=0.2 kvzip            peak= 6.653GB acc=1.00 hr=0.2 fb=None segs=None
ratio 0.50 (pair), 0.0 GB (evict 22307 pairs)
  r=0.2 ours             peak= 6.676GB acc=1.00 hr=0.5 fb=199 segs=0
ratio 0.50 (pair), 0.0 GB (evict 22302 pairs)
  r=0.2 ours_predict_next peak= 6.676GB acc=0.00 hr=0.5 fb=199 segs=0
ratio 0.50 (pair), 0.0 GB (evict 22302 pairs)
  r=0.2 ours_combine     peak= 6.676GB acc=0.00 hr=0.5 fb=199 segs=0
chunk inputs, size: 512 (num 2)
ratio 0.40 (pair), 0.0 GB (evict 66941 pairs)
  r=0.4 kvzip            peak= 6.653GB acc=1.00 hr=0.4 fb=None segs=None
ratio 0.50 (pair), 0.0 GB (evict 44597 pairs)
  r=0.4 ours             peak= 6.676GB acc=1.00 hr=0.5 fb=398 segs=0
ratio 0.50 (pair), 0.0 GB (evict 44656 pairs)
  r=0.4 ours_predict_next peak= 6.676GB acc=1.00 hr=0.5 fb=398 segs=0
ratio 0.50 (pair), 0.0 GB (evict 44656 pairs)
  r=0.4 ours_combine     peak= 6.676GB acc=1.00 hr=0.5 fb=398 segs=0
chunk inputs, size: 512 (num 2)
ratio 0.60 (pair), 0.0 GB (evict 44711 pairs)
  r=0.6 kvzip            peak= 6.653GB acc=1.00 hr=0.6 fb=None segs=None
ratio 0.60 (pair), 0.0 GB (evict 44696 pairs)
  r=0.6 ours             peak= 6.676GB acc=1.00 hr=0.6 fb=498 segs=0
ratio 0.60 (pair), 0.0 GB (evict 44696 pairs)
  r=0.6 ours_predict_next peak= 6.676GB acc=1.00 hr=0.6 fb=498 segs=0
ratio 0.60 (pair), 0.0 GB (evict 44696 pairs)
  r=0.6 ours_combine     peak= 6.676GB acc=1.00 hr=0.6 fb=498 segs=0
chunk inputs, size: 512 (num 2)
ratio 0.80 (pair), 0.0 GB (evict 22355 pairs)
  r=0.8 kvzip            peak= 6.653GB acc=1.00 hr=0.8 fb=None segs=None
ratio 0.80 (pair), 0.0 GB (evict 22358 pairs)
  r=0.8 ours             peak= 6.676GB acc=1.00 hr=0.8 fb=498 segs=0
ratio 0.80 (pair), 0.0 GB (evict 22358 pairs)
  r=0.8 ours_predict_next peak= 6.676GB acc=1.00 hr=0.8 fb=498 segs=0
ratio 0.80 (pair), 0.0 GB (evict 22358 pairs)
  r=0.8 ours_combine     peak= 6.676GB acc=1.00 hr=0.8 fb=498 segs=0
chunk inputs, size: 512 (num 2)
ratio 1.00 (pair), 0.1 GB (evict 0 pairs)
  r=1.0 kvzip            peak= 6.653GB acc=1.00 hr=1.0 fb=None segs=None
ratio 1.00 (pair), 0.1 GB (evict 0 pairs)
  r=1.0 ours             peak= 6.676GB acc=1.00 hr=1.0 fb=498 segs=0
ratio 1.00 (pair), 0.1 GB (evict 0 pairs)
  r=1.0 ours_predict_next peak= 6.676GB acc=1.00 hr=1.0 fb=498 segs=0
ratio 1.00 (pair), 0.1 GB (evict 0 pairs)
  r=1.0 ours_combine     peak= 6.676GB acc=1.00 hr=1.0 fb=498 segs=0
insertion at 311
================================================================================ 
[ctx_len=500 depth=70% q=0.7 true_len=498]
chunk inputs, size: 512 (num 2)
ratio 0.00 (pair), 0.0 GB (evict 111552 pairs)
  r=0.0 kvzip            peak= 6.653GB acc=0.00 hr=0.0 fb=None segs=None
ratio 0.00 (pair), 0.0 GB (evict 14336 pairs)
  r=0.0 ours             peak= 6.676GB acc=0.00 hr=0.0 fb=64 segs=0
ratio 0.00 (pair), 0.0 GB (evict 14336 pairs)
  r=0.0 ours_predict_next peak= 6.676GB acc=0.00 hr=0.0 fb=64 segs=0
ratio 0.00 (pair), 0.0 GB (evict 14336 pairs)
  r=0.0 ours_combine     peak= 6.676GB acc=0.00 hr=0.0 fb=64 segs=0
chunk inputs, size: 512 (num 2)
ratio 0.20 (pair), 0.0 GB (evict 89243 pairs)
  r=0.2 kvzip            peak= 6.653GB acc=1.00 hr=0.2 fb=None segs=None
ratio 0.50 (pair), 0.0 GB (evict 22302 pairs)
  r=0.2 ours             peak= 6.676GB acc=1.00 hr=0.5 fb=199 segs=0
ratio 0.50 (pair), 0.0 GB (evict 22302 pairs)
  r=0.2 ours_predict_next peak= 6.676GB acc=0.00 hr=0.5 fb=199 segs=0
ratio 0.50 (pair), 0.0 GB (evict 22302 pairs)
  r=0.2 ours_combine     peak= 6.676GB acc=0.00 hr=0.5 fb=199 segs=0
chunk inputs, size: 512 (num 2)
ratio 0.40 (pair), 0.0 GB (evict 67001 pairs)
  r=0.4 kvzip            peak= 6.653GB acc=1.00 hr=0.4 fb=None segs=None
ratio 0.50 (pair), 0.0 GB (evict 44596 pairs)
  r=0.4 ours             peak= 6.676GB acc=1.00 hr=0.5 fb=398 segs=0
ratio 0.50 (pair), 0.0 GB (evict 44585 pairs)
  r=0.4 ours_predict_next peak= 6.676GB acc=1.00 hr=0.5 fb=398 segs=0
ratio 0.50 (pair), 0.0 GB (evict 44585 pairs)
  r=0.4 ours_combine     peak= 6.676GB acc=1.00 hr=0.5 fb=398 segs=0
chunk inputs, size: 512 (num 2)
ratio 0.60 (pair), 0.0 GB (evict 44674 pairs)
  r=0.6 kvzip            peak= 6.653GB acc=1.00 hr=0.6 fb=None segs=None
ratio 0.60 (pair), 0.0 GB (evict 44677 pairs)
  r=0.6 ours             peak= 6.676GB acc=1.00 hr=0.6 fb=498 segs=0
ratio 0.60 (pair), 0.0 GB (evict 44677 pairs)
  r=0.6 ours_predict_next peak= 6.676GB acc=1.00 hr=0.6 fb=498 segs=0
ratio 0.60 (pair), 0.0 GB (evict 44677 pairs)
  r=0.6 ours_combine     peak= 6.676GB acc=1.00 hr=0.6 fb=498 segs=0
chunk inputs, size: 512 (num 2)
ratio 0.80 (pair), 0.0 GB (evict 22488 pairs)
  r=0.8 kvzip            peak= 6.653GB acc=1.00 hr=0.8 fb=None segs=None
ratio 0.80 (pair), 0.0 GB (evict 22453 pairs)
  r=0.8 ours             peak= 6.676GB acc=1.00 hr=0.8 fb=498 segs=0
ratio 0.80 (pair), 0.0 GB (evict 22453 pairs)
  r=0.8 ours_predict_next peak= 6.676GB acc=1.00 hr=0.8 fb=498 segs=0
ratio 0.80 (pair), 0.0 GB (evict 22453 pairs)
  r=0.8 ours_combine     peak= 6.676GB acc=1.00 hr=0.8 fb=498 segs=0
chunk inputs, size: 512 (num 2)
ratio 1.00 (pair), 0.1 GB (evict 0 pairs)
  r=1.0 kvzip            peak= 6.653GB acc=1.00 hr=1.0 fb=None segs=None
ratio 1.00 (pair), 0.1 GB (evict 0 pairs)
  r=1.0 ours             peak= 6.676GB acc=1.00 hr=1.0 fb=498 segs=0
ratio 1.00 (pair), 0.1 GB (evict 0 pairs)
  r=1.0 ours_predict_next peak= 6.676GB acc=1.00 hr=1.0 fb=498 segs=0
ratio 1.00 (pair), 0.1 GB (evict 0 pairs)
  r=1.0 ours_combine     peak= 6.676GB acc=1.00 hr=1.0 fb=498 segs=0
insertion at 362
================================================================================ 
[ctx_len=500 depth=80% q=0.8 true_len=498]
chunk inputs, size: 512 (num 2)
ratio 0.00 (pair), 0.0 GB (evict 111552 pairs)
  r=0.0 kvzip            peak= 6.653GB acc=0.00 hr=0.0 fb=None segs=None
ratio 0.00 (pair), 0.0 GB (evict 14336 pairs)
  r=0.0 ours             peak= 6.676GB acc=0.00 hr=0.0 fb=64 segs=0
ratio 0.00 (pair), 0.0 GB (evict 14336 pairs)
  r=0.0 ours_predict_next peak= 6.676GB acc=0.00 hr=0.0 fb=64 segs=0
ratio 0.00 (pair), 0.0 GB (evict 14336 pairs)
  r=0.0 ours_combine     peak= 6.676GB acc=0.00 hr=0.0 fb=64 segs=0
chunk inputs, size: 512 (num 2)
ratio 0.20 (pair), 0.0 GB (evict 89301 pairs)
  r=0.2 kvzip            peak= 6.653GB acc=1.00 hr=0.2 fb=None segs=None
ratio 0.50 (pair), 0.0 GB (evict 22295 pairs)
  r=0.2 ours             peak= 6.676GB acc=1.00 hr=0.5 fb=199 segs=0
ratio 0.50 (pair), 0.0 GB (evict 22302 pairs)
  r=0.2 ours_predict_next peak= 6.676GB acc=0.00 hr=0.5 fb=199 segs=0
ratio 0.50 (pair), 0.0 GB (evict 22302 pairs)
  r=0.2 ours_combine     peak= 6.676GB acc=0.00 hr=0.5 fb=199 segs=0
chunk inputs, size: 512 (num 2)
ratio 0.40 (pair), 0.0 GB (evict 66986 pairs)
  r=0.4 kvzip            peak= 6.653GB acc=1.00 hr=0.4 fb=None segs=None
ratio 0.50 (pair), 0.0 GB (evict 44600 pairs)
  r=0.4 ours             peak= 6.676GB acc=1.00 hr=0.5 fb=398 segs=0
ratio 0.50 (pair), 0.0 GB (evict 44609 pairs)
  r=0.4 ours_predict_next peak= 6.676GB acc=1.00 hr=0.5 fb=398 segs=0
ratio 0.50 (pair), 0.0 GB (evict 44609 pairs)
  r=0.4 ours_combine     peak= 6.676GB acc=1.00 hr=0.5 fb=398 segs=0
chunk inputs, size: 512 (num 2)
ratio 0.60 (pair), 0.0 GB (evict 44629 pairs)
  r=0.6 kvzip            peak= 6.653GB acc=1.00 hr=0.6 fb=None segs=None
ratio 0.60 (pair), 0.0 GB (evict 44717 pairs)
  r=0.6 ours             peak= 6.676GB acc=1.00 hr=0.6 fb=498 segs=0
ratio 0.60 (pair), 0.0 GB (evict 44717 pairs)
  r=0.6 ours_predict_next peak= 6.676GB acc=1.00 hr=0.6 fb=498 segs=0
ratio 0.60 (pair), 0.0 GB (evict 44717 pairs)
  r=0.6 ours_combine     peak= 6.676GB acc=1.00 hr=0.6 fb=498 segs=0
chunk inputs, size: 512 (num 2)
ratio 0.80 (pair), 0.0 GB (evict 22332 pairs)
  r=0.8 kvzip            peak= 6.653GB acc=1.00 hr=0.8 fb=None segs=None
ratio 0.80 (pair), 0.0 GB (evict 22323 pairs)
  r=0.8 ours             peak= 6.676GB acc=1.00 hr=0.8 fb=498 segs=0
ratio 0.80 (pair), 0.0 GB (evict 22323 pairs)
  r=0.8 ours_predict_next peak= 6.676GB acc=1.00 hr=0.8 fb=498 segs=0
ratio 0.80 (pair), 0.0 GB (evict 22323 pairs)
  r=0.8 ours_combine     peak= 6.676GB acc=1.00 hr=0.8 fb=498 segs=0
chunk inputs, size: 512 (num 2)
ratio 1.00 (pair), 0.1 GB (evict 0 pairs)
  r=1.0 kvzip            peak= 6.653GB acc=1.00 hr=1.0 fb=None segs=None
ratio 1.00 (pair), 0.1 GB (evict 0 pairs)
  r=1.0 ours             peak= 6.676GB acc=1.00 hr=1.0 fb=498 segs=0
ratio 1.00 (pair), 0.1 GB (evict 0 pairs)
  r=1.0 ours_predict_next peak= 6.676GB acc=1.00 hr=1.0 fb=498 segs=0
ratio 1.00 (pair), 0.1 GB (evict 0 pairs)
  r=1.0 ours_combine     peak= 6.676GB acc=1.00 hr=1.0 fb=498 segs=0
insertion at 362
================================================================================ 
[ctx_len=500 depth=90% q=0.9 true_len=498]
chunk inputs, size: 512 (num 2)
ratio 0.00 (pair), 0.0 GB (evict 111552 pairs)
  r=0.0 kvzip            peak= 6.653GB acc=0.00 hr=0.0 fb=None segs=None
ratio 0.00 (pair), 0.0 GB (evict 14336 pairs)
  r=0.0 ours             peak= 6.676GB acc=0.00 hr=0.0 fb=64 segs=0
ratio 0.00 (pair), 0.0 GB (evict 14336 pairs)
  r=0.0 ours_predict_next peak= 6.676GB acc=0.00 hr=0.0 fb=64 segs=0
ratio 0.00 (pair), 0.0 GB (evict 14336 pairs)
  r=0.0 ours_combine     peak= 6.676GB acc=0.00 hr=0.0 fb=64 segs=0
chunk inputs, size: 512 (num 2)
ratio 0.20 (pair), 0.0 GB (evict 89301 pairs)
  r=0.2 kvzip            peak= 6.653GB acc=1.00 hr=0.2 fb=None segs=None
ratio 0.50 (pair), 0.0 GB (evict 22295 pairs)
  r=0.2 ours             peak= 6.676GB acc=1.00 hr=0.5 fb=199 segs=0
ratio 0.50 (pair), 0.0 GB (evict 22302 pairs)
  r=0.2 ours_predict_next peak= 6.676GB acc=0.00 hr=0.5 fb=199 segs=0
ratio 0.50 (pair), 0.0 GB (evict 22302 pairs)
  r=0.2 ours_combine     peak= 6.676GB acc=0.00 hr=0.5 fb=199 segs=0
chunk inputs, size: 512 (num 2)
ratio 0.40 (pair), 0.0 GB (evict 66986 pairs)
  r=0.4 kvzip            peak= 6.653GB acc=1.00 hr=0.4 fb=None segs=None
ratio 0.50 (pair), 0.0 GB (evict 44600 pairs)
  r=0.4 ours             peak= 6.676GB acc=1.00 hr=0.5 fb=398 segs=0
ratio 0.50 (pair), 0.0 GB (evict 44609 pairs)
  r=0.4 ours_predict_next peak= 6.676GB acc=1.00 hr=0.5 fb=398 segs=0
ratio 0.50 (pair), 0.0 GB (evict 44609 pairs)
  r=0.4 ours_combine     peak= 6.676GB acc=1.00 hr=0.5 fb=398 segs=0
chunk inputs, size: 512 (num 2)
ratio 0.60 (pair), 0.0 GB (evict 44629 pairs)
  r=0.6 kvzip            peak= 6.653GB acc=1.00 hr=0.6 fb=None segs=None
ratio 0.60 (pair), 0.0 GB (evict 44717 pairs)
  r=0.6 ours             peak= 6.676GB acc=1.00 hr=0.6 fb=498 segs=0
ratio 0.60 (pair), 0.0 GB (evict 44717 pairs)
  r=0.6 ours_predict_next peak= 6.676GB acc=1.00 hr=0.6 fb=498 segs=0
ratio 0.60 (pair), 0.0 GB (evict 44717 pairs)
  r=0.6 ours_combine     peak= 6.676GB acc=1.00 hr=0.6 fb=498 segs=0
chunk inputs, size: 512 (num 2)
ratio 0.80 (pair), 0.0 GB (evict 22332 pairs)
  r=0.8 kvzip            peak= 6.653GB acc=1.00 hr=0.8 fb=None segs=None
ratio 0.80 (pair), 0.0 GB (evict 22323 pairs)
  r=0.8 ours             peak= 6.676GB acc=1.00 hr=0.8 fb=498 segs=0
ratio 0.80 (pair), 0.0 GB (evict 22323 pairs)
  r=0.8 ours_predict_next peak= 6.676GB acc=1.00 hr=0.8 fb=498 segs=0
ratio 0.80 (pair), 0.0 GB (evict 22323 pairs)
  r=0.8 ours_combine     peak= 6.676GB acc=1.00 hr=0.8 fb=498 segs=0
chunk inputs, size: 512 (num 2)
ratio 1.00 (pair), 0.1 GB (evict 0 pairs)
  r=1.0 kvzip            peak= 6.653GB acc=1.00 hr=1.0 fb=None segs=None
ratio 1.00 (pair), 0.1 GB (evict 0 pairs)
  r=1.0 ours             peak= 6.676GB acc=1.00 hr=1.0 fb=498 segs=0
ratio 1.00 (pair), 0.1 GB (evict 0 pairs)
  r=1.0 ours_predict_next peak= 6.676GB acc=1.00 hr=1.0 fb=498 segs=0
ratio 1.00 (pair), 0.1 GB (evict 0 pairs)
  r=1.0 ours_combine     peak= 6.676GB acc=1.00 hr=1.0 fb=498 segs=0
insertion at 476
================================================================================ 
[ctx_len=500 depth=100% q=1.0 true_len=499]
chunk inputs, size: 512 (num 2)
ratio 0.00 (pair), 0.0 GB (evict 111776 pairs)
  r=0.0 kvzip            peak= 6.653GB acc=0.00 hr=0.0 fb=None segs=None
ratio 0.00 (pair), 0.0 GB (evict 14336 pairs)
  r=0.0 ours             peak= 6.676GB acc=0.00 hr=0.0 fb=64 segs=0
ratio 0.00 (pair), 0.0 GB (evict 14336 pairs)
  r=0.0 ours_predict_next peak= 6.676GB acc=0.00 hr=0.0 fb=64 segs=0
ratio 0.00 (pair), 0.0 GB (evict 14336 pairs)
  r=0.0 ours_combine     peak= 6.676GB acc=0.00 hr=0.0 fb=64 segs=0
chunk inputs, size: 512 (num 2)
ratio 0.20 (pair), 0.0 GB (evict 89483 pairs)
  r=0.2 kvzip            peak= 6.653GB acc=1.00 hr=0.2 fb=None segs=None
ratio 0.50 (pair), 0.0 GB (evict 22424 pairs)
  r=0.2 ours             peak= 6.676GB acc=1.00 hr=0.5 fb=200 segs=0
ratio 0.50 (pair), 0.0 GB (evict 22427 pairs)
  r=0.2 ours_predict_next peak= 6.676GB acc=0.00 hr=0.5 fb=200 segs=0
ratio 0.50 (pair), 0.0 GB (evict 22427 pairs)
  r=0.2 ours_combine     peak= 6.676GB acc=0.00 hr=0.5 fb=200 segs=0
chunk inputs, size: 512 (num 2)
ratio 0.40 (pair), 0.0 GB (evict 67087 pairs)
  r=0.4 kvzip            peak= 6.653GB acc=1.00 hr=0.4 fb=None segs=None
ratio 0.50 (pair), 0.0 GB (evict 44722 pairs)
  r=0.4 ours             peak= 6.676GB acc=1.00 hr=0.5 fb=399 segs=0
ratio 0.50 (pair), 0.0 GB (evict 44745 pairs)
  r=0.4 ours_predict_next peak= 6.676GB acc=0.00 hr=0.5 fb=399 segs=0
ratio 0.50 (pair), 0.0 GB (evict 44745 pairs)
  r=0.4 ours_combine     peak= 6.676GB acc=0.00 hr=0.5 fb=399 segs=0
chunk inputs, size: 512 (num 2)
ratio 0.60 (pair), 0.0 GB (evict 44829 pairs)
  r=0.6 kvzip            peak= 6.653GB acc=1.00 hr=0.6 fb=None segs=None
ratio 0.60 (pair), 0.0 GB (evict 44840 pairs)
  r=0.6 ours             peak= 6.676GB acc=1.00 hr=0.6 fb=499 segs=0
ratio 0.60 (pair), 0.0 GB (evict 44840 pairs)
  r=0.6 ours_predict_next peak= 6.676GB acc=1.00 hr=0.6 fb=499 segs=0
ratio 0.60 (pair), 0.0 GB (evict 44840 pairs)
  r=0.6 ours_combine     peak= 6.676GB acc=1.00 hr=0.6 fb=499 segs=0
chunk inputs, size: 512 (num 2)
ratio 0.80 (pair), 0.0 GB (evict 22412 pairs)
  r=0.8 kvzip            peak= 6.653GB acc=1.00 hr=0.8 fb=None segs=None
ratio 0.80 (pair), 0.0 GB (evict 22403 pairs)
  r=0.8 ours             peak= 6.676GB acc=1.00 hr=0.8 fb=499 segs=0
ratio 0.80 (pair), 0.0 GB (evict 22403 pairs)
  r=0.8 ours_predict_next peak= 6.676GB acc=1.00 hr=0.8 fb=499 segs=0
ratio 0.80 (pair), 0.0 GB (evict 22403 pairs)
  r=0.8 ours_combine     peak= 6.676GB acc=1.00 hr=0.8 fb=499 segs=0
chunk inputs, size: 512 (num 2)
ratio 1.00 (pair), 0.1 GB (evict 0 pairs)
  r=1.0 kvzip            peak= 6.653GB acc=1.00 hr=1.0 fb=None segs=None
ratio 1.00 (pair), 0.1 GB (evict 0 pairs)
  r=1.0 ours             peak= 6.676GB acc=1.00 hr=1.0 fb=499 segs=0
ratio 1.00 (pair), 0.1 GB (evict 0 pairs)
  r=1.0 ours_predict_next peak= 6.676GB acc=1.00 hr=1.0 fb=499 segs=0
ratio 1.00 (pair), 0.1 GB (evict 0 pairs)
  r=1.0 ours_combine     peak= 6.676GB acc=1.00 hr=1.0 fb=499 segs=0
insertion at 0
================================================================================ 
[ctx_len=2000 depth=0% q=0.0 true_len=1999]
chunk inputs, size: 512 (num 4)
ratio 0.00 (pair), 0.0 GB (evict 447776 pairs)
  r=0.0 kvzip            peak= 7.754GB acc=0.00 hr=0.0 fb=None segs=None
chunk inputs, size: 512 (num 4)
chunk inputs, size: 512 (num 2)
chunk inputs, size: 512 (num 2)
ratio 0.00 (pair), 0.0 GB (evict 14336 pairs)
  r=0.0 ours             peak= 6.697GB acc=0.00 hr=0.0 fb=64 segs=1
chunk inputs, size: 512 (num 4)
ratio 0.00 (pair), 0.0 GB (evict 14336 pairs)
  r=0.0 ours_predict_next peak= 6.708GB acc=0.00 hr=0.0 fb=64 segs=1
chunk inputs, size: 512 (num 4)
chunk inputs, size: 512 (num 2)
chunk inputs, size: 512 (num 2)
chunk inputs, size: 512 (num 2)
ratio 0.00 (pair), 0.0 GB (evict 14336 pairs)
  r=0.0 ours_combine     peak= 6.714GB acc=0.00 hr=0.0 fb=64 segs=1
chunk inputs, size: 512 (num 4)
ratio 0.20 (pair), 0.0 GB (evict 358257 pairs)
  r=0.2 kvzip            peak= 7.754GB acc=1.00 hr=0.2 fb=None segs=None
chunk inputs, size: 512 (num 4)
chunk inputs, size: 512 (num 2)
chunk inputs, size: 512 (num 2)
ratio 0.50 (pair), 0.0 GB (evict 89665 pairs)
  r=0.2 ours             peak= 6.733GB acc=1.00 hr=0.5 fb=800 segs=1
chunk inputs, size: 512 (num 4)
chunk inputs, size: 512 (num 2)
ratio 0.50 (pair), 0.0 GB (evict 89656 pairs)
  r=0.2 ours_predict_next peak= 6.708GB acc=1.00 hr=0.5 fb=800 segs=1
chunk inputs, size: 512 (num 4)
chunk inputs, size: 512 (num 2)
chunk inputs, size: 512 (num 2)
chunk inputs, size: 512 (num 2)
chunk inputs, size: 512 (num 2)
ratio 0.50 (pair), 0.0 GB (evict 89683 pairs)
  r=0.2 ours_combine     peak= 6.741GB acc=1.00 hr=0.5 fb=800 segs=1
chunk inputs, size: 512 (num 4)
ratio 0.40 (pair), 0.1 GB (evict 268760 pairs)
  r=0.4 kvzip            peak= 7.754GB acc=1.00 hr=0.4 fb=None segs=None
chunk inputs, size: 512 (num 4)
chunk inputs, size: 512 (num 2)
chunk inputs, size: 512 (num 2)
ratio 0.50 (pair), 0.1 GB (evict 179215 pairs)
  r=0.4 ours             peak= 6.783GB acc=1.00 hr=0.5 fb=1599 segs=1
chunk inputs, size: 512 (num 4)
chunk inputs, size: 512 (num 3)
ratio 0.50 (pair), 0.1 GB (evict 143669 pairs)
  r=0.4 ours_predict_next peak= 6.726GB acc=1.00 hr=0.5 fb=1599 segs=1
chunk inputs, size: 512 (num 4)
chunk inputs, size: 512 (num 2)
chunk inputs, size: 512 (num 2)
chunk inputs, size: 512 (num 2)
chunk inputs, size: 512 (num 4)
ratio 0.50 (pair), 0.1 GB (evict 179200 pairs)
  r=0.4 ours_combine     peak= 6.780GB acc=1.00 hr=0.5 fb=1599 segs=1
chunk inputs, size: 512 (num 4)
ratio 0.60 (pair), 0.1 GB (evict 179510 pairs)
  r=0.6 kvzip            peak= 7.754GB acc=1.00 hr=0.6 fb=None segs=None
chunk inputs, size: 512 (num 4)
chunk inputs, size: 512 (num 3)
ratio 0.60 (pair), 0.1 GB (evict 133376 pairs)
  r=0.6 ours             peak= 6.762GB acc=1.00 hr=0.6 fb=1999 segs=1
chunk inputs, size: 512 (num 4)
chunk inputs, size: 512 (num 3)
chunk inputs, size: 512 (num 3)
ratio 0.60 (pair), 0.1 GB (evict 137642 pairs)
  r=0.6 ours_predict_next peak= 6.764GB acc=1.00 hr=0.6 fb=1999 segs=0
chunk inputs, size: 512 (num 4)
chunk inputs, size: 512 (num 3)
chunk inputs, size: 512 (num 3)
ratio 0.60 (pair), 0.1 GB (evict 133409 pairs)
  r=0.6 ours_combine     peak= 6.782GB acc=1.00 hr=0.6 fb=1999 segs=1
chunk inputs, size: 512 (num 4)
ratio 0.80 (pair), 0.2 GB (evict 89998 pairs)
  r=0.8 kvzip            peak= 7.754GB acc=1.00 hr=0.8 fb=None segs=None
chunk inputs, size: 512 (num 4)
chunk inputs, size: 512 (num 3)
ratio 0.80 (pair), 0.1 GB (evict 66845 pairs)
  r=0.8 ours             peak= 6.762GB acc=1.00 hr=0.8 fb=1999 segs=1
chunk inputs, size: 512 (num 4)
chunk inputs, size: 512 (num 3)
chunk inputs, size: 512 (num 3)
ratio 0.80 (pair), 0.1 GB (evict 68820 pairs)
  r=0.8 ours_predict_next peak= 6.764GB acc=1.00 hr=0.8 fb=1999 segs=0
chunk inputs, size: 512 (num 4)
chunk inputs, size: 512 (num 3)
chunk inputs, size: 512 (num 3)
ratio 0.80 (pair), 0.1 GB (evict 66815 pairs)
  r=0.8 ours_combine     peak= 6.782GB acc=1.00 hr=0.8 fb=1999 segs=1
chunk inputs, size: 512 (num 4)
ratio 1.00 (pair), 0.2 GB (evict 0 pairs)
  r=1.0 kvzip            peak= 7.754GB acc=1.00 hr=1.0 fb=None segs=None
chunk inputs, size: 512 (num 4)
chunk inputs, size: 512 (num 4)
ratio 1.00 (pair), 0.2 GB (evict 0 pairs)
  r=1.0 ours             peak= 6.810GB acc=1.00 hr=1.0 fb=1999 segs=0
chunk inputs, size: 512 (num 4)
chunk inputs, size: 512 (num 3)
chunk inputs, size: 512 (num 3)
ratio 1.00 (pair), 0.2 GB (evict 0 pairs)
  r=1.0 ours_predict_next peak= 6.764GB acc=1.00 hr=1.0 fb=1999 segs=0
chunk inputs, size: 512 (num 4)
chunk inputs, size: 512 (num 4)
chunk inputs, size: 512 (num 4)
chunk inputs, size: 512 (num 4)
ratio 1.00 (pair), 0.2 GB (evict 0 pairs)
  r=1.0 ours_combine     peak= 6.809GB acc=1.00 hr=1.0 fb=1999 segs=0
insertion at 135
================================================================================ 
[ctx_len=2000 depth=10% q=0.1 true_len=1999]
chunk inputs, size: 512 (num 4)
ratio 0.00 (pair), 0.0 GB (evict 447776 pairs)
  r=0.0 kvzip            peak= 7.754GB acc=0.00 hr=0.0 fb=None segs=None
chunk inputs, size: 512 (num 4)
chunk inputs, size: 512 (num 2)
chunk inputs, size: 512 (num 2)
ratio 0.00 (pair), 0.0 GB (evict 14336 pairs)
  r=0.0 ours             peak= 6.697GB acc=0.00 hr=0.0 fb=64 segs=1
chunk inputs, size: 512 (num 4)
ratio 0.00 (pair), 0.0 GB (evict 14336 pairs)
  r=0.0 ours_predict_next peak= 6.705GB acc=0.00 hr=0.0 fb=64 segs=1
chunk inputs, size: 512 (num 4)
chunk inputs, size: 512 (num 2)
chunk inputs, size: 512 (num 2)
chunk inputs, size: 512 (num 2)
ratio 0.00 (pair), 0.0 GB (evict 14336 pairs)
  r=0.0 ours_combine     peak= 6.714GB acc=0.00 hr=0.0 fb=64 segs=1
chunk inputs, size: 512 (num 4)
ratio 0.20 (pair), 0.0 GB (evict 358394 pairs)
  r=0.2 kvzip            peak= 7.754GB acc=1.00 hr=0.2 fb=None segs=None
chunk inputs, size: 512 (num 4)
chunk inputs, size: 512 (num 2)
chunk inputs, size: 512 (num 2)
ratio 0.50 (pair), 0.0 GB (evict 89621 pairs)
  r=0.2 ours             peak= 6.733GB acc=1.00 hr=0.5 fb=800 segs=1
chunk inputs, size: 512 (num 4)
chunk inputs, size: 512 (num 2)
ratio 0.50 (pair), 0.0 GB (evict 89696 pairs)
  r=0.2 ours_predict_next peak= 6.705GB acc=1.00 hr=0.5 fb=800 segs=1
chunk inputs, size: 512 (num 4)
chunk inputs, size: 512 (num 2)
chunk inputs, size: 512 (num 2)
chunk inputs, size: 512 (num 2)
chunk inputs, size: 512 (num 2)
ratio 0.50 (pair), 0.0 GB (evict 89657 pairs)
  r=0.2 ours_combine     peak= 6.741GB acc=1.00 hr=0.5 fb=800 segs=1
chunk inputs, size: 512 (num 4)
ratio 0.40 (pair), 0.1 GB (evict 268753 pairs)
  r=0.4 kvzip            peak= 7.754GB acc=1.00 hr=0.4 fb=None segs=None
chunk inputs, size: 512 (num 4)
chunk inputs, size: 512 (num 2)
chunk inputs, size: 512 (num 2)
ratio 0.50 (pair), 0.1 GB (evict 179202 pairs)
  r=0.4 ours             peak= 6.783GB acc=1.00 hr=0.5 fb=1599 segs=1
chunk inputs, size: 512 (num 4)
chunk inputs, size: 512 (num 3)
ratio 0.50 (pair), 0.1 GB (evict 143761 pairs)
  r=0.4 ours_predict_next peak= 6.729GB acc=1.00 hr=0.5 fb=1599 segs=1
chunk inputs, size: 512 (num 4)
chunk inputs, size: 512 (num 2)
chunk inputs, size: 512 (num 2)
chunk inputs, size: 512 (num 2)
chunk inputs, size: 512 (num 4)
ratio 0.50 (pair), 0.1 GB (evict 179281 pairs)
  r=0.4 ours_combine     peak= 6.780GB acc=1.00 hr=0.5 fb=1599 segs=1
chunk inputs, size: 512 (num 4)
ratio 0.60 (pair), 0.1 GB (evict 179321 pairs)
  r=0.6 kvzip            peak= 7.754GB acc=1.00 hr=0.6 fb=None segs=None
chunk inputs, size: 512 (num 4)
chunk inputs, size: 512 (num 3)
ratio 0.60 (pair), 0.1 GB (evict 133336 pairs)
  r=0.6 ours             peak= 6.762GB acc=1.00 hr=0.6 fb=1999 segs=1
chunk inputs, size: 512 (num 4)
chunk inputs, size: 512 (num 3)
chunk inputs, size: 512 (num 3)
ratio 0.60 (pair), 0.1 GB (evict 137028 pairs)
  r=0.6 ours_predict_next peak= 6.761GB acc=1.00 hr=0.6 fb=1999 segs=0
chunk inputs, size: 512 (num 4)
chunk inputs, size: 512 (num 3)
chunk inputs, size: 512 (num 3)
ratio 0.60 (pair), 0.1 GB (evict 133368 pairs)
  r=0.6 ours_combine     peak= 6.782GB acc=1.00 hr=0.6 fb=1999 segs=1
chunk inputs, size: 512 (num 4)
ratio 0.80 (pair), 0.2 GB (evict 89736 pairs)
  r=0.8 kvzip            peak= 7.754GB acc=1.00 hr=0.8 fb=None segs=None
chunk inputs, size: 512 (num 4)
chunk inputs, size: 512 (num 3)
ratio 0.80 (pair), 0.1 GB (evict 66830 pairs)
  r=0.8 ours             peak= 6.762GB acc=1.00 hr=0.8 fb=1999 segs=1
chunk inputs, size: 512 (num 4)
chunk inputs, size: 512 (num 3)
chunk inputs, size: 512 (num 3)
ratio 0.80 (pair), 0.1 GB (evict 68625 pairs)
  r=0.8 ours_predict_next peak= 6.761GB acc=1.00 hr=0.8 fb=1999 segs=0
chunk inputs, size: 512 (num 4)
chunk inputs, size: 512 (num 3)
chunk inputs, size: 512 (num 3)
ratio 0.80 (pair), 0.1 GB (evict 66889 pairs)
  r=0.8 ours_combine     peak= 6.782GB acc=1.00 hr=0.8 fb=1999 segs=1
chunk inputs, size: 512 (num 4)
ratio 1.00 (pair), 0.2 GB (evict 0 pairs)
  r=1.0 kvzip            peak= 7.754GB acc=1.00 hr=1.0 fb=None segs=None
chunk inputs, size: 512 (num 4)
chunk inputs, size: 512 (num 4)
ratio 1.00 (pair), 0.2 GB (evict 0 pairs)
  r=1.0 ours             peak= 6.810GB acc=1.00 hr=1.0 fb=1999 segs=0
chunk inputs, size: 512 (num 4)
chunk inputs, size: 512 (num 3)
chunk inputs, size: 512 (num 3)
ratio 1.00 (pair), 0.2 GB (evict 0 pairs)
  r=1.0 ours_predict_next peak= 6.761GB acc=1.00 hr=1.0 fb=1999 segs=0
chunk inputs, size: 512 (num 4)
chunk inputs, size: 512 (num 4)
chunk inputs, size: 512 (num 4)
chunk inputs, size: 512 (num 4)
ratio 1.00 (pair), 0.2 GB (evict 0 pairs)
  r=1.0 ours_combine     peak= 6.809GB acc=1.00 hr=1.0 fb=1999 segs=0
insertion at 362
================================================================================ 
[ctx_len=2000 depth=20% q=0.2 true_len=1999]
chunk inputs, size: 512 (num 4)
ratio 0.00 (pair), 0.0 GB (evict 447776 pairs)
  r=0.0 kvzip            peak= 7.754GB acc=0.00 hr=0.0 fb=None segs=None
chunk inputs, size: 512 (num 4)
chunk inputs, size: 512 (num 2)
chunk inputs, size: 512 (num 2)
ratio 0.00 (pair), 0.0 GB (evict 14336 pairs)
  r=0.0 ours             peak= 6.697GB acc=0.00 hr=0.0 fb=64 segs=1
chunk inputs, size: 512 (num 4)
ratio 0.00 (pair), 0.0 GB (evict 14336 pairs)
  r=0.0 ours_predict_next peak= 6.705GB acc=0.00 hr=0.0 fb=64 segs=1
chunk inputs, size: 512 (num 4)
chunk inputs, size: 512 (num 2)
chunk inputs, size: 512 (num 2)
chunk inputs, size: 512 (num 2)
ratio 0.00 (pair), 0.0 GB (evict 14336 pairs)
  r=0.0 ours_combine     peak= 6.714GB acc=0.00 hr=0.0 fb=64 segs=1
chunk inputs, size: 512 (num 4)
ratio 0.20 (pair), 0.0 GB (evict 358242 pairs)
  r=0.2 kvzip            peak= 7.754GB acc=1.00 hr=0.2 fb=None segs=None
chunk inputs, size: 512 (num 4)
chunk inputs, size: 512 (num 2)
chunk inputs, size: 512 (num 2)
ratio 0.50 (pair), 0.0 GB (evict 89692 pairs)
  r=0.2 ours             peak= 6.733GB acc=1.00 hr=0.5 fb=800 segs=1
chunk inputs, size: 512 (num 4)
chunk inputs, size: 512 (num 2)
ratio 0.50 (pair), 0.0 GB (evict 89802 pairs)
  r=0.2 ours_predict_next peak= 6.705GB acc=1.00 hr=0.5 fb=800 segs=1
chunk inputs, size: 512 (num 4)
chunk inputs, size: 512 (num 2)
chunk inputs, size: 512 (num 2)
chunk inputs, size: 512 (num 2)
chunk inputs, size: 512 (num 2)
ratio 0.50 (pair), 0.0 GB (evict 89660 pairs)
  r=0.2 ours_combine     peak= 6.741GB acc=1.00 hr=0.5 fb=800 segs=1
chunk inputs, size: 512 (num 4)
ratio 0.40 (pair), 0.1 GB (evict 268904 pairs)
  r=0.4 kvzip            peak= 7.754GB acc=1.00 hr=0.4 fb=None segs=None
chunk inputs, size: 512 (num 4)
chunk inputs, size: 512 (num 2)
chunk inputs, size: 512 (num 2)
ratio 0.50 (pair), 0.1 GB (evict 179148 pairs)
  r=0.4 ours             peak= 6.783GB acc=1.00 hr=0.5 fb=1599 segs=1
chunk inputs, size: 512 (num 4)
chunk inputs, size: 512 (num 3)
ratio 0.50 (pair), 0.1 GB (evict 143645 pairs)
  r=0.4 ours_predict_next peak= 6.731GB acc=1.00 hr=0.5 fb=1599 segs=1
chunk inputs, size: 512 (num 4)
chunk inputs, size: 512 (num 2)
chunk inputs, size: 512 (num 2)
chunk inputs, size: 512 (num 2)
chunk inputs, size: 512 (num 4)
ratio 0.50 (pair), 0.1 GB (evict 179290 pairs)
  r=0.4 ours_combine     peak= 6.780GB acc=1.00 hr=0.5 fb=1599 segs=1
chunk inputs, size: 512 (num 4)
ratio 0.60 (pair), 0.1 GB (evict 179543 pairs)
  r=0.6 kvzip            peak= 7.754GB acc=1.00 hr=0.6 fb=None segs=None
chunk inputs, size: 512 (num 4)
chunk inputs, size: 512 (num 3)
ratio 0.60 (pair), 0.1 GB (evict 133418 pairs)
  r=0.6 ours             peak= 6.762GB acc=1.00 hr=0.6 fb=1999 segs=1
chunk inputs, size: 512 (num 4)
chunk inputs, size: 512 (num 3)
chunk inputs, size: 512 (num 3)
ratio 0.60 (pair), 0.1 GB (evict 137055 pairs)
  r=0.6 ours_predict_next peak= 6.761GB acc=1.00 hr=0.6 fb=1999 segs=0
chunk inputs, size: 512 (num 4)
chunk inputs, size: 512 (num 3)
chunk inputs, size: 512 (num 3)
ratio 0.60 (pair), 0.1 GB (evict 133245 pairs)
  r=0.6 ours_combine     peak= 6.782GB acc=1.00 hr=0.6 fb=1999 segs=1
chunk inputs, size: 512 (num 4)
ratio 0.80 (pair), 0.2 GB (evict 89560 pairs)
  r=0.8 kvzip            peak= 7.754GB acc=1.00 hr=0.8 fb=None segs=None
chunk inputs, size: 512 (num 4)
chunk inputs, size: 512 (num 3)
ratio 0.80 (pair), 0.1 GB (evict 66631 pairs)
  r=0.8 ours             peak= 6.762GB acc=1.00 hr=0.8 fb=1999 segs=1
chunk inputs, size: 512 (num 4)
chunk inputs, size: 512 (num 3)
chunk inputs, size: 512 (num 3)
ratio 0.80 (pair), 0.1 GB (evict 68531 pairs)
  r=0.8 ours_predict_next peak= 6.761GB acc=1.00 hr=0.8 fb=1999 segs=0
chunk inputs, size: 512 (num 4)
chunk inputs, size: 512 (num 3)
chunk inputs, size: 512 (num 3)
ratio 0.80 (pair), 0.1 GB (evict 66856 pairs)
  r=0.8 ours_combine     peak= 6.782GB acc=1.00 hr=0.8 fb=1999 segs=1
chunk inputs, size: 512 (num 4)
ratio 1.00 (pair), 0.2 GB (evict 0 pairs)
  r=1.0 kvzip            peak= 7.754GB acc=1.00 hr=1.0 fb=None segs=None
chunk inputs, size: 512 (num 4)
chunk inputs, size: 512 (num 4)
ratio 1.00 (pair), 0.2 GB (evict 0 pairs)
  r=1.0 ours             peak= 6.810GB acc=1.00 hr=1.0 fb=1999 segs=0
chunk inputs, size: 512 (num 4)
chunk inputs, size: 512 (num 3)
chunk inputs, size: 512 (num 3)
ratio 1.00 (pair), 0.2 GB (evict 0 pairs)
  r=1.0 ours_predict_next peak= 6.761GB acc=1.00 hr=1.0 fb=1999 segs=0
chunk inputs, size: 512 (num 4)
chunk inputs, size: 512 (num 4)
chunk inputs, size: 512 (num 4)
chunk inputs, size: 512 (num 4)
ratio 1.00 (pair), 0.2 GB (evict 0 pairs)
  r=1.0 ours_combine     peak= 6.809GB acc=1.00 hr=1.0 fb=1999 segs=0
insertion at 570
================================================================================ 
[ctx_len=2000 depth=30% q=0.3 true_len=1999]
chunk inputs, size: 512 (num 4)
ratio 0.00 (pair), 0.0 GB (evict 447776 pairs)
  r=0.0 kvzip            peak= 7.754GB acc=0.00 hr=0.0 fb=None segs=None
chunk inputs, size: 512 (num 4)
chunk inputs, size: 512 (num 2)
chunk inputs, size: 512 (num 2)
ratio 0.00 (pair), 0.0 GB (evict 14336 pairs)
  r=0.0 ours             peak= 6.697GB acc=0.00 hr=0.0 fb=64 segs=1
chunk inputs, size: 512 (num 4)
ratio 0.00 (pair), 0.0 GB (evict 14336 pairs)
  r=0.0 ours_predict_next peak= 6.707GB acc=0.00 hr=0.0 fb=64 segs=1
chunk inputs, size: 512 (num 4)
chunk inputs, size: 512 (num 2)
chunk inputs, size: 512 (num 2)
chunk inputs, size: 512 (num 2)
ratio 0.00 (pair), 0.0 GB (evict 14336 pairs)
  r=0.0 ours_combine     peak= 6.714GB acc=0.00 hr=0.0 fb=64 segs=1
chunk inputs, size: 512 (num 4)
ratio 0.20 (pair), 0.0 GB (evict 358269 pairs)
  r=0.2 kvzip            peak= 7.754GB acc=1.00 hr=0.2 fb=None segs=None
chunk inputs, size: 512 (num 4)
chunk inputs, size: 512 (num 2)
chunk inputs, size: 512 (num 2)
ratio 0.50 (pair), 0.0 GB (evict 89694 pairs)
  r=0.2 ours             peak= 6.733GB acc=1.00 hr=0.5 fb=800 segs=1
chunk inputs, size: 512 (num 4)
chunk inputs, size: 512 (num 2)
ratio 0.50 (pair), 0.0 GB (evict 89653 pairs)
  r=0.2 ours_predict_next peak= 6.707GB acc=0.00 hr=0.5 fb=800 segs=1
chunk inputs, size: 512 (num 4)
chunk inputs, size: 512 (num 2)
chunk inputs, size: 512 (num 2)
chunk inputs, size: 512 (num 2)
chunk inputs, size: 512 (num 2)
ratio 0.50 (pair), 0.0 GB (evict 89615 pairs)
  r=0.2 ours_combine     peak= 6.741GB acc=0.00 hr=0.5 fb=800 segs=1
chunk inputs, size: 512 (num 4)
ratio 0.40 (pair), 0.1 GB (evict 268922 pairs)
  r=0.4 kvzip            peak= 7.754GB acc=1.00 hr=0.4 fb=None segs=None
chunk inputs, size: 512 (num 4)
chunk inputs, size: 512 (num 2)
chunk inputs, size: 512 (num 2)
ratio 0.50 (pair), 0.1 GB (evict 179151 pairs)
  r=0.4 ours             peak= 6.783GB acc=1.00 hr=0.5 fb=1599 segs=1
chunk inputs, size: 512 (num 4)
chunk inputs, size: 512 (num 3)
ratio 0.50 (pair), 0.1 GB (evict 143760 pairs)
  r=0.4 ours_predict_next peak= 6.730GB acc=0.00 hr=0.5 fb=1599 segs=1
chunk inputs, size: 512 (num 4)
chunk inputs, size: 512 (num 2)
chunk inputs, size: 512 (num 2)
chunk inputs, size: 512 (num 2)
chunk inputs, size: 512 (num 4)
ratio 0.50 (pair), 0.1 GB (evict 179232 pairs)
  r=0.4 ours_combine     peak= 6.780GB acc=1.00 hr=0.5 fb=1599 segs=1
chunk inputs, size: 512 (num 4)
ratio 0.60 (pair), 0.1 GB (evict 179445 pairs)
  r=0.6 kvzip            peak= 7.754GB acc=1.00 hr=0.6 fb=None segs=None
chunk inputs, size: 512 (num 4)
chunk inputs, size: 512 (num 3)
ratio 0.60 (pair), 0.1 GB (evict 133678 pairs)
  r=0.6 ours             peak= 6.762GB acc=1.00 hr=0.6 fb=1999 segs=1
chunk inputs, size: 512 (num 4)
chunk inputs, size: 512 (num 3)
chunk inputs, size: 512 (num 2)
ratio 0.60 (pair), 0.1 GB (evict 91860 pairs)
  r=0.6 ours_predict_next peak= 6.750GB acc=0.00 hr=0.6 fb=1999 segs=1
chunk inputs, size: 512 (num 4)
chunk inputs, size: 512 (num 3)
chunk inputs, size: 512 (num 3)
ratio 0.60 (pair), 0.1 GB (evict 133496 pairs)
  r=0.6 ours_combine     peak= 6.782GB acc=1.00 hr=0.6 fb=1999 segs=1
chunk inputs, size: 512 (num 4)
ratio 0.80 (pair), 0.2 GB (evict 89595 pairs)
  r=0.8 kvzip            peak= 7.754GB acc=1.00 hr=0.8 fb=None segs=None
chunk inputs, size: 512 (num 4)
chunk inputs, size: 512 (num 3)
ratio 0.80 (pair), 0.1 GB (evict 66833 pairs)
  r=0.8 ours             peak= 6.762GB acc=1.00 hr=0.8 fb=1999 segs=1
chunk inputs, size: 512 (num 4)
chunk inputs, size: 512 (num 3)
chunk inputs, size: 512 (num 2)
ratio 0.80 (pair), 0.1 GB (evict 46043 pairs)
  r=0.8 ours_predict_next peak= 6.750GB acc=0.00 hr=0.8 fb=1999 segs=1
chunk inputs, size: 512 (num 4)
chunk inputs, size: 512 (num 3)
chunk inputs, size: 512 (num 3)
ratio 0.80 (pair), 0.1 GB (evict 66946 pairs)
  r=0.8 ours_combine     peak= 6.782GB acc=1.00 hr=0.8 fb=1999 segs=1
chunk inputs, size: 512 (num 4)
ratio 1.00 (pair), 0.2 GB (evict 0 pairs)
  r=1.0 kvzip            peak= 7.754GB acc=1.00 hr=1.0 fb=None segs=None
chunk inputs, size: 512 (num 4)
chunk inputs, size: 512 (num 4)
ratio 1.00 (pair), 0.2 GB (evict 0 pairs)
  r=1.0 ours             peak= 6.810GB acc=1.00 hr=1.0 fb=1999 segs=0
chunk inputs, size: 512 (num 4)
chunk inputs, size: 512 (num 3)
chunk inputs, size: 512 (num 3)
ratio 1.00 (pair), 0.2 GB (evict 0 pairs)
  r=1.0 ours_predict_next peak= 6.760GB acc=0.00 hr=1.0 fb=1999 segs=0
chunk inputs, size: 512 (num 4)
chunk inputs, size: 512 (num 4)
chunk inputs, size: 512 (num 4)
chunk inputs, size: 512 (num 4)
ratio 1.00 (pair), 0.2 GB (evict 0 pairs)
  r=1.0 ours_combine     peak= 6.809GB acc=1.00 hr=1.0 fb=1999 segs=0
insertion at 781
================================================================================ 
[ctx_len=2000 depth=40% q=0.4 true_len=1999]
chunk inputs, size: 512 (num 4)
ratio 0.00 (pair), 0.0 GB (evict 447776 pairs)
  r=0.0 kvzip            peak= 7.754GB acc=0.00 hr=0.0 fb=None segs=None
chunk inputs, size: 512 (num 4)
chunk inputs, size: 512 (num 2)
chunk inputs, size: 512 (num 2)
ratio 0.00 (pair), 0.0 GB (evict 14336 pairs)
  r=0.0 ours             peak= 6.697GB acc=0.00 hr=0.0 fb=64 segs=1
chunk inputs, size: 512 (num 4)
ratio 0.00 (pair), 0.0 GB (evict 14336 pairs)
  r=0.0 ours_predict_next peak= 6.708GB acc=0.00 hr=0.0 fb=64 segs=1
chunk inputs, size: 512 (num 4)
chunk inputs, size: 512 (num 2)
chunk inputs, size: 512 (num 2)
chunk inputs, size: 512 (num 2)
ratio 0.00 (pair), 0.0 GB (evict 14336 pairs)
  r=0.0 ours_combine     peak= 6.714GB acc=0.00 hr=0.0 fb=64 segs=1
chunk inputs, size: 512 (num 4)
ratio 0.20 (pair), 0.0 GB (evict 358290 pairs)
  r=0.2 kvzip            peak= 7.754GB acc=1.00 hr=0.2 fb=None segs=None
chunk inputs, size: 512 (num 4)
chunk inputs, size: 512 (num 2)
chunk inputs, size: 512 (num 2)
ratio 0.50 (pair), 0.0 GB (evict 89627 pairs)
  r=0.2 ours             peak= 6.733GB acc=1.00 hr=0.5 fb=800 segs=1
chunk inputs, size: 512 (num 4)
chunk inputs, size: 512 (num 2)
ratio 0.50 (pair), 0.0 GB (evict 89653 pairs)
  r=0.2 ours_predict_next peak= 6.708GB acc=0.00 hr=0.5 fb=800 segs=1
chunk inputs, size: 512 (num 4)
chunk inputs, size: 512 (num 2)
chunk inputs, size: 512 (num 2)
chunk inputs, size: 512 (num 2)
chunk inputs, size: 512 (num 2)
ratio 0.50 (pair), 0.0 GB (evict 89615 pairs)
  r=0.2 ours_combine     peak= 6.741GB acc=0.00 hr=0.5 fb=800 segs=1
chunk inputs, size: 512 (num 4)
ratio 0.40 (pair), 0.1 GB (evict 268879 pairs)
  r=0.4 kvzip            peak= 7.754GB acc=1.00 hr=0.4 fb=None segs=None
chunk inputs, size: 512 (num 4)
chunk inputs, size: 512 (num 2)
chunk inputs, size: 512 (num 2)
ratio 0.50 (pair), 0.1 GB (evict 179100 pairs)
  r=0.4 ours             peak= 6.783GB acc=1.00 hr=0.5 fb=1599 segs=1
chunk inputs, size: 512 (num 4)
chunk inputs, size: 512 (num 3)
ratio 0.50 (pair), 0.1 GB (evict 143635 pairs)
  r=0.4 ours_predict_next peak= 6.728GB acc=0.00 hr=0.5 fb=1599 segs=1
chunk inputs, size: 512 (num 4)
chunk inputs, size: 512 (num 2)
chunk inputs, size: 512 (num 2)
chunk inputs, size: 512 (num 2)
chunk inputs, size: 512 (num 4)
ratio 0.50 (pair), 0.1 GB (evict 179168 pairs)
  r=0.4 ours_combine     peak= 6.780GB acc=1.00 hr=0.5 fb=1599 segs=1
chunk inputs, size: 512 (num 4)
ratio 0.60 (pair), 0.1 GB (evict 179307 pairs)
  r=0.6 kvzip            peak= 7.754GB acc=1.00 hr=0.6 fb=None segs=None
chunk inputs, size: 512 (num 4)
chunk inputs, size: 512 (num 3)
ratio 0.60 (pair), 0.1 GB (evict 133271 pairs)
  r=0.6 ours             peak= 6.762GB acc=1.00 hr=0.6 fb=1999 segs=1
chunk inputs, size: 512 (num 4)
chunk inputs, size: 512 (num 3)
chunk inputs, size: 512 (num 3)
ratio 0.60 (pair), 0.1 GB (evict 137246 pairs)
  r=0.6 ours_predict_next peak= 6.758GB acc=0.50 hr=0.6 fb=1999 segs=0
chunk inputs, size: 512 (num 4)
chunk inputs, size: 512 (num 3)
chunk inputs, size: 512 (num 3)
ratio 0.60 (pair), 0.1 GB (evict 133370 pairs)
  r=0.6 ours_combine     peak= 6.782GB acc=1.00 hr=0.6 fb=1999 segs=1
chunk inputs, size: 512 (num 4)
ratio 0.80 (pair), 0.2 GB (evict 89573 pairs)
  r=0.8 kvzip            peak= 7.754GB acc=1.00 hr=0.8 fb=None segs=None
chunk inputs, size: 512 (num 4)
chunk inputs, size: 512 (num 3)
ratio 0.80 (pair), 0.1 GB (evict 66781 pairs)
  r=0.8 ours             peak= 6.762GB acc=1.00 hr=0.8 fb=1999 segs=1
chunk inputs, size: 512 (num 4)
chunk inputs, size: 512 (num 3)
chunk inputs, size: 512 (num 3)
ratio 0.80 (pair), 0.1 GB (evict 68895 pairs)
  r=0.8 ours_predict_next peak= 6.758GB acc=0.50 hr=0.8 fb=1999 segs=0
chunk inputs, size: 512 (num 4)
chunk inputs, size: 512 (num 3)
chunk inputs, size: 512 (num 3)
ratio 0.80 (pair), 0.1 GB (evict 66842 pairs)
  r=0.8 ours_combine     peak= 6.782GB acc=1.00 hr=0.8 fb=1999 segs=1
chunk inputs, size: 512 (num 4)
ratio 1.00 (pair), 0.2 GB (evict 0 pairs)
  r=1.0 kvzip            peak= 7.754GB acc=1.00 hr=1.0 fb=None segs=None
chunk inputs, size: 512 (num 4)
chunk inputs, size: 512 (num 4)
ratio 1.00 (pair), 0.2 GB (evict 0 pairs)
  r=1.0 ours             peak= 6.810GB acc=1.00 hr=1.0 fb=1999 segs=0
chunk inputs, size: 512 (num 4)
chunk inputs, size: 512 (num 3)
chunk inputs, size: 512 (num 3)
ratio 1.00 (pair), 0.2 GB (evict 0 pairs)
  r=1.0 ours_predict_next peak= 6.758GB acc=0.50 hr=1.0 fb=1999 segs=0
chunk inputs, size: 512 (num 4)
chunk inputs, size: 512 (num 4)
chunk inputs, size: 512 (num 4)
chunk inputs, size: 512 (num 4)
ratio 1.00 (pair), 0.2 GB (evict 0 pairs)
  r=1.0 ours_combine     peak= 6.809GB acc=1.00 hr=1.0 fb=1999 segs=0
insertion at 917
================================================================================ 
[ctx_len=2000 depth=50% q=0.5 true_len=1999]
chunk inputs, size: 512 (num 4)
ratio 0.00 (pair), 0.0 GB (evict 447776 pairs)
  r=0.0 kvzip            peak= 7.754GB acc=0.00 hr=0.0 fb=None segs=None
chunk inputs, size: 512 (num 4)
chunk inputs, size: 512 (num 2)
chunk inputs, size: 512 (num 2)
ratio 0.00 (pair), 0.0 GB (evict 14336 pairs)
  r=0.0 ours             peak= 6.697GB acc=0.00 hr=0.0 fb=64 segs=1
chunk inputs, size: 512 (num 4)
ratio 0.00 (pair), 0.0 GB (evict 14336 pairs)
  r=0.0 ours_predict_next peak= 6.704GB acc=0.00 hr=0.0 fb=64 segs=1
chunk inputs, size: 512 (num 4)
chunk inputs, size: 512 (num 2)
chunk inputs, size: 512 (num 2)
chunk inputs, size: 512 (num 2)
ratio 0.00 (pair), 0.0 GB (evict 14336 pairs)
  r=0.0 ours_combine     peak= 6.714GB acc=0.00 hr=0.0 fb=64 segs=1
chunk inputs, size: 512 (num 4)
ratio 0.20 (pair), 0.0 GB (evict 358256 pairs)
  r=0.2 kvzip            peak= 7.754GB acc=1.00 hr=0.2 fb=None segs=None
chunk inputs, size: 512 (num 4)
chunk inputs, size: 512 (num 2)
chunk inputs, size: 512 (num 2)
ratio 0.50 (pair), 0.0 GB (evict 89673 pairs)
  r=0.2 ours             peak= 6.733GB acc=1.00 hr=0.5 fb=800 segs=1
chunk inputs, size: 512 (num 4)
chunk inputs, size: 512 (num 2)
ratio 0.50 (pair), 0.0 GB (evict 89653 pairs)
  r=0.2 ours_predict_next peak= 6.704GB acc=0.00 hr=0.5 fb=800 segs=1
chunk inputs, size: 512 (num 4)
chunk inputs, size: 512 (num 2)
chunk inputs, size: 512 (num 2)
chunk inputs, size: 512 (num 2)
chunk inputs, size: 512 (num 2)
ratio 0.50 (pair), 0.0 GB (evict 89615 pairs)
  r=0.2 ours_combine     peak= 6.741GB acc=0.00 hr=0.5 fb=800 segs=1
chunk inputs, size: 512 (num 4)
ratio 0.40 (pair), 0.1 GB (evict 268780 pairs)
  r=0.4 kvzip            peak= 7.754GB acc=1.00 hr=0.4 fb=None segs=None
chunk inputs, size: 512 (num 4)
chunk inputs, size: 512 (num 2)
chunk inputs, size: 512 (num 2)
ratio 0.50 (pair), 0.1 GB (evict 179368 pairs)
  r=0.4 ours             peak= 6.783GB acc=1.00 hr=0.5 fb=1599 segs=1
chunk inputs, size: 512 (num 4)
chunk inputs, size: 512 (num 3)
ratio 0.50 (pair), 0.1 GB (evict 143761 pairs)
  r=0.4 ours_predict_next peak= 6.732GB acc=0.00 hr=0.5 fb=1599 segs=1
chunk inputs, size: 512 (num 4)
chunk inputs, size: 512 (num 2)
chunk inputs, size: 512 (num 2)
chunk inputs, size: 512 (num 2)
chunk inputs, size: 512 (num 4)
ratio 0.50 (pair), 0.1 GB (evict 179171 pairs)
  r=0.4 ours_combine     peak= 6.780GB acc=1.00 hr=0.5 fb=1599 segs=1
chunk inputs, size: 512 (num 4)
ratio 0.60 (pair), 0.1 GB (evict 179237 pairs)
  r=0.6 kvzip            peak= 7.754GB acc=1.00 hr=0.6 fb=None segs=None
chunk inputs, size: 512 (num 4)
chunk inputs, size: 512 (num 3)
ratio 0.60 (pair), 0.1 GB (evict 133552 pairs)
  r=0.6 ours             peak= 6.762GB acc=1.00 hr=0.6 fb=1999 segs=1
chunk inputs, size: 512 (num 4)
chunk inputs, size: 512 (num 3)
chunk inputs, size: 512 (num 3)
ratio 0.60 (pair), 0.1 GB (evict 136750 pairs)
  r=0.6 ours_predict_next peak= 6.761GB acc=1.00 hr=0.6 fb=1999 segs=0
chunk inputs, size: 512 (num 4)
chunk inputs, size: 512 (num 3)
chunk inputs, size: 512 (num 3)
ratio 0.60 (pair), 0.1 GB (evict 133395 pairs)
  r=0.6 ours_combine     peak= 6.782GB acc=1.00 hr=0.6 fb=1999 segs=1
chunk inputs, size: 512 (num 4)
ratio 0.80 (pair), 0.2 GB (evict 89583 pairs)
  r=0.8 kvzip            peak= 7.754GB acc=1.00 hr=0.8 fb=None segs=None
chunk inputs, size: 512 (num 4)
chunk inputs, size: 512 (num 3)
ratio 0.80 (pair), 0.1 GB (evict 66791 pairs)
  r=0.8 ours             peak= 6.762GB acc=1.00 hr=0.8 fb=1999 segs=1
chunk inputs, size: 512 (num 4)
chunk inputs, size: 512 (num 3)
chunk inputs, size: 512 (num 3)
ratio 0.80 (pair), 0.1 GB (evict 68440 pairs)
  r=0.8 ours_predict_next peak= 6.761GB acc=1.00 hr=0.8 fb=1999 segs=0
chunk inputs, size: 512 (num 4)
chunk inputs, size: 512 (num 3)
chunk inputs, size: 512 (num 3)
ratio 0.80 (pair), 0.1 GB (evict 66733 pairs)
  r=0.8 ours_combine     peak= 6.782GB acc=1.00 hr=0.8 fb=1999 segs=1
chunk inputs, size: 512 (num 4)
ratio 1.00 (pair), 0.2 GB (evict 0 pairs)
  r=1.0 kvzip            peak= 7.754GB acc=1.00 hr=1.0 fb=None segs=None
chunk inputs, size: 512 (num 4)
chunk inputs, size: 512 (num 4)
ratio 1.00 (pair), 0.2 GB (evict 0 pairs)
  r=1.0 ours             peak= 6.810GB acc=1.00 hr=1.0 fb=1999 segs=0
chunk inputs, size: 512 (num 4)
chunk inputs, size: 512 (num 3)
chunk inputs, size: 512 (num 3)
ratio 1.00 (pair), 0.2 GB (evict 0 pairs)
  r=1.0 ours_predict_next peak= 6.761GB acc=1.00 hr=1.0 fb=1999 segs=0
chunk inputs, size: 512 (num 4)
chunk inputs, size: 512 (num 4)
chunk inputs, size: 512 (num 4)
chunk inputs, size: 512 (num 4)
ratio 1.00 (pair), 0.2 GB (evict 0 pairs)
  r=1.0 ours_combine     peak= 6.809GB acc=1.00 hr=1.0 fb=1999 segs=0
insertion at 1174
================================================================================ 
[ctx_len=2000 depth=60% q=0.6 true_len=1999]
chunk inputs, size: 512 (num 4)
ratio 0.00 (pair), 0.0 GB (evict 447776 pairs)
  r=0.0 kvzip            peak= 7.754GB acc=0.00 hr=0.0 fb=None segs=None
chunk inputs, size: 512 (num 4)
chunk inputs, size: 512 (num 2)
chunk inputs, size: 512 (num 2)
ratio 0.00 (pair), 0.0 GB (evict 14336 pairs)
  r=0.0 ours             peak= 6.697GB acc=0.00 hr=0.0 fb=64 segs=1
chunk inputs, size: 512 (num 4)
chunk inputs, size: 512 (num 3)
ratio 0.00 (pair), 0.0 GB (evict 14336 pairs)
  r=0.0 ours_predict_next peak= 6.745GB acc=0.00 hr=0.0 fb=64 segs=1
chunk inputs, size: 512 (num 4)
chunk inputs, size: 512 (num 2)
chunk inputs, size: 512 (num 2)
chunk inputs, size: 512 (num 2)
ratio 0.00 (pair), 0.0 GB (evict 14336 pairs)
  r=0.0 ours_combine     peak= 6.714GB acc=0.00 hr=0.0 fb=64 segs=1
chunk inputs, size: 512 (num 4)
ratio 0.20 (pair), 0.0 GB (evict 358294 pairs)
  r=0.2 kvzip            peak= 7.754GB acc=1.00 hr=0.2 fb=None segs=None
chunk inputs, size: 512 (num 4)
chunk inputs, size: 512 (num 2)
chunk inputs, size: 512 (num 2)
ratio 0.50 (pair), 0.0 GB (evict 89621 pairs)
  r=0.2 ours             peak= 6.733GB acc=1.00 hr=0.5 fb=800 segs=1
chunk inputs, size: 512 (num 4)
chunk inputs, size: 512 (num 3)
ratio 0.50 (pair), 0.0 GB (evict 51899 pairs)
  r=0.2 ours_predict_next peak= 6.745GB acc=0.00 hr=0.5 fb=800 segs=1
chunk inputs, size: 512 (num 4)
chunk inputs, size: 512 (num 2)
chunk inputs, size: 512 (num 2)
chunk inputs, size: 512 (num 2)
chunk inputs, size: 512 (num 2)
ratio 0.50 (pair), 0.0 GB (evict 89636 pairs)
  r=0.2 ours_combine     peak= 6.741GB acc=0.00 hr=0.5 fb=800 segs=1
chunk inputs, size: 512 (num 4)
ratio 0.40 (pair), 0.1 GB (evict 268703 pairs)
  r=0.4 kvzip            peak= 7.754GB acc=1.00 hr=0.4 fb=None segs=None
chunk inputs, size: 512 (num 4)
chunk inputs, size: 512 (num 2)
chunk inputs, size: 512 (num 2)
ratio 0.50 (pair), 0.1 GB (evict 179478 pairs)
  r=0.4 ours             peak= 6.783GB acc=1.00 hr=0.5 fb=1599 segs=1
chunk inputs, size: 512 (num 4)
chunk inputs, size: 512 (num 3)
chunk inputs, size: 512 (num 2)
ratio 0.50 (pair), 0.1 GB (evict 91836 pairs)
  r=0.4 ours_predict_next peak= 6.745GB acc=0.00 hr=0.5 fb=1599 segs=1
chunk inputs, size: 512 (num 4)
chunk inputs, size: 512 (num 2)
chunk inputs, size: 512 (num 2)
chunk inputs, size: 512 (num 2)
chunk inputs, size: 512 (num 4)
ratio 0.50 (pair), 0.1 GB (evict 179268 pairs)
  r=0.4 ours_combine     peak= 6.780GB acc=1.00 hr=0.5 fb=1599 segs=1
chunk inputs, size: 512 (num 4)
ratio 0.60 (pair), 0.1 GB (evict 179136 pairs)
  r=0.6 kvzip            peak= 7.754GB acc=1.00 hr=0.6 fb=None segs=None
chunk inputs, size: 512 (num 4)
chunk inputs, size: 512 (num 3)
ratio 0.60 (pair), 0.1 GB (evict 133623 pairs)
  r=0.6 ours             peak= 6.762GB acc=1.00 hr=0.6 fb=1999 segs=1
chunk inputs, size: 512 (num 4)
chunk inputs, size: 512 (num 3)
chunk inputs, size: 512 (num 3)
ratio 0.60 (pair), 0.1 GB (evict 130609 pairs)
  r=0.6 ours_predict_next peak= 6.751GB acc=1.00 hr=0.6 fb=1999 segs=0
chunk inputs, size: 512 (num 4)
chunk inputs, size: 512 (num 3)
chunk inputs, size: 512 (num 3)
ratio 0.60 (pair), 0.1 GB (evict 133249 pairs)
  r=0.6 ours_combine     peak= 6.782GB acc=1.00 hr=0.6 fb=1999 segs=1
chunk inputs, size: 512 (num 4)
ratio 0.80 (pair), 0.2 GB (evict 89756 pairs)
  r=0.8 kvzip            peak= 7.754GB acc=1.00 hr=0.8 fb=None segs=None
chunk inputs, size: 512 (num 4)
chunk inputs, size: 512 (num 3)
ratio 0.80 (pair), 0.1 GB (evict 66816 pairs)
  r=0.8 ours             peak= 6.762GB acc=1.00 hr=0.8 fb=1999 segs=1
chunk inputs, size: 512 (num 4)
chunk inputs, size: 512 (num 3)
chunk inputs, size: 512 (num 3)
ratio 0.80 (pair), 0.1 GB (evict 65585 pairs)
  r=0.8 ours_predict_next peak= 6.751GB acc=1.00 hr=0.8 fb=1999 segs=0
chunk inputs, size: 512 (num 4)
chunk inputs, size: 512 (num 3)
chunk inputs, size: 512 (num 3)
ratio 0.80 (pair), 0.1 GB (evict 66699 pairs)
  r=0.8 ours_combine     peak= 6.782GB acc=1.00 hr=0.8 fb=1999 segs=1
chunk inputs, size: 512 (num 4)
ratio 1.00 (pair), 0.2 GB (evict 0 pairs)
  r=1.0 kvzip            peak= 7.754GB acc=1.00 hr=1.0 fb=None segs=None
chunk inputs, size: 512 (num 4)
chunk inputs, size: 512 (num 4)
ratio 1.00 (pair), 0.2 GB (evict 0 pairs)
  r=1.0 ours             peak= 6.810GB acc=1.00 hr=1.0 fb=1999 segs=0
chunk inputs, size: 512 (num 4)
chunk inputs, size: 512 (num 3)
chunk inputs, size: 512 (num 3)
ratio 1.00 (pair), 0.2 GB (evict 0 pairs)
  r=1.0 ours_predict_next peak= 6.751GB acc=1.00 hr=1.0 fb=1999 segs=0
chunk inputs, size: 512 (num 4)
chunk inputs, size: 512 (num 4)
chunk inputs, size: 512 (num 4)
chunk inputs, size: 512 (num 4)
ratio 1.00 (pair), 0.2 GB (evict 0 pairs)
  r=1.0 ours_combine     peak= 6.809GB acc=1.00 hr=1.0 fb=1999 segs=0
insertion at 1366
================================================================================ 
[ctx_len=2000 depth=70% q=0.7 true_len=1999]
chunk inputs, size: 512 (num 4)
ratio 0.00 (pair), 0.0 GB (evict 447776 pairs)
  r=0.0 kvzip            peak= 7.754GB acc=0.00 hr=0.0 fb=None segs=None
chunk inputs, size: 512 (num 4)
chunk inputs, size: 512 (num 2)
chunk inputs, size: 512 (num 2)
ratio 0.00 (pair), 0.0 GB (evict 14336 pairs)
  r=0.0 ours             peak= 6.697GB acc=0.00 hr=0.0 fb=64 segs=1
chunk inputs, size: 512 (num 4)
chunk inputs, size: 512 (num 3)
ratio 0.00 (pair), 0.0 GB (evict 14336 pairs)
  r=0.0 ours_predict_next peak= 6.741GB acc=0.00 hr=0.0 fb=64 segs=1
chunk inputs, size: 512 (num 4)
chunk inputs, size: 512 (num 2)
chunk inputs, size: 512 (num 2)
chunk inputs, size: 512 (num 2)
ratio 0.00 (pair), 0.0 GB (evict 14336 pairs)
  r=0.0 ours_combine     peak= 6.714GB acc=0.00 hr=0.0 fb=64 segs=1
chunk inputs, size: 512 (num 4)
ratio 0.20 (pair), 0.0 GB (evict 358256 pairs)
  r=0.2 kvzip            peak= 7.754GB acc=1.00 hr=0.2 fb=None segs=None
chunk inputs, size: 512 (num 4)
chunk inputs, size: 512 (num 2)
chunk inputs, size: 512 (num 2)
ratio 0.50 (pair), 0.0 GB (evict 89671 pairs)
  r=0.2 ours             peak= 6.733GB acc=1.00 hr=0.5 fb=800 segs=1
chunk inputs, size: 512 (num 4)
chunk inputs, size: 512 (num 3)
ratio 0.50 (pair), 0.0 GB (evict 51899 pairs)
  r=0.2 ours_predict_next peak= 6.741GB acc=0.00 hr=0.5 fb=800 segs=1
chunk inputs, size: 512 (num 4)
chunk inputs, size: 512 (num 2)
chunk inputs, size: 512 (num 2)
chunk inputs, size: 512 (num 2)
chunk inputs, size: 512 (num 2)
ratio 0.50 (pair), 0.0 GB (evict 89603 pairs)
  r=0.2 ours_combine     peak= 6.741GB acc=0.00 hr=0.5 fb=800 segs=1
chunk inputs, size: 512 (num 4)
ratio 0.40 (pair), 0.1 GB (evict 268707 pairs)
  r=0.4 kvzip            peak= 7.754GB acc=1.00 hr=0.4 fb=None segs=None
chunk inputs, size: 512 (num 4)
chunk inputs, size: 512 (num 2)
chunk inputs, size: 512 (num 2)
ratio 0.50 (pair), 0.1 GB (evict 179301 pairs)
  r=0.4 ours             peak= 6.783GB acc=1.00 hr=0.5 fb=1599 segs=1
chunk inputs, size: 512 (num 4)
chunk inputs, size: 512 (num 3)
chunk inputs, size: 512 (num 2)
ratio 0.50 (pair), 0.1 GB (evict 91767 pairs)
  r=0.4 ours_predict_next peak= 6.741GB acc=0.00 hr=0.5 fb=1599 segs=1
chunk inputs, size: 512 (num 4)
chunk inputs, size: 512 (num 2)
chunk inputs, size: 512 (num 2)
chunk inputs, size: 512 (num 2)
chunk inputs, size: 512 (num 4)
ratio 0.50 (pair), 0.1 GB (evict 179099 pairs)
  r=0.4 ours_combine     peak= 6.780GB acc=1.00 hr=0.5 fb=1599 segs=1
chunk inputs, size: 512 (num 4)
ratio 0.60 (pair), 0.1 GB (evict 179511 pairs)
  r=0.6 kvzip            peak= 7.754GB acc=1.00 hr=0.6 fb=None segs=None
chunk inputs, size: 512 (num 4)
chunk inputs, size: 512 (num 3)
ratio 0.60 (pair), 0.1 GB (evict 133262 pairs)
  r=0.6 ours             peak= 6.762GB acc=1.00 hr=0.6 fb=1999 segs=1
chunk inputs, size: 512 (num 4)
chunk inputs, size: 512 (num 3)
chunk inputs, size: 512 (num 3)
ratio 0.60 (pair), 0.1 GB (evict 129586 pairs)
  r=0.6 ours_predict_next peak= 6.748GB acc=1.00 hr=0.6 fb=1999 segs=0
chunk inputs, size: 512 (num 4)
chunk inputs, size: 512 (num 3)
chunk inputs, size: 512 (num 3)
ratio 0.60 (pair), 0.1 GB (evict 133363 pairs)
  r=0.6 ours_combine     peak= 6.782GB acc=1.00 hr=0.6 fb=1999 segs=1
chunk inputs, size: 512 (num 4)
ratio 0.80 (pair), 0.2 GB (evict 89657 pairs)
  r=0.8 kvzip            peak= 7.754GB acc=1.00 hr=0.8 fb=None segs=None
chunk inputs, size: 512 (num 4)
chunk inputs, size: 512 (num 3)
ratio 0.80 (pair), 0.1 GB (evict 66692 pairs)
  r=0.8 ours             peak= 6.762GB acc=1.00 hr=0.8 fb=1999 segs=1
chunk inputs, size: 512 (num 4)
chunk inputs, size: 512 (num 3)
chunk inputs, size: 512 (num 3)
ratio 0.80 (pair), 0.1 GB (evict 64998 pairs)
  r=0.8 ours_predict_next peak= 6.748GB acc=1.00 hr=0.8 fb=1999 segs=0
chunk inputs, size: 512 (num 4)
chunk inputs, size: 512 (num 3)
chunk inputs, size: 512 (num 3)
ratio 0.80 (pair), 0.1 GB (evict 66682 pairs)
  r=0.8 ours_combine     peak= 6.782GB acc=1.00 hr=0.8 fb=1999 segs=1
chunk inputs, size: 512 (num 4)
ratio 1.00 (pair), 0.2 GB (evict 0 pairs)
  r=1.0 kvzip            peak= 7.754GB acc=1.00 hr=1.0 fb=None segs=None
chunk inputs, size: 512 (num 4)
chunk inputs, size: 512 (num 4)
ratio 1.00 (pair), 0.2 GB (evict 0 pairs)
  r=1.0 ours             peak= 6.810GB acc=1.00 hr=1.0 fb=1999 segs=0
chunk inputs, size: 512 (num 4)
chunk inputs, size: 512 (num 3)
chunk inputs, size: 512 (num 3)
ratio 1.00 (pair), 0.2 GB (evict 0 pairs)
  r=1.0 ours_predict_next peak= 6.748GB acc=1.00 hr=1.0 fb=1999 segs=0
chunk inputs, size: 512 (num 4)
chunk inputs, size: 512 (num 4)
chunk inputs, size: 512 (num 4)
chunk inputs, size: 512 (num 4)
ratio 1.00 (pair), 0.2 GB (evict 0 pairs)
  r=1.0 ours_combine     peak= 6.809GB acc=1.00 hr=1.0 fb=1999 segs=0
insertion at 1574
================================================================================ 
[ctx_len=2000 depth=80% q=0.8 true_len=1999]
chunk inputs, size: 512 (num 4)
ratio 0.00 (pair), 0.0 GB (evict 447776 pairs)
  r=0.0 kvzip            peak= 7.754GB acc=0.00 hr=0.0 fb=None segs=None
chunk inputs, size: 512 (num 4)
chunk inputs, size: 512 (num 2)
chunk inputs, size: 512 (num 2)
ratio 0.00 (pair), 0.0 GB (evict 14336 pairs)
  r=0.0 ours             peak= 6.697GB acc=0.00 hr=0.0 fb=64 segs=1
chunk inputs, size: 512 (num 4)
chunk inputs, size: 512 (num 3)
ratio 0.00 (pair), 0.0 GB (evict 14336 pairs)
  r=0.0 ours_predict_next peak= 6.736GB acc=0.00 hr=0.0 fb=64 segs=1
chunk inputs, size: 512 (num 4)
chunk inputs, size: 512 (num 2)
chunk inputs, size: 512 (num 2)
chunk inputs, size: 512 (num 2)
ratio 0.00 (pair), 0.0 GB (evict 14336 pairs)
  r=0.0 ours_combine     peak= 6.714GB acc=0.00 hr=0.0 fb=64 segs=1
chunk inputs, size: 512 (num 4)
ratio 0.20 (pair), 0.0 GB (evict 358231 pairs)
  r=0.2 kvzip            peak= 7.754GB acc=1.00 hr=0.2 fb=None segs=None
chunk inputs, size: 512 (num 4)
chunk inputs, size: 512 (num 2)
chunk inputs, size: 512 (num 2)
ratio 0.50 (pair), 0.0 GB (evict 89657 pairs)
  r=0.2 ours             peak= 6.733GB acc=1.00 hr=0.5 fb=800 segs=1
chunk inputs, size: 512 (num 4)
chunk inputs, size: 512 (num 3)
ratio 0.50 (pair), 0.0 GB (evict 51899 pairs)
  r=0.2 ours_predict_next peak= 6.736GB acc=0.00 hr=0.5 fb=800 segs=1
chunk inputs, size: 512 (num 4)
chunk inputs, size: 512 (num 2)
chunk inputs, size: 512 (num 2)
chunk inputs, size: 512 (num 2)
chunk inputs, size: 512 (num 2)
ratio 0.50 (pair), 0.0 GB (evict 89719 pairs)
  r=0.2 ours_combine     peak= 6.741GB acc=1.00 hr=0.5 fb=800 segs=1
chunk inputs, size: 512 (num 4)
ratio 0.40 (pair), 0.1 GB (evict 268900 pairs)
  r=0.4 kvzip            peak= 7.754GB acc=1.00 hr=0.4 fb=None segs=None
chunk inputs, size: 512 (num 4)
chunk inputs, size: 512 (num 2)
chunk inputs, size: 512 (num 2)
ratio 0.50 (pair), 0.1 GB (evict 179130 pairs)
  r=0.4 ours             peak= 6.783GB acc=1.00 hr=0.5 fb=1599 segs=1
chunk inputs, size: 512 (num 4)
chunk inputs, size: 512 (num 3)
chunk inputs, size: 512 (num 2)
ratio 0.50 (pair), 0.1 GB (evict 91847 pairs)
  r=0.4 ours_predict_next peak= 6.736GB acc=1.00 hr=0.5 fb=1599 segs=1
chunk inputs, size: 512 (num 4)
chunk inputs, size: 512 (num 2)
chunk inputs, size: 512 (num 2)
chunk inputs, size: 512 (num 2)
chunk inputs, size: 512 (num 4)
ratio 0.50 (pair), 0.1 GB (evict 179108 pairs)
  r=0.4 ours_combine     peak= 6.780GB acc=1.00 hr=0.5 fb=1599 segs=1
chunk inputs, size: 512 (num 4)
ratio 0.60 (pair), 0.1 GB (evict 179233 pairs)
  r=0.6 kvzip            peak= 7.754GB acc=1.00 hr=0.6 fb=None segs=None
chunk inputs, size: 512 (num 4)
chunk inputs, size: 512 (num 3)
ratio 0.60 (pair), 0.1 GB (evict 133313 pairs)
  r=0.6 ours             peak= 6.762GB acc=1.00 hr=0.6 fb=1999 segs=1
chunk inputs, size: 512 (num 4)
chunk inputs, size: 512 (num 3)
chunk inputs, size: 512 (num 3)
ratio 0.60 (pair), 0.1 GB (evict 123831 pairs)
  r=0.6 ours_predict_next peak= 6.742GB acc=1.00 hr=0.6 fb=1999 segs=0
chunk inputs, size: 512 (num 4)
chunk inputs, size: 512 (num 3)
chunk inputs, size: 512 (num 3)
ratio 0.60 (pair), 0.1 GB (evict 133393 pairs)
  r=0.6 ours_combine     peak= 6.782GB acc=1.00 hr=0.6 fb=1999 segs=1
chunk inputs, size: 512 (num 4)
ratio 0.80 (pair), 0.2 GB (evict 90007 pairs)
  r=0.8 kvzip            peak= 7.754GB acc=1.00 hr=0.8 fb=None segs=None
chunk inputs, size: 512 (num 4)
chunk inputs, size: 512 (num 3)
ratio 0.80 (pair), 0.1 GB (evict 66816 pairs)
  r=0.8 ours             peak= 6.762GB acc=1.00 hr=0.8 fb=1999 segs=1
chunk inputs, size: 512 (num 4)
chunk inputs, size: 512 (num 3)
chunk inputs, size: 512 (num 3)
ratio 0.80 (pair), 0.1 GB (evict 62044 pairs)
  r=0.8 ours_predict_next peak= 6.742GB acc=1.00 hr=0.8 fb=1999 segs=0
chunk inputs, size: 512 (num 4)
chunk inputs, size: 512 (num 3)
chunk inputs, size: 512 (num 3)
ratio 0.80 (pair), 0.1 GB (evict 66663 pairs)
  r=0.8 ours_combine     peak= 6.782GB acc=1.00 hr=0.8 fb=1999 segs=1
chunk inputs, size: 512 (num 4)
ratio 1.00 (pair), 0.2 GB (evict 0 pairs)
  r=1.0 kvzip            peak= 7.754GB acc=1.00 hr=1.0 fb=None segs=None
chunk inputs, size: 512 (num 4)
chunk inputs, size: 512 (num 4)
ratio 1.00 (pair), 0.2 GB (evict 0 pairs)
  r=1.0 ours             peak= 6.810GB acc=1.00 hr=1.0 fb=1999 segs=0
chunk inputs, size: 512 (num 4)
chunk inputs, size: 512 (num 3)
chunk inputs, size: 512 (num 3)
ratio 1.00 (pair), 0.2 GB (evict 0 pairs)
  r=1.0 ours_predict_next peak= 6.742GB acc=1.00 hr=1.0 fb=1999 segs=0
chunk inputs, size: 512 (num 4)
chunk inputs, size: 512 (num 4)
chunk inputs, size: 512 (num 4)
chunk inputs, size: 512 (num 4)
ratio 1.00 (pair), 0.2 GB (evict 0 pairs)
  r=1.0 ours_combine     peak= 6.809GB acc=1.00 hr=1.0 fb=1999 segs=0
insertion at 1747
================================================================================ 
[ctx_len=2000 depth=90% q=0.9 true_len=1999]
chunk inputs, size: 512 (num 4)
ratio 0.00 (pair), 0.0 GB (evict 447776 pairs)
  r=0.0 kvzip            peak= 7.754GB acc=0.00 hr=0.0 fb=None segs=None
chunk inputs, size: 512 (num 4)
chunk inputs, size: 512 (num 2)
chunk inputs, size: 512 (num 2)
ratio 0.00 (pair), 0.0 GB (evict 14336 pairs)
  r=0.0 ours             peak= 6.697GB acc=0.00 hr=0.0 fb=64 segs=1
chunk inputs, size: 512 (num 4)
chunk inputs, size: 512 (num 3)
ratio 0.00 (pair), 0.0 GB (evict 14336 pairs)
  r=0.0 ours_predict_next peak= 6.735GB acc=0.00 hr=0.0 fb=64 segs=1
chunk inputs, size: 512 (num 4)
chunk inputs, size: 512 (num 2)
chunk inputs, size: 512 (num 2)
chunk inputs, size: 512 (num 2)
ratio 0.00 (pair), 0.0 GB (evict 14336 pairs)
  r=0.0 ours_combine     peak= 6.714GB acc=0.00 hr=0.0 fb=64 segs=1
chunk inputs, size: 512 (num 4)
ratio 0.20 (pair), 0.0 GB (evict 358245 pairs)
  r=0.2 kvzip            peak= 7.754GB acc=1.00 hr=0.2 fb=None segs=None
chunk inputs, size: 512 (num 4)
chunk inputs, size: 512 (num 2)
chunk inputs, size: 512 (num 2)
ratio 0.50 (pair), 0.0 GB (evict 89702 pairs)
  r=0.2 ours             peak= 6.733GB acc=1.00 hr=0.5 fb=800 segs=1
chunk inputs, size: 512 (num 4)
chunk inputs, size: 512 (num 3)
ratio 0.50 (pair), 0.0 GB (evict 51899 pairs)
  r=0.2 ours_predict_next peak= 6.735GB acc=0.00 hr=0.5 fb=800 segs=1
chunk inputs, size: 512 (num 4)
chunk inputs, size: 512 (num 2)
chunk inputs, size: 512 (num 2)
chunk inputs, size: 512 (num 2)
chunk inputs, size: 512 (num 2)
ratio 0.50 (pair), 0.0 GB (evict 89730 pairs)
  r=0.2 ours_combine     peak= 6.741GB acc=1.00 hr=0.5 fb=800 segs=1
chunk inputs, size: 512 (num 4)
ratio 0.40 (pair), 0.1 GB (evict 268805 pairs)
  r=0.4 kvzip            peak= 7.754GB acc=1.00 hr=0.4 fb=None segs=None
chunk inputs, size: 512 (num 4)
chunk inputs, size: 512 (num 2)
chunk inputs, size: 512 (num 2)
ratio 0.50 (pair), 0.1 GB (evict 179195 pairs)
  r=0.4 ours             peak= 6.783GB acc=1.00 hr=0.5 fb=1599 segs=1
chunk inputs, size: 512 (num 4)
chunk inputs, size: 512 (num 3)
chunk inputs, size: 512 (num 2)
ratio 0.50 (pair), 0.1 GB (evict 91772 pairs)
  r=0.4 ours_predict_next peak= 6.735GB acc=1.00 hr=0.5 fb=1599 segs=1
chunk inputs, size: 512 (num 4)
chunk inputs, size: 512 (num 2)
chunk inputs, size: 512 (num 2)
chunk inputs, size: 512 (num 2)
chunk inputs, size: 512 (num 4)
ratio 0.50 (pair), 0.1 GB (evict 179319 pairs)
  r=0.4 ours_combine     peak= 6.780GB acc=1.00 hr=0.5 fb=1599 segs=1
chunk inputs, size: 512 (num 4)
ratio 0.60 (pair), 0.1 GB (evict 179507 pairs)
  r=0.6 kvzip            peak= 7.754GB acc=1.00 hr=0.6 fb=None segs=None
chunk inputs, size: 512 (num 4)
chunk inputs, size: 512 (num 3)
ratio 0.60 (pair), 0.1 GB (evict 133547 pairs)
  r=0.6 ours             peak= 6.762GB acc=1.00 hr=0.6 fb=1999 segs=1
chunk inputs, size: 512 (num 4)
chunk inputs, size: 512 (num 3)
chunk inputs, size: 512 (num 3)
ratio 0.60 (pair), 0.1 GB (evict 124271 pairs)
  r=0.6 ours_predict_next peak= 6.742GB acc=1.00 hr=0.6 fb=1999 segs=0
chunk inputs, size: 512 (num 4)
chunk inputs, size: 512 (num 3)
chunk inputs, size: 512 (num 3)
ratio 0.60 (pair), 0.1 GB (evict 133356 pairs)
  r=0.6 ours_combine     peak= 6.782GB acc=1.00 hr=0.6 fb=1999 segs=1
chunk inputs, size: 512 (num 4)
ratio 0.80 (pair), 0.2 GB (evict 89597 pairs)
  r=0.8 kvzip            peak= 7.754GB acc=1.00 hr=0.8 fb=None segs=None
chunk inputs, size: 512 (num 4)
chunk inputs, size: 512 (num 3)
ratio 0.80 (pair), 0.1 GB (evict 66810 pairs)
  r=0.8 ours             peak= 6.762GB acc=1.00 hr=0.8 fb=1999 segs=1
chunk inputs, size: 512 (num 4)
chunk inputs, size: 512 (num 3)
chunk inputs, size: 512 (num 3)
ratio 0.80 (pair), 0.1 GB (evict 62343 pairs)
  r=0.8 ours_predict_next peak= 6.742GB acc=1.00 hr=0.8 fb=1999 segs=0
chunk inputs, size: 512 (num 4)
chunk inputs, size: 512 (num 3)
chunk inputs, size: 512 (num 3)
ratio 0.80 (pair), 0.1 GB (evict 66970 pairs)
  r=0.8 ours_combine     peak= 6.782GB acc=1.00 hr=0.8 fb=1999 segs=1
chunk inputs, size: 512 (num 4)
ratio 1.00 (pair), 0.2 GB (evict 0 pairs)
  r=1.0 kvzip            peak= 7.754GB acc=1.00 hr=1.0 fb=None segs=None
chunk inputs, size: 512 (num 4)
chunk inputs, size: 512 (num 4)
ratio 1.00 (pair), 0.2 GB (evict 0 pairs)
  r=1.0 ours             peak= 6.810GB acc=1.00 hr=1.0 fb=1999 segs=0
chunk inputs, size: 512 (num 4)
chunk inputs, size: 512 (num 3)
chunk inputs, size: 512 (num 3)
ratio 1.00 (pair), 0.2 GB (evict 0 pairs)
  r=1.0 ours_predict_next peak= 6.742GB acc=1.00 hr=1.0 fb=1999 segs=0
chunk inputs, size: 512 (num 4)
chunk inputs, size: 512 (num 4)
chunk inputs, size: 512 (num 4)
chunk inputs, size: 512 (num 4)
ratio 1.00 (pair), 0.2 GB (evict 0 pairs)
  r=1.0 ours_combine     peak= 6.809GB acc=1.00 hr=1.0 fb=1999 segs=0
insertion at 1976
================================================================================ 
[ctx_len=2000 depth=100% q=1.0 true_len=2000]
chunk inputs, size: 512 (num 4)
ratio 0.00 (pair), 0.0 GB (evict 448000 pairs)
  r=0.0 kvzip            peak= 7.755GB acc=0.00 hr=0.0 fb=None segs=None
chunk inputs, size: 512 (num 4)
chunk inputs, size: 512 (num 2)
chunk inputs, size: 512 (num 2)
ratio 0.00 (pair), 0.0 GB (evict 14336 pairs)
  r=0.0 ours             peak= 6.697GB acc=0.00 hr=0.0 fb=64 segs=1
chunk inputs, size: 512 (num 4)
chunk inputs, size: 512 (num 3)
ratio 0.00 (pair), 0.0 GB (evict 14336 pairs)
  r=0.0 ours_predict_next peak= 6.736GB acc=0.00 hr=0.0 fb=64 segs=1
chunk inputs, size: 512 (num 4)
chunk inputs, size: 512 (num 2)
chunk inputs, size: 512 (num 2)
chunk inputs, size: 512 (num 2)
ratio 0.00 (pair), 0.0 GB (evict 14336 pairs)
  r=0.0 ours_combine     peak= 6.714GB acc=0.00 hr=0.0 fb=64 segs=1
chunk inputs, size: 512 (num 4)
ratio 0.20 (pair), 0.0 GB (evict 358417 pairs)
  r=0.2 kvzip            peak= 7.755GB acc=1.00 hr=0.2 fb=None segs=None
chunk inputs, size: 512 (num 4)
chunk inputs, size: 512 (num 2)
chunk inputs, size: 512 (num 2)
ratio 0.50 (pair), 0.0 GB (evict 89710 pairs)
  r=0.2 ours             peak= 6.732GB acc=1.00 hr=0.5 fb=800 segs=1
chunk inputs, size: 512 (num 4)
chunk inputs, size: 512 (num 3)
ratio 0.50 (pair), 0.0 GB (evict 51997 pairs)
  r=0.2 ours_predict_next peak= 6.736GB acc=0.00 hr=0.5 fb=800 segs=1
chunk inputs, size: 512 (num 4)
chunk inputs, size: 512 (num 2)
chunk inputs, size: 512 (num 2)
chunk inputs, size: 512 (num 2)
chunk inputs, size: 512 (num 2)
ratio 0.50 (pair), 0.0 GB (evict 89608 pairs)
  r=0.2 ours_combine     peak= 6.736GB acc=0.00 hr=0.5 fb=800 segs=1
chunk inputs, size: 512 (num 4)
ratio 0.40 (pair), 0.1 GB (evict 268825 pairs)
  r=0.4 kvzip            peak= 7.755GB acc=1.00 hr=0.4 fb=None segs=None
chunk inputs, size: 512 (num 4)
chunk inputs, size: 512 (num 2)
chunk inputs, size: 512 (num 2)
ratio 0.50 (pair), 0.1 GB (evict 179564 pairs)
  r=0.4 ours             peak= 6.781GB acc=1.00 hr=0.5 fb=1600 segs=1
chunk inputs, size: 512 (num 4)
chunk inputs, size: 512 (num 3)
chunk inputs, size: 512 (num 2)
ratio 0.50 (pair), 0.1 GB (evict 91761 pairs)
  r=0.4 ours_predict_next peak= 6.736GB acc=0.00 hr=0.5 fb=1600 segs=1
chunk inputs, size: 512 (num 4)
chunk inputs, size: 512 (num 2)
chunk inputs, size: 512 (num 2)
chunk inputs, size: 512 (num 2)
chunk inputs, size: 512 (num 4)
ratio 0.50 (pair), 0.1 GB (evict 179290 pairs)
  r=0.4 ours_combine     peak= 6.783GB acc=1.00 hr=0.5 fb=1600 segs=1
chunk inputs, size: 512 (num 4)
ratio 0.60 (pair), 0.1 GB (evict 179444 pairs)
  r=0.6 kvzip            peak= 7.755GB acc=1.00 hr=0.6 fb=None segs=None
chunk inputs, size: 512 (num 4)
chunk inputs, size: 512 (num 3)
ratio 0.60 (pair), 0.1 GB (evict 133698 pairs)
  r=0.6 ours             peak= 6.762GB acc=1.00 hr=0.6 fb=2000 segs=1
chunk inputs, size: 512 (num 4)
chunk inputs, size: 512 (num 3)
chunk inputs, size: 512 (num 3)
ratio 0.60 (pair), 0.1 GB (evict 124863 pairs)
  r=0.6 ours_predict_next peak= 6.741GB acc=1.00 hr=0.6 fb=2000 segs=0
chunk inputs, size: 512 (num 4)
chunk inputs, size: 512 (num 3)
chunk inputs, size: 512 (num 3)
ratio 0.60 (pair), 0.1 GB (evict 133580 pairs)
  r=0.6 ours_combine     peak= 6.779GB acc=1.00 hr=0.6 fb=2000 segs=1
chunk inputs, size: 512 (num 4)
ratio 0.80 (pair), 0.2 GB (evict 90138 pairs)
  r=0.8 kvzip            peak= 7.755GB acc=1.00 hr=0.8 fb=None segs=None
chunk inputs, size: 512 (num 4)
chunk inputs, size: 512 (num 3)
ratio 0.80 (pair), 0.1 GB (evict 66688 pairs)
  r=0.8 ours             peak= 6.762GB acc=1.00 hr=0.8 fb=2000 segs=1
chunk inputs, size: 512 (num 4)
chunk inputs, size: 512 (num 3)
chunk inputs, size: 512 (num 3)
ratio 0.80 (pair), 0.1 GB (evict 62605 pairs)
  r=0.8 ours_predict_next peak= 6.741GB acc=1.00 hr=0.8 fb=2000 segs=0
chunk inputs, size: 512 (num 4)
chunk inputs, size: 512 (num 3)
chunk inputs, size: 512 (num 3)
ratio 0.80 (pair), 0.1 GB (evict 66717 pairs)
  r=0.8 ours_combine     peak= 6.779GB acc=1.00 hr=0.8 fb=2000 segs=1
chunk inputs, size: 512 (num 4)
ratio 1.00 (pair), 0.2 GB (evict 0 pairs)
  r=1.0 kvzip            peak= 7.755GB acc=1.00 hr=1.0 fb=None segs=None
chunk inputs, size: 512 (num 4)
chunk inputs, size: 512 (num 4)
ratio 1.00 (pair), 0.2 GB (evict 0 pairs)
  r=1.0 ours             peak= 6.812GB acc=1.00 hr=1.0 fb=2000 segs=0
chunk inputs, size: 512 (num 4)
chunk inputs, size: 512 (num 3)
chunk inputs, size: 512 (num 3)
ratio 1.00 (pair), 0.2 GB (evict 0 pairs)
  r=1.0 ours_predict_next peak= 6.741GB acc=1.00 hr=1.0 fb=2000 segs=0
chunk inputs, size: 512 (num 4)
chunk inputs, size: 512 (num 4)
chunk inputs, size: 512 (num 4)
chunk inputs, size: 512 (num 4)
ratio 1.00 (pair), 0.2 GB (evict 0 pairs)
  r=1.0 ours_combine     peak= 6.813GB acc=1.00 hr=1.0 fb=2000 segs=0
insertion at 0
================================================================================ 
[ctx_len=8000 depth=0% q=0.0 true_len=7999]
chunk inputs, size: 512 (num 16)
chunk inputs, size: 2000 (num 4)
ratio 0.00 (pair), 0.0 GB (evict 1791776 pairs)
  r=0.0 kvzip            peak= 8.456GB acc=0.00 hr=0.0 fb=None segs=None
chunk inputs, size: 512 (num 16)
chunk inputs, size: 512 (num 2)
chunk inputs, size: 512 (num 2)
chunk inputs, size: 512 (num 2)
chunk inputs, size: 512 (num 2)
chunk inputs, size: 512 (num 2)
chunk inputs, size: 512 (num 2)
chunk inputs, size: 512 (num 2)
chunk inputs, size: 512 (num 2)
ratio 0.00 (pair), 0.0 GB (evict 14336 pairs)
  r=0.0 ours             peak= 6.707GB acc=0.00 hr=0.0 fb=64 segs=7
chunk inputs, size: 512 (num 16)
chunk inputs, size: 512 (num 3)
ratio 0.00 (pair), 0.0 GB (evict 14336 pairs)
  r=0.0 ours_predict_next peak= 6.756GB acc=0.00 hr=0.0 fb=64 segs=4
chunk inputs, size: 512 (num 16)
chunk inputs, size: 512 (num 2)
chunk inputs, size: 512 (num 2)
chunk inputs, size: 512 (num 2)
chunk inputs, size: 512 (num 2)
chunk inputs, size: 512 (num 2)
chunk inputs, size: 512 (num 2)
chunk inputs, size: 512 (num 2)
chunk inputs, size: 512 (num 2)
chunk inputs, size: 512 (num 2)
ratio 0.00 (pair), 0.0 GB (evict 14336 pairs)
  r=0.0 ours_combine     peak= 6.721GB acc=0.00 hr=0.0 fb=64 segs=7
chunk inputs, size: 512 (num 16)
chunk inputs, size: 2000 (num 4)
ratio 0.20 (pair), 0.2 GB (evict 1433846 pairs)
  r=0.2 kvzip            peak= 8.456GB acc=1.00 hr=0.2 fb=None segs=None
chunk inputs, size: 512 (num 16)
chunk inputs, size: 512 (num 2)
chunk inputs, size: 512 (num 2)
chunk inputs, size: 512 (num 2)
chunk inputs, size: 512 (num 2)
chunk inputs, size: 512 (num 2)
chunk inputs, size: 512 (num 2)
chunk inputs, size: 512 (num 2)
chunk inputs, size: 512 (num 2)
ratio 0.50 (pair), 0.2 GB (evict 358471 pairs)
  r=0.2 ours             peak= 6.999GB acc=1.00 hr=0.5 fb=3200 segs=7
chunk inputs, size: 512 (num 16)
chunk inputs, size: 512 (num 3)
chunk inputs, size: 512 (num 4)
ratio 0.50 (pair), 0.1 GB (evict 183883 pairs)
  r=0.2 ours_predict_next peak= 6.843GB acc=1.00 hr=0.5 fb=3200 segs=4
chunk inputs, size: 512 (num 16)
chunk inputs, size: 512 (num 2)
chunk inputs, size: 512 (num 2)
chunk inputs, size: 512 (num 2)
chunk inputs, size: 512 (num 2)
chunk inputs, size: 512 (num 2)
chunk inputs, size: 512 (num 2)
chunk inputs, size: 512 (num 2)
chunk inputs, size: 512 (num 2)
chunk inputs, size: 512 (num 2)
chunk inputs, size: 512 (num 7)
ratio 0.50 (pair), 0.2 GB (evict 358439 pairs)
  r=0.2 ours_combine     peak= 6.999GB acc=1.00 hr=0.5 fb=3200 segs=7
chunk inputs, size: 512 (num 16)
chunk inputs, size: 2000 (num 4)
ratio 0.40 (pair), 0.4 GB (evict 1076112 pairs)
  r=0.4 kvzip            peak= 8.456GB acc=1.00 hr=0.4 fb=None segs=None
chunk inputs, size: 512 (num 16)
chunk inputs, size: 512 (num 2)
chunk inputs, size: 512 (num 2)
chunk inputs, size: 512 (num 2)
chunk inputs, size: 512 (num 2)
chunk inputs, size: 512 (num 2)
chunk inputs, size: 512 (num 2)
chunk inputs, size: 512 (num 2)
chunk inputs, size: 512 (num 2)
ratio 0.50 (pair), 0.4 GB (evict 717199 pairs)
  r=0.4 ours             peak= 7.330GB acc=1.00 hr=0.5 fb=6399 segs=7
chunk inputs, size: 512 (num 16)
chunk inputs, size: 512 (num 3)
chunk inputs, size: 512 (num 7)
ratio 0.50 (pair), 0.2 GB (evict 367342 pairs)
  r=0.4 ours_predict_next peak= 6.981GB acc=1.00 hr=0.5 fb=6399 segs=4
chunk inputs, size: 512 (num 16)
chunk inputs, size: 512 (num 2)
chunk inputs, size: 512 (num 2)
chunk inputs, size: 512 (num 2)
chunk inputs, size: 512 (num 2)
chunk inputs, size: 512 (num 2)
chunk inputs, size: 512 (num 2)
chunk inputs, size: 512 (num 2)
chunk inputs, size: 512 (num 2)
chunk inputs, size: 512 (num 2)
chunk inputs, size: 512 (num 13)
ratio 0.50 (pair), 0.4 GB (evict 717254 pairs)
  r=0.4 ours_combine     peak= 7.329GB acc=1.00 hr=0.5 fb=6399 segs=7
chunk inputs, size: 512 (num 16)
chunk inputs, size: 2000 (num 4)
ratio 0.60 (pair), 0.6 GB (evict 717379 pairs)
  r=0.6 kvzip            peak= 8.456GB acc=1.00 hr=0.6 fb=None segs=None
chunk inputs, size: 512 (num 16)
chunk inputs, size: 512 (num 3)
chunk inputs, size: 512 (num 3)
chunk inputs, size: 512 (num 3)
chunk inputs, size: 512 (num 3)
chunk inputs, size: 512 (num 3)
ratio 0.60 (pair), 0.4 GB (evict 487914 pairs)
  r=0.6 ours             peak= 7.225GB acc=1.00 hr=0.6 fb=7999 segs=5
chunk inputs, size: 512 (num 16)
chunk inputs, size: 512 (num 3)
chunk inputs, size: 512 (num 7)
ratio 0.60 (pair), 0.2 GB (evict 280701 pairs)
  r=0.6 ours_predict_next peak= 6.951GB acc=1.00 hr=0.6 fb=7999 segs=2
chunk inputs, size: 512 (num 16)
chunk inputs, size: 512 (num 3)
chunk inputs, size: 512 (num 3)
chunk inputs, size: 512 (num 3)
chunk inputs, size: 512 (num 3)
chunk inputs, size: 512 (num 3)
chunk inputs, size: 512 (num 11)
ratio 0.60 (pair), 0.4 GB (evict 487714 pairs)
  r=0.6 ours_combine     peak= 7.226GB acc=1.00 hr=0.6 fb=7999 segs=5
chunk inputs, size: 512 (num 16)
chunk inputs, size: 2000 (num 4)
ratio 0.80 (pair), 0.7 GB (evict 360072 pairs)
  r=0.8 kvzip            peak= 8.456GB acc=1.00 hr=0.8 fb=None segs=None
chunk inputs, size: 512 (num 16)
chunk inputs, size: 512 (num 3)
chunk inputs, size: 512 (num 3)
chunk inputs, size: 512 (num 3)
chunk inputs, size: 512 (num 3)
chunk inputs, size: 512 (num 3)
ratio 0.80 (pair), 0.5 GB (evict 244913 pairs)
  r=0.8 ours             peak= 7.225GB acc=1.00 hr=0.8 fb=7999 segs=5
chunk inputs, size: 512 (num 16)
chunk inputs, size: 512 (num 3)
chunk inputs, size: 512 (num 7)
ratio 0.80 (pair), 0.3 GB (evict 140166 pairs)
  r=0.8 ours_predict_next peak= 6.951GB acc=1.00 hr=0.8 fb=7999 segs=2
chunk inputs, size: 512 (num 16)
chunk inputs, size: 512 (num 3)
chunk inputs, size: 512 (num 3)
chunk inputs, size: 512 (num 3)
chunk inputs, size: 512 (num 3)
chunk inputs, size: 512 (num 3)
chunk inputs, size: 512 (num 11)
ratio 0.80 (pair), 0.5 GB (evict 244369 pairs)
  r=0.8 ours_combine     peak= 7.226GB acc=1.00 hr=0.8 fb=7999 segs=5
chunk inputs, size: 512 (num 16)
chunk inputs, size: 2000 (num 4)
ratio 1.00 (pair), 0.9 GB (evict 0 pairs)
  r=1.0 kvzip            peak= 8.456GB acc=1.00 hr=1.0 fb=None segs=None
chunk inputs, size: 512 (num 16)
chunk inputs, size: 512 (num 16)
ratio 1.00 (pair), 0.9 GB (evict 0 pairs)
  r=1.0 ours             peak= 7.495GB acc=1.00 hr=1.0 fb=7999 segs=0
chunk inputs, size: 512 (num 16)
chunk inputs, size: 512 (num 9)
chunk inputs, size: 512 (num 9)
ratio 1.00 (pair), 0.5 GB (evict 0 pairs)
  r=1.0 ours_predict_next peak= 7.087GB acc=1.00 hr=1.0 fb=7999 segs=0
chunk inputs, size: 512 (num 16)
chunk inputs, size: 512 (num 16)
chunk inputs, size: 512 (num 16)
chunk inputs, size: 512 (num 16)
ratio 1.00 (pair), 0.9 GB (evict 0 pairs)
  r=1.0 ours_combine     peak= 7.496GB acc=1.00 hr=1.0 fb=7999 segs=0
insertion at 781
================================================================================ 
[ctx_len=8000 depth=10% q=0.1 true_len=7999]
chunk inputs, size: 512 (num 16)
chunk inputs, size: 2000 (num 4)
ratio 0.00 (pair), 0.0 GB (evict 1791776 pairs)
  r=0.0 kvzip            peak= 8.456GB acc=0.00 hr=0.0 fb=None segs=None
chunk inputs, size: 512 (num 16)
chunk inputs, size: 512 (num 2)
chunk inputs, size: 512 (num 2)
chunk inputs, size: 512 (num 2)
chunk inputs, size: 512 (num 2)
chunk inputs, size: 512 (num 2)
chunk inputs, size: 512 (num 2)
chunk inputs, size: 512 (num 2)
chunk inputs, size: 512 (num 2)
ratio 0.00 (pair), 0.0 GB (evict 14336 pairs)
  r=0.0 ours             peak= 6.707GB acc=0.00 hr=0.0 fb=64 segs=7
chunk inputs, size: 512 (num 16)
chunk inputs, size: 512 (num 3)
ratio 0.00 (pair), 0.0 GB (evict 14336 pairs)
  r=0.0 ours_predict_next peak= 6.755GB acc=0.00 hr=0.0 fb=64 segs=4
chunk inputs, size: 512 (num 16)
chunk inputs, size: 512 (num 2)
chunk inputs, size: 512 (num 2)
chunk inputs, size: 512 (num 2)
chunk inputs, size: 512 (num 2)
chunk inputs, size: 512 (num 2)
chunk inputs, size: 512 (num 2)
chunk inputs, size: 512 (num 2)
chunk inputs, size: 512 (num 2)
chunk inputs, size: 512 (num 2)
ratio 0.00 (pair), 0.0 GB (evict 14336 pairs)
  r=0.0 ours_combine     peak= 6.721GB acc=0.00 hr=0.0 fb=64 segs=7
chunk inputs, size: 512 (num 16)
chunk inputs, size: 2000 (num 4)
ratio 0.20 (pair), 0.2 GB (evict 1433969 pairs)
  r=0.2 kvzip            peak= 8.456GB acc=1.00 hr=0.2 fb=None segs=None
chunk inputs, size: 512 (num 16)
chunk inputs, size: 512 (num 2)
chunk inputs, size: 512 (num 2)
chunk inputs, size: 512 (num 2)
chunk inputs, size: 512 (num 2)
chunk inputs, size: 512 (num 2)
chunk inputs, size: 512 (num 2)
chunk inputs, size: 512 (num 2)
chunk inputs, size: 512 (num 2)
ratio 0.50 (pair), 0.2 GB (evict 359004 pairs)
  r=0.2 ours             peak= 6.999GB acc=1.00 hr=0.5 fb=3200 segs=7
chunk inputs, size: 512 (num 16)
chunk inputs, size: 512 (num 3)
chunk inputs, size: 512 (num 4)
ratio 0.50 (pair), 0.1 GB (evict 184011 pairs)
  r=0.2 ours_predict_next peak= 6.842GB acc=0.00 hr=0.5 fb=3200 segs=4
chunk inputs, size: 512 (num 16)
chunk inputs, size: 512 (num 2)
chunk inputs, size: 512 (num 2)
chunk inputs, size: 512 (num 2)
chunk inputs, size: 512 (num 2)
chunk inputs, size: 512 (num 2)
chunk inputs, size: 512 (num 2)
chunk inputs, size: 512 (num 2)
chunk inputs, size: 512 (num 2)
chunk inputs, size: 512 (num 2)
chunk inputs, size: 512 (num 7)
ratio 0.50 (pair), 0.2 GB (evict 358536 pairs)
  r=0.2 ours_combine     peak= 6.999GB acc=0.00 hr=0.5 fb=3200 segs=7
chunk inputs, size: 512 (num 16)
chunk inputs, size: 2000 (num 4)
ratio 0.40 (pair), 0.4 GB (evict 1075188 pairs)
  r=0.4 kvzip            peak= 8.456GB acc=1.00 hr=0.4 fb=None segs=None
chunk inputs, size: 512 (num 16)
chunk inputs, size: 512 (num 2)
chunk inputs, size: 512 (num 2)
chunk inputs, size: 512 (num 2)
chunk inputs, size: 512 (num 2)
chunk inputs, size: 512 (num 2)
chunk inputs, size: 512 (num 2)
chunk inputs, size: 512 (num 2)
chunk inputs, size: 512 (num 2)
ratio 0.50 (pair), 0.4 GB (evict 716772 pairs)
  r=0.4 ours             peak= 7.330GB acc=1.00 hr=0.5 fb=6399 segs=7
chunk inputs, size: 512 (num 16)
chunk inputs, size: 512 (num 3)
chunk inputs, size: 512 (num 7)
ratio 0.50 (pair), 0.2 GB (evict 367057 pairs)
  r=0.4 ours_predict_next peak= 6.980GB acc=0.00 hr=0.5 fb=6399 segs=4
chunk inputs, size: 512 (num 16)
chunk inputs, size: 512 (num 2)
chunk inputs, size: 512 (num 2)
chunk inputs, size: 512 (num 2)
chunk inputs, size: 512 (num 2)
chunk inputs, size: 512 (num 2)
chunk inputs, size: 512 (num 2)
chunk inputs, size: 512 (num 2)
chunk inputs, size: 512 (num 2)
chunk inputs, size: 512 (num 2)
chunk inputs, size: 512 (num 13)
ratio 0.50 (pair), 0.4 GB (evict 716902 pairs)
  r=0.4 ours_combine     peak= 7.329GB acc=1.00 hr=0.5 fb=6399 segs=7
chunk inputs, size: 512 (num 16)
chunk inputs, size: 2000 (num 4)
ratio 0.60 (pair), 0.6 GB (evict 717841 pairs)
  r=0.6 kvzip            peak= 8.456GB acc=1.00 hr=0.6 fb=None segs=None
chunk inputs, size: 512 (num 16)
chunk inputs, size: 512 (num 3)
chunk inputs, size: 512 (num 3)
chunk inputs, size: 512 (num 3)
chunk inputs, size: 512 (num 3)
chunk inputs, size: 512 (num 3)
ratio 0.60 (pair), 0.4 GB (evict 488058 pairs)
  r=0.6 ours             peak= 7.225GB acc=1.00 hr=0.6 fb=7999 segs=5
chunk inputs, size: 512 (num 16)
chunk inputs, size: 512 (num 3)
chunk inputs, size: 512 (num 7)
ratio 0.60 (pair), 0.2 GB (evict 281047 pairs)
  r=0.6 ours_predict_next peak= 6.951GB acc=0.50 hr=0.6 fb=7999 segs=2
chunk inputs, size: 512 (num 16)
chunk inputs, size: 512 (num 3)
chunk inputs, size: 512 (num 3)
chunk inputs, size: 512 (num 3)
chunk inputs, size: 512 (num 3)
chunk inputs, size: 512 (num 3)
chunk inputs, size: 512 (num 11)
ratio 0.60 (pair), 0.4 GB (evict 487478 pairs)
  r=0.6 ours_combine     peak= 7.226GB acc=1.00 hr=0.6 fb=7999 segs=5
chunk inputs, size: 512 (num 16)
chunk inputs, size: 2000 (num 4)
ratio 0.80 (pair), 0.7 GB (evict 359335 pairs)
  r=0.8 kvzip            peak= 8.456GB acc=1.00 hr=0.8 fb=None segs=None
chunk inputs, size: 512 (num 16)
chunk inputs, size: 512 (num 3)
chunk inputs, size: 512 (num 3)
chunk inputs, size: 512 (num 3)
chunk inputs, size: 512 (num 3)
chunk inputs, size: 512 (num 3)
ratio 0.80 (pair), 0.5 GB (evict 244144 pairs)
  r=0.8 ours             peak= 7.225GB acc=1.00 hr=0.8 fb=7999 segs=5
chunk inputs, size: 512 (num 16)
chunk inputs, size: 512 (num 3)
chunk inputs, size: 512 (num 7)
ratio 0.80 (pair), 0.3 GB (evict 140214 pairs)
  r=0.8 ours_predict_next peak= 6.951GB acc=0.50 hr=0.8 fb=7999 segs=2
chunk inputs, size: 512 (num 16)
chunk inputs, size: 512 (num 3)
chunk inputs, size: 512 (num 3)
chunk inputs, size: 512 (num 3)
chunk inputs, size: 512 (num 3)
chunk inputs, size: 512 (num 3)
chunk inputs, size: 512 (num 11)
ratio 0.80 (pair), 0.5 GB (evict 244378 pairs)
  r=0.8 ours_combine     peak= 7.226GB acc=1.00 hr=0.8 fb=7999 segs=5
chunk inputs, size: 512 (num 16)
chunk inputs, size: 2000 (num 4)
ratio 1.00 (pair), 0.9 GB (evict 0 pairs)
  r=1.0 kvzip            peak= 8.456GB acc=1.00 hr=1.0 fb=None segs=None
chunk inputs, size: 512 (num 16)
chunk inputs, size: 512 (num 16)
ratio 1.00 (pair), 0.9 GB (evict 0 pairs)
  r=1.0 ours             peak= 7.495GB acc=1.00 hr=1.0 fb=7999 segs=0
chunk inputs, size: 512 (num 16)
chunk inputs, size: 512 (num 9)
chunk inputs, size: 512 (num 9)
ratio 1.00 (pair), 0.5 GB (evict 0 pairs)
  r=1.0 ours_predict_next peak= 7.084GB acc=0.50 hr=1.0 fb=7999 segs=0
chunk inputs, size: 512 (num 16)
chunk inputs, size: 512 (num 16)
chunk inputs, size: 512 (num 16)
chunk inputs, size: 512 (num 16)
ratio 1.00 (pair), 0.9 GB (evict 0 pairs)
  r=1.0 ours_combine     peak= 7.496GB acc=1.00 hr=1.0 fb=7999 segs=0
insertion at 1574
================================================================================ 
[ctx_len=8000 depth=20% q=0.2 true_len=7999]
chunk inputs, size: 512 (num 16)
chunk inputs, size: 2000 (num 4)
ratio 0.00 (pair), 0.0 GB (evict 1791776 pairs)
  r=0.0 kvzip            peak= 8.456GB acc=0.00 hr=0.0 fb=None segs=None
chunk inputs, size: 512 (num 16)
chunk inputs, size: 512 (num 2)
chunk inputs, size: 512 (num 2)
chunk inputs, size: 512 (num 2)
chunk inputs, size: 512 (num 2)
chunk inputs, size: 512 (num 2)
chunk inputs, size: 512 (num 2)
chunk inputs, size: 512 (num 2)
chunk inputs, size: 512 (num 2)
ratio 0.00 (pair), 0.0 GB (evict 14336 pairs)
  r=0.0 ours             peak= 6.707GB acc=0.00 hr=0.0 fb=64 segs=7
chunk inputs, size: 512 (num 16)
chunk inputs, size: 512 (num 2)
ratio 0.00 (pair), 0.0 GB (evict 14336 pairs)
  r=0.0 ours_predict_next peak= 6.764GB acc=0.00 hr=0.0 fb=64 segs=3
chunk inputs, size: 512 (num 16)
chunk inputs, size: 512 (num 2)
chunk inputs, size: 512 (num 2)
chunk inputs, size: 512 (num 2)
chunk inputs, size: 512 (num 2)
chunk inputs, size: 512 (num 2)
chunk inputs, size: 512 (num 2)
chunk inputs, size: 512 (num 2)
chunk inputs, size: 512 (num 2)
chunk inputs, size: 512 (num 2)
ratio 0.00 (pair), 0.0 GB (evict 14336 pairs)
  r=0.0 ours_combine     peak= 6.721GB acc=0.00 hr=0.0 fb=64 segs=7
chunk inputs, size: 512 (num 16)
chunk inputs, size: 2000 (num 4)
ratio 0.20 (pair), 0.2 GB (evict 1433968 pairs)
  r=0.2 kvzip            peak= 8.456GB acc=1.00 hr=0.2 fb=None segs=None
chunk inputs, size: 512 (num 16)
chunk inputs, size: 512 (num 2)
chunk inputs, size: 512 (num 2)
chunk inputs, size: 512 (num 2)
chunk inputs, size: 512 (num 2)
chunk inputs, size: 512 (num 2)
chunk inputs, size: 512 (num 2)
chunk inputs, size: 512 (num 2)
chunk inputs, size: 512 (num 2)
ratio 0.50 (pair), 0.2 GB (evict 358979 pairs)
  r=0.2 ours             peak= 6.999GB acc=1.00 hr=0.5 fb=3200 segs=7
chunk inputs, size: 512 (num 16)
chunk inputs, size: 512 (num 2)
chunk inputs, size: 512 (num 5)
ratio 0.50 (pair), 0.1 GB (evict 231736 pairs)
  r=0.2 ours_predict_next peak= 6.839GB acc=0.00 hr=0.5 fb=3200 segs=3
chunk inputs, size: 512 (num 16)
chunk inputs, size: 512 (num 2)
chunk inputs, size: 512 (num 2)
chunk inputs, size: 512 (num 2)
chunk inputs, size: 512 (num 2)
chunk inputs, size: 512 (num 2)
chunk inputs, size: 512 (num 2)
chunk inputs, size: 512 (num 2)
chunk inputs, size: 512 (num 2)
chunk inputs, size: 512 (num 2)
chunk inputs, size: 512 (num 7)
ratio 0.50 (pair), 0.2 GB (evict 358762 pairs)
  r=0.2 ours_combine     peak= 6.999GB acc=1.00 hr=0.5 fb=3200 segs=7
chunk inputs, size: 512 (num 16)
chunk inputs, size: 2000 (num 4)
ratio 0.40 (pair), 0.4 GB (evict 1075974 pairs)
  r=0.4 kvzip            peak= 8.456GB acc=1.00 hr=0.4 fb=None segs=None
chunk inputs, size: 512 (num 16)
chunk inputs, size: 512 (num 2)
chunk inputs, size: 512 (num 2)
chunk inputs, size: 512 (num 2)
chunk inputs, size: 512 (num 2)
chunk inputs, size: 512 (num 2)
chunk inputs, size: 512 (num 2)
chunk inputs, size: 512 (num 2)
chunk inputs, size: 512 (num 2)
ratio 0.50 (pair), 0.4 GB (evict 716724 pairs)
  r=0.4 ours             peak= 7.330GB acc=1.00 hr=0.5 fb=6399 segs=7
chunk inputs, size: 512 (num 16)
chunk inputs, size: 512 (num 2)
chunk inputs, size: 512 (num 7)
ratio 0.50 (pair), 0.2 GB (evict 367616 pairs)
  r=0.4 ours_predict_next peak= 6.954GB acc=0.50 hr=0.5 fb=6399 segs=3
chunk inputs, size: 512 (num 16)
chunk inputs, size: 512 (num 2)
chunk inputs, size: 512 (num 2)
chunk inputs, size: 512 (num 2)
chunk inputs, size: 512 (num 2)
chunk inputs, size: 512 (num 2)
chunk inputs, size: 512 (num 2)
chunk inputs, size: 512 (num 2)
chunk inputs, size: 512 (num 2)
chunk inputs, size: 512 (num 2)
chunk inputs, size: 512 (num 13)
ratio 0.50 (pair), 0.4 GB (evict 716871 pairs)
  r=0.4 ours_combine     peak= 7.329GB acc=1.00 hr=0.5 fb=6399 segs=7
chunk inputs, size: 512 (num 16)
chunk inputs, size: 2000 (num 4)
ratio 0.60 (pair), 0.6 GB (evict 717171 pairs)
  r=0.6 kvzip            peak= 8.456GB acc=1.00 hr=0.6 fb=None segs=None
chunk inputs, size: 512 (num 16)
chunk inputs, size: 512 (num 3)
chunk inputs, size: 512 (num 3)
chunk inputs, size: 512 (num 3)
chunk inputs, size: 512 (num 3)
chunk inputs, size: 512 (num 3)
ratio 0.60 (pair), 0.4 GB (evict 487619 pairs)
  r=0.6 ours             peak= 7.225GB acc=1.00 hr=0.6 fb=7999 segs=5
chunk inputs, size: 512 (num 16)
chunk inputs, size: 512 (num 3)
chunk inputs, size: 512 (num 7)
ratio 0.60 (pair), 0.2 GB (evict 280962 pairs)
  r=0.6 ours_predict_next peak= 6.940GB acc=0.00 hr=0.6 fb=7999 segs=2
chunk inputs, size: 512 (num 16)
chunk inputs, size: 512 (num 3)
chunk inputs, size: 512 (num 3)
chunk inputs, size: 512 (num 3)
chunk inputs, size: 512 (num 3)
chunk inputs, size: 512 (num 3)
chunk inputs, size: 512 (num 11)
ratio 0.60 (pair), 0.4 GB (evict 487901 pairs)
  r=0.6 ours_combine     peak= 7.226GB acc=1.00 hr=0.6 fb=7999 segs=5
chunk inputs, size: 512 (num 16)
chunk inputs, size: 2000 (num 4)
ratio 0.80 (pair), 0.7 GB (evict 359327 pairs)
  r=0.8 kvzip            peak= 8.456GB acc=1.00 hr=0.8 fb=None segs=None
chunk inputs, size: 512 (num 16)
chunk inputs, size: 512 (num 3)
chunk inputs, size: 512 (num 3)
chunk inputs, size: 512 (num 3)
chunk inputs, size: 512 (num 3)
chunk inputs, size: 512 (num 3)
ratio 0.80 (pair), 0.5 GB (evict 244827 pairs)
  r=0.8 ours             peak= 7.225GB acc=1.00 hr=0.8 fb=7999 segs=5
chunk inputs, size: 512 (num 16)
chunk inputs, size: 512 (num 3)
chunk inputs, size: 512 (num 7)
ratio 0.80 (pair), 0.3 GB (evict 140624 pairs)
  r=0.8 ours_predict_next peak= 6.940GB acc=0.00 hr=0.8 fb=7999 segs=2
chunk inputs, size: 512 (num 16)
chunk inputs, size: 512 (num 3)
chunk inputs, size: 512 (num 3)
chunk inputs, size: 512 (num 3)
chunk inputs, size: 512 (num 3)
chunk inputs, size: 512 (num 3)
chunk inputs, size: 512 (num 11)
ratio 0.80 (pair), 0.5 GB (evict 243725 pairs)
  r=0.8 ours_combine     peak= 7.226GB acc=1.00 hr=0.8 fb=7999 segs=5
chunk inputs, size: 512 (num 16)
chunk inputs, size: 2000 (num 4)
ratio 1.00 (pair), 0.9 GB (evict 0 pairs)
  r=1.0 kvzip            peak= 8.456GB acc=1.00 hr=1.0 fb=None segs=None
chunk inputs, size: 512 (num 16)
chunk inputs, size: 512 (num 16)
ratio 1.00 (pair), 0.9 GB (evict 0 pairs)
  r=1.0 ours             peak= 7.495GB acc=1.00 hr=1.0 fb=7999 segs=0
chunk inputs, size: 512 (num 16)
chunk inputs, size: 512 (num 9)
chunk inputs, size: 512 (num 9)
ratio 1.00 (pair), 0.5 GB (evict 0 pairs)
  r=1.0 ours_predict_next peak= 7.067GB acc=0.00 hr=1.0 fb=7999 segs=0
chunk inputs, size: 512 (num 16)
chunk inputs, size: 512 (num 16)
chunk inputs, size: 512 (num 16)
chunk inputs, size: 512 (num 16)
ratio 1.00 (pair), 0.9 GB (evict 0 pairs)
  r=1.0 ours_combine     peak= 7.496GB acc=1.00 hr=1.0 fb=7999 segs=0
insertion at 2380
================================================================================ 
[ctx_len=8000 depth=30% q=0.3 true_len=7999]
chunk inputs, size: 512 (num 16)
chunk inputs, size: 2000 (num 4)
ratio 0.00 (pair), 0.0 GB (evict 1791776 pairs)
  r=0.0 kvzip            peak= 8.456GB acc=0.00 hr=0.0 fb=None segs=None
chunk inputs, size: 512 (num 16)
chunk inputs, size: 512 (num 2)
chunk inputs, size: 512 (num 2)
chunk inputs, size: 512 (num 2)
chunk inputs, size: 512 (num 2)
chunk inputs, size: 512 (num 2)
chunk inputs, size: 512 (num 2)
chunk inputs, size: 512 (num 2)
chunk inputs, size: 512 (num 2)
ratio 0.00 (pair), 0.0 GB (evict 14336 pairs)
  r=0.0 ours             peak= 6.707GB acc=0.00 hr=0.0 fb=64 segs=7
chunk inputs, size: 512 (num 16)
chunk inputs, size: 512 (num 2)
ratio 0.00 (pair), 0.0 GB (evict 14336 pairs)
  r=0.0 ours_predict_next peak= 6.773GB acc=0.00 hr=0.0 fb=64 segs=3
chunk inputs, size: 512 (num 16)
chunk inputs, size: 512 (num 2)
chunk inputs, size: 512 (num 2)
chunk inputs, size: 512 (num 2)
chunk inputs, size: 512 (num 2)
chunk inputs, size: 512 (num 2)
chunk inputs, size: 512 (num 2)
chunk inputs, size: 512 (num 2)
chunk inputs, size: 512 (num 2)
chunk inputs, size: 512 (num 2)
ratio 0.00 (pair), 0.0 GB (evict 14336 pairs)
  r=0.0 ours_combine     peak= 6.721GB acc=0.00 hr=0.0 fb=64 segs=7
chunk inputs, size: 512 (num 16)
chunk inputs, size: 2000 (num 4)
ratio 0.20 (pair), 0.2 GB (evict 1433593 pairs)
  r=0.2 kvzip            peak= 8.456GB acc=1.00 hr=0.2 fb=None segs=None
chunk inputs, size: 512 (num 16)
chunk inputs, size: 512 (num 2)
chunk inputs, size: 512 (num 2)
chunk inputs, size: 512 (num 2)
chunk inputs, size: 512 (num 2)
chunk inputs, size: 512 (num 2)
chunk inputs, size: 512 (num 2)
chunk inputs, size: 512 (num 2)
chunk inputs, size: 512 (num 2)
ratio 0.50 (pair), 0.2 GB (evict 358610 pairs)
  r=0.2 ours             peak= 6.999GB acc=1.00 hr=0.5 fb=3200 segs=7
chunk inputs, size: 512 (num 16)
chunk inputs, size: 512 (num 2)
chunk inputs, size: 512 (num 5)
ratio 0.50 (pair), 0.1 GB (evict 231906 pairs)
  r=0.2 ours_predict_next peak= 6.840GB acc=0.00 hr=0.5 fb=3200 segs=3
chunk inputs, size: 512 (num 16)
chunk inputs, size: 512 (num 2)
chunk inputs, size: 512 (num 2)
chunk inputs, size: 512 (num 2)
chunk inputs, size: 512 (num 2)
chunk inputs, size: 512 (num 2)
chunk inputs, size: 512 (num 2)
chunk inputs, size: 512 (num 2)
chunk inputs, size: 512 (num 2)
chunk inputs, size: 512 (num 2)
chunk inputs, size: 512 (num 7)
ratio 0.50 (pair), 0.2 GB (evict 358702 pairs)
  r=0.2 ours_combine     peak= 6.999GB acc=1.00 hr=0.5 fb=3200 segs=7
chunk inputs, size: 512 (num 16)
chunk inputs, size: 2000 (num 4)
ratio 0.40 (pair), 0.4 GB (evict 1075633 pairs)
  r=0.4 kvzip            peak= 8.456GB acc=0.00 hr=0.4 fb=None segs=None
chunk inputs, size: 512 (num 16)
chunk inputs, size: 512 (num 2)
chunk inputs, size: 512 (num 2)
chunk inputs, size: 512 (num 2)
chunk inputs, size: 512 (num 2)
chunk inputs, size: 512 (num 2)
chunk inputs, size: 512 (num 2)
chunk inputs, size: 512 (num 2)
chunk inputs, size: 512 (num 2)
ratio 0.50 (pair), 0.4 GB (evict 717493 pairs)
  r=0.4 ours             peak= 7.330GB acc=1.00 hr=0.5 fb=6399 segs=7
chunk inputs, size: 512 (num 16)
chunk inputs, size: 512 (num 2)
chunk inputs, size: 512 (num 7)
ratio 0.50 (pair), 0.2 GB (evict 368455 pairs)
  r=0.4 ours_predict_next peak= 6.952GB acc=0.50 hr=0.5 fb=6399 segs=3
chunk inputs, size: 512 (num 16)
chunk inputs, size: 512 (num 2)
chunk inputs, size: 512 (num 2)
chunk inputs, size: 512 (num 2)
chunk inputs, size: 512 (num 2)
chunk inputs, size: 512 (num 2)
chunk inputs, size: 512 (num 2)
chunk inputs, size: 512 (num 2)
chunk inputs, size: 512 (num 2)
chunk inputs, size: 512 (num 2)
chunk inputs, size: 512 (num 13)
ratio 0.50 (pair), 0.4 GB (evict 716694 pairs)
  r=0.4 ours_combine     peak= 7.329GB acc=1.00 hr=0.5 fb=6399 segs=7
chunk inputs, size: 512 (num 16)
chunk inputs, size: 2000 (num 4)
ratio 0.60 (pair), 0.6 GB (evict 716895 pairs)
  r=0.6 kvzip            peak= 8.456GB acc=1.00 hr=0.6 fb=None segs=None
chunk inputs, size: 512 (num 16)
chunk inputs, size: 512 (num 3)
chunk inputs, size: 512 (num 3)
chunk inputs, size: 512 (num 3)
chunk inputs, size: 512 (num 3)
chunk inputs, size: 512 (num 3)
ratio 0.60 (pair), 0.4 GB (evict 487714 pairs)
  r=0.6 ours             peak= 7.225GB acc=1.00 hr=0.6 fb=7999 segs=5
chunk inputs, size: 512 (num 16)
chunk inputs, size: 512 (num 3)
chunk inputs, size: 512 (num 7)
ratio 0.60 (pair), 0.2 GB (evict 280348 pairs)
  r=0.6 ours_predict_next peak= 6.938GB acc=0.50 hr=0.6 fb=7999 segs=2
chunk inputs, size: 512 (num 16)
chunk inputs, size: 512 (num 3)
chunk inputs, size: 512 (num 3)
chunk inputs, size: 512 (num 3)
chunk inputs, size: 512 (num 3)
chunk inputs, size: 512 (num 3)
chunk inputs, size: 512 (num 11)
ratio 0.60 (pair), 0.4 GB (evict 487996 pairs)
  r=0.6 ours_combine     peak= 7.226GB acc=1.00 hr=0.6 fb=7999 segs=5
chunk inputs, size: 512 (num 16)
chunk inputs, size: 2000 (num 4)
ratio 0.80 (pair), 0.7 GB (evict 358638 pairs)
  r=0.8 kvzip            peak= 8.456GB acc=1.00 hr=0.8 fb=None segs=None
chunk inputs, size: 512 (num 16)
chunk inputs, size: 512 (num 3)
chunk inputs, size: 512 (num 3)
chunk inputs, size: 512 (num 3)
chunk inputs, size: 512 (num 3)
chunk inputs, size: 512 (num 3)
ratio 0.80 (pair), 0.5 GB (evict 244711 pairs)
  r=0.8 ours             peak= 7.225GB acc=1.00 hr=0.8 fb=7999 segs=5
chunk inputs, size: 512 (num 16)
chunk inputs, size: 512 (num 3)
chunk inputs, size: 512 (num 7)
ratio 0.80 (pair), 0.3 GB (evict 140565 pairs)
  r=0.8 ours_predict_next peak= 6.938GB acc=0.50 hr=0.8 fb=7999 segs=2
chunk inputs, size: 512 (num 16)
chunk inputs, size: 512 (num 3)
chunk inputs, size: 512 (num 3)
chunk inputs, size: 512 (num 3)
chunk inputs, size: 512 (num 3)
chunk inputs, size: 512 (num 3)
chunk inputs, size: 512 (num 11)
ratio 0.80 (pair), 0.5 GB (evict 243743 pairs)
  r=0.8 ours_combine     peak= 7.226GB acc=1.00 hr=0.8 fb=7999 segs=5
chunk inputs, size: 512 (num 16)
chunk inputs, size: 2000 (num 4)
ratio 1.00 (pair), 0.9 GB (evict 0 pairs)
  r=1.0 kvzip            peak= 8.456GB acc=1.00 hr=1.0 fb=None segs=None
chunk inputs, size: 512 (num 16)
chunk inputs, size: 512 (num 16)
ratio 1.00 (pair), 0.9 GB (evict 0 pairs)
  r=1.0 ours             peak= 7.495GB acc=1.00 hr=1.0 fb=7999 segs=0
chunk inputs, size: 512 (num 16)
chunk inputs, size: 512 (num 9)
chunk inputs, size: 512 (num 9)
ratio 1.00 (pair), 0.5 GB (evict 0 pairs)
  r=1.0 ours_predict_next peak= 7.063GB acc=0.50 hr=1.0 fb=7999 segs=0
chunk inputs, size: 512 (num 16)
chunk inputs, size: 512 (num 16)
chunk inputs, size: 512 (num 16)
chunk inputs, size: 512 (num 16)
ratio 1.00 (pair), 0.9 GB (evict 0 pairs)
  r=1.0 ours_combine     peak= 7.496GB acc=1.00 hr=1.0 fb=7999 segs=0
insertion at 3175
================================================================================ 
[ctx_len=8000 depth=40% q=0.4 true_len=7999]
chunk inputs, size: 512 (num 16)
chunk inputs, size: 2000 (num 4)
ratio 0.00 (pair), 0.0 GB (evict 1791776 pairs)
  r=0.0 kvzip            peak= 8.456GB acc=0.00 hr=0.0 fb=None segs=None
chunk inputs, size: 512 (num 16)
chunk inputs, size: 512 (num 2)
chunk inputs, size: 512 (num 2)
chunk inputs, size: 512 (num 2)
chunk inputs, size: 512 (num 2)
chunk inputs, size: 512 (num 2)
chunk inputs, size: 512 (num 2)
chunk inputs, size: 512 (num 2)
chunk inputs, size: 512 (num 2)
ratio 0.00 (pair), 0.0 GB (evict 14336 pairs)
  r=0.0 ours             peak= 6.707GB acc=0.00 hr=0.0 fb=64 segs=7
chunk inputs, size: 512 (num 16)
chunk inputs, size: 512 (num 2)
ratio 0.00 (pair), 0.0 GB (evict 14336 pairs)
  r=0.0 ours_predict_next peak= 6.764GB acc=0.00 hr=0.0 fb=64 segs=3
chunk inputs, size: 512 (num 16)
chunk inputs, size: 512 (num 2)
chunk inputs, size: 512 (num 2)
chunk inputs, size: 512 (num 2)
chunk inputs, size: 512 (num 2)
chunk inputs, size: 512 (num 2)
chunk inputs, size: 512 (num 2)
chunk inputs, size: 512 (num 2)
chunk inputs, size: 512 (num 2)
chunk inputs, size: 512 (num 2)
ratio 0.00 (pair), 0.0 GB (evict 14336 pairs)
  r=0.0 ours_combine     peak= 6.721GB acc=0.00 hr=0.0 fb=64 segs=7
chunk inputs, size: 512 (num 16)
chunk inputs, size: 2000 (num 4)
ratio 0.20 (pair), 0.2 GB (evict 1433536 pairs)
  r=0.2 kvzip            peak= 8.456GB acc=1.00 hr=0.2 fb=None segs=None
chunk inputs, size: 512 (num 16)
chunk inputs, size: 512 (num 2)
chunk inputs, size: 512 (num 2)
chunk inputs, size: 512 (num 2)
chunk inputs, size: 512 (num 2)
chunk inputs, size: 512 (num 2)
chunk inputs, size: 512 (num 2)
chunk inputs, size: 512 (num 2)
chunk inputs, size: 512 (num 2)
ratio 0.50 (pair), 0.2 GB (evict 358942 pairs)
  r=0.2 ours             peak= 6.999GB acc=1.00 hr=0.5 fb=3200 segs=7
chunk inputs, size: 512 (num 16)
chunk inputs, size: 512 (num 3)
chunk inputs, size: 512 (num 4)
ratio 0.50 (pair), 0.1 GB (evict 183970 pairs)
  r=0.2 ours_predict_next peak= 6.842GB acc=0.00 hr=0.5 fb=3200 segs=4
chunk inputs, size: 512 (num 16)
chunk inputs, size: 512 (num 2)
chunk inputs, size: 512 (num 2)
chunk inputs, size: 512 (num 2)
chunk inputs, size: 512 (num 2)
chunk inputs, size: 512 (num 2)
chunk inputs, size: 512 (num 2)
chunk inputs, size: 512 (num 2)
chunk inputs, size: 512 (num 2)
chunk inputs, size: 512 (num 2)
chunk inputs, size: 512 (num 7)
ratio 0.50 (pair), 0.2 GB (evict 358735 pairs)
  r=0.2 ours_combine     peak= 6.999GB acc=1.00 hr=0.5 fb=3200 segs=7
chunk inputs, size: 512 (num 16)
chunk inputs, size: 2000 (num 4)
ratio 0.40 (pair), 0.4 GB (evict 1075685 pairs)
  r=0.4 kvzip            peak= 8.456GB acc=0.00 hr=0.4 fb=None segs=None
chunk inputs, size: 512 (num 16)
chunk inputs, size: 512 (num 2)
chunk inputs, size: 512 (num 2)
chunk inputs, size: 512 (num 2)
chunk inputs, size: 512 (num 2)
chunk inputs, size: 512 (num 2)
chunk inputs, size: 512 (num 2)
chunk inputs, size: 512 (num 2)
chunk inputs, size: 512 (num 2)
ratio 0.50 (pair), 0.4 GB (evict 716895 pairs)
  r=0.4 ours             peak= 7.330GB acc=1.00 hr=0.5 fb=6399 segs=7
chunk inputs, size: 512 (num 16)
chunk inputs, size: 512 (num 2)
chunk inputs, size: 512 (num 7)
ratio 0.50 (pair), 0.2 GB (evict 367484 pairs)
  r=0.4 ours_predict_next peak= 6.957GB acc=1.00 hr=0.5 fb=6399 segs=3
chunk inputs, size: 512 (num 16)
chunk inputs, size: 512 (num 2)
chunk inputs, size: 512 (num 2)
chunk inputs, size: 512 (num 2)
chunk inputs, size: 512 (num 2)
chunk inputs, size: 512 (num 2)
chunk inputs, size: 512 (num 2)
chunk inputs, size: 512 (num 2)
chunk inputs, size: 512 (num 2)
chunk inputs, size: 512 (num 2)
chunk inputs, size: 512 (num 13)
ratio 0.50 (pair), 0.4 GB (evict 717614 pairs)
  r=0.4 ours_combine     peak= 7.329GB acc=1.00 hr=0.5 fb=6399 segs=7
chunk inputs, size: 512 (num 16)
chunk inputs, size: 2000 (num 4)
ratio 0.60 (pair), 0.6 GB (evict 718052 pairs)
  r=0.6 kvzip            peak= 8.456GB acc=1.00 hr=0.6 fb=None segs=None
chunk inputs, size: 512 (num 16)
chunk inputs, size: 512 (num 3)
chunk inputs, size: 512 (num 3)
chunk inputs, size: 512 (num 3)
chunk inputs, size: 512 (num 3)
chunk inputs, size: 512 (num 3)
ratio 0.60 (pair), 0.4 GB (evict 488222 pairs)
  r=0.6 ours             peak= 7.225GB acc=1.00 hr=0.6 fb=7999 segs=5
chunk inputs, size: 512 (num 16)
chunk inputs, size: 512 (num 3)
chunk inputs, size: 512 (num 7)
ratio 0.60 (pair), 0.2 GB (evict 280262 pairs)
  r=0.6 ours_predict_next peak= 6.940GB acc=1.00 hr=0.6 fb=7999 segs=2
chunk inputs, size: 512 (num 16)
chunk inputs, size: 512 (num 3)
chunk inputs, size: 512 (num 3)
chunk inputs, size: 512 (num 3)
chunk inputs, size: 512 (num 3)
chunk inputs, size: 512 (num 3)
chunk inputs, size: 512 (num 11)
ratio 0.60 (pair), 0.4 GB (evict 487644 pairs)
  r=0.6 ours_combine     peak= 7.226GB acc=1.00 hr=0.6 fb=7999 segs=5
chunk inputs, size: 512 (num 16)
chunk inputs, size: 2000 (num 4)
ratio 0.80 (pair), 0.7 GB (evict 358515 pairs)
  r=0.8 kvzip            peak= 8.456GB acc=1.00 hr=0.8 fb=None segs=None
chunk inputs, size: 512 (num 16)
chunk inputs, size: 512 (num 3)
chunk inputs, size: 512 (num 3)
chunk inputs, size: 512 (num 3)
chunk inputs, size: 512 (num 3)
chunk inputs, size: 512 (num 3)
ratio 0.80 (pair), 0.5 GB (evict 244171 pairs)
  r=0.8 ours             peak= 7.225GB acc=1.00 hr=0.8 fb=7999 segs=5
chunk inputs, size: 512 (num 16)
chunk inputs, size: 512 (num 3)
chunk inputs, size: 512 (num 7)
ratio 0.80 (pair), 0.3 GB (evict 140437 pairs)
  r=0.8 ours_predict_next peak= 6.940GB acc=1.00 hr=0.8 fb=7999 segs=2
chunk inputs, size: 512 (num 16)
chunk inputs, size: 512 (num 3)
chunk inputs, size: 512 (num 3)
chunk inputs, size: 512 (num 3)
chunk inputs, size: 512 (num 3)
chunk inputs, size: 512 (num 3)
chunk inputs, size: 512 (num 11)
ratio 0.80 (pair), 0.5 GB (evict 244090 pairs)
  r=0.8 ours_combine     peak= 7.226GB acc=1.00 hr=0.8 fb=7999 segs=5
chunk inputs, size: 512 (num 16)
chunk inputs, size: 2000 (num 4)
ratio 1.00 (pair), 0.9 GB (evict 0 pairs)
  r=1.0 kvzip            peak= 8.456GB acc=1.00 hr=1.0 fb=None segs=None
chunk inputs, size: 512 (num 16)
chunk inputs, size: 512 (num 16)
ratio 1.00 (pair), 0.9 GB (evict 0 pairs)
  r=1.0 ours             peak= 7.495GB acc=1.00 hr=1.0 fb=7999 segs=0
chunk inputs, size: 512 (num 16)
chunk inputs, size: 512 (num 9)
chunk inputs, size: 512 (num 9)
ratio 1.00 (pair), 0.5 GB (evict 0 pairs)
  r=1.0 ours_predict_next peak= 7.080GB acc=0.50 hr=1.0 fb=7999 segs=0
chunk inputs, size: 512 (num 16)
chunk inputs, size: 512 (num 16)
chunk inputs, size: 512 (num 16)
chunk inputs, size: 512 (num 16)
ratio 1.00 (pair), 0.9 GB (evict 0 pairs)
  r=1.0 ours_combine     peak= 7.496GB acc=1.00 hr=1.0 fb=7999 segs=0
insertion at 3965
================================================================================ 
[ctx_len=8000 depth=50% q=0.5 true_len=7999]
chunk inputs, size: 512 (num 16)
chunk inputs, size: 2000 (num 4)
ratio 0.00 (pair), 0.0 GB (evict 1791776 pairs)
  r=0.0 kvzip            peak= 8.456GB acc=0.00 hr=0.0 fb=None segs=None
chunk inputs, size: 512 (num 16)
chunk inputs, size: 512 (num 2)
chunk inputs, size: 512 (num 2)
chunk inputs, size: 512 (num 2)
chunk inputs, size: 512 (num 2)
chunk inputs, size: 512 (num 2)
chunk inputs, size: 512 (num 2)
chunk inputs, size: 512 (num 2)
chunk inputs, size: 512 (num 2)
ratio 0.00 (pair), 0.0 GB (evict 14336 pairs)
  r=0.0 ours             peak= 6.707GB acc=0.00 hr=0.0 fb=64 segs=7
chunk inputs, size: 512 (num 16)
chunk inputs, size: 512 (num 2)
ratio 0.00 (pair), 0.0 GB (evict 14336 pairs)
  r=0.0 ours_predict_next peak= 6.775GB acc=0.00 hr=0.0 fb=64 segs=3
chunk inputs, size: 512 (num 16)
chunk inputs, size: 512 (num 2)
chunk inputs, size: 512 (num 2)
chunk inputs, size: 512 (num 2)
chunk inputs, size: 512 (num 3)
chunk inputs, size: 512 (num 2)
chunk inputs, size: 512 (num 2)
chunk inputs, size: 512 (num 2)
ratio 0.00 (pair), 0.0 GB (evict 14336 pairs)
  r=0.0 ours_combine     peak= 6.804GB acc=0.00 hr=0.0 fb=64 segs=7
chunk inputs, size: 512 (num 16)
chunk inputs, size: 2000 (num 4)
ratio 0.20 (pair), 0.2 GB (evict 1433935 pairs)
  r=0.2 kvzip            peak= 8.456GB acc=1.00 hr=0.2 fb=None segs=None
chunk inputs, size: 512 (num 16)
chunk inputs, size: 512 (num 2)
chunk inputs, size: 512 (num 2)
chunk inputs, size: 512 (num 2)
chunk inputs, size: 512 (num 2)
chunk inputs, size: 512 (num 2)
chunk inputs, size: 512 (num 2)
chunk inputs, size: 512 (num 2)
chunk inputs, size: 512 (num 2)
ratio 0.50 (pair), 0.2 GB (evict 358630 pairs)
  r=0.2 ours             peak= 6.999GB acc=1.00 hr=0.5 fb=3200 segs=7
chunk inputs, size: 512 (num 16)
chunk inputs, size: 512 (num 2)
chunk inputs, size: 512 (num 5)
ratio 0.50 (pair), 0.1 GB (evict 231537 pairs)
  r=0.2 ours_predict_next peak= 6.838GB acc=1.00 hr=0.5 fb=3200 segs=3
chunk inputs, size: 512 (num 16)
chunk inputs, size: 512 (num 2)
chunk inputs, size: 512 (num 2)
chunk inputs, size: 512 (num 2)
chunk inputs, size: 512 (num 2)
chunk inputs, size: 512 (num 2)
chunk inputs, size: 512 (num 2)
chunk inputs, size: 512 (num 2)
chunk inputs, size: 512 (num 2)
chunk inputs, size: 512 (num 2)
chunk inputs, size: 512 (num 7)
ratio 0.50 (pair), 0.2 GB (evict 358662 pairs)
  r=0.2 ours_combine     peak= 6.999GB acc=1.00 hr=0.5 fb=3200 segs=7
chunk inputs, size: 512 (num 16)
chunk inputs, size: 2000 (num 4)
ratio 0.40 (pair), 0.4 GB (evict 1075353 pairs)
  r=0.4 kvzip            peak= 8.456GB acc=0.00 hr=0.4 fb=None segs=None
chunk inputs, size: 512 (num 16)
chunk inputs, size: 512 (num 2)
chunk inputs, size: 512 (num 2)
chunk inputs, size: 512 (num 2)
chunk inputs, size: 512 (num 2)
chunk inputs, size: 512 (num 2)
chunk inputs, size: 512 (num 2)
chunk inputs, size: 512 (num 2)
chunk inputs, size: 512 (num 2)
ratio 0.50 (pair), 0.4 GB (evict 717534 pairs)
  r=0.4 ours             peak= 7.330GB acc=0.00 hr=0.5 fb=6399 segs=7
chunk inputs, size: 512 (num 16)
chunk inputs, size: 512 (num 2)
chunk inputs, size: 512 (num 7)
ratio 0.50 (pair), 0.2 GB (evict 368337 pairs)
  r=0.4 ours_predict_next peak= 6.955GB acc=1.00 hr=0.5 fb=6399 segs=3
chunk inputs, size: 512 (num 16)
chunk inputs, size: 512 (num 2)
chunk inputs, size: 512 (num 2)
chunk inputs, size: 512 (num 2)
chunk inputs, size: 512 (num 2)
chunk inputs, size: 512 (num 2)
chunk inputs, size: 512 (num 2)
chunk inputs, size: 512 (num 2)
chunk inputs, size: 512 (num 2)
chunk inputs, size: 512 (num 2)
chunk inputs, size: 512 (num 13)
ratio 0.50 (pair), 0.4 GB (evict 717481 pairs)
  r=0.4 ours_combine     peak= 7.329GB acc=1.00 hr=0.5 fb=6399 segs=7
chunk inputs, size: 512 (num 16)
chunk inputs, size: 2000 (num 4)
ratio 0.60 (pair), 0.6 GB (evict 717778 pairs)
  r=0.6 kvzip            peak= 8.456GB acc=1.00 hr=0.6 fb=None segs=None
chunk inputs, size: 512 (num 16)
chunk inputs, size: 512 (num 3)
chunk inputs, size: 512 (num 3)
chunk inputs, size: 512 (num 3)
chunk inputs, size: 512 (num 3)
chunk inputs, size: 512 (num 3)
ratio 0.60 (pair), 0.4 GB (evict 488132 pairs)
  r=0.6 ours             peak= 7.225GB acc=1.00 hr=0.6 fb=7999 segs=5
chunk inputs, size: 512 (num 16)
chunk inputs, size: 512 (num 2)
chunk inputs, size: 512 (num 6)
ratio 0.60 (pair), 0.2 GB (evict 258701 pairs)
  r=0.6 ours_predict_next peak= 6.945GB acc=1.00 hr=0.6 fb=7999 segs=2
chunk inputs, size: 512 (num 16)
chunk inputs, size: 512 (num 3)
chunk inputs, size: 512 (num 3)
chunk inputs, size: 512 (num 3)
chunk inputs, size: 512 (num 3)
chunk inputs, size: 512 (num 3)
chunk inputs, size: 512 (num 11)
ratio 0.60 (pair), 0.4 GB (evict 488168 pairs)
  r=0.6 ours_combine     peak= 7.226GB acc=1.00 hr=0.6 fb=7999 segs=5
chunk inputs, size: 512 (num 16)
chunk inputs, size: 2000 (num 4)
ratio 0.80 (pair), 0.7 GB (evict 359981 pairs)
  r=0.8 kvzip            peak= 8.456GB acc=1.00 hr=0.8 fb=None segs=None
chunk inputs, size: 512 (num 16)
chunk inputs, size: 512 (num 3)
chunk inputs, size: 512 (num 3)
chunk inputs, size: 512 (num 3)
chunk inputs, size: 512 (num 3)
chunk inputs, size: 512 (num 3)
ratio 0.80 (pair), 0.5 GB (evict 243810 pairs)
  r=0.8 ours             peak= 7.225GB acc=1.00 hr=0.8 fb=7999 segs=5
chunk inputs, size: 512 (num 16)
chunk inputs, size: 512 (num 2)
chunk inputs, size: 512 (num 6)
ratio 0.80 (pair), 0.3 GB (evict 129421 pairs)
  r=0.8 ours_predict_next peak= 6.945GB acc=0.50 hr=0.8 fb=7999 segs=2
chunk inputs, size: 512 (num 16)
chunk inputs, size: 512 (num 3)
chunk inputs, size: 512 (num 3)
chunk inputs, size: 512 (num 3)
chunk inputs, size: 512 (num 3)
chunk inputs, size: 512 (num 3)
chunk inputs, size: 512 (num 11)
ratio 0.80 (pair), 0.5 GB (evict 244060 pairs)
  r=0.8 ours_combine     peak= 7.226GB acc=1.00 hr=0.8 fb=7999 segs=5
chunk inputs, size: 512 (num 16)
chunk inputs, size: 2000 (num 4)
ratio 1.00 (pair), 0.9 GB (evict 0 pairs)
  r=1.0 kvzip            peak= 8.456GB acc=1.00 hr=1.0 fb=None segs=None
chunk inputs, size: 512 (num 16)
chunk inputs, size: 512 (num 16)
ratio 1.00 (pair), 0.9 GB (evict 0 pairs)
  r=1.0 ours             peak= 7.495GB acc=1.00 hr=1.0 fb=7999 segs=0
chunk inputs, size: 512 (num 16)
chunk inputs, size: 512 (num 9)
chunk inputs, size: 512 (num 9)
ratio 1.00 (pair), 0.5 GB (evict 0 pairs)
  r=1.0 ours_predict_next peak= 7.075GB acc=1.00 hr=1.0 fb=7999 segs=0
chunk inputs, size: 512 (num 16)
chunk inputs, size: 512 (num 16)
chunk inputs, size: 512 (num 16)
chunk inputs, size: 512 (num 16)
ratio 1.00 (pair), 0.9 GB (evict 0 pairs)
  r=1.0 ours_combine     peak= 7.496GB acc=1.00 hr=1.0 fb=7999 segs=0
insertion at 4783
================================================================================ 
[ctx_len=8000 depth=60% q=0.6 true_len=7999]
chunk inputs, size: 512 (num 16)
chunk inputs, size: 2000 (num 4)
ratio 0.00 (pair), 0.0 GB (evict 1791776 pairs)
  r=0.0 kvzip            peak= 8.456GB acc=0.00 hr=0.0 fb=None segs=None
chunk inputs, size: 512 (num 16)
chunk inputs, size: 512 (num 2)
chunk inputs, size: 512 (num 2)
chunk inputs, size: 512 (num 2)
chunk inputs, size: 512 (num 2)
chunk inputs, size: 512 (num 2)
chunk inputs, size: 512 (num 2)
chunk inputs, size: 512 (num 2)
chunk inputs, size: 512 (num 2)
ratio 0.00 (pair), 0.0 GB (evict 14336 pairs)
  r=0.0 ours             peak= 6.707GB acc=0.00 hr=0.0 fb=64 segs=7
chunk inputs, size: 512 (num 16)
chunk inputs, size: 512 (num 2)
ratio 0.00 (pair), 0.0 GB (evict 14336 pairs)
  r=0.0 ours_predict_next peak= 6.754GB acc=0.00 hr=0.0 fb=64 segs=3
chunk inputs, size: 512 (num 16)
chunk inputs, size: 512 (num 2)
chunk inputs, size: 512 (num 2)
chunk inputs, size: 512 (num 2)
chunk inputs, size: 512 (num 3)
chunk inputs, size: 512 (num 2)
chunk inputs, size: 512 (num 2)
chunk inputs, size: 512 (num 2)
ratio 0.00 (pair), 0.0 GB (evict 14336 pairs)
  r=0.0 ours_combine     peak= 6.804GB acc=0.00 hr=0.0 fb=64 segs=7
chunk inputs, size: 512 (num 16)
chunk inputs, size: 2000 (num 4)
ratio 0.20 (pair), 0.2 GB (evict 1433706 pairs)
  r=0.2 kvzip            peak= 8.456GB acc=1.00 hr=0.2 fb=None segs=None
chunk inputs, size: 512 (num 16)
chunk inputs, size: 512 (num 2)
chunk inputs, size: 512 (num 2)
chunk inputs, size: 512 (num 2)
chunk inputs, size: 512 (num 2)
chunk inputs, size: 512 (num 2)
chunk inputs, size: 512 (num 2)
chunk inputs, size: 512 (num 2)
chunk inputs, size: 512 (num 2)
ratio 0.50 (pair), 0.2 GB (evict 358909 pairs)
  r=0.2 ours             peak= 6.999GB acc=1.00 hr=0.5 fb=3200 segs=7
chunk inputs, size: 512 (num 16)
chunk inputs, size: 512 (num 2)
chunk inputs, size: 512 (num 5)
ratio 0.50 (pair), 0.1 GB (evict 231668 pairs)
  r=0.2 ours_predict_next peak= 6.824GB acc=0.00 hr=0.5 fb=3200 segs=3
chunk inputs, size: 512 (num 16)
chunk inputs, size: 512 (num 2)
chunk inputs, size: 512 (num 2)
chunk inputs, size: 512 (num 2)
chunk inputs, size: 512 (num 2)
chunk inputs, size: 512 (num 2)
chunk inputs, size: 512 (num 2)
chunk inputs, size: 512 (num 2)
chunk inputs, size: 512 (num 2)
chunk inputs, size: 512 (num 2)
chunk inputs, size: 512 (num 7)
ratio 0.50 (pair), 0.2 GB (evict 358493 pairs)
  r=0.2 ours_combine     peak= 6.999GB acc=1.00 hr=0.5 fb=3200 segs=7
chunk inputs, size: 512 (num 16)
chunk inputs, size: 2000 (num 4)
ratio 0.40 (pair), 0.4 GB (evict 1076051 pairs)
  r=0.4 kvzip            peak= 8.456GB acc=0.00 hr=0.4 fb=None segs=None
chunk inputs, size: 512 (num 16)
chunk inputs, size: 512 (num 2)
chunk inputs, size: 512 (num 2)
chunk inputs, size: 512 (num 2)
chunk inputs, size: 512 (num 2)
chunk inputs, size: 512 (num 2)
chunk inputs, size: 512 (num 2)
chunk inputs, size: 512 (num 2)
chunk inputs, size: 512 (num 2)
ratio 0.50 (pair), 0.4 GB (evict 717218 pairs)
  r=0.4 ours             peak= 7.330GB acc=0.00 hr=0.5 fb=6399 segs=7
chunk inputs, size: 512 (num 16)
chunk inputs, size: 512 (num 2)
chunk inputs, size: 512 (num 7)
ratio 0.50 (pair), 0.2 GB (evict 368577 pairs)
  r=0.4 ours_predict_next peak= 6.956GB acc=0.00 hr=0.5 fb=6399 segs=3
chunk inputs, size: 512 (num 16)
chunk inputs, size: 512 (num 2)
chunk inputs, size: 512 (num 2)
chunk inputs, size: 512 (num 2)
chunk inputs, size: 512 (num 2)
chunk inputs, size: 512 (num 2)
chunk inputs, size: 512 (num 2)
chunk inputs, size: 512 (num 2)
chunk inputs, size: 512 (num 2)
chunk inputs, size: 512 (num 2)
chunk inputs, size: 512 (num 13)
ratio 0.50 (pair), 0.4 GB (evict 717482 pairs)
  r=0.4 ours_combine     peak= 7.329GB acc=1.00 hr=0.5 fb=6399 segs=7
chunk inputs, size: 512 (num 16)
chunk inputs, size: 2000 (num 4)
ratio 0.60 (pair), 0.6 GB (evict 717309 pairs)
  r=0.6 kvzip            peak= 8.456GB acc=1.00 hr=0.6 fb=None segs=None
chunk inputs, size: 512 (num 16)
chunk inputs, size: 512 (num 3)
chunk inputs, size: 512 (num 3)
chunk inputs, size: 512 (num 3)
chunk inputs, size: 512 (num 3)
chunk inputs, size: 512 (num 3)
ratio 0.60 (pair), 0.4 GB (evict 487810 pairs)
  r=0.6 ours             peak= 7.225GB acc=1.00 hr=0.6 fb=7999 segs=5
chunk inputs, size: 512 (num 16)
chunk inputs, size: 512 (num 2)
chunk inputs, size: 512 (num 6)
ratio 0.60 (pair), 0.2 GB (evict 258870 pairs)
  r=0.6 ours_predict_next peak= 6.923GB acc=0.00 hr=0.6 fb=7999 segs=2
chunk inputs, size: 512 (num 16)
chunk inputs, size: 512 (num 3)
chunk inputs, size: 512 (num 3)
chunk inputs, size: 512 (num 3)
chunk inputs, size: 512 (num 3)
chunk inputs, size: 512 (num 3)
chunk inputs, size: 512 (num 11)
ratio 0.60 (pair), 0.4 GB (evict 487371 pairs)
  r=0.6 ours_combine     peak= 7.226GB acc=1.00 hr=0.6 fb=7999 segs=5
chunk inputs, size: 512 (num 16)
chunk inputs, size: 2000 (num 4)
ratio 0.80 (pair), 0.7 GB (evict 359024 pairs)
  r=0.8 kvzip            peak= 8.456GB acc=1.00 hr=0.8 fb=None segs=None
chunk inputs, size: 512 (num 16)
chunk inputs, size: 512 (num 3)
chunk inputs, size: 512 (num 3)
chunk inputs, size: 512 (num 3)
chunk inputs, size: 512 (num 3)
chunk inputs, size: 512 (num 3)
ratio 0.80 (pair), 0.5 GB (evict 244260 pairs)
  r=0.8 ours             peak= 7.225GB acc=1.00 hr=0.8 fb=7999 segs=5
chunk inputs, size: 512 (num 16)
chunk inputs, size: 512 (num 2)
chunk inputs, size: 512 (num 6)
ratio 0.80 (pair), 0.3 GB (evict 129623 pairs)
  r=0.8 ours_predict_next peak= 6.923GB acc=0.00 hr=0.8 fb=7999 segs=2
chunk inputs, size: 512 (num 16)
chunk inputs, size: 512 (num 3)
chunk inputs, size: 512 (num 3)
chunk inputs, size: 512 (num 3)
chunk inputs, size: 512 (num 3)
chunk inputs, size: 512 (num 3)
chunk inputs, size: 512 (num 11)
ratio 0.80 (pair), 0.5 GB (evict 244028 pairs)
  r=0.8 ours_combine     peak= 7.226GB acc=1.00 hr=0.8 fb=7999 segs=5
chunk inputs, size: 512 (num 16)
chunk inputs, size: 2000 (num 4)
ratio 1.00 (pair), 0.9 GB (evict 0 pairs)
  r=1.0 kvzip            peak= 8.456GB acc=1.00 hr=1.0 fb=None segs=None
chunk inputs, size: 512 (num 16)
chunk inputs, size: 512 (num 16)
ratio 1.00 (pair), 0.9 GB (evict 0 pairs)
  r=1.0 ours             peak= 7.495GB acc=1.00 hr=1.0 fb=7999 segs=0
chunk inputs, size: 512 (num 16)
chunk inputs, size: 512 (num 9)
chunk inputs, size: 512 (num 9)
ratio 1.00 (pair), 0.5 GB (evict 0 pairs)
  r=1.0 ours_predict_next peak= 7.062GB acc=0.00 hr=1.0 fb=7999 segs=0
chunk inputs, size: 512 (num 16)
chunk inputs, size: 512 (num 16)
chunk inputs, size: 512 (num 16)
chunk inputs, size: 512 (num 16)
ratio 1.00 (pair), 0.9 GB (evict 0 pairs)
  r=1.0 ours_combine     peak= 7.496GB acc=1.00 hr=1.0 fb=7999 segs=0
insertion at 5579
================================================================================ 
[ctx_len=8000 depth=70% q=0.7 true_len=7999]
chunk inputs, size: 512 (num 16)
chunk inputs, size: 2000 (num 4)
ratio 0.00 (pair), 0.0 GB (evict 1791776 pairs)
  r=0.0 kvzip            peak= 8.456GB acc=0.00 hr=0.0 fb=None segs=None
chunk inputs, size: 512 (num 16)
chunk inputs, size: 512 (num 2)
chunk inputs, size: 512 (num 2)
chunk inputs, size: 512 (num 2)
chunk inputs, size: 512 (num 2)
chunk inputs, size: 512 (num 2)
chunk inputs, size: 512 (num 2)
chunk inputs, size: 512 (num 2)
chunk inputs, size: 512 (num 2)
ratio 0.00 (pair), 0.0 GB (evict 14336 pairs)
  r=0.0 ours             peak= 6.707GB acc=0.00 hr=0.0 fb=64 segs=7
chunk inputs, size: 512 (num 16)
chunk inputs, size: 512 (num 2)
ratio 0.00 (pair), 0.0 GB (evict 14336 pairs)
  r=0.0 ours_predict_next peak= 6.754GB acc=0.00 hr=0.0 fb=64 segs=3
chunk inputs, size: 512 (num 16)
chunk inputs, size: 512 (num 2)
chunk inputs, size: 512 (num 2)
chunk inputs, size: 512 (num 2)
chunk inputs, size: 512 (num 3)
chunk inputs, size: 512 (num 2)
chunk inputs, size: 512 (num 2)
chunk inputs, size: 512 (num 2)
ratio 0.00 (pair), 0.0 GB (evict 14336 pairs)
  r=0.0 ours_combine     peak= 6.804GB acc=0.00 hr=0.0 fb=64 segs=7
chunk inputs, size: 512 (num 16)
chunk inputs, size: 2000 (num 4)
ratio 0.20 (pair), 0.2 GB (evict 1433802 pairs)
  r=0.2 kvzip            peak= 8.456GB acc=1.00 hr=0.2 fb=None segs=None
chunk inputs, size: 512 (num 16)
chunk inputs, size: 512 (num 2)
chunk inputs, size: 512 (num 2)
chunk inputs, size: 512 (num 2)
chunk inputs, size: 512 (num 2)
chunk inputs, size: 512 (num 2)
chunk inputs, size: 512 (num 2)
chunk inputs, size: 512 (num 2)
chunk inputs, size: 512 (num 2)
ratio 0.50 (pair), 0.2 GB (evict 358659 pairs)
  r=0.2 ours             peak= 6.999GB acc=1.00 hr=0.5 fb=3200 segs=7
chunk inputs, size: 512 (num 16)
chunk inputs, size: 512 (num 2)
chunk inputs, size: 512 (num 5)
ratio 0.50 (pair), 0.1 GB (evict 231770 pairs)
  r=0.2 ours_predict_next peak= 6.828GB acc=0.50 hr=0.5 fb=3200 segs=3
chunk inputs, size: 512 (num 16)
chunk inputs, size: 512 (num 2)
chunk inputs, size: 512 (num 2)
chunk inputs, size: 512 (num 2)
chunk inputs, size: 512 (num 2)
chunk inputs, size: 512 (num 2)
chunk inputs, size: 512 (num 2)
chunk inputs, size: 512 (num 2)
chunk inputs, size: 512 (num 2)
chunk inputs, size: 512 (num 2)
chunk inputs, size: 512 (num 7)
ratio 0.50 (pair), 0.2 GB (evict 358597 pairs)
  r=0.2 ours_combine     peak= 6.999GB acc=1.00 hr=0.5 fb=3200 segs=7
chunk inputs, size: 512 (num 16)
chunk inputs, size: 2000 (num 4)
ratio 0.40 (pair), 0.4 GB (evict 1076195 pairs)
  r=0.4 kvzip            peak= 8.456GB acc=0.00 hr=0.4 fb=None segs=None
chunk inputs, size: 512 (num 16)
chunk inputs, size: 512 (num 2)
chunk inputs, size: 512 (num 2)
chunk inputs, size: 512 (num 2)
chunk inputs, size: 512 (num 2)
chunk inputs, size: 512 (num 2)
chunk inputs, size: 512 (num 2)
chunk inputs, size: 512 (num 2)
chunk inputs, size: 512 (num 2)
ratio 0.50 (pair), 0.4 GB (evict 717081 pairs)
  r=0.4 ours             peak= 7.330GB acc=0.00 hr=0.5 fb=6399 segs=7
chunk inputs, size: 512 (num 16)
chunk inputs, size: 512 (num 2)
chunk inputs, size: 512 (num 7)
ratio 0.50 (pair), 0.2 GB (evict 369106 pairs)
  r=0.4 ours_predict_next peak= 6.957GB acc=1.00 hr=0.5 fb=6399 segs=3
chunk inputs, size: 512 (num 16)
chunk inputs, size: 512 (num 2)
chunk inputs, size: 512 (num 2)
chunk inputs, size: 512 (num 2)
chunk inputs, size: 512 (num 2)
chunk inputs, size: 512 (num 2)
chunk inputs, size: 512 (num 2)
chunk inputs, size: 512 (num 2)
chunk inputs, size: 512 (num 2)
chunk inputs, size: 512 (num 2)
chunk inputs, size: 512 (num 13)
ratio 0.50 (pair), 0.4 GB (evict 717338 pairs)
  r=0.4 ours_combine     peak= 7.329GB acc=1.00 hr=0.5 fb=6399 segs=7
chunk inputs, size: 512 (num 16)
chunk inputs, size: 2000 (num 4)
ratio 0.60 (pair), 0.6 GB (evict 717470 pairs)
  r=0.6 kvzip            peak= 8.456GB acc=1.00 hr=0.6 fb=None segs=None
chunk inputs, size: 512 (num 16)
chunk inputs, size: 512 (num 3)
chunk inputs, size: 512 (num 3)
chunk inputs, size: 512 (num 3)
chunk inputs, size: 512 (num 3)
chunk inputs, size: 512 (num 3)
ratio 0.60 (pair), 0.4 GB (evict 487992 pairs)
  r=0.6 ours             peak= 7.225GB acc=1.00 hr=0.6 fb=7999 segs=5
chunk inputs, size: 512 (num 16)
chunk inputs, size: 512 (num 2)
chunk inputs, size: 512 (num 6)
ratio 0.60 (pair), 0.2 GB (evict 258111 pairs)
  r=0.6 ours_predict_next peak= 6.931GB acc=1.00 hr=0.6 fb=7999 segs=2
chunk inputs, size: 512 (num 16)
chunk inputs, size: 512 (num 3)
chunk inputs, size: 512 (num 3)
chunk inputs, size: 512 (num 3)
chunk inputs, size: 512 (num 3)
chunk inputs, size: 512 (num 3)
chunk inputs, size: 512 (num 11)
ratio 0.60 (pair), 0.4 GB (evict 488177 pairs)
  r=0.6 ours_combine     peak= 7.226GB acc=1.00 hr=0.6 fb=7999 segs=5
chunk inputs, size: 512 (num 16)
chunk inputs, size: 2000 (num 4)
ratio 0.80 (pair), 0.7 GB (evict 359179 pairs)
  r=0.8 kvzip            peak= 8.456GB acc=1.00 hr=0.8 fb=None segs=None
chunk inputs, size: 512 (num 16)
chunk inputs, size: 512 (num 3)
chunk inputs, size: 512 (num 3)
chunk inputs, size: 512 (num 3)
chunk inputs, size: 512 (num 3)
chunk inputs, size: 512 (num 3)
ratio 0.80 (pair), 0.5 GB (evict 244339 pairs)
  r=0.8 ours             peak= 7.225GB acc=1.00 hr=0.8 fb=7999 segs=5
chunk inputs, size: 512 (num 16)
chunk inputs, size: 512 (num 2)
chunk inputs, size: 512 (num 6)
ratio 0.80 (pair), 0.3 GB (evict 129566 pairs)
  r=0.8 ours_predict_next peak= 6.931GB acc=1.00 hr=0.8 fb=7999 segs=2
chunk inputs, size: 512 (num 16)
chunk inputs, size: 512 (num 3)
chunk inputs, size: 512 (num 3)
chunk inputs, size: 512 (num 3)
chunk inputs, size: 512 (num 3)
chunk inputs, size: 512 (num 3)
chunk inputs, size: 512 (num 11)
ratio 0.80 (pair), 0.5 GB (evict 244381 pairs)
  r=0.8 ours_combine     peak= 7.226GB acc=1.00 hr=0.8 fb=7999 segs=5
chunk inputs, size: 512 (num 16)
chunk inputs, size: 2000 (num 4)
ratio 1.00 (pair), 0.9 GB (evict 0 pairs)
  r=1.0 kvzip            peak= 8.456GB acc=1.00 hr=1.0 fb=None segs=None
chunk inputs, size: 512 (num 16)
chunk inputs, size: 512 (num 16)
ratio 1.00 (pair), 0.9 GB (evict 0 pairs)
  r=1.0 ours             peak= 7.495GB acc=1.00 hr=1.0 fb=7999 segs=0
chunk inputs, size: 512 (num 16)
chunk inputs, size: 512 (num 9)
chunk inputs, size: 512 (num 9)
ratio 1.00 (pair), 0.5 GB (evict 0 pairs)
  r=1.0 ours_predict_next peak= 7.067GB acc=1.00 hr=1.0 fb=7999 segs=0
chunk inputs, size: 512 (num 16)
chunk inputs, size: 512 (num 16)
chunk inputs, size: 512 (num 16)
chunk inputs, size: 512 (num 16)
ratio 1.00 (pair), 0.9 GB (evict 0 pairs)
  r=1.0 ours_combine     peak= 7.496GB acc=1.00 hr=1.0 fb=7999 segs=0
insertion at 6278
================================================================================ 
[ctx_len=8000 depth=80% q=0.8 true_len=7999]
chunk inputs, size: 512 (num 16)
chunk inputs, size: 2000 (num 4)
ratio 0.00 (pair), 0.0 GB (evict 1791776 pairs)
  r=0.0 kvzip            peak= 8.456GB acc=0.00 hr=0.0 fb=None segs=None
chunk inputs, size: 512 (num 16)
chunk inputs, size: 512 (num 2)
chunk inputs, size: 512 (num 2)
chunk inputs, size: 512 (num 2)
chunk inputs, size: 512 (num 2)
chunk inputs, size: 512 (num 2)
chunk inputs, size: 512 (num 2)
chunk inputs, size: 512 (num 2)
chunk inputs, size: 512 (num 2)
ratio 0.00 (pair), 0.0 GB (evict 14336 pairs)
  r=0.0 ours             peak= 6.707GB acc=0.00 hr=0.0 fb=64 segs=7
chunk inputs, size: 512 (num 16)
chunk inputs, size: 512 (num 2)
ratio 0.00 (pair), 0.0 GB (evict 14336 pairs)
  r=0.0 ours_predict_next peak= 6.754GB acc=0.00 hr=0.0 fb=64 segs=3
chunk inputs, size: 512 (num 16)
chunk inputs, size: 512 (num 2)
chunk inputs, size: 512 (num 2)
chunk inputs, size: 512 (num 2)
chunk inputs, size: 512 (num 3)
chunk inputs, size: 512 (num 2)
chunk inputs, size: 512 (num 2)
chunk inputs, size: 512 (num 2)
ratio 0.00 (pair), 0.0 GB (evict 14336 pairs)
  r=0.0 ours_combine     peak= 6.804GB acc=0.00 hr=0.0 fb=64 segs=7
chunk inputs, size: 512 (num 16)
chunk inputs, size: 2000 (num 4)
ratio 0.20 (pair), 0.2 GB (evict 1434008 pairs)
  r=0.2 kvzip            peak= 8.456GB acc=1.00 hr=0.2 fb=None segs=None
chunk inputs, size: 512 (num 16)
chunk inputs, size: 512 (num 2)
chunk inputs, size: 512 (num 2)
chunk inputs, size: 512 (num 2)
chunk inputs, size: 512 (num 2)
chunk inputs, size: 512 (num 2)
chunk inputs, size: 512 (num 2)
chunk inputs, size: 512 (num 2)
chunk inputs, size: 512 (num 2)
ratio 0.50 (pair), 0.2 GB (evict 358749 pairs)
  r=0.2 ours             peak= 6.999GB acc=1.00 hr=0.5 fb=3200 segs=7
chunk inputs, size: 512 (num 16)
chunk inputs, size: 512 (num 2)
chunk inputs, size: 512 (num 5)
ratio 0.50 (pair), 0.1 GB (evict 231888 pairs)
  r=0.2 ours_predict_next peak= 6.826GB acc=0.00 hr=0.5 fb=3200 segs=3
chunk inputs, size: 512 (num 16)
chunk inputs, size: 512 (num 2)
chunk inputs, size: 512 (num 2)
chunk inputs, size: 512 (num 2)
chunk inputs, size: 512 (num 2)
chunk inputs, size: 512 (num 2)
chunk inputs, size: 512 (num 2)
chunk inputs, size: 512 (num 2)
chunk inputs, size: 512 (num 2)
chunk inputs, size: 512 (num 2)
chunk inputs, size: 512 (num 7)
ratio 0.50 (pair), 0.2 GB (evict 358589 pairs)
  r=0.2 ours_combine     peak= 6.999GB acc=1.00 hr=0.5 fb=3200 segs=7
chunk inputs, size: 512 (num 16)
chunk inputs, size: 2000 (num 4)
ratio 0.40 (pair), 0.4 GB (evict 1075994 pairs)
  r=0.4 kvzip            peak= 8.456GB acc=0.00 hr=0.4 fb=None segs=None
chunk inputs, size: 512 (num 16)
chunk inputs, size: 512 (num 2)
chunk inputs, size: 512 (num 2)
chunk inputs, size: 512 (num 2)
chunk inputs, size: 512 (num 2)
chunk inputs, size: 512 (num 2)
chunk inputs, size: 512 (num 2)
chunk inputs, size: 512 (num 2)
chunk inputs, size: 512 (num 2)
ratio 0.50 (pair), 0.4 GB (evict 717461 pairs)
  r=0.4 ours             peak= 7.330GB acc=0.00 hr=0.5 fb=6399 segs=7
chunk inputs, size: 512 (num 16)
chunk inputs, size: 512 (num 2)
chunk inputs, size: 512 (num 7)
ratio 0.50 (pair), 0.2 GB (evict 368715 pairs)
  r=0.4 ours_predict_next peak= 6.954GB acc=0.00 hr=0.5 fb=6399 segs=3
chunk inputs, size: 512 (num 16)
chunk inputs, size: 512 (num 2)
chunk inputs, size: 512 (num 2)
chunk inputs, size: 512 (num 2)
chunk inputs, size: 512 (num 2)
chunk inputs, size: 512 (num 2)
chunk inputs, size: 512 (num 2)
chunk inputs, size: 512 (num 2)
chunk inputs, size: 512 (num 2)
chunk inputs, size: 512 (num 2)
chunk inputs, size: 512 (num 13)
ratio 0.50 (pair), 0.4 GB (evict 716943 pairs)
  r=0.4 ours_combine     peak= 7.329GB acc=1.00 hr=0.5 fb=6399 segs=7
chunk inputs, size: 512 (num 16)
chunk inputs, size: 2000 (num 4)
ratio 0.60 (pair), 0.6 GB (evict 717688 pairs)
  r=0.6 kvzip            peak= 8.456GB acc=1.00 hr=0.6 fb=None segs=None
chunk inputs, size: 512 (num 16)
chunk inputs, size: 512 (num 3)
chunk inputs, size: 512 (num 3)
chunk inputs, size: 512 (num 3)
chunk inputs, size: 512 (num 3)
chunk inputs, size: 512 (num 3)
ratio 0.60 (pair), 0.4 GB (evict 487800 pairs)
  r=0.6 ours             peak= 7.225GB acc=1.00 hr=0.6 fb=7999 segs=5
chunk inputs, size: 512 (num 16)
chunk inputs, size: 512 (num 2)
chunk inputs, size: 512 (num 6)
ratio 0.60 (pair), 0.2 GB (evict 258824 pairs)
  r=0.6 ours_predict_next peak= 6.928GB acc=0.00 hr=0.6 fb=7999 segs=2
chunk inputs, size: 512 (num 16)
chunk inputs, size: 512 (num 3)
chunk inputs, size: 512 (num 3)
chunk inputs, size: 512 (num 3)
chunk inputs, size: 512 (num 3)
chunk inputs, size: 512 (num 3)
chunk inputs, size: 512 (num 11)
ratio 0.60 (pair), 0.4 GB (evict 488251 pairs)
  r=0.6 ours_combine     peak= 7.226GB acc=1.00 hr=0.6 fb=7999 segs=5
chunk inputs, size: 512 (num 16)
chunk inputs, size: 2000 (num 4)
ratio 0.80 (pair), 0.7 GB (evict 359913 pairs)
  r=0.8 kvzip            peak= 8.456GB acc=1.00 hr=0.8 fb=None segs=None
chunk inputs, size: 512 (num 16)
chunk inputs, size: 512 (num 3)
chunk inputs, size: 512 (num 3)
chunk inputs, size: 512 (num 3)
chunk inputs, size: 512 (num 3)
chunk inputs, size: 512 (num 3)
ratio 0.80 (pair), 0.5 GB (evict 244181 pairs)
  r=0.8 ours             peak= 7.225GB acc=1.00 hr=0.8 fb=7999 segs=5
chunk inputs, size: 512 (num 16)
chunk inputs, size: 512 (num 2)
chunk inputs, size: 512 (num 6)
ratio 0.80 (pair), 0.3 GB (evict 129391 pairs)
  r=0.8 ours_predict_next peak= 6.928GB acc=0.00 hr=0.8 fb=7999 segs=2
chunk inputs, size: 512 (num 16)
chunk inputs, size: 512 (num 3)
chunk inputs, size: 512 (num 3)
chunk inputs, size: 512 (num 3)
chunk inputs, size: 512 (num 3)
chunk inputs, size: 512 (num 3)
chunk inputs, size: 512 (num 11)
ratio 0.80 (pair), 0.5 GB (evict 243820 pairs)
  r=0.8 ours_combine     peak= 7.226GB acc=1.00 hr=0.8 fb=7999 segs=5
chunk inputs, size: 512 (num 16)
chunk inputs, size: 2000 (num 4)
ratio 1.00 (pair), 0.9 GB (evict 0 pairs)
  r=1.0 kvzip            peak= 8.456GB acc=1.00 hr=1.0 fb=None segs=None
chunk inputs, size: 512 (num 16)
chunk inputs, size: 512 (num 16)
ratio 1.00 (pair), 0.9 GB (evict 0 pairs)
  r=1.0 ours             peak= 7.495GB acc=1.00 hr=1.0 fb=7999 segs=0
chunk inputs, size: 512 (num 16)
chunk inputs, size: 512 (num 9)
chunk inputs, size: 512 (num 9)
ratio 1.00 (pair), 0.5 GB (evict 0 pairs)
  r=1.0 ours_predict_next peak= 7.065GB acc=0.00 hr=1.0 fb=7999 segs=0
chunk inputs, size: 512 (num 16)
chunk inputs, size: 512 (num 16)
chunk inputs, size: 512 (num 16)
chunk inputs, size: 512 (num 16)
ratio 1.00 (pair), 0.9 GB (evict 0 pairs)
  r=1.0 ours_combine     peak= 7.496GB acc=1.00 hr=1.0 fb=7999 segs=0
insertion at 7172
================================================================================ 
[ctx_len=8000 depth=90% q=0.9 true_len=7999]
chunk inputs, size: 512 (num 16)
chunk inputs, size: 2000 (num 4)
ratio 0.00 (pair), 0.0 GB (evict 1791776 pairs)
  r=0.0 kvzip            peak= 8.456GB acc=0.00 hr=0.0 fb=None segs=None
chunk inputs, size: 512 (num 16)
chunk inputs, size: 512 (num 2)
chunk inputs, size: 512 (num 2)
chunk inputs, size: 512 (num 2)
chunk inputs, size: 512 (num 2)
chunk inputs, size: 512 (num 2)
chunk inputs, size: 512 (num 2)
chunk inputs, size: 512 (num 2)
chunk inputs, size: 512 (num 2)
ratio 0.00 (pair), 0.0 GB (evict 14336 pairs)
  r=0.0 ours             peak= 6.707GB acc=0.00 hr=0.0 fb=64 segs=7
chunk inputs, size: 512 (num 16)
chunk inputs, size: 512 (num 2)
ratio 0.00 (pair), 0.0 GB (evict 14336 pairs)
  r=0.0 ours_predict_next peak= 6.756GB acc=0.00 hr=0.0 fb=64 segs=3
chunk inputs, size: 512 (num 16)
chunk inputs, size: 512 (num 2)
chunk inputs, size: 512 (num 2)
chunk inputs, size: 512 (num 2)
chunk inputs, size: 512 (num 3)
chunk inputs, size: 512 (num 2)
chunk inputs, size: 512 (num 2)
chunk inputs, size: 512 (num 2)
ratio 0.00 (pair), 0.0 GB (evict 14336 pairs)
  r=0.0 ours_combine     peak= 6.804GB acc=0.00 hr=0.0 fb=64 segs=7
chunk inputs, size: 512 (num 16)
chunk inputs, size: 2000 (num 4)
ratio 0.20 (pair), 0.2 GB (evict 1433678 pairs)
  r=0.2 kvzip            peak= 8.456GB acc=1.00 hr=0.2 fb=None segs=None
chunk inputs, size: 512 (num 16)
chunk inputs, size: 512 (num 2)
chunk inputs, size: 512 (num 2)
chunk inputs, size: 512 (num 2)
chunk inputs, size: 512 (num 2)
chunk inputs, size: 512 (num 2)
chunk inputs, size: 512 (num 2)
chunk inputs, size: 512 (num 2)
chunk inputs, size: 512 (num 2)
ratio 0.50 (pair), 0.2 GB (evict 358887 pairs)
  r=0.2 ours             peak= 6.999GB acc=1.00 hr=0.5 fb=3200 segs=7
chunk inputs, size: 512 (num 16)
chunk inputs, size: 512 (num 2)
chunk inputs, size: 512 (num 5)
ratio 0.50 (pair), 0.1 GB (evict 251384 pairs)
  r=0.2 ours_predict_next peak= 6.838GB acc=0.00 hr=0.5 fb=3200 segs=3
chunk inputs, size: 512 (num 16)
chunk inputs, size: 512 (num 2)
chunk inputs, size: 512 (num 2)
chunk inputs, size: 512 (num 2)
chunk inputs, size: 512 (num 2)
chunk inputs, size: 512 (num 2)
chunk inputs, size: 512 (num 2)
chunk inputs, size: 512 (num 2)
chunk inputs, size: 512 (num 2)
chunk inputs, size: 512 (num 2)
chunk inputs, size: 512 (num 7)
ratio 0.50 (pair), 0.2 GB (evict 358801 pairs)
  r=0.2 ours_combine     peak= 6.999GB acc=1.00 hr=0.5 fb=3200 segs=7
chunk inputs, size: 512 (num 16)
chunk inputs, size: 2000 (num 4)
ratio 0.40 (pair), 0.4 GB (evict 1076119 pairs)
  r=0.4 kvzip            peak= 8.456GB acc=0.00 hr=0.4 fb=None segs=None
chunk inputs, size: 512 (num 16)
chunk inputs, size: 512 (num 2)
chunk inputs, size: 512 (num 2)
chunk inputs, size: 512 (num 2)
chunk inputs, size: 512 (num 2)
chunk inputs, size: 512 (num 2)
chunk inputs, size: 512 (num 2)
chunk inputs, size: 512 (num 2)
chunk inputs, size: 512 (num 2)
ratio 0.50 (pair), 0.4 GB (evict 716924 pairs)
  r=0.4 ours             peak= 7.330GB acc=0.00 hr=0.5 fb=6399 segs=7
chunk inputs, size: 512 (num 16)
chunk inputs, size: 512 (num 2)
chunk inputs, size: 512 (num 7)
ratio 0.50 (pair), 0.2 GB (evict 387914 pairs)
  r=0.4 ours_predict_next peak= 6.976GB acc=0.00 hr=0.5 fb=6399 segs=3
chunk inputs, size: 512 (num 16)
chunk inputs, size: 512 (num 2)
chunk inputs, size: 512 (num 2)
chunk inputs, size: 512 (num 2)
chunk inputs, size: 512 (num 2)
chunk inputs, size: 512 (num 2)
chunk inputs, size: 512 (num 2)
chunk inputs, size: 512 (num 2)
chunk inputs, size: 512 (num 2)
chunk inputs, size: 512 (num 2)
chunk inputs, size: 512 (num 13)
ratio 0.50 (pair), 0.4 GB (evict 716843 pairs)
  r=0.4 ours_combine     peak= 7.329GB acc=1.00 hr=0.5 fb=6399 segs=7
chunk inputs, size: 512 (num 16)
chunk inputs, size: 2000 (num 4)
ratio 0.60 (pair), 0.6 GB (evict 717632 pairs)
  r=0.6 kvzip            peak= 8.456GB acc=1.00 hr=0.6 fb=None segs=None
chunk inputs, size: 512 (num 16)
chunk inputs, size: 512 (num 3)
chunk inputs, size: 512 (num 3)
chunk inputs, size: 512 (num 3)
chunk inputs, size: 512 (num 3)
chunk inputs, size: 512 (num 3)
ratio 0.60 (pair), 0.4 GB (evict 487596 pairs)
  r=0.6 ours             peak= 7.225GB acc=1.00 hr=0.6 fb=7999 segs=5
chunk inputs, size: 512 (num 16)
chunk inputs, size: 512 (num 2)
chunk inputs, size: 512 (num 6)
ratio 0.60 (pair), 0.2 GB (evict 273702 pairs)
  r=0.6 ours_predict_next peak= 6.930GB acc=0.00 hr=0.6 fb=7999 segs=2
chunk inputs, size: 512 (num 16)
chunk inputs, size: 512 (num 3)
chunk inputs, size: 512 (num 3)
chunk inputs, size: 512 (num 3)
chunk inputs, size: 512 (num 3)
chunk inputs, size: 512 (num 3)
chunk inputs, size: 512 (num 11)
ratio 0.60 (pair), 0.4 GB (evict 487410 pairs)
  r=0.6 ours_combine     peak= 7.226GB acc=1.00 hr=0.6 fb=7999 segs=5
chunk inputs, size: 512 (num 16)
chunk inputs, size: 2000 (num 4)
ratio 0.80 (pair), 0.7 GB (evict 359727 pairs)
  r=0.8 kvzip            peak= 8.456GB acc=1.00 hr=0.8 fb=None segs=None
chunk inputs, size: 512 (num 16)
chunk inputs, size: 512 (num 3)
chunk inputs, size: 512 (num 3)
chunk inputs, size: 512 (num 3)
chunk inputs, size: 512 (num 3)
chunk inputs, size: 512 (num 3)
ratio 0.80 (pair), 0.5 GB (evict 245056 pairs)
  r=0.8 ours             peak= 7.225GB acc=1.00 hr=0.8 fb=7999 segs=5
chunk inputs, size: 512 (num 16)
chunk inputs, size: 512 (num 2)
chunk inputs, size: 512 (num 6)
ratio 0.80 (pair), 0.3 GB (evict 136957 pairs)
  r=0.8 ours_predict_next peak= 6.930GB acc=0.00 hr=0.8 fb=7999 segs=2
chunk inputs, size: 512 (num 16)
chunk inputs, size: 512 (num 3)
chunk inputs, size: 512 (num 3)
chunk inputs, size: 512 (num 3)
chunk inputs, size: 512 (num 3)
chunk inputs, size: 512 (num 3)
chunk inputs, size: 512 (num 11)
ratio 0.80 (pair), 0.5 GB (evict 243698 pairs)
  r=0.8 ours_combine     peak= 7.226GB acc=1.00 hr=0.8 fb=7999 segs=5
chunk inputs, size: 512 (num 16)
chunk inputs, size: 2000 (num 4)
ratio 1.00 (pair), 0.9 GB (evict 0 pairs)
  r=1.0 kvzip            peak= 8.456GB acc=1.00 hr=1.0 fb=None segs=None
chunk inputs, size: 512 (num 16)
chunk inputs, size: 512 (num 16)
ratio 1.00 (pair), 0.9 GB (evict 0 pairs)
  r=1.0 ours             peak= 7.495GB acc=1.00 hr=1.0 fb=7999 segs=0
chunk inputs, size: 512 (num 16)
chunk inputs, size: 512 (num 9)
chunk inputs, size: 512 (num 9)
ratio 1.00 (pair), 0.5 GB (evict 0 pairs)
  r=1.0 ours_predict_next peak= 7.080GB acc=0.00 hr=1.0 fb=7999 segs=0
chunk inputs, size: 512 (num 16)
chunk inputs, size: 512 (num 16)
chunk inputs, size: 512 (num 16)
chunk inputs, size: 512 (num 16)
ratio 1.00 (pair), 0.9 GB (evict 0 pairs)
  r=1.0 ours_combine     peak= 7.496GB acc=1.00 hr=1.0 fb=7999 segs=0
insertion at 7976
================================================================================ 
[ctx_len=8000 depth=100% q=1.0 true_len=8000]
chunk inputs, size: 512 (num 16)
chunk inputs, size: 2000 (num 4)
ratio 0.00 (pair), 0.0 GB (evict 1792000 pairs)
  r=0.0 kvzip            peak= 8.457GB acc=0.00 hr=0.0 fb=None segs=None
chunk inputs, size: 512 (num 16)
chunk inputs, size: 512 (num 2)
chunk inputs, size: 512 (num 2)
chunk inputs, size: 512 (num 2)
chunk inputs, size: 512 (num 2)
chunk inputs, size: 512 (num 2)
chunk inputs, size: 512 (num 2)
chunk inputs, size: 512 (num 2)
chunk inputs, size: 512 (num 2)
ratio 0.00 (pair), 0.0 GB (evict 14336 pairs)
  r=0.0 ours             peak= 6.707GB acc=0.00 hr=0.0 fb=64 segs=7
chunk inputs, size: 512 (num 16)
chunk inputs, size: 512 (num 2)
ratio 0.00 (pair), 0.0 GB (evict 14336 pairs)
  r=0.0 ours_predict_next peak= 6.756GB acc=0.00 hr=0.0 fb=64 segs=3
chunk inputs, size: 512 (num 16)
chunk inputs, size: 512 (num 2)
chunk inputs, size: 512 (num 2)
chunk inputs, size: 512 (num 2)
chunk inputs, size: 512 (num 3)
chunk inputs, size: 512 (num 2)
chunk inputs, size: 512 (num 2)
chunk inputs, size: 512 (num 2)
ratio 0.00 (pair), 0.0 GB (evict 14336 pairs)
  r=0.0 ours_combine     peak= 6.804GB acc=0.00 hr=0.0 fb=64 segs=7
chunk inputs, size: 512 (num 16)
chunk inputs, size: 2000 (num 4)
ratio 0.20 (pair), 0.2 GB (evict 1433758 pairs)
  r=0.2 kvzip            peak= 8.457GB acc=0.00 hr=0.2 fb=None segs=None
chunk inputs, size: 512 (num 16)
chunk inputs, size: 512 (num 2)
chunk inputs, size: 512 (num 2)
chunk inputs, size: 512 (num 2)
chunk inputs, size: 512 (num 2)
chunk inputs, size: 512 (num 2)
chunk inputs, size: 512 (num 2)
chunk inputs, size: 512 (num 2)
chunk inputs, size: 512 (num 2)
ratio 0.50 (pair), 0.2 GB (evict 358815 pairs)
  r=0.2 ours             peak= 6.999GB acc=1.00 hr=0.5 fb=3200 segs=7
chunk inputs, size: 512 (num 16)
chunk inputs, size: 512 (num 2)
chunk inputs, size: 512 (num 5)
ratio 0.50 (pair), 0.1 GB (evict 248633 pairs)
  r=0.2 ours_predict_next peak= 6.834GB acc=1.00 hr=0.5 fb=3200 segs=3
chunk inputs, size: 512 (num 16)
chunk inputs, size: 512 (num 2)
chunk inputs, size: 512 (num 2)
chunk inputs, size: 512 (num 2)
chunk inputs, size: 512 (num 2)
chunk inputs, size: 512 (num 2)
chunk inputs, size: 512 (num 2)
chunk inputs, size: 512 (num 2)
chunk inputs, size: 512 (num 2)
chunk inputs, size: 512 (num 2)
chunk inputs, size: 512 (num 7)
ratio 0.50 (pair), 0.2 GB (evict 358789 pairs)
  r=0.2 ours_combine     peak= 6.999GB acc=1.00 hr=0.5 fb=3200 segs=7
chunk inputs, size: 512 (num 16)
chunk inputs, size: 2000 (num 4)
ratio 0.40 (pair), 0.4 GB (evict 1075789 pairs)
  r=0.4 kvzip            peak= 8.457GB acc=0.00 hr=0.4 fb=None segs=None
chunk inputs, size: 512 (num 16)
chunk inputs, size: 512 (num 2)
chunk inputs, size: 512 (num 2)
chunk inputs, size: 512 (num 2)
chunk inputs, size: 512 (num 2)
chunk inputs, size: 512 (num 2)
chunk inputs, size: 512 (num 2)
chunk inputs, size: 512 (num 2)
chunk inputs, size: 512 (num 2)
ratio 0.50 (pair), 0.4 GB (evict 717013 pairs)
  r=0.4 ours             peak= 7.329GB acc=0.00 hr=0.5 fb=6400 segs=7
chunk inputs, size: 512 (num 16)
chunk inputs, size: 512 (num 2)
chunk inputs, size: 512 (num 7)
ratio 0.50 (pair), 0.2 GB (evict 384647 pairs)
  r=0.4 ours_predict_next peak= 6.971GB acc=1.00 hr=0.5 fb=6400 segs=3
chunk inputs, size: 512 (num 16)
chunk inputs, size: 512 (num 2)
chunk inputs, size: 512 (num 2)
chunk inputs, size: 512 (num 2)
chunk inputs, size: 512 (num 2)
chunk inputs, size: 512 (num 2)
chunk inputs, size: 512 (num 2)
chunk inputs, size: 512 (num 2)
chunk inputs, size: 512 (num 2)
chunk inputs, size: 512 (num 2)
chunk inputs, size: 512 (num 13)
ratio 0.50 (pair), 0.4 GB (evict 716936 pairs)
  r=0.4 ours_combine     peak= 7.329GB acc=1.00 hr=0.5 fb=6400 segs=7
chunk inputs, size: 512 (num 16)
chunk inputs, size: 2000 (num 4)
ratio 0.60 (pair), 0.6 GB (evict 717410 pairs)
  r=0.6 kvzip            peak= 8.457GB acc=1.00 hr=0.6 fb=None segs=None
chunk inputs, size: 512 (num 16)
chunk inputs, size: 512 (num 3)
chunk inputs, size: 512 (num 3)
chunk inputs, size: 512 (num 3)
chunk inputs, size: 512 (num 3)
chunk inputs, size: 512 (num 3)
ratio 0.60 (pair), 0.4 GB (evict 488186 pairs)
  r=0.6 ours             peak= 7.225GB acc=1.00 hr=0.6 fb=8000 segs=5
chunk inputs, size: 512 (num 16)
chunk inputs, size: 512 (num 2)
chunk inputs, size: 512 (num 6)
ratio 0.60 (pair), 0.2 GB (evict 271486 pairs)
  r=0.6 ours_predict_next peak= 6.927GB acc=1.00 hr=0.6 fb=8000 segs=2
chunk inputs, size: 512 (num 16)
chunk inputs, size: 512 (num 3)
chunk inputs, size: 512 (num 3)
chunk inputs, size: 512 (num 3)
chunk inputs, size: 512 (num 3)
chunk inputs, size: 512 (num 3)
chunk inputs, size: 512 (num 11)
ratio 0.60 (pair), 0.4 GB (evict 488342 pairs)
  r=0.6 ours_combine     peak= 7.226GB acc=1.00 hr=0.6 fb=8000 segs=5
chunk inputs, size: 512 (num 16)
chunk inputs, size: 2000 (num 4)
ratio 0.80 (pair), 0.7 GB (evict 359242 pairs)
  r=0.8 kvzip            peak= 8.457GB acc=1.00 hr=0.8 fb=None segs=None
chunk inputs, size: 512 (num 16)
chunk inputs, size: 512 (num 3)
chunk inputs, size: 512 (num 3)
chunk inputs, size: 512 (num 3)
chunk inputs, size: 512 (num 3)
chunk inputs, size: 512 (num 3)
ratio 0.80 (pair), 0.5 GB (evict 244742 pairs)
  r=0.8 ours             peak= 7.225GB acc=1.00 hr=0.8 fb=8000 segs=5
chunk inputs, size: 512 (num 16)
chunk inputs, size: 512 (num 2)
chunk inputs, size: 512 (num 6)
ratio 0.80 (pair), 0.3 GB (evict 135990 pairs)
  r=0.8 ours_predict_next peak= 6.927GB acc=1.00 hr=0.8 fb=8000 segs=2
chunk inputs, size: 512 (num 16)
chunk inputs, size: 512 (num 3)
chunk inputs, size: 512 (num 3)
chunk inputs, size: 512 (num 3)
chunk inputs, size: 512 (num 3)
chunk inputs, size: 512 (num 3)
chunk inputs, size: 512 (num 11)
ratio 0.80 (pair), 0.5 GB (evict 244267 pairs)
  r=0.8 ours_combine     peak= 7.226GB acc=1.00 hr=0.8 fb=8000 segs=5
chunk inputs, size: 512 (num 16)
chunk inputs, size: 2000 (num 4)
ratio 1.00 (pair), 0.9 GB (evict 0 pairs)
  r=1.0 kvzip            peak= 8.457GB acc=1.00 hr=1.0 fb=None segs=None
chunk inputs, size: 512 (num 16)
chunk inputs, size: 512 (num 16)
ratio 1.00 (pair), 0.9 GB (evict 0 pairs)
  r=1.0 ours             peak= 7.495GB acc=1.00 hr=1.0 fb=8000 segs=0
chunk inputs, size: 512 (num 16)
chunk inputs, size: 512 (num 9)
chunk inputs, size: 512 (num 9)
ratio 1.00 (pair), 0.5 GB (evict 0 pairs)
  r=1.0 ours_predict_next peak= 7.077GB acc=1.00 hr=1.0 fb=8000 segs=0
chunk inputs, size: 512 (num 16)
chunk inputs, size: 512 (num 16)
chunk inputs, size: 512 (num 16)
chunk inputs, size: 512 (num 16)
ratio 1.00 (pair), 0.9 GB (evict 0 pairs)
  r=1.0 ours_combine     peak= 7.496GB acc=1.00 hr=1.0 fb=8000 segs=0

[recorded] detail -> results/niah_grid/llama3.2-3b_ours_per_head_full_comb_20260528-024941.json
[recorded] master -> results/niah_grid_runs.jsonl

DONE: 792 cells recorded.

Loading checkpoint shards:   0%|          | 0/2 [00:00<?, ?it/s]
Loading checkpoint shards:  50%|█████     | 1/2 [00:36<00:36, 36.93s/it]
Loading checkpoint shards: 100%|██████████| 2/2 [00:48<00:00, 21.75s/it]
Loading checkpoint shards: 100%|██████████| 2/2 [00:48<00:00, 24.03s/it]
Token indices sequence length is longer than the specified maximum sequence length for this model (148770 > 131072). Running this sequence through the model will result in indexing errors

Prefill:   0%|          | 0/2 [00:00<?, ?it/s]
Prefill:  50%|█████     | 1/2 [00:00<00:00,  3.20it/s]
Prefill: 100%|██████████| 2/2 [00:00<00:00,  5.43it/s]

Importance scoring:   0%|          | 0/1 [00:00<?, ?it/s]
Importance scoring: 100%|██████████| 1/1 [00:00<00:00, 17.89it/s]

Prefill:   0%|          | 0/2 [00:00<?, ?it/s]
Prefill: 100%|██████████| 2/2 [00:00<00:00, 32.02it/s]

Importance scoring:   0%|          | 0/1 [00:00<?, ?it/s]
Importance scoring: 100%|██████████| 1/1 [00:00<00:00, 30.33it/s]

Prefill:   0%|          | 0/2 [00:00<?, ?it/s]
Prefill: 100%|██████████| 2/2 [00:00<00:00, 30.88it/s]

Importance scoring:   0%|          | 0/1 [00:00<?, ?it/s]
Importance scoring: 100%|██████████| 1/1 [00:00<00:00, 30.45it/s]

Prefill:   0%|          | 0/2 [00:00<?, ?it/s]
Prefill: 100%|██████████| 2/2 [00:00<00:00, 30.58it/s]

Importance scoring:   0%|          | 0/1 [00:00<?, ?it/s]
Importance scoring: 100%|██████████| 1/1 [00:00<00:00, 29.77it/s]

Prefill:   0%|          | 0/2 [00:00<?, ?it/s]
Prefill: 100%|██████████| 2/2 [00:00<00:00, 32.15it/s]

Importance scoring:   0%|          | 0/1 [00:00<?, ?it/s]
Importance scoring: 100%|██████████| 1/1 [00:00<00:00, 31.49it/s]

Prefill:   0%|          | 0/2 [00:00<?, ?it/s]
Prefill: 100%|██████████| 2/2 [00:00<00:00, 31.28it/s]

Importance scoring:   0%|          | 0/1 [00:00<?, ?it/s]
Importance scoring: 100%|██████████| 1/1 [00:00<00:00, 30.11it/s]

Prefill:   0%|          | 0/2 [00:00<?, ?it/s]
Prefill: 100%|██████████| 2/2 [00:00<00:00, 30.85it/s]

Importance scoring:   0%|          | 0/1 [00:00<?, ?it/s]
Importance scoring: 100%|██████████| 1/1 [00:00<00:00, 29.51it/s]

Prefill:   0%|          | 0/2 [00:00<?, ?it/s]
Prefill: 100%|██████████| 2/2 [00:00<00:00, 35.39it/s]

Importance scoring:   0%|          | 0/1 [00:00<?, ?it/s]
Importance scoring: 100%|██████████| 1/1 [00:00<00:00, 32.64it/s]

Prefill:   0%|          | 0/2 [00:00<?, ?it/s]
Prefill: 100%|██████████| 2/2 [00:00<00:00, 30.93it/s]

Importance scoring:   0%|          | 0/1 [00:00<?, ?it/s]
Importance scoring: 100%|██████████| 1/1 [00:00<00:00, 29.99it/s]

Prefill:   0%|          | 0/2 [00:00<?, ?it/s]
Prefill: 100%|██████████| 2/2 [00:00<00:00, 31.19it/s]

Importance scoring:   0%|          | 0/1 [00:00<?, ?it/s]
Importance scoring: 100%|██████████| 1/1 [00:00<00:00, 29.82it/s]

Prefill:   0%|          | 0/2 [00:00<?, ?it/s]
Prefill: 100%|██████████| 2/2 [00:00<00:00, 30.31it/s]

Importance scoring:   0%|          | 0/1 [00:00<?, ?it/s]
Importance scoring: 100%|██████████| 1/1 [00:00<00:00, 29.17it/s]

Prefill:   0%|          | 0/2 [00:00<?, ?it/s]
Prefill: 100%|██████████| 2/2 [00:00<00:00, 31.01it/s]

Importance scoring:   0%|          | 0/1 [00:00<?, ?it/s]
Importance scoring: 100%|██████████| 1/1 [00:00<00:00, 29.66it/s]

Prefill:   0%|          | 0/2 [00:00<?, ?it/s]
Prefill: 100%|██████████| 2/2 [00:00<00:00, 31.45it/s]

Importance scoring:   0%|          | 0/1 [00:00<?, ?it/s]
Importance scoring: 100%|██████████| 1/1 [00:00<00:00, 30.49it/s]

Prefill:   0%|          | 0/2 [00:00<?, ?it/s]
Prefill: 100%|██████████| 2/2 [00:00<00:00, 31.61it/s]

Importance scoring:   0%|          | 0/1 [00:00<?, ?it/s]
Importance scoring: 100%|██████████| 1/1 [00:00<00:00, 30.20it/s]

Prefill:   0%|          | 0/2 [00:00<?, ?it/s]
Prefill: 100%|██████████| 2/2 [00:00<00:00, 30.42it/s]

Importance scoring:   0%|          | 0/1 [00:00<?, ?it/s]
Importance scoring: 100%|██████████| 1/1 [00:00<00:00, 29.44it/s]

Prefill:   0%|          | 0/2 [00:00<?, ?it/s]
Prefill: 100%|██████████| 2/2 [00:00<00:00, 31.68it/s]

Importance scoring:   0%|          | 0/1 [00:00<?, ?it/s]
Importance scoring: 100%|██████████| 1/1 [00:00<00:00, 30.20it/s]

Prefill:   0%|          | 0/2 [00:00<?, ?it/s]
Prefill: 100%|██████████| 2/2 [00:00<00:00, 30.38it/s]

Importance scoring:   0%|          | 0/1 [00:00<?, ?it/s]
Importance scoring: 100%|██████████| 1/1 [00:00<00:00, 29.80it/s]

Prefill:   0%|          | 0/2 [00:00<?, ?it/s]
Prefill: 100%|██████████| 2/2 [00:00<00:00, 30.83it/s]

Importance scoring:   0%|          | 0/1 [00:00<?, ?it/s]
Importance scoring: 100%|██████████| 1/1 [00:00<00:00, 29.90it/s]

Prefill:   0%|          | 0/2 [00:00<?, ?it/s]
Prefill: 100%|██████████| 2/2 [00:00<00:00, 31.51it/s]

Importance scoring:   0%|          | 0/1 [00:00<?, ?it/s]
Importance scoring: 100%|██████████| 1/1 [00:00<00:00, 30.21it/s]

Prefill:   0%|          | 0/2 [00:00<?, ?it/s]
Prefill: 100%|██████████| 2/2 [00:00<00:00, 31.68it/s]

Importance scoring:   0%|          | 0/1 [00:00<?, ?it/s]
Importance scoring: 100%|██████████| 1/1 [00:00<00:00, 30.22it/s]

Prefill:   0%|          | 0/2 [00:00<?, ?it/s]
Prefill: 100%|██████████| 2/2 [00:00<00:00, 30.75it/s]

Importance scoring:   0%|          | 0/1 [00:00<?, ?it/s]
Importance scoring: 100%|██████████| 1/1 [00:00<00:00, 29.86it/s]

Prefill:   0%|          | 0/2 [00:00<?, ?it/s]
Prefill: 100%|██████████| 2/2 [00:00<00:00, 31.21it/s]

Importance scoring:   0%|          | 0/1 [00:00<?, ?it/s]
Importance scoring: 100%|██████████| 1/1 [00:00<00:00, 30.14it/s]

Prefill:   0%|          | 0/2 [00:00<?, ?it/s]
Prefill: 100%|██████████| 2/2 [00:00<00:00, 30.19it/s]

Importance scoring:   0%|          | 0/1 [00:00<?, ?it/s]
Importance scoring: 100%|██████████| 1/1 [00:00<00:00, 30.10it/s]

Prefill:   0%|          | 0/2 [00:00<?, ?it/s]
Prefill: 100%|██████████| 2/2 [00:00<00:00, 30.68it/s]

Importance scoring:   0%|          | 0/1 [00:00<?, ?it/s]
Importance scoring: 100%|██████████| 1/1 [00:00<00:00, 29.89it/s]

Prefill:   0%|          | 0/2 [00:00<?, ?it/s]
Prefill: 100%|██████████| 2/2 [00:00<00:00, 31.26it/s]

Importance scoring:   0%|          | 0/1 [00:00<?, ?it/s]
Importance scoring: 100%|██████████| 1/1 [00:00<00:00, 29.88it/s]

Prefill:   0%|          | 0/2 [00:00<?, ?it/s]
Prefill: 100%|██████████| 2/2 [00:00<00:00, 31.08it/s]

Importance scoring:   0%|          | 0/1 [00:00<?, ?it/s]
Importance scoring: 100%|██████████| 1/1 [00:00<00:00, 28.99it/s]

Prefill:   0%|          | 0/2 [00:00<?, ?it/s]
Prefill: 100%|██████████| 2/2 [00:00<00:00, 30.19it/s]

Importance scoring:   0%|          | 0/1 [00:00<?, ?it/s]
Importance scoring: 100%|██████████| 1/1 [00:00<00:00, 29.38it/s]

Prefill:   0%|          | 0/2 [00:00<?, ?it/s]
Prefill: 100%|██████████| 2/2 [00:00<00:00, 30.62it/s]

Importance scoring:   0%|          | 0/1 [00:00<?, ?it/s]
Importance scoring: 100%|██████████| 1/1 [00:00<00:00, 29.83it/s]

Prefill:   0%|          | 0/2 [00:00<?, ?it/s]
Prefill: 100%|██████████| 2/2 [00:00<00:00, 31.01it/s]

Importance scoring:   0%|          | 0/1 [00:00<?, ?it/s]
Importance scoring: 100%|██████████| 1/1 [00:00<00:00, 29.72it/s]

Prefill:   0%|          | 0/2 [00:00<?, ?it/s]
Prefill: 100%|██████████| 2/2 [00:00<00:00, 31.03it/s]

Importance scoring:   0%|          | 0/1 [00:00<?, ?it/s]
Importance scoring: 100%|██████████| 1/1 [00:00<00:00, 30.34it/s]

Prefill:   0%|          | 0/2 [00:00<?, ?it/s]
Prefill: 100%|██████████| 2/2 [00:00<00:00, 31.36it/s]

Importance scoring:   0%|          | 0/1 [00:00<?, ?it/s]
Importance scoring: 100%|██████████| 1/1 [00:00<00:00, 30.30it/s]

Prefill:   0%|          | 0/2 [00:00<?, ?it/s]
Prefill: 100%|██████████| 2/2 [00:00<00:00, 31.69it/s]

Importance scoring:   0%|          | 0/1 [00:00<?, ?it/s]
Importance scoring: 100%|██████████| 1/1 [00:00<00:00, 30.08it/s]

Prefill:   0%|          | 0/2 [00:00<?, ?it/s]
Prefill: 100%|██████████| 2/2 [00:00<00:00, 31.55it/s]

Importance scoring:   0%|          | 0/1 [00:00<?, ?it/s]
Importance scoring: 100%|██████████| 1/1 [00:00<00:00, 29.83it/s]

Prefill:   0%|          | 0/2 [00:00<?, ?it/s]
Prefill: 100%|██████████| 2/2 [00:00<00:00, 31.56it/s]

Importance scoring:   0%|          | 0/1 [00:00<?, ?it/s]
Importance scoring: 100%|██████████| 1/1 [00:00<00:00, 30.77it/s]

Prefill:   0%|          | 0/2 [00:00<?, ?it/s]
Prefill: 100%|██████████| 2/2 [00:00<00:00, 30.52it/s]

Importance scoring:   0%|          | 0/1 [00:00<?, ?it/s]
Importance scoring: 100%|██████████| 1/1 [00:00<00:00, 29.83it/s]

Prefill:   0%|          | 0/2 [00:00<?, ?it/s]
Prefill: 100%|██████████| 2/2 [00:00<00:00, 31.68it/s]

Importance scoring:   0%|          | 0/1 [00:00<?, ?it/s]
Importance scoring: 100%|██████████| 1/1 [00:00<00:00, 30.53it/s]

Prefill:   0%|          | 0/2 [00:00<?, ?it/s]
Prefill: 100%|██████████| 2/2 [00:00<00:00, 31.69it/s]

Importance scoring:   0%|          | 0/1 [00:00<?, ?it/s]
Importance scoring: 100%|██████████| 1/1 [00:00<00:00, 30.39it/s]

Prefill:   0%|          | 0/2 [00:00<?, ?it/s]
Prefill: 100%|██████████| 2/2 [00:00<00:00, 31.71it/s]

Importance scoring:   0%|          | 0/1 [00:00<?, ?it/s]
Importance scoring: 100%|██████████| 1/1 [00:00<00:00, 29.97it/s]

Prefill:   0%|          | 0/2 [00:00<?, ?it/s]
Prefill: 100%|██████████| 2/2 [00:00<00:00, 31.60it/s]

Importance scoring:   0%|          | 0/1 [00:00<?, ?it/s]
Importance scoring: 100%|██████████| 1/1 [00:00<00:00, 30.69it/s]

Prefill:   0%|          | 0/2 [00:00<?, ?it/s]
Prefill: 100%|██████████| 2/2 [00:00<00:00, 31.43it/s]

Importance scoring:   0%|          | 0/1 [00:00<?, ?it/s]
Importance scoring: 100%|██████████| 1/1 [00:00<00:00, 30.81it/s]

Prefill:   0%|          | 0/2 [00:00<?, ?it/s]
Prefill: 100%|██████████| 2/2 [00:00<00:00, 31.31it/s]

Importance scoring:   0%|          | 0/1 [00:00<?, ?it/s]
Importance scoring: 100%|██████████| 1/1 [00:00<00:00, 29.71it/s]

Prefill:   0%|          | 0/2 [00:00<?, ?it/s]
Prefill: 100%|██████████| 2/2 [00:00<00:00, 30.76it/s]

Importance scoring:   0%|          | 0/1 [00:00<?, ?it/s]
Importance scoring: 100%|██████████| 1/1 [00:00<00:00, 29.57it/s]

Prefill:   0%|          | 0/2 [00:00<?, ?it/s]
Prefill: 100%|██████████| 2/2 [00:00<00:00, 31.74it/s]

Importance scoring:   0%|          | 0/1 [00:00<?, ?it/s]
Importance scoring: 100%|██████████| 1/1 [00:00<00:00, 30.47it/s]

Prefill:   0%|          | 0/2 [00:00<?, ?it/s]
Prefill: 100%|██████████| 2/2 [00:00<00:00, 30.75it/s]

Importance scoring:   0%|          | 0/1 [00:00<?, ?it/s]
Importance scoring: 100%|██████████| 1/1 [00:00<00:00, 29.35it/s]

Prefill:   0%|          | 0/2 [00:00<?, ?it/s]
Prefill: 100%|██████████| 2/2 [00:00<00:00, 31.12it/s]

Importance scoring:   0%|          | 0/1 [00:00<?, ?it/s]
Importance scoring: 100%|██████████| 1/1 [00:00<00:00, 30.05it/s]

Prefill:   0%|          | 0/2 [00:00<?, ?it/s]
Prefill: 100%|██████████| 2/2 [00:00<00:00, 35.46it/s]

Importance scoring:   0%|          | 0/1 [00:00<?, ?it/s]
Importance scoring: 100%|██████████| 1/1 [00:00<00:00, 32.74it/s]

Prefill:   0%|          | 0/2 [00:00<?, ?it/s]
Prefill: 100%|██████████| 2/2 [00:00<00:00, 30.64it/s]

Importance scoring:   0%|          | 0/1 [00:00<?, ?it/s]
Importance scoring: 100%|██████████| 1/1 [00:00<00:00, 29.01it/s]

Prefill:   0%|          | 0/2 [00:00<?, ?it/s]
Prefill: 100%|██████████| 2/2 [00:00<00:00, 31.21it/s]

Importance scoring:   0%|          | 0/1 [00:00<?, ?it/s]
Importance scoring: 100%|██████████| 1/1 [00:00<00:00, 30.26it/s]

Prefill:   0%|          | 0/2 [00:00<?, ?it/s]
Prefill: 100%|██████████| 2/2 [00:00<00:00, 31.00it/s]

Importance scoring:   0%|          | 0/1 [00:00<?, ?it/s]
Importance scoring: 100%|██████████| 1/1 [00:00<00:00, 29.36it/s]

Prefill:   0%|          | 0/2 [00:00<?, ?it/s]
Prefill: 100%|██████████| 2/2 [00:00<00:00, 30.59it/s]

Importance scoring:   0%|          | 0/1 [00:00<?, ?it/s]
Importance scoring: 100%|██████████| 1/1 [00:00<00:00, 29.65it/s]

Prefill:   0%|          | 0/2 [00:00<?, ?it/s]
Prefill: 100%|██████████| 2/2 [00:00<00:00, 32.49it/s]

Importance scoring:   0%|          | 0/1 [00:00<?, ?it/s]
Importance scoring: 100%|██████████| 1/1 [00:00<00:00, 29.03it/s]

Prefill:   0%|          | 0/2 [00:00<?, ?it/s]
Prefill: 100%|██████████| 2/2 [00:00<00:00, 31.34it/s]

Importance scoring:   0%|          | 0/1 [00:00<?, ?it/s]
Importance scoring: 100%|██████████| 1/1 [00:00<00:00, 30.40it/s]

Prefill:   0%|          | 0/2 [00:00<?, ?it/s]
Prefill: 100%|██████████| 2/2 [00:00<00:00, 31.45it/s]

Importance scoring:   0%|          | 0/1 [00:00<?, ?it/s]
Importance scoring: 100%|██████████| 1/1 [00:00<00:00, 30.13it/s]

Prefill:   0%|          | 0/2 [00:00<?, ?it/s]
Prefill: 100%|██████████| 2/2 [00:00<00:00, 31.99it/s]

Importance scoring:   0%|          | 0/1 [00:00<?, ?it/s]
Importance scoring: 100%|██████████| 1/1 [00:00<00:00, 30.21it/s]

Prefill:   0%|          | 0/2 [00:00<?, ?it/s]
Prefill: 100%|██████████| 2/2 [00:00<00:00, 32.00it/s]

Importance scoring:   0%|          | 0/1 [00:00<?, ?it/s]
Importance scoring: 100%|██████████| 1/1 [00:00<00:00, 30.52it/s]

Prefill:   0%|          | 0/2 [00:00<?, ?it/s]
Prefill: 100%|██████████| 2/2 [00:00<00:00, 31.82it/s]

Importance scoring:   0%|          | 0/1 [00:00<?, ?it/s]
Importance scoring: 100%|██████████| 1/1 [00:00<00:00, 30.37it/s]

Prefill:   0%|          | 0/2 [00:00<?, ?it/s]
Prefill: 100%|██████████| 2/2 [00:00<00:00, 31.60it/s]

Importance scoring:   0%|          | 0/1 [00:00<?, ?it/s]
Importance scoring: 100%|██████████| 1/1 [00:00<00:00, 31.28it/s]

Prefill:   0%|          | 0/2 [00:00<?, ?it/s]
Prefill: 100%|██████████| 2/2 [00:00<00:00, 30.95it/s]

Importance scoring:   0%|          | 0/1 [00:00<?, ?it/s]
Importance scoring: 100%|██████████| 1/1 [00:00<00:00, 30.14it/s]

Prefill:   0%|          | 0/2 [00:00<?, ?it/s]
Prefill: 100%|██████████| 2/2 [00:00<00:00, 31.35it/s]

Importance scoring:   0%|          | 0/1 [00:00<?, ?it/s]
Importance scoring: 100%|██████████| 1/1 [00:00<00:00, 30.81it/s]

Prefill:   0%|          | 0/2 [00:00<?, ?it/s]
Prefill: 100%|██████████| 2/2 [00:00<00:00, 30.98it/s]

Importance scoring:   0%|          | 0/1 [00:00<?, ?it/s]
Importance scoring: 100%|██████████| 1/1 [00:00<00:00, 30.33it/s]

Prefill:   0%|          | 0/2 [00:00<?, ?it/s]
Prefill: 100%|██████████| 2/2 [00:00<00:00, 31.99it/s]

Importance scoring:   0%|          | 0/1 [00:00<?, ?it/s]
Importance scoring: 100%|██████████| 1/1 [00:00<00:00, 30.34it/s]

Prefill:   0%|          | 0/2 [00:00<?, ?it/s]
Prefill: 100%|██████████| 2/2 [00:00<00:00, 31.47it/s]

Importance scoring:   0%|          | 0/1 [00:00<?, ?it/s]
Importance scoring: 100%|██████████| 1/1 [00:00<00:00, 29.60it/s]

Prefill:   0%|          | 0/2 [00:00<?, ?it/s]
Prefill: 100%|██████████| 2/2 [00:00<00:00, 32.05it/s]

Importance scoring:   0%|          | 0/1 [00:00<?, ?it/s]
Importance scoring: 100%|██████████| 1/1 [00:00<00:00, 29.70it/s]

Prefill:   0%|          | 0/2 [00:00<?, ?it/s]
Prefill: 100%|██████████| 2/2 [00:00<00:00, 31.21it/s]

Importance scoring:   0%|          | 0/1 [00:00<?, ?it/s]
Importance scoring: 100%|██████████| 1/1 [00:00<00:00, 29.85it/s]

Prefill:   0%|          | 0/2 [00:00<?, ?it/s]
Prefill: 100%|██████████| 2/2 [00:00<00:00, 31.87it/s]

Importance scoring:   0%|          | 0/1 [00:00<?, ?it/s]
Importance scoring: 100%|██████████| 1/1 [00:00<00:00, 30.24it/s]

Prefill:   0%|          | 0/2 [00:00<?, ?it/s]
Prefill: 100%|██████████| 2/2 [00:00<00:00, 31.77it/s]

Importance scoring:   0%|          | 0/1 [00:00<?, ?it/s]
Importance scoring: 100%|██████████| 1/1 [00:00<00:00, 29.76it/s]

Prefill:   0%|          | 0/4 [00:00<?, ?it/s]
Prefill:  75%|███████▌  | 3/4 [00:00<00:00, 19.32it/s]
Prefill: 100%|██████████| 4/4 [00:00<00:00, 17.02it/s]

Importance scoring:   0%|          | 0/1 [00:00<?, ?it/s]
Importance scoring: 100%|██████████| 1/1 [00:00<00:00,  5.19it/s]
Importance scoring: 100%|██████████| 1/1 [00:00<00:00,  5.19it/s]

Prefill:   0%|          | 0/4 [00:00<?, ?it/s]
Prefill:  75%|███████▌  | 3/4 [00:00<00:00, 18.98it/s]
Prefill: 100%|██████████| 4/4 [00:00<00:00, 16.60it/s]

Importance scoring:   0%|          | 0/1 [00:00<?, ?it/s]
Importance scoring: 100%|██████████| 1/1 [00:00<00:00,  5.15it/s]
Importance scoring: 100%|██████████| 1/1 [00:00<00:00,  5.15it/s]

Prefill:   0%|          | 0/4 [00:00<?, ?it/s]
Prefill:  75%|███████▌  | 3/4 [00:00<00:00, 18.78it/s]
Prefill: 100%|██████████| 4/4 [00:00<00:00, 16.43it/s]

Importance scoring:   0%|          | 0/1 [00:00<?, ?it/s]
Importance scoring: 100%|██████████| 1/1 [00:00<00:00,  5.13it/s]
Importance scoring: 100%|██████████| 1/1 [00:00<00:00,  5.13it/s]

Prefill:   0%|          | 0/4 [00:00<?, ?it/s]
Prefill:  75%|███████▌  | 3/4 [00:00<00:00, 18.98it/s]
Prefill: 100%|██████████| 4/4 [00:00<00:00, 16.61it/s]

Importance scoring:   0%|          | 0/1 [00:00<?, ?it/s]
Importance scoring: 100%|██████████| 1/1 [00:00<00:00,  5.12it/s]
Importance scoring: 100%|██████████| 1/1 [00:00<00:00,  5.12it/s]

Prefill:   0%|          | 0/4 [00:00<?, ?it/s]
Prefill:  75%|███████▌  | 3/4 [00:00<00:00, 18.99it/s]
Prefill: 100%|██████████| 4/4 [00:00<00:00, 16.64it/s]

Importance scoring:   0%|          | 0/1 [00:00<?, ?it/s]
Importance scoring: 100%|██████████| 1/1 [00:00<00:00,  5.15it/s]
Importance scoring: 100%|██████████| 1/1 [00:00<00:00,  5.15it/s]

Prefill:   0%|          | 0/4 [00:00<?, ?it/s]
Prefill:  75%|███████▌  | 3/4 [00:00<00:00, 19.07it/s]
Prefill: 100%|██████████| 4/4 [00:00<00:00, 16.70it/s]

Importance scoring:   0%|          | 0/1 [00:00<?, ?it/s]
Importance scoring: 100%|██████████| 1/1 [00:00<00:00,  5.13it/s]
Importance scoring: 100%|██████████| 1/1 [00:00<00:00,  5.13it/s]

Prefill:   0%|          | 0/4 [00:00<?, ?it/s]
Prefill:  75%|███████▌  | 3/4 [00:00<00:00, 19.02it/s]
Prefill: 100%|██████████| 4/4 [00:00<00:00, 16.67it/s]

Importance scoring:   0%|          | 0/1 [00:00<?, ?it/s]
Importance scoring: 100%|██████████| 1/1 [00:00<00:00,  5.12it/s]
Importance scoring: 100%|██████████| 1/1 [00:00<00:00,  5.12it/s]

Prefill:   0%|          | 0/4 [00:00<?, ?it/s]
Prefill:  75%|███████▌  | 3/4 [00:00<00:00, 19.05it/s]
Prefill: 100%|██████████| 4/4 [00:00<00:00, 16.71it/s]

Importance scoring:   0%|          | 0/1 [00:00<?, ?it/s]
Importance scoring: 100%|██████████| 1/1 [00:00<00:00,  5.14it/s]
Importance scoring: 100%|██████████| 1/1 [00:00<00:00,  5.13it/s]

Prefill:   0%|          | 0/4 [00:00<?, ?it/s]
Prefill:  75%|███████▌  | 3/4 [00:00<00:00, 18.97it/s]
Prefill: 100%|██████████| 4/4 [00:00<00:00, 16.69it/s]

Importance scoring:   0%|          | 0/1 [00:00<?, ?it/s]
Importance scoring: 100%|██████████| 1/1 [00:00<00:00,  5.10it/s]
Importance scoring: 100%|██████████| 1/1 [00:00<00:00,  5.10it/s]

Prefill:   0%|          | 0/4 [00:00<?, ?it/s]
Prefill:  75%|███████▌  | 3/4 [00:00<00:00, 19.20it/s]
Prefill: 100%|██████████| 4/4 [00:00<00:00, 16.89it/s]

Importance scoring:   0%|          | 0/1 [00:00<?, ?it/s]
Importance scoring: 100%|██████████| 1/1 [00:00<00:00,  5.16it/s]
Importance scoring: 100%|██████████| 1/1 [00:00<00:00,  5.16it/s]

Prefill:   0%|          | 0/4 [00:00<?, ?it/s]
Prefill:  75%|███████▌  | 3/4 [00:00<00:00, 19.28it/s]
Prefill: 100%|██████████| 4/4 [00:00<00:00, 16.94it/s]

Importance scoring:   0%|          | 0/1 [00:00<?, ?it/s]
Importance scoring: 100%|██████████| 1/1 [00:00<00:00,  5.22it/s]
Importance scoring: 100%|██████████| 1/1 [00:00<00:00,  5.21it/s]

Prefill:   0%|          | 0/4 [00:00<?, ?it/s]
Prefill:  75%|███████▌  | 3/4 [00:00<00:00, 19.39it/s]
Prefill: 100%|██████████| 4/4 [00:00<00:00, 17.00it/s]

Importance scoring:   0%|          | 0/1 [00:00<?, ?it/s]
Importance scoring: 100%|██████████| 1/1 [00:00<00:00,  5.22it/s]
Importance scoring: 100%|██████████| 1/1 [00:00<00:00,  5.21it/s]

Prefill:   0%|          | 0/4 [00:00<?, ?it/s]
Prefill:  75%|███████▌  | 3/4 [00:00<00:00, 19.68it/s]
Prefill: 100%|██████████| 4/4 [00:00<00:00, 17.17it/s]

Importance scoring:   0%|          | 0/1 [00:00<?, ?it/s]
Importance scoring: 100%|██████████| 1/1 [00:00<00:00,  5.24it/s]
Importance scoring: 100%|██████████| 1/1 [00:00<00:00,  5.24it/s]

Prefill:   0%|          | 0/4 [00:00<?, ?it/s]
Prefill:  75%|███████▌  | 3/4 [00:00<00:00, 19.55it/s]
Prefill: 100%|██████████| 4/4 [00:00<00:00, 17.09it/s]

Importance scoring:   0%|          | 0/1 [00:00<?, ?it/s]
Importance scoring: 100%|██████████| 1/1 [00:00<00:00,  5.24it/s]
Importance scoring: 100%|██████████| 1/1 [00:00<00:00,  5.24it/s]

Prefill:   0%|          | 0/4 [00:00<?, ?it/s]
Prefill:  75%|███████▌  | 3/4 [00:00<00:00, 19.44it/s]
Prefill: 100%|██████████| 4/4 [00:00<00:00, 17.08it/s]

Importance scoring:   0%|          | 0/1 [00:00<?, ?it/s]
Importance scoring: 100%|██████████| 1/1 [00:00<00:00,  5.22it/s]
Importance scoring: 100%|██████████| 1/1 [00:00<00:00,  5.22it/s]

Prefill:   0%|          | 0/4 [00:00<?, ?it/s]
Prefill:  75%|███████▌  | 3/4 [00:00<00:00, 19.37it/s]
Prefill: 100%|██████████| 4/4 [00:00<00:00, 17.01it/s]

Importance scoring:   0%|          | 0/1 [00:00<?, ?it/s]
Importance scoring: 100%|██████████| 1/1 [00:00<00:00,  5.21it/s]
Importance scoring: 100%|██████████| 1/1 [00:00<00:00,  5.21it/s]

Prefill:   0%|          | 0/4 [00:00<?, ?it/s]
Prefill:  75%|███████▌  | 3/4 [00:00<00:00, 19.43it/s]
Prefill: 100%|██████████| 4/4 [00:00<00:00, 17.06it/s]

Importance scoring:   0%|          | 0/1 [00:00<?, ?it/s]
Importance scoring: 100%|██████████| 1/1 [00:00<00:00,  5.22it/s]
Importance scoring: 100%|██████████| 1/1 [00:00<00:00,  5.22it/s]

Prefill:   0%|          | 0/4 [00:00<?, ?it/s]
Prefill:  75%|███████▌  | 3/4 [00:00<00:00, 19.50it/s]
Prefill: 100%|██████████| 4/4 [00:00<00:00, 17.12it/s]

Importance scoring:   0%|          | 0/1 [00:00<?, ?it/s]
Importance scoring: 100%|██████████| 1/1 [00:00<00:00,  5.15it/s]
Importance scoring: 100%|██████████| 1/1 [00:00<00:00,  5.15it/s]

Prefill:   0%|          | 0/4 [00:00<?, ?it/s]
Prefill:  75%|███████▌  | 3/4 [00:00<00:00, 19.32it/s]
Prefill: 100%|██████████| 4/4 [00:00<00:00, 16.96it/s]

Importance scoring:   0%|          | 0/1 [00:00<?, ?it/s]
Importance scoring: 100%|██████████| 1/1 [00:00<00:00,  5.15it/s]
Importance scoring: 100%|██████████| 1/1 [00:00<00:00,  5.15it/s]

Prefill:   0%|          | 0/4 [00:00<?, ?it/s]
Prefill:  75%|███████▌  | 3/4 [00:00<00:00, 18.99it/s]
Prefill: 100%|██████████| 4/4 [00:00<00:00, 16.70it/s]

Importance scoring:   0%|          | 0/1 [00:00<?, ?it/s]
Importance scoring: 100%|██████████| 1/1 [00:00<00:00,  5.13it/s]
Importance scoring: 100%|██████████| 1/1 [00:00<00:00,  5.13it/s]

Prefill:   0%|          | 0/4 [00:00<?, ?it/s]
Prefill:  75%|███████▌  | 3/4 [00:00<00:00, 18.76it/s]
Prefill: 100%|██████████| 4/4 [00:00<00:00, 16.39it/s]

Importance scoring:   0%|          | 0/1 [00:00<?, ?it/s]
Importance scoring: 100%|██████████| 1/1 [00:00<00:00,  5.07it/s]
Importance scoring: 100%|██████████| 1/1 [00:00<00:00,  5.06it/s]

Prefill:   0%|          | 0/4 [00:00<?, ?it/s]
Prefill:  75%|███████▌  | 3/4 [00:00<00:00, 18.73it/s]
Prefill: 100%|██████████| 4/4 [00:00<00:00, 16.47it/s]

Importance scoring:   0%|          | 0/1 [00:00<?, ?it/s]
Importance scoring: 100%|██████████| 1/1 [00:00<00:00,  5.12it/s]
Importance scoring: 100%|██████████| 1/1 [00:00<00:00,  5.12it/s]

Prefill:   0%|          | 0/4 [00:00<?, ?it/s]
Prefill:  75%|███████▌  | 3/4 [00:00<00:00, 19.33it/s]
Prefill: 100%|██████████| 4/4 [00:00<00:00, 16.94it/s]

Importance scoring:   0%|          | 0/1 [00:00<?, ?it/s]
Importance scoring: 100%|██████████| 1/1 [00:00<00:00,  5.17it/s]
Importance scoring: 100%|██████████| 1/1 [00:00<00:00,  5.17it/s]

Prefill:   0%|          | 0/4 [00:00<?, ?it/s]
Prefill:  75%|███████▌  | 3/4 [00:00<00:00, 19.26it/s]
Prefill: 100%|██████████| 4/4 [00:00<00:00, 16.86it/s]

Importance scoring:   0%|          | 0/1 [00:00<?, ?it/s]
Importance scoring: 100%|██████████| 1/1 [00:00<00:00,  5.19it/s]
Importance scoring: 100%|██████████| 1/1 [00:00<00:00,  5.18it/s]

Prefill:   0%|          | 0/4 [00:00<?, ?it/s]
Prefill:  75%|███████▌  | 3/4 [00:00<00:00, 19.57it/s]
Prefill: 100%|██████████| 4/4 [00:00<00:00, 17.11it/s]

Importance scoring:   0%|          | 0/1 [00:00<?, ?it/s]
Importance scoring: 100%|██████████| 1/1 [00:00<00:00,  5.22it/s]
Importance scoring: 100%|██████████| 1/1 [00:00<00:00,  5.22it/s]

Prefill:   0%|          | 0/4 [00:00<?, ?it/s]
Prefill:  75%|███████▌  | 3/4 [00:00<00:00, 19.30it/s]
Prefill: 100%|██████████| 4/4 [00:00<00:00, 16.95it/s]

Importance scoring:   0%|          | 0/1 [00:00<?, ?it/s]
Importance scoring: 100%|██████████| 1/1 [00:00<00:00,  5.24it/s]
Importance scoring: 100%|██████████| 1/1 [00:00<00:00,  5.24it/s]

Prefill:   0%|          | 0/4 [00:00<?, ?it/s]
Prefill:  75%|███████▌  | 3/4 [00:00<00:00, 19.59it/s]
Prefill: 100%|██████████| 4/4 [00:00<00:00, 17.13it/s]

Importance scoring:   0%|          | 0/1 [00:00<?, ?it/s]
Importance scoring: 100%|██████████| 1/1 [00:00<00:00,  5.23it/s]
Importance scoring: 100%|██████████| 1/1 [00:00<00:00,  5.23it/s]

Prefill:   0%|          | 0/4 [00:00<?, ?it/s]
Prefill:  75%|███████▌  | 3/4 [00:00<00:00, 19.48it/s]
Prefill: 100%|██████████| 4/4 [00:00<00:00, 17.13it/s]

Importance scoring:   0%|          | 0/1 [00:00<?, ?it/s]
Importance scoring: 100%|██████████| 1/1 [00:00<00:00,  5.20it/s]
Importance scoring: 100%|██████████| 1/1 [00:00<00:00,  5.20it/s]

Prefill:   0%|          | 0/4 [00:00<?, ?it/s]
Prefill:  75%|███████▌  | 3/4 [00:00<00:00, 19.63it/s]
Prefill: 100%|██████████| 4/4 [00:00<00:00, 17.17it/s]

Importance scoring:   0%|          | 0/1 [00:00<?, ?it/s]
Importance scoring: 100%|██████████| 1/1 [00:00<00:00,  5.21it/s]
Importance scoring: 100%|██████████| 1/1 [00:00<00:00,  5.21it/s]

Prefill:   0%|          | 0/4 [00:00<?, ?it/s]
Prefill:  75%|███████▌  | 3/4 [00:00<00:00, 19.24it/s]
Prefill: 100%|██████████| 4/4 [00:00<00:00, 16.92it/s]

Importance scoring:   0%|          | 0/1 [00:00<?, ?it/s]
Importance scoring: 100%|██████████| 1/1 [00:00<00:00,  5.18it/s]
Importance scoring: 100%|██████████| 1/1 [00:00<00:00,  5.17it/s]

Prefill:   0%|          | 0/4 [00:00<?, ?it/s]
Prefill:  75%|███████▌  | 3/4 [00:00<00:00, 19.09it/s]
Prefill: 100%|██████████| 4/4 [00:00<00:00, 16.76it/s]

Importance scoring:   0%|          | 0/1 [00:00<?, ?it/s]
Importance scoring: 100%|██████████| 1/1 [00:00<00:00,  5.17it/s]
Importance scoring: 100%|██████████| 1/1 [00:00<00:00,  5.17it/s]

Prefill:   0%|          | 0/4 [00:00<?, ?it/s]
Prefill:  75%|███████▌  | 3/4 [00:00<00:00, 18.84it/s]
Prefill: 100%|██████████| 4/4 [00:00<00:00, 16.50it/s]

Importance scoring:   0%|          | 0/1 [00:00<?, ?it/s]
Importance scoring: 100%|██████████| 1/1 [00:00<00:00,  5.12it/s]
Importance scoring: 100%|██████████| 1/1 [00:00<00:00,  5.12it/s]

Prefill:   0%|          | 0/4 [00:00<?, ?it/s]
Prefill:  75%|███████▌  | 3/4 [00:00<00:00, 18.97it/s]
Prefill: 100%|██████████| 4/4 [00:00<00:00, 16.59it/s]

Importance scoring:   0%|          | 0/1 [00:00<?, ?it/s]
Importance scoring: 100%|██████████| 1/1 [00:00<00:00,  5.12it/s]
Importance scoring: 100%|██████████| 1/1 [00:00<00:00,  5.11it/s]

Prefill:   0%|          | 0/4 [00:00<?, ?it/s]
Prefill:  75%|███████▌  | 3/4 [00:00<00:00, 19.14it/s]
Prefill: 100%|██████████| 4/4 [00:00<00:00, 16.75it/s]

Importance scoring:   0%|          | 0/1 [00:00<?, ?it/s]
Importance scoring: 100%|██████████| 1/1 [00:00<00:00,  5.13it/s]
Importance scoring: 100%|██████████| 1/1 [00:00<00:00,  5.13it/s]

Prefill:   0%|          | 0/4 [00:00<?, ?it/s]
Prefill:  75%|███████▌  | 3/4 [00:00<00:00, 19.21it/s]
Prefill: 100%|██████████| 4/4 [00:00<00:00, 16.80it/s]

Importance scoring:   0%|          | 0/1 [00:00<?, ?it/s]
Importance scoring: 100%|██████████| 1/1 [00:00<00:00,  5.16it/s]
Importance scoring: 100%|██████████| 1/1 [00:00<00:00,  5.16it/s]

Prefill:   0%|          | 0/4 [00:00<?, ?it/s]
Prefill:  75%|███████▌  | 3/4 [00:00<00:00, 19.08it/s]
Prefill: 100%|██████████| 4/4 [00:00<00:00, 16.77it/s]

Importance scoring:   0%|          | 0/1 [00:00<?, ?it/s]
Importance scoring: 100%|██████████| 1/1 [00:00<00:00,  5.16it/s]
Importance scoring: 100%|██████████| 1/1 [00:00<00:00,  5.15it/s]

Prefill:   0%|          | 0/4 [00:00<?, ?it/s]
Prefill:  75%|███████▌  | 3/4 [00:00<00:00, 19.29it/s]
Prefill: 100%|██████████| 4/4 [00:00<00:00, 16.83it/s]

Importance scoring:   0%|          | 0/1 [00:00<?, ?it/s]
Importance scoring: 100%|██████████| 1/1 [00:00<00:00,  5.15it/s]
Importance scoring: 100%|██████████| 1/1 [00:00<00:00,  5.14it/s]

Prefill:   0%|          | 0/4 [00:00<?, ?it/s]
Prefill:  75%|███████▌  | 3/4 [00:00<00:00, 18.84it/s]
Prefill: 100%|██████████| 4/4 [00:00<00:00, 16.53it/s]

Importance scoring:   0%|          | 0/1 [00:00<?, ?it/s]
Importance scoring: 100%|██████████| 1/1 [00:00<00:00,  5.11it/s]
Importance scoring: 100%|██████████| 1/1 [00:00<00:00,  5.11it/s]

Prefill:   0%|          | 0/4 [00:00<?, ?it/s]
Prefill:  75%|███████▌  | 3/4 [00:00<00:00, 18.90it/s]
Prefill: 100%|██████████| 4/4 [00:00<00:00, 16.68it/s]

Importance scoring:   0%|          | 0/1 [00:00<?, ?it/s]
Importance scoring: 100%|██████████| 1/1 [00:00<00:00,  5.12it/s]
Importance scoring: 100%|██████████| 1/1 [00:00<00:00,  5.12it/s]

Prefill:   0%|          | 0/4 [00:00<?, ?it/s]
Prefill:  75%|███████▌  | 3/4 [00:00<00:00, 19.09it/s]
Prefill: 100%|██████████| 4/4 [00:00<00:00, 16.90it/s]

Importance scoring:   0%|          | 0/1 [00:00<?, ?it/s]
Importance scoring: 100%|██████████| 1/1 [00:00<00:00,  5.16it/s]
Importance scoring: 100%|██████████| 1/1 [00:00<00:00,  5.16it/s]

Prefill:   0%|          | 0/4 [00:00<?, ?it/s]
Prefill:  75%|███████▌  | 3/4 [00:00<00:00, 19.09it/s]
Prefill: 100%|██████████| 4/4 [00:00<00:00, 16.73it/s]

Importance scoring:   0%|          | 0/1 [00:00<?, ?it/s]
Importance scoring: 100%|██████████| 1/1 [00:00<00:00,  5.18it/s]
Importance scoring: 100%|██████████| 1/1 [00:00<00:00,  5.18it/s]

Prefill:   0%|          | 0/4 [00:00<?, ?it/s]
Prefill:  75%|███████▌  | 3/4 [00:00<00:00, 18.98it/s]
Prefill: 100%|██████████| 4/4 [00:00<00:00, 16.69it/s]

Importance scoring:   0%|          | 0/1 [00:00<?, ?it/s]
Importance scoring: 100%|██████████| 1/1 [00:00<00:00,  5.16it/s]
Importance scoring: 100%|██████████| 1/1 [00:00<00:00,  5.16it/s]

Prefill:   0%|          | 0/4 [00:00<?, ?it/s]
Prefill:  75%|███████▌  | 3/4 [00:00<00:00, 19.24it/s]
Prefill: 100%|██████████| 4/4 [00:00<00:00, 16.92it/s]

Importance scoring:   0%|          | 0/1 [00:00<?, ?it/s]
Importance scoring: 100%|██████████| 1/1 [00:00<00:00,  5.18it/s]
Importance scoring: 100%|██████████| 1/1 [00:00<00:00,  5.17it/s]

Prefill:   0%|          | 0/4 [00:00<?, ?it/s]
Prefill:  75%|███████▌  | 3/4 [00:00<00:00, 19.05it/s]
Prefill: 100%|██████████| 4/4 [00:00<00:00, 16.71it/s]

Importance scoring:   0%|          | 0/1 [00:00<?, ?it/s]
Importance scoring: 100%|██████████| 1/1 [00:00<00:00,  5.16it/s]
Importance scoring: 100%|██████████| 1/1 [00:00<00:00,  5.16it/s]

Prefill:   0%|          | 0/4 [00:00<?, ?it/s]
Prefill:  75%|███████▌  | 3/4 [00:00<00:00, 18.80it/s]
Prefill: 100%|██████████| 4/4 [00:00<00:00, 16.45it/s]

Importance scoring:   0%|          | 0/1 [00:00<?, ?it/s]
Importance scoring: 100%|██████████| 1/1 [00:00<00:00,  5.08it/s]
Importance scoring: 100%|██████████| 1/1 [00:00<00:00,  5.08it/s]

Prefill:   0%|          | 0/4 [00:00<?, ?it/s]
Prefill:  75%|███████▌  | 3/4 [00:00<00:00, 18.92it/s]
Prefill: 100%|██████████| 4/4 [00:00<00:00, 16.64it/s]

Importance scoring:   0%|          | 0/1 [00:00<?, ?it/s]
Importance scoring: 100%|██████████| 1/1 [00:00<00:00,  5.13it/s]
Importance scoring: 100%|██████████| 1/1 [00:00<00:00,  5.13it/s]

Prefill:   0%|          | 0/4 [00:00<?, ?it/s]
Prefill:  75%|███████▌  | 3/4 [00:00<00:00, 19.09it/s]
Prefill: 100%|██████████| 4/4 [00:00<00:00, 16.70it/s]

Importance scoring:   0%|          | 0/1 [00:00<?, ?it/s]
Importance scoring: 100%|██████████| 1/1 [00:00<00:00,  5.11it/s]
Importance scoring: 100%|██████████| 1/1 [00:00<00:00,  5.11it/s]

Prefill:   0%|          | 0/4 [00:00<?, ?it/s]
Prefill:  75%|███████▌  | 3/4 [00:00<00:00, 19.03it/s]
Prefill: 100%|██████████| 4/4 [00:00<00:00, 16.69it/s]

Importance scoring:   0%|          | 0/1 [00:00<?, ?it/s]
Importance scoring: 100%|██████████| 1/1 [00:00<00:00,  5.15it/s]
Importance scoring: 100%|██████████| 1/1 [00:00<00:00,  5.15it/s]

Prefill:   0%|          | 0/4 [00:00<?, ?it/s]
Prefill:  75%|███████▌  | 3/4 [00:00<00:00, 19.01it/s]
Prefill: 100%|██████████| 4/4 [00:00<00:00, 16.71it/s]

Importance scoring:   0%|          | 0/1 [00:00<?, ?it/s]
Importance scoring: 100%|██████████| 1/1 [00:00<00:00,  5.17it/s]
Importance scoring: 100%|██████████| 1/1 [00:00<00:00,  5.17it/s]

Prefill:   0%|          | 0/4 [00:00<?, ?it/s]
Prefill:  75%|███████▌  | 3/4 [00:00<00:00, 19.10it/s]
Prefill: 100%|██████████| 4/4 [00:00<00:00, 16.75it/s]

Importance scoring:   0%|          | 0/1 [00:00<?, ?it/s]
Importance scoring: 100%|██████████| 1/1 [00:00<00:00,  5.12it/s]
Importance scoring: 100%|██████████| 1/1 [00:00<00:00,  5.12it/s]

Prefill:   0%|          | 0/4 [00:00<?, ?it/s]
Prefill:  75%|███████▌  | 3/4 [00:00<00:00, 19.06it/s]
Prefill: 100%|██████████| 4/4 [00:00<00:00, 16.75it/s]

Importance scoring:   0%|          | 0/1 [00:00<?, ?it/s]
Importance scoring: 100%|██████████| 1/1 [00:00<00:00,  5.14it/s]
Importance scoring: 100%|██████████| 1/1 [00:00<00:00,  5.13it/s]

Prefill:   0%|          | 0/4 [00:00<?, ?it/s]
Prefill:  75%|███████▌  | 3/4 [00:00<00:00, 18.93it/s]
Prefill: 100%|██████████| 4/4 [00:00<00:00, 16.67it/s]

Importance scoring:   0%|          | 0/1 [00:00<?, ?it/s]
Importance scoring: 100%|██████████| 1/1 [00:00<00:00,  5.15it/s]
Importance scoring: 100%|██████████| 1/1 [00:00<00:00,  5.14it/s]

Prefill:   0%|          | 0/4 [00:00<?, ?it/s]
Prefill:  75%|███████▌  | 3/4 [00:00<00:00, 19.09it/s]
Prefill: 100%|██████████| 4/4 [00:00<00:00, 16.72it/s]

Importance scoring:   0%|          | 0/1 [00:00<?, ?it/s]
Importance scoring: 100%|██████████| 1/1 [00:00<00:00,  5.11it/s]
Importance scoring: 100%|██████████| 1/1 [00:00<00:00,  5.11it/s]

Prefill:   0%|          | 0/4 [00:00<?, ?it/s]
Prefill:  75%|███████▌  | 3/4 [00:00<00:00, 19.13it/s]
Prefill: 100%|██████████| 4/4 [00:00<00:00, 16.82it/s]

Importance scoring:   0%|          | 0/1 [00:00<?, ?it/s]
Importance scoring: 100%|██████████| 1/1 [00:00<00:00,  5.12it/s]
Importance scoring: 100%|██████████| 1/1 [00:00<00:00,  5.12it/s]

Prefill:   0%|          | 0/4 [00:00<?, ?it/s]
Prefill:  75%|███████▌  | 3/4 [00:00<00:00, 19.10it/s]
Prefill: 100%|██████████| 4/4 [00:00<00:00, 16.70it/s]

Importance scoring:   0%|          | 0/1 [00:00<?, ?it/s]
Importance scoring: 100%|██████████| 1/1 [00:00<00:00,  5.15it/s]
Importance scoring: 100%|██████████| 1/1 [00:00<00:00,  5.15it/s]

Prefill:   0%|          | 0/4 [00:00<?, ?it/s]
Prefill:  75%|███████▌  | 3/4 [00:00<00:00, 19.32it/s]
Prefill: 100%|██████████| 4/4 [00:00<00:00, 16.87it/s]

Importance scoring:   0%|          | 0/1 [00:00<?, ?it/s]
Importance scoring: 100%|██████████| 1/1 [00:00<00:00,  5.16it/s]
Importance scoring: 100%|██████████| 1/1 [00:00<00:00,  5.16it/s]

Prefill:   0%|          | 0/4 [00:00<?, ?it/s]
Prefill:  75%|███████▌  | 3/4 [00:00<00:00, 19.25it/s]
Prefill: 100%|██████████| 4/4 [00:00<00:00, 16.87it/s]

Importance scoring:   0%|          | 0/1 [00:00<?, ?it/s]
Importance scoring: 100%|██████████| 1/1 [00:00<00:00,  5.16it/s]
Importance scoring: 100%|██████████| 1/1 [00:00<00:00,  5.15it/s]

Prefill:   0%|          | 0/4 [00:00<?, ?it/s]
Prefill:  75%|███████▌  | 3/4 [00:00<00:00, 19.33it/s]
Prefill: 100%|██████████| 4/4 [00:00<00:00, 16.96it/s]

Importance scoring:   0%|          | 0/1 [00:00<?, ?it/s]
Importance scoring: 100%|██████████| 1/1 [00:00<00:00,  5.19it/s]
Importance scoring: 100%|██████████| 1/1 [00:00<00:00,  5.18it/s]

Prefill:   0%|          | 0/4 [00:00<?, ?it/s]
Prefill:  75%|███████▌  | 3/4 [00:00<00:00, 19.32it/s]
Prefill: 100%|██████████| 4/4 [00:00<00:00, 16.96it/s]

Importance scoring:   0%|          | 0/1 [00:00<?, ?it/s]
Importance scoring: 100%|██████████| 1/1 [00:00<00:00,  5.20it/s]
Importance scoring: 100%|██████████| 1/1 [00:00<00:00,  5.19it/s]

Prefill:   0%|          | 0/4 [00:00<?, ?it/s]
Prefill:  75%|███████▌  | 3/4 [00:00<00:00, 19.17it/s]
Prefill: 100%|██████████| 4/4 [00:00<00:00, 16.87it/s]

Importance scoring:   0%|          | 0/1 [00:00<?, ?it/s]
Importance scoring: 100%|██████████| 1/1 [00:00<00:00,  5.17it/s]
Importance scoring: 100%|██████████| 1/1 [00:00<00:00,  5.17it/s]

Prefill:   0%|          | 0/4 [00:00<?, ?it/s]
Prefill:  75%|███████▌  | 3/4 [00:00<00:00, 19.32it/s]
Prefill: 100%|██████████| 4/4 [00:00<00:00, 16.87it/s]

Importance scoring:   0%|          | 0/1 [00:00<?, ?it/s]
Importance scoring: 100%|██████████| 1/1 [00:00<00:00,  4.89it/s]
Importance scoring: 100%|██████████| 1/1 [00:00<00:00,  4.89it/s]

Prefill:   0%|          | 0/4 [00:00<?, ?it/s]
Prefill:  75%|███████▌  | 3/4 [00:00<00:00, 18.89it/s]
Prefill: 100%|██████████| 4/4 [00:00<00:00, 16.57it/s]

Importance scoring:   0%|          | 0/1 [00:00<?, ?it/s]
Importance scoring: 100%|██████████| 1/1 [00:00<00:00,  4.87it/s]
Importance scoring: 100%|██████████| 1/1 [00:00<00:00,  4.86it/s]

Prefill:   0%|          | 0/4 [00:00<?, ?it/s]
Prefill:  75%|███████▌  | 3/4 [00:00<00:00, 18.70it/s]
Prefill: 100%|██████████| 4/4 [00:00<00:00, 16.39it/s]

Importance scoring:   0%|          | 0/1 [00:00<?, ?it/s]
Importance scoring: 100%|██████████| 1/1 [00:00<00:00,  4.84it/s]
Importance scoring: 100%|██████████| 1/1 [00:00<00:00,  4.84it/s]

Prefill:   0%|          | 0/4 [00:00<?, ?it/s]
Prefill:  75%|███████▌  | 3/4 [00:00<00:00, 19.00it/s]
Prefill: 100%|██████████| 4/4 [00:00<00:00, 16.65it/s]

Importance scoring:   0%|          | 0/1 [00:00<?, ?it/s]
Importance scoring: 100%|██████████| 1/1 [00:00<00:00,  4.87it/s]
Importance scoring: 100%|██████████| 1/1 [00:00<00:00,  4.87it/s]

Prefill:   0%|          | 0/4 [00:00<?, ?it/s]
Prefill:  75%|███████▌  | 3/4 [00:00<00:00, 19.13it/s]
Prefill: 100%|██████████| 4/4 [00:00<00:00, 16.71it/s]

Importance scoring:   0%|          | 0/1 [00:00<?, ?it/s]
Importance scoring: 100%|██████████| 1/1 [00:00<00:00,  4.89it/s]
Importance scoring: 100%|██████████| 1/1 [00:00<00:00,  4.88it/s]

Prefill:   0%|          | 0/4 [00:00<?, ?it/s]
Prefill:  75%|███████▌  | 3/4 [00:00<00:00, 19.39it/s]
Prefill: 100%|██████████| 4/4 [00:00<00:00, 16.98it/s]

Importance scoring:   0%|          | 0/1 [00:00<?, ?it/s]
Importance scoring: 100%|██████████| 1/1 [00:00<00:00,  4.88it/s]
Importance scoring: 100%|██████████| 1/1 [00:00<00:00,  4.88it/s]

Prefill:   0%|          | 0/16 [00:00<?, ?it/s]
Prefill:  19%|█▉        | 3/16 [00:00<00:00, 18.93it/s]
Prefill:  31%|███▏      | 5/16 [00:00<00:00, 14.69it/s]
Prefill:  44%|████▍     | 7/16 [00:00<00:00, 13.02it/s]
Prefill:  56%|█████▋    | 9/16 [00:00<00:00, 12.04it/s]
Prefill:  69%|██████▉   | 11/16 [00:00<00:00, 11.07it/s]
Prefill:  81%|████████▏ | 13/16 [00:01<00:00, 10.14it/s]
Prefill:  94%|█████████▍| 15/16 [00:01<00:00,  9.65it/s]
Prefill: 100%|██████████| 16/16 [00:01<00:00,  9.55it/s]
Prefill: 100%|██████████| 16/16 [00:01<00:00, 10.88it/s]

Importance scoring:   0%|          | 0/4 [00:00<?, ?it/s]
Importance scoring:  25%|██▌       | 1/4 [00:00<00:00,  4.34it/s]
Importance scoring:  50%|█████     | 2/4 [00:01<00:01,  1.80it/s]
Importance scoring:  75%|███████▌  | 3/4 [00:01<00:00,  1.54it/s]
Importance scoring: 100%|██████████| 4/4 [00:02<00:00,  1.43it/s]
Importance scoring: 100%|██████████| 4/4 [00:02<00:00,  1.57it/s]

Prefill:   0%|          | 0/16 [00:00<?, ?it/s]
Prefill:  19%|█▉        | 3/16 [00:00<00:00, 19.07it/s]
Prefill:  31%|███▏      | 5/16 [00:00<00:00, 14.82it/s]
Prefill:  44%|████▍     | 7/16 [00:00<00:00, 13.18it/s]
Prefill:  56%|█████▋    | 9/16 [00:00<00:00, 12.16it/s]
Prefill:  69%|██████▉   | 11/16 [00:00<00:00, 11.27it/s]
Prefill:  81%|████████▏ | 13/16 [00:01<00:00, 10.33it/s]
Prefill:  94%|█████████▍| 15/16 [00:01<00:00,  9.78it/s]
Prefill: 100%|██████████| 16/16 [00:01<00:00,  9.69it/s]
Prefill: 100%|██████████| 16/16 [00:01<00:00, 11.04it/s]

Importance scoring:   0%|          | 0/4 [00:00<?, ?it/s]
Importance scoring:  25%|██▌       | 1/4 [00:00<00:00,  4.39it/s]
Importance scoring:  50%|█████     | 2/4 [00:01<00:01,  1.80it/s]
Importance scoring:  75%|███████▌  | 3/4 [00:01<00:00,  1.54it/s]
Importance scoring: 100%|██████████| 4/4 [00:02<00:00,  1.44it/s]
Importance scoring: 100%|██████████| 4/4 [00:02<00:00,  1.58it/s]

Prefill:   0%|          | 0/16 [00:00<?, ?it/s]
Prefill:  19%|█▉        | 3/16 [00:00<00:00, 19.06it/s]
Prefill:  31%|███▏      | 5/16 [00:00<00:00, 14.82it/s]
Prefill:  44%|████▍     | 7/16 [00:00<00:00, 13.23it/s]
Prefill:  56%|█████▋    | 9/16 [00:00<00:00, 12.22it/s]
Prefill:  69%|██████▉   | 11/16 [00:00<00:00, 11.29it/s]
Prefill:  81%|████████▏ | 13/16 [00:01<00:00, 10.35it/s]
Prefill:  94%|█████████▍| 15/16 [00:01<00:00,  9.86it/s]
Prefill: 100%|██████████| 16/16 [00:01<00:00, 11.09it/s]

Importance scoring:   0%|          | 0/4 [00:00<?, ?it/s]
Importance scoring:  25%|██▌       | 1/4 [00:00<00:00,  4.37it/s]
Importance scoring:  50%|█████     | 2/4 [00:01<00:01,  1.82it/s]
Importance scoring:  75%|███████▌  | 3/4 [00:01<00:00,  1.56it/s]
Importance scoring: 100%|██████████| 4/4 [00:02<00:00,  1.45it/s]
Importance scoring: 100%|██████████| 4/4 [00:02<00:00,  1.59it/s]

Prefill:   0%|          | 0/16 [00:00<?, ?it/s]
Prefill:  19%|█▉        | 3/16 [00:00<00:00, 18.89it/s]
Prefill:  31%|███▏      | 5/16 [00:00<00:00, 14.64it/s]
Prefill:  44%|████▍     | 7/16 [00:00<00:00, 12.94it/s]
Prefill:  56%|█████▋    | 9/16 [00:00<00:00, 11.98it/s]
Prefill:  69%|██████▉   | 11/16 [00:00<00:00, 11.03it/s]
Prefill:  81%|████████▏ | 13/16 [00:01<00:00, 10.18it/s]
Prefill:  94%|█████████▍| 15/16 [00:01<00:00,  9.70it/s]
Prefill: 100%|██████████| 16/16 [00:01<00:00,  9.60it/s]
Prefill: 100%|██████████| 16/16 [00:01<00:00, 10.91it/s]

Importance scoring:   0%|          | 0/4 [00:00<?, ?it/s]
Importance scoring:  25%|██▌       | 1/4 [00:00<00:00,  4.36it/s]
Importance scoring:  50%|█████     | 2/4 [00:01<00:01,  1.79it/s]
Importance scoring:  75%|███████▌  | 3/4 [00:01<00:00,  1.53it/s]
Importance scoring: 100%|██████████| 4/4 [00:02<00:00,  1.43it/s]
Importance scoring: 100%|██████████| 4/4 [00:02<00:00,  1.56it/s]

Prefill:   0%|          | 0/16 [00:00<?, ?it/s]
Prefill:  19%|█▉        | 3/16 [00:00<00:00, 18.99it/s]
Prefill:  31%|███▏      | 5/16 [00:00<00:00, 14.75it/s]
Prefill:  44%|████▍     | 7/16 [00:00<00:00, 13.12it/s]
Prefill:  56%|█████▋    | 9/16 [00:00<00:00, 12.08it/s]
Prefill:  69%|██████▉   | 11/16 [00:00<00:00, 11.17it/s]
Prefill:  81%|████████▏ | 13/16 [00:01<00:00, 10.27it/s]
Prefill:  94%|█████████▍| 15/16 [00:01<00:00,  9.79it/s]
Prefill: 100%|██████████| 16/16 [00:01<00:00,  9.67it/s]
Prefill: 100%|██████████| 16/16 [00:01<00:00, 11.00it/s]

Importance scoring:   0%|          | 0/4 [00:00<?, ?it/s]
Importance scoring:  25%|██▌       | 1/4 [00:00<00:00,  4.36it/s]
Importance scoring:  50%|█████     | 2/4 [00:01<00:01,  1.80it/s]
Importance scoring:  75%|███████▌  | 3/4 [00:01<00:00,  1.54it/s]
Importance scoring: 100%|██████████| 4/4 [00:02<00:00,  1.44it/s]
Importance scoring: 100%|██████████| 4/4 [00:02<00:00,  1.57it/s]

Prefill:   0%|          | 0/16 [00:00<?, ?it/s]
Prefill:  19%|█▉        | 3/16 [00:00<00:00, 18.90it/s]
Prefill:  31%|███▏      | 5/16 [00:00<00:00, 14.84it/s]
Prefill:  44%|████▍     | 7/16 [00:00<00:00, 13.17it/s]
Prefill:  56%|█████▋    | 9/16 [00:00<00:00, 12.13it/s]
Prefill:  69%|██████▉   | 11/16 [00:00<00:00, 11.26it/s]
Prefill:  81%|████████▏ | 13/16 [00:01<00:00, 10.35it/s]
Prefill:  94%|█████████▍| 15/16 [00:01<00:00,  9.81it/s]
Prefill: 100%|██████████| 16/16 [00:01<00:00,  9.72it/s]
Prefill: 100%|██████████| 16/16 [00:01<00:00, 11.06it/s]

Importance scoring:   0%|          | 0/4 [00:00<?, ?it/s]
Importance scoring:  25%|██▌       | 1/4 [00:00<00:00,  4.36it/s]
Importance scoring:  50%|█████     | 2/4 [00:01<00:01,  1.80it/s]
Importance scoring:  75%|███████▌  | 3/4 [00:01<00:00,  1.54it/s]
Importance scoring: 100%|██████████| 4/4 [00:02<00:00,  1.44it/s]
Importance scoring: 100%|██████████| 4/4 [00:02<00:00,  1.57it/s]

Prefill:   0%|          | 0/16 [00:00<?, ?it/s]
Prefill:  19%|█▉        | 3/16 [00:00<00:00, 19.20it/s]
Prefill:  31%|███▏      | 5/16 [00:00<00:00, 14.91it/s]
Prefill:  44%|████▍     | 7/16 [00:00<00:00, 13.24it/s]
Prefill:  56%|█████▋    | 9/16 [00:00<00:00, 12.19it/s]
Prefill:  69%|██████▉   | 11/16 [00:00<00:00, 11.28it/s]
Prefill:  81%|████████▏ | 13/16 [00:01<00:00, 10.35it/s]
Prefill:  94%|█████████▍| 15/16 [00:01<00:00,  9.79it/s]
Prefill: 100%|██████████| 16/16 [00:01<00:00,  9.71it/s]
Prefill: 100%|██████████| 16/16 [00:01<00:00, 11.07it/s]

Importance scoring:   0%|          | 0/4 [00:00<?, ?it/s]
Importance scoring:  25%|██▌       | 1/4 [00:00<00:00,  4.35it/s]
Importance scoring:  50%|█████     | 2/4 [00:01<00:01,  1.80it/s]
Importance scoring:  75%|███████▌  | 3/4 [00:01<00:00,  1.54it/s]
Importance scoring: 100%|██████████| 4/4 [00:02<00:00,  1.44it/s]
Importance scoring: 100%|██████████| 4/4 [00:02<00:00,  1.57it/s]

Prefill:   0%|          | 0/16 [00:00<?, ?it/s]
Prefill:  19%|█▉        | 3/16 [00:00<00:00, 19.12it/s]
Prefill:  31%|███▏      | 5/16 [00:00<00:00, 14.86it/s]
Prefill:  44%|████▍     | 7/16 [00:00<00:00, 13.17it/s]
Prefill:  56%|█████▋    | 9/16 [00:00<00:00, 12.18it/s]
Prefill:  69%|██████▉   | 11/16 [00:00<00:00, 11.32it/s]
Prefill:  81%|████████▏ | 13/16 [00:01<00:00, 10.40it/s]
Prefill:  94%|█████████▍| 15/16 [00:01<00:00,  9.82it/s]
Prefill: 100%|██████████| 16/16 [00:01<00:00, 11.08it/s]

Importance scoring:   0%|          | 0/4 [00:00<?, ?it/s]
Importance scoring:  25%|██▌       | 1/4 [00:00<00:00,  4.37it/s]
Importance scoring:  50%|█████     | 2/4 [00:01<00:01,  1.81it/s]
Importance scoring:  75%|███████▌  | 3/4 [00:01<00:00,  1.54it/s]
Importance scoring: 100%|██████████| 4/4 [00:02<00:00,  1.44it/s]
Importance scoring: 100%|██████████| 4/4 [00:02<00:00,  1.58it/s]

Prefill:   0%|          | 0/16 [00:00<?, ?it/s]
Prefill:  19%|█▉        | 3/16 [00:00<00:00, 18.97it/s]
Prefill:  31%|███▏      | 5/16 [00:00<00:00, 14.64it/s]
Prefill:  44%|████▍     | 7/16 [00:00<00:00, 12.86it/s]
Prefill:  56%|█████▋    | 9/16 [00:00<00:00, 11.90it/s]
Prefill:  69%|██████▉   | 11/16 [00:00<00:00, 10.98it/s]
Prefill:  81%|████████▏ | 13/16 [00:01<00:00, 10.21it/s]
Prefill:  94%|█████████▍| 15/16 [00:01<00:00,  9.78it/s]
Prefill: 100%|██████████| 16/16 [00:01<00:00,  9.62it/s]
Prefill: 100%|██████████| 16/16 [00:01<00:00, 10.91it/s]

Importance scoring:   0%|          | 0/4 [00:00<?, ?it/s]
Importance scoring:  25%|██▌       | 1/4 [00:00<00:00,  4.34it/s]
Importance scoring:  50%|█████     | 2/4 [00:01<00:01,  1.80it/s]
Importance scoring:  75%|███████▌  | 3/4 [00:01<00:00,  1.54it/s]
Importance scoring: 100%|██████████| 4/4 [00:02<00:00,  1.43it/s]
Importance scoring: 100%|██████████| 4/4 [00:02<00:00,  1.57it/s]

Prefill:   0%|          | 0/16 [00:00<?, ?it/s]
Prefill:  19%|█▉        | 3/16 [00:00<00:00, 18.92it/s]
Prefill:  31%|███▏      | 5/16 [00:00<00:00, 14.56it/s]
Prefill:  44%|████▍     | 7/16 [00:00<00:00, 12.87it/s]
Prefill:  56%|█████▋    | 9/16 [00:00<00:00, 11.85it/s]
Prefill:  69%|██████▉   | 11/16 [00:00<00:00, 10.92it/s]
Prefill:  81%|████████▏ | 13/16 [00:01<00:00, 10.07it/s]
Prefill:  94%|█████████▍| 15/16 [00:01<00:00,  9.65it/s]
Prefill: 100%|██████████| 16/16 [00:01<00:00,  9.53it/s]
Prefill: 100%|██████████| 16/16 [00:01<00:00, 10.82it/s]

Importance scoring:   0%|          | 0/4 [00:00<?, ?it/s]
Importance scoring:  25%|██▌       | 1/4 [00:00<00:00,  4.31it/s]
Importance scoring:  50%|█████     | 2/4 [00:01<00:01,  1.79it/s]
Importance scoring:  75%|███████▌  | 3/4 [00:01<00:00,  1.53it/s]
Importance scoring: 100%|██████████| 4/4 [00:02<00:00,  1.42it/s]
Importance scoring: 100%|██████████| 4/4 [00:02<00:00,  1.56it/s]

Prefill:   0%|          | 0/16 [00:00<?, ?it/s]
Prefill:  19%|█▉        | 3/16 [00:00<00:00, 18.82it/s]
Prefill:  31%|███▏      | 5/16 [00:00<00:00, 14.62it/s]
Prefill:  44%|████▍     | 7/16 [00:00<00:00, 12.97it/s]
Prefill:  56%|█████▋    | 9/16 [00:00<00:00, 11.93it/s]
Prefill:  69%|██████▉   | 11/16 [00:00<00:00, 11.02it/s]
Prefill:  81%|████████▏ | 13/16 [00:01<00:00, 10.14it/s]
Prefill:  94%|█████████▍| 15/16 [00:01<00:00,  9.73it/s]
Prefill: 100%|██████████| 16/16 [00:01<00:00,  9.63it/s]
Prefill: 100%|██████████| 16/16 [00:01<00:00, 10.91it/s]

Importance scoring:   0%|          | 0/4 [00:00<?, ?it/s]
Importance scoring:  25%|██▌       | 1/4 [00:00<00:00,  4.37it/s]
Importance scoring:  50%|█████     | 2/4 [00:01<00:01,  1.79it/s]
Importance scoring:  75%|███████▌  | 3/4 [00:01<00:00,  1.53it/s]
Importance scoring: 100%|██████████| 4/4 [00:02<00:00,  1.43it/s]
Importance scoring: 100%|██████████| 4/4 [00:02<00:00,  1.56it/s]

Prefill:   0%|          | 0/16 [00:00<?, ?it/s]
Prefill:  19%|█▉        | 3/16 [00:00<00:00, 18.93it/s]
Prefill:  31%|███▏      | 5/16 [00:00<00:00, 14.58it/s]
Prefill:  44%|████▍     | 7/16 [00:00<00:00, 12.92it/s]
Prefill:  56%|█████▋    | 9/16 [00:00<00:00, 11.96it/s]
Prefill:  69%|██████▉   | 11/16 [00:00<00:00, 10.99it/s]
Prefill:  81%|████████▏ | 13/16 [00:01<00:00, 10.11it/s]
Prefill:  94%|█████████▍| 15/16 [00:01<00:00,  9.68it/s]
Prefill: 100%|██████████| 16/16 [00:01<00:00,  9.54it/s]
Prefill: 100%|██████████| 16/16 [00:01<00:00, 10.86it/s]

Importance scoring:   0%|          | 0/4 [00:00<?, ?it/s]
Importance scoring:  25%|██▌       | 1/4 [00:00<00:00,  4.35it/s]
Importance scoring:  50%|█████     | 2/4 [00:01<00:01,  1.79it/s]
Importance scoring:  75%|███████▌  | 3/4 [00:01<00:00,  1.53it/s]
Importance scoring: 100%|██████████| 4/4 [00:02<00:00,  1.43it/s]
Importance scoring: 100%|██████████| 4/4 [00:02<00:00,  1.57it/s]

Prefill:   0%|          | 0/16 [00:00<?, ?it/s]
Prefill:  19%|█▉        | 3/16 [00:00<00:00, 18.96it/s]
Prefill:  31%|███▏      | 5/16 [00:00<00:00, 14.73it/s]
Prefill:  44%|████▍     | 7/16 [00:00<00:00, 12.98it/s]
Prefill:  56%|█████▋    | 9/16 [00:00<00:00, 12.02it/s]
Prefill:  69%|██████▉   | 11/16 [00:00<00:00, 11.06it/s]
Prefill:  81%|████████▏ | 13/16 [00:01<00:00, 10.21it/s]
Prefill:  94%|█████████▍| 15/16 [00:01<00:00,  9.73it/s]
Prefill: 100%|██████████| 16/16 [00:01<00:00,  9.59it/s]
Prefill: 100%|██████████| 16/16 [00:01<00:00, 10.92it/s]

Importance scoring:   0%|          | 0/4 [00:00<?, ?it/s]
Importance scoring:  25%|██▌       | 1/4 [00:00<00:00,  4.36it/s]
Importance scoring:  50%|█████     | 2/4 [00:01<00:01,  1.80it/s]
Importance scoring:  75%|███████▌  | 3/4 [00:01<00:00,  1.53it/s]
Importance scoring: 100%|██████████| 4/4 [00:02<00:00,  1.43it/s]
Importance scoring: 100%|██████████| 4/4 [00:02<00:00,  1.57it/s]

Prefill:   0%|          | 0/16 [00:00<?, ?it/s]
Prefill:  19%|█▉        | 3/16 [00:00<00:00, 18.86it/s]
Prefill:  31%|███▏      | 5/16 [00:00<00:00, 14.59it/s]
Prefill:  44%|████▍     | 7/16 [00:00<00:00, 12.88it/s]
Prefill:  56%|█████▋    | 9/16 [00:00<00:00, 11.89it/s]
Prefill:  69%|██████▉   | 11/16 [00:00<00:00, 11.00it/s]
Prefill:  81%|████████▏ | 13/16 [00:01<00:00, 10.11it/s]
Prefill:  94%|█████████▍| 15/16 [00:01<00:00,  9.60it/s]
Prefill: 100%|██████████| 16/16 [00:01<00:00,  9.51it/s]
Prefill: 100%|██████████| 16/16 [00:01<00:00, 10.82it/s]

Importance scoring:   0%|          | 0/4 [00:00<?, ?it/s]
Importance scoring:  25%|██▌       | 1/4 [00:00<00:00,  4.32it/s]
Importance scoring:  50%|█████     | 2/4 [00:01<00:01,  1.79it/s]
Importance scoring:  75%|███████▌  | 3/4 [00:01<00:00,  1.53it/s]
Importance scoring: 100%|██████████| 4/4 [00:02<00:00,  1.43it/s]
Importance scoring: 100%|██████████| 4/4 [00:02<00:00,  1.56it/s]

Prefill:   0%|          | 0/16 [00:00<?, ?it/s]
Prefill:  19%|█▉        | 3/16 [00:00<00:00, 18.98it/s]
Prefill:  31%|███▏      | 5/16 [00:00<00:00, 14.80it/s]
Prefill:  44%|████▍     | 7/16 [00:00<00:00, 13.10it/s]
Prefill:  56%|█████▋    | 9/16 [00:00<00:00, 12.10it/s]
Prefill:  69%|██████▉   | 11/16 [00:00<00:00, 11.19it/s]
Prefill:  81%|████████▏ | 13/16 [00:01<00:00, 10.28it/s]
Prefill:  94%|█████████▍| 15/16 [00:01<00:00,  9.78it/s]
Prefill: 100%|██████████| 16/16 [00:01<00:00,  9.66it/s]
Prefill: 100%|██████████| 16/16 [00:01<00:00, 11.00it/s]

Importance scoring:   0%|          | 0/4 [00:00<?, ?it/s]
Importance scoring:  25%|██▌       | 1/4 [00:00<00:00,  4.37it/s]
Importance scoring:  50%|█████     | 2/4 [00:01<00:01,  1.81it/s]
Importance scoring:  75%|███████▌  | 3/4 [00:01<00:00,  1.55it/s]
Importance scoring: 100%|██████████| 4/4 [00:02<00:00,  1.44it/s]
Importance scoring: 100%|██████████| 4/4 [00:02<00:00,  1.58it/s]

Prefill:   0%|          | 0/16 [00:00<?, ?it/s]
Prefill:  19%|█▉        | 3/16 [00:00<00:00, 18.91it/s]
Prefill:  31%|███▏      | 5/16 [00:00<00:00, 14.67it/s]
Prefill:  44%|████▍     | 7/16 [00:00<00:00, 12.99it/s]
Prefill:  56%|█████▋    | 9/16 [00:00<00:00, 11.94it/s]
Prefill:  69%|██████▉   | 11/16 [00:00<00:00, 11.04it/s]
Prefill:  81%|████████▏ | 13/16 [00:01<00:00, 10.18it/s]
Prefill:  94%|█████████▍| 15/16 [00:01<00:00,  9.68it/s]
Prefill: 100%|██████████| 16/16 [00:01<00:00,  9.58it/s]
Prefill: 100%|██████████| 16/16 [00:01<00:00, 10.89it/s]

Importance scoring:   0%|          | 0/4 [00:00<?, ?it/s]
Importance scoring:  25%|██▌       | 1/4 [00:00<00:00,  4.34it/s]
Importance scoring:  50%|█████     | 2/4 [00:01<00:01,  1.79it/s]
Importance scoring:  75%|███████▌  | 3/4 [00:01<00:00,  1.53it/s]
Importance scoring: 100%|██████████| 4/4 [00:02<00:00,  1.43it/s]
Importance scoring: 100%|██████████| 4/4 [00:02<00:00,  1.56it/s]

Prefill:   0%|          | 0/16 [00:00<?, ?it/s]
Prefill:  19%|█▉        | 3/16 [00:00<00:00, 18.78it/s]
Prefill:  31%|███▏      | 5/16 [00:00<00:00, 14.62it/s]
Prefill:  44%|████▍     | 7/16 [00:00<00:00, 12.93it/s]
Prefill:  56%|█████▋    | 9/16 [00:00<00:00, 11.90it/s]
Prefill:  69%|██████▉   | 11/16 [00:00<00:00, 10.98it/s]
Prefill:  81%|████████▏ | 13/16 [00:01<00:00, 10.18it/s]
Prefill:  94%|█████████▍| 15/16 [00:01<00:00,  9.69it/s]
Prefill: 100%|██████████| 16/16 [00:01<00:00,  9.60it/s]
Prefill: 100%|██████████| 16/16 [00:01<00:00, 10.89it/s]

Importance scoring:   0%|          | 0/4 [00:00<?, ?it/s]
Importance scoring:  25%|██▌       | 1/4 [00:00<00:00,  4.36it/s]
Importance scoring:  50%|█████     | 2/4 [00:01<00:01,  1.79it/s]
Importance scoring:  75%|███████▌  | 3/4 [00:01<00:00,  1.54it/s]
Importance scoring: 100%|██████████| 4/4 [00:02<00:00,  1.43it/s]
Importance scoring: 100%|██████████| 4/4 [00:02<00:00,  1.57it/s]

Prefill:   0%|          | 0/16 [00:00<?, ?it/s]
Prefill:  19%|█▉        | 3/16 [00:00<00:00, 18.99it/s]
Prefill:  31%|███▏      | 5/16 [00:00<00:00, 14.81it/s]
Prefill:  44%|████▍     | 7/16 [00:00<00:00, 13.18it/s]
Prefill:  56%|█████▋    | 9/16 [00:00<00:00, 12.10it/s]
Prefill:  69%|██████▉   | 11/16 [00:00<00:00, 11.21it/s]
Prefill:  81%|████████▏ | 13/16 [00:01<00:00, 10.29it/s]
Prefill:  94%|█████████▍| 15/16 [00:01<00:00,  9.75it/s]
Prefill: 100%|██████████| 16/16 [00:01<00:00,  9.63it/s]
Prefill: 100%|██████████| 16/16 [00:01<00:00, 10.99it/s]

Importance scoring:   0%|          | 0/4 [00:00<?, ?it/s]
Importance scoring:  25%|██▌       | 1/4 [00:00<00:00,  4.34it/s]
Importance scoring:  50%|█████     | 2/4 [00:01<00:01,  1.81it/s]
Importance scoring:  75%|███████▌  | 3/4 [00:01<00:00,  1.54it/s]
Importance scoring: 100%|██████████| 4/4 [00:02<00:00,  1.44it/s]
Importance scoring: 100%|██████████| 4/4 [00:02<00:00,  1.58it/s]

Prefill:   0%|          | 0/16 [00:00<?, ?it/s]
Prefill:  19%|█▉        | 3/16 [00:00<00:00, 19.12it/s]
Prefill:  31%|███▏      | 5/16 [00:00<00:00, 14.73it/s]
Prefill:  44%|████▍     | 7/16 [00:00<00:00, 13.02it/s]
Prefill:  56%|█████▋    | 9/16 [00:00<00:00, 11.98it/s]
Prefill:  69%|██████▉   | 11/16 [00:00<00:00, 11.06it/s]
Prefill:  81%|████████▏ | 13/16 [00:01<00:00, 10.25it/s]
Prefill:  94%|█████████▍| 15/16 [00:01<00:00,  9.77it/s]
Prefill: 100%|██████████| 16/16 [00:01<00:00,  9.65it/s]
Prefill: 100%|██████████| 16/16 [00:01<00:00, 10.96it/s]

Importance scoring:   0%|          | 0/4 [00:00<?, ?it/s]
Importance scoring:  25%|██▌       | 1/4 [00:00<00:00,  4.35it/s]
Importance scoring:  50%|█████     | 2/4 [00:01<00:01,  1.80it/s]
Importance scoring:  75%|███████▌  | 3/4 [00:01<00:00,  1.54it/s]
Importance scoring: 100%|██████████| 4/4 [00:02<00:00,  1.44it/s]
Importance scoring: 100%|██████████| 4/4 [00:02<00:00,  1.57it/s]

Prefill:   0%|          | 0/16 [00:00<?, ?it/s]
Prefill:  19%|█▉        | 3/16 [00:00<00:00, 19.10it/s]
Prefill:  31%|███▏      | 5/16 [00:00<00:00, 14.81it/s]
Prefill:  44%|████▍     | 7/16 [00:00<00:00, 13.09it/s]
Prefill:  56%|█████▋    | 9/16 [00:00<00:00, 12.03it/s]
Prefill:  69%|██████▉   | 11/16 [00:00<00:00, 11.06it/s]
Prefill:  81%|████████▏ | 13/16 [00:01<00:00, 10.15it/s]
Prefill:  94%|█████████▍| 15/16 [00:01<00:00,  9.69it/s]
Prefill: 100%|██████████| 16/16 [00:01<00:00,  9.59it/s]
Prefill: 100%|██████████| 16/16 [00:01<00:00, 10.92it/s]

Importance scoring:   0%|          | 0/4 [00:00<?, ?it/s]
Importance scoring:  25%|██▌       | 1/4 [00:00<00:00,  4.33it/s]
Importance scoring:  50%|█████     | 2/4 [00:01<00:01,  1.80it/s]
Importance scoring:  75%|███████▌  | 3/4 [00:01<00:00,  1.53it/s]
Importance scoring: 100%|██████████| 4/4 [00:02<00:00,  1.43it/s]
Importance scoring: 100%|██████████| 4/4 [00:02<00:00,  1.57it/s]

Prefill:   0%|          | 0/16 [00:00<?, ?it/s]
Prefill:  19%|█▉        | 3/16 [00:00<00:00, 18.95it/s]
Prefill:  31%|███▏      | 5/16 [00:00<00:00, 14.65it/s]
Prefill:  44%|████▍     | 7/16 [00:00<00:00, 12.99it/s]
Prefill:  56%|█████▋    | 9/16 [00:00<00:00, 12.02it/s]
Prefill:  69%|██████▉   | 11/16 [00:00<00:00, 11.05it/s]
Prefill:  81%|████████▏ | 13/16 [00:01<00:00, 10.22it/s]
Prefill:  94%|█████████▍| 15/16 [00:01<00:00,  9.73it/s]
Prefill: 100%|██████████| 16/16 [00:01<00:00,  9.61it/s]
Prefill: 100%|██████████| 16/16 [00:01<00:00, 10.93it/s]

Importance scoring:   0%|          | 0/4 [00:00<?, ?it/s]
Importance scoring:  25%|██▌       | 1/4 [00:00<00:00,  4.34it/s]
Importance scoring:  50%|█████     | 2/4 [00:01<00:01,  1.79it/s]
Importance scoring:  75%|███████▌  | 3/4 [00:01<00:00,  1.54it/s]
Importance scoring: 100%|██████████| 4/4 [00:02<00:00,  1.43it/s]
Importance scoring: 100%|██████████| 4/4 [00:02<00:00,  1.57it/s]

Prefill:   0%|          | 0/16 [00:00<?, ?it/s]
Prefill:  19%|█▉        | 3/16 [00:00<00:00, 18.87it/s]
Prefill:  31%|███▏      | 5/16 [00:00<00:00, 14.58it/s]
Prefill:  44%|████▍     | 7/16 [00:00<00:00, 12.88it/s]
Prefill:  56%|█████▋    | 9/16 [00:00<00:00, 11.85it/s]
Prefill:  69%|██████▉   | 11/16 [00:00<00:00, 10.93it/s]
Prefill:  81%|████████▏ | 13/16 [00:01<00:00, 10.05it/s]
Prefill:  94%|█████████▍| 15/16 [00:01<00:00,  9.62it/s]
Prefill: 100%|██████████| 16/16 [00:01<00:00,  9.49it/s]
Prefill: 100%|██████████| 16/16 [00:01<00:00, 10.80it/s]

Importance scoring:   0%|          | 0/4 [00:00<?, ?it/s]
Importance scoring:  25%|██▌       | 1/4 [00:00<00:00,  4.37it/s]
Importance scoring:  50%|█████     | 2/4 [00:01<00:01,  1.79it/s]
Importance scoring:  75%|███████▌  | 3/4 [00:01<00:00,  1.53it/s]
Importance scoring: 100%|██████████| 4/4 [00:02<00:00,  1.42it/s]
Importance scoring: 100%|██████████| 4/4 [00:02<00:00,  1.56it/s]

Prefill:   0%|          | 0/16 [00:00<?, ?it/s]
Prefill:  19%|█▉        | 3/16 [00:00<00:00, 18.84it/s]
Prefill:  31%|███▏      | 5/16 [00:00<00:00, 14.61it/s]
Prefill:  44%|████▍     | 7/16 [00:00<00:00, 12.99it/s]
Prefill:  56%|█████▋    | 9/16 [00:00<00:00, 11.98it/s]
Prefill:  69%|██████▉   | 11/16 [00:00<00:00, 11.06it/s]
Prefill:  81%|████████▏ | 13/16 [00:01<00:00, 10.16it/s]
Prefill:  94%|█████████▍| 15/16 [00:01<00:00,  9.69it/s]
Prefill: 100%|██████████| 16/16 [00:01<00:00,  9.61it/s]
Prefill: 100%|██████████| 16/16 [00:01<00:00, 10.91it/s]

Importance scoring:   0%|          | 0/4 [00:00<?, ?it/s]
Importance scoring:  25%|██▌       | 1/4 [00:00<00:00,  4.35it/s]
Importance scoring:  50%|█████     | 2/4 [00:01<00:01,  1.79it/s]
Importance scoring:  75%|███████▌  | 3/4 [00:01<00:00,  1.53it/s]
Importance scoring: 100%|██████████| 4/4 [00:02<00:00,  1.43it/s]
Importance scoring: 100%|██████████| 4/4 [00:02<00:00,  1.57it/s]

Prefill:   0%|          | 0/16 [00:00<?, ?it/s]
Prefill:  19%|█▉        | 3/16 [00:00<00:00, 18.85it/s]
Prefill:  31%|███▏      | 5/16 [00:00<00:00, 14.66it/s]
Prefill:  44%|████▍     | 7/16 [00:00<00:00, 13.00it/s]
Prefill:  56%|█████▋    | 9/16 [00:00<00:00, 12.00it/s]
Prefill:  69%|██████▉   | 11/16 [00:00<00:00, 11.07it/s]
Prefill:  81%|████████▏ | 13/16 [00:01<00:00, 10.12it/s]
Prefill:  94%|█████████▍| 15/16 [00:01<00:00,  9.64it/s]
Prefill: 100%|██████████| 16/16 [00:01<00:00,  9.53it/s]
Prefill: 100%|██████████| 16/16 [00:01<00:00, 10.86it/s]

Importance scoring:   0%|          | 0/4 [00:00<?, ?it/s]
Importance scoring:  25%|██▌       | 1/4 [00:00<00:00,  4.37it/s]
Importance scoring:  50%|█████     | 2/4 [00:01<00:01,  1.80it/s]
Importance scoring:  75%|███████▌  | 3/4 [00:01<00:00,  1.54it/s]
Importance scoring: 100%|██████████| 4/4 [00:02<00:00,  1.43it/s]
Importance scoring: 100%|██████████| 4/4 [00:02<00:00,  1.57it/s]

Prefill:   0%|          | 0/16 [00:00<?, ?it/s]
Prefill:  19%|█▉        | 3/16 [00:00<00:00, 18.92it/s]
Prefill:  31%|███▏      | 5/16 [00:00<00:00, 14.74it/s]
Prefill:  44%|████▍     | 7/16 [00:00<00:00, 13.05it/s]
Prefill:  56%|█████▋    | 9/16 [00:00<00:00, 12.00it/s]
Prefill:  69%|██████▉   | 11/16 [00:00<00:00, 11.02it/s]
Prefill:  81%|████████▏ | 13/16 [00:01<00:00, 10.20it/s]
Prefill:  94%|█████████▍| 15/16 [00:01<00:00,  9.73it/s]
Prefill: 100%|██████████| 16/16 [00:01<00:00,  9.61it/s]
Prefill: 100%|██████████| 16/16 [00:01<00:00, 10.93it/s]

Importance scoring:   0%|          | 0/4 [00:00<?, ?it/s]
Importance scoring:  25%|██▌       | 1/4 [00:00<00:00,  4.36it/s]
Importance scoring:  50%|█████     | 2/4 [00:01<00:01,  1.80it/s]
Importance scoring:  75%|███████▌  | 3/4 [00:01<00:00,  1.54it/s]
Importance scoring: 100%|██████████| 4/4 [00:02<00:00,  1.43it/s]
Importance scoring: 100%|██████████| 4/4 [00:02<00:00,  1.57it/s]

Prefill:   0%|          | 0/16 [00:00<?, ?it/s]
Prefill:  19%|█▉        | 3/16 [00:00<00:00, 18.70it/s]
Prefill:  31%|███▏      | 5/16 [00:00<00:00, 14.59it/s]
Prefill:  44%|████▍     | 7/16 [00:00<00:00, 12.98it/s]
Prefill:  56%|█████▋    | 9/16 [00:00<00:00, 11.98it/s]
Prefill:  69%|██████▉   | 11/16 [00:00<00:00, 11.04it/s]
Prefill:  81%|████████▏ | 13/16 [00:01<00:00, 10.14it/s]
Prefill:  94%|█████████▍| 15/16 [00:01<00:00,  9.65it/s]
Prefill: 100%|██████████| 16/16 [00:01<00:00,  9.55it/s]
Prefill: 100%|██████████| 16/16 [00:01<00:00, 10.87it/s]

Importance scoring:   0%|          | 0/4 [00:00<?, ?it/s]
Importance scoring:  25%|██▌       | 1/4 [00:00<00:00,  4.36it/s]
Importance scoring:  50%|█████     | 2/4 [00:01<00:01,  1.79it/s]
Importance scoring:  75%|███████▌  | 3/4 [00:01<00:00,  1.54it/s]
Importance scoring: 100%|██████████| 4/4 [00:02<00:00,  1.43it/s]
Importance scoring: 100%|██████████| 4/4 [00:02<00:00,  1.57it/s]

Prefill:   0%|          | 0/16 [00:00<?, ?it/s]
Prefill:  19%|█▉        | 3/16 [00:00<00:00, 18.65it/s]
Prefill:  31%|███▏      | 5/16 [00:00<00:00, 14.53it/s]
Prefill:  44%|████▍     | 7/16 [00:00<00:00, 12.93it/s]
Prefill:  56%|█████▋    | 9/16 [00:00<00:00, 11.98it/s]
Prefill:  69%|██████▉   | 11/16 [00:00<00:00, 11.05it/s]
Prefill:  81%|████████▏ | 13/16 [00:01<00:00, 10.22it/s]
Prefill:  94%|█████████▍| 15/16 [00:01<00:00,  9.68it/s]
Prefill: 100%|██████████| 16/16 [00:01<00:00,  9.57it/s]
Prefill: 100%|██████████| 16/16 [00:01<00:00, 10.88it/s]

Importance scoring:   0%|          | 0/4 [00:00<?, ?it/s]
Importance scoring:  25%|██▌       | 1/4 [00:00<00:00,  4.37it/s]
Importance scoring:  50%|█████     | 2/4 [00:01<00:01,  1.80it/s]
Importance scoring:  75%|███████▌  | 3/4 [00:01<00:00,  1.54it/s]
Importance scoring: 100%|██████████| 4/4 [00:02<00:00,  1.43it/s]
Importance scoring: 100%|██████████| 4/4 [00:02<00:00,  1.57it/s]

Prefill:   0%|          | 0/16 [00:00<?, ?it/s]
Prefill:  19%|█▉        | 3/16 [00:00<00:00, 18.89it/s]
Prefill:  31%|███▏      | 5/16 [00:00<00:00, 14.57it/s]
Prefill:  44%|████▍     | 7/16 [00:00<00:00, 12.87it/s]
Prefill:  56%|█████▋    | 9/16 [00:00<00:00, 11.88it/s]
Prefill:  69%|██████▉   | 11/16 [00:00<00:00, 10.96it/s]
Prefill:  81%|████████▏ | 13/16 [00:01<00:00, 10.07it/s]
Prefill:  94%|█████████▍| 15/16 [00:01<00:00,  9.51it/s]
Prefill: 100%|██████████| 16/16 [00:01<00:00,  9.41it/s]
Prefill: 100%|██████████| 16/16 [00:01<00:00, 10.76it/s]

Importance scoring:   0%|          | 0/4 [00:00<?, ?it/s]
Importance scoring:  25%|██▌       | 1/4 [00:00<00:00,  4.33it/s]
Importance scoring:  50%|█████     | 2/4 [00:01<00:01,  1.79it/s]
Importance scoring:  75%|███████▌  | 3/4 [00:01<00:00,  1.54it/s]
Importance scoring: 100%|██████████| 4/4 [00:02<00:00,  1.43it/s]
Importance scoring: 100%|██████████| 4/4 [00:02<00:00,  1.57it/s]

Prefill:   0%|          | 0/16 [00:00<?, ?it/s]
Prefill:  19%|█▉        | 3/16 [00:00<00:00, 18.62it/s]
Prefill:  31%|███▏      | 5/16 [00:00<00:00, 14.53it/s]
Prefill:  44%|████▍     | 7/16 [00:00<00:00, 12.93it/s]
Prefill:  56%|█████▋    | 9/16 [00:00<00:00, 11.92it/s]
Prefill:  69%|██████▉   | 11/16 [00:00<00:00, 10.98it/s]
Prefill:  81%|████████▏ | 13/16 [00:01<00:00, 10.15it/s]
Prefill:  94%|█████████▍| 15/16 [00:01<00:00,  9.68it/s]
Prefill: 100%|██████████| 16/16 [00:01<00:00,  9.59it/s]
Prefill: 100%|██████████| 16/16 [00:01<00:00, 10.87it/s]

Importance scoring:   0%|          | 0/4 [00:00<?, ?it/s]
Importance scoring:  25%|██▌       | 1/4 [00:00<00:00,  4.33it/s]
Importance scoring:  50%|█████     | 2/4 [00:01<00:01,  1.79it/s]
Importance scoring:  75%|███████▌  | 3/4 [00:01<00:00,  1.53it/s]
Importance scoring: 100%|██████████| 4/4 [00:02<00:00,  1.43it/s]
Importance scoring: 100%|██████████| 4/4 [00:02<00:00,  1.56it/s]

Prefill:   0%|          | 0/16 [00:00<?, ?it/s]
Prefill:  19%|█▉        | 3/16 [00:00<00:00, 18.54it/s]
Prefill:  31%|███▏      | 5/16 [00:00<00:00, 14.58it/s]
Prefill:  44%|████▍     | 7/16 [00:00<00:00, 12.94it/s]
Prefill:  56%|█████▋    | 9/16 [00:00<00:00, 11.94it/s]
Prefill:  69%|██████▉   | 11/16 [00:00<00:00, 11.07it/s]
Prefill:  81%|████████▏ | 13/16 [00:01<00:00, 10.13it/s]
Prefill:  94%|█████████▍| 15/16 [00:01<00:00,  9.62it/s]
Prefill: 100%|██████████| 16/16 [00:01<00:00,  9.55it/s]
Prefill: 100%|██████████| 16/16 [00:01<00:00, 10.86it/s]

Importance scoring:   0%|          | 0/4 [00:00<?, ?it/s]
Importance scoring:  25%|██▌       | 1/4 [00:00<00:00,  4.37it/s]
Importance scoring:  50%|█████     | 2/4 [00:01<00:01,  1.80it/s]
Importance scoring:  75%|███████▌  | 3/4 [00:01<00:00,  1.54it/s]
Importance scoring: 100%|██████████| 4/4 [00:02<00:00,  1.43it/s]
Importance scoring: 100%|██████████| 4/4 [00:02<00:00,  1.57it/s]

Prefill:   0%|          | 0/16 [00:00<?, ?it/s]
Prefill:  19%|█▉        | 3/16 [00:00<00:00, 19.01it/s]
Prefill:  31%|███▏      | 5/16 [00:00<00:00, 14.79it/s]
Prefill:  44%|████▍     | 7/16 [00:00<00:00, 13.08it/s]
Prefill:  56%|█████▋    | 9/16 [00:00<00:00, 12.00it/s]
Prefill:  69%|██████▉   | 11/16 [00:00<00:00, 11.09it/s]
Prefill:  81%|████████▏ | 13/16 [00:01<00:00, 10.24it/s]
Prefill:  94%|█████████▍| 15/16 [00:01<00:00,  9.74it/s]
Prefill: 100%|██████████| 16/16 [00:01<00:00,  9.64it/s]
Prefill: 100%|██████████| 16/16 [00:01<00:00, 10.96it/s]

Importance scoring:   0%|          | 0/4 [00:00<?, ?it/s]
Importance scoring:  25%|██▌       | 1/4 [00:00<00:00,  4.35it/s]
Importance scoring:  50%|█████     | 2/4 [00:01<00:01,  1.79it/s]
Importance scoring:  75%|███████▌  | 3/4 [00:01<00:00,  1.54it/s]
Importance scoring: 100%|██████████| 4/4 [00:02<00:00,  1.43it/s]
Importance scoring: 100%|██████████| 4/4 [00:02<00:00,  1.57it/s]

Prefill:   0%|          | 0/16 [00:00<?, ?it/s]
Prefill:  19%|█▉        | 3/16 [00:00<00:00, 18.88it/s]
Prefill:  31%|███▏      | 5/16 [00:00<00:00, 14.63it/s]
Prefill:  44%|████▍     | 7/16 [00:00<00:00, 13.00it/s]
Prefill:  56%|█████▋    | 9/16 [00:00<00:00, 12.01it/s]
Prefill:  69%|██████▉   | 11/16 [00:00<00:00, 11.09it/s]
Prefill:  81%|████████▏ | 13/16 [00:01<00:00, 10.27it/s]
Prefill:  94%|█████████▍| 15/16 [00:01<00:00,  9.73it/s]
Prefill: 100%|██████████| 16/16 [00:01<00:00,  9.60it/s]
Prefill: 100%|██████████| 16/16 [00:01<00:00, 10.93it/s]

Importance scoring:   0%|          | 0/4 [00:00<?, ?it/s]
Importance scoring:  25%|██▌       | 1/4 [00:00<00:00,  4.36it/s]
Importance scoring:  50%|█████     | 2/4 [00:01<00:01,  1.80it/s]
Importance scoring:  75%|███████▌  | 3/4 [00:01<00:00,  1.54it/s]
Importance scoring: 100%|██████████| 4/4 [00:02<00:00,  1.43it/s]
Importance scoring: 100%|██████████| 4/4 [00:02<00:00,  1.57it/s]

Prefill:   0%|          | 0/16 [00:00<?, ?it/s]
Prefill:  19%|█▉        | 3/16 [00:00<00:00, 18.86it/s]
Prefill:  31%|███▏      | 5/16 [00:00<00:00, 14.61it/s]
Prefill:  44%|████▍     | 7/16 [00:00<00:00, 12.98it/s]
Prefill:  56%|█████▋    | 9/16 [00:00<00:00, 11.92it/s]
Prefill:  69%|██████▉   | 11/16 [00:00<00:00, 11.05it/s]
Prefill:  81%|████████▏ | 13/16 [00:01<00:00, 10.21it/s]
Prefill:  94%|█████████▍| 15/16 [00:01<00:00,  9.67it/s]
Prefill: 100%|██████████| 16/16 [00:01<00:00,  9.58it/s]
Prefill: 100%|██████████| 16/16 [00:01<00:00, 10.89it/s]

Importance scoring:   0%|          | 0/4 [00:00<?, ?it/s]
Importance scoring:  25%|██▌       | 1/4 [00:00<00:00,  4.33it/s]
Importance scoring:  50%|█████     | 2/4 [00:01<00:01,  1.79it/s]
Importance scoring:  75%|███████▌  | 3/4 [00:01<00:00,  1.53it/s]
Importance scoring: 100%|██████████| 4/4 [00:02<00:00,  1.43it/s]
Importance scoring: 100%|██████████| 4/4 [00:02<00:00,  1.56it/s]

Prefill:   0%|          | 0/16 [00:00<?, ?it/s]
Prefill:  19%|█▉        | 3/16 [00:00<00:00, 19.00it/s]
Prefill:  31%|███▏      | 5/16 [00:00<00:00, 14.65it/s]
Prefill:  44%|████▍     | 7/16 [00:00<00:00, 12.97it/s]
Prefill:  56%|█████▋    | 9/16 [00:00<00:00, 12.03it/s]
Prefill:  69%|██████▉   | 11/16 [00:00<00:00, 11.05it/s]
Prefill:  81%|████████▏ | 13/16 [00:01<00:00, 10.24it/s]
Prefill:  94%|█████████▍| 15/16 [00:01<00:00,  9.71it/s]
Prefill: 100%|██████████| 16/16 [00:01<00:00,  9.60it/s]
Prefill: 100%|██████████| 16/16 [00:01<00:00, 10.92it/s]

Importance scoring:   0%|          | 0/4 [00:00<?, ?it/s]
Importance scoring:  25%|██▌       | 1/4 [00:00<00:00,  4.34it/s]
Importance scoring:  50%|█████     | 2/4 [00:01<00:01,  1.79it/s]
Importance scoring:  75%|███████▌  | 3/4 [00:01<00:00,  1.53it/s]
Importance scoring: 100%|██████████| 4/4 [00:02<00:00,  1.43it/s]
Importance scoring: 100%|██████████| 4/4 [00:02<00:00,  1.57it/s]

Prefill:   0%|          | 0/16 [00:00<?, ?it/s]
Prefill:  19%|█▉        | 3/16 [00:00<00:00, 19.02it/s]
Prefill:  31%|███▏      | 5/16 [00:00<00:00, 14.77it/s]
Prefill:  44%|████▍     | 7/16 [00:00<00:00, 13.17it/s]
Prefill:  56%|█████▋    | 9/16 [00:00<00:00, 12.16it/s]
Prefill:  69%|██████▉   | 11/16 [00:00<00:00, 11.25it/s]
Prefill:  81%|████████▏ | 13/16 [00:01<00:00, 10.32it/s]
Prefill:  94%|█████████▍| 15/16 [00:01<00:00,  9.80it/s]
Prefill: 100%|██████████| 16/16 [00:01<00:00,  9.68it/s]
Prefill: 100%|██████████| 16/16 [00:01<00:00, 11.03it/s]

Importance scoring:   0%|          | 0/4 [00:00<?, ?it/s]
Importance scoring:  25%|██▌       | 1/4 [00:00<00:00,  4.38it/s]
Importance scoring:  50%|█████     | 2/4 [00:01<00:01,  1.81it/s]
Importance scoring:  75%|███████▌  | 3/4 [00:01<00:00,  1.55it/s]
Importance scoring: 100%|██████████| 4/4 [00:02<00:00,  1.45it/s]
Importance scoring: 100%|██████████| 4/4 [00:02<00:00,  1.59it/s]

Prefill:   0%|          | 0/16 [00:00<?, ?it/s]
Prefill:  19%|█▉        | 3/16 [00:00<00:00, 18.92it/s]
Prefill:  31%|███▏      | 5/16 [00:00<00:00, 14.79it/s]
Prefill:  44%|████▍     | 7/16 [00:00<00:00, 13.15it/s]
Prefill:  56%|█████▋    | 9/16 [00:00<00:00, 12.08it/s]
Prefill:  69%|██████▉   | 11/16 [00:00<00:00, 11.18it/s]
Prefill:  81%|████████▏ | 13/16 [00:01<00:00, 10.31it/s]
Prefill:  94%|█████████▍| 15/16 [00:01<00:00,  9.73it/s]
Prefill: 100%|██████████| 16/16 [00:01<00:00,  9.65it/s]
Prefill: 100%|██████████| 16/16 [00:01<00:00, 10.99it/s]

Importance scoring:   0%|          | 0/4 [00:00<?, ?it/s]
Importance scoring:  25%|██▌       | 1/4 [00:00<00:00,  4.35it/s]
Importance scoring:  50%|█████     | 2/4 [00:01<00:01,  1.80it/s]
Importance scoring:  75%|███████▌  | 3/4 [00:01<00:00,  1.55it/s]
Importance scoring: 100%|██████████| 4/4 [00:02<00:00,  1.44it/s]
Importance scoring: 100%|██████████| 4/4 [00:02<00:00,  1.58it/s]

Prefill:   0%|          | 0/16 [00:00<?, ?it/s]
Prefill:  19%|█▉        | 3/16 [00:00<00:00, 19.20it/s]
Prefill:  31%|███▏      | 5/16 [00:00<00:00, 14.92it/s]
Prefill:  44%|████▍     | 7/16 [00:00<00:00, 13.23it/s]
Prefill:  56%|█████▋    | 9/16 [00:00<00:00, 12.22it/s]
Prefill:  69%|██████▉   | 11/16 [00:00<00:00, 11.32it/s]
Prefill:  81%|████████▏ | 13/16 [00:01<00:00, 10.39it/s]
Prefill:  94%|█████████▍| 15/16 [00:01<00:00,  9.83it/s]
Prefill: 100%|██████████| 16/16 [00:01<00:00, 11.09it/s]

Importance scoring:   0%|          | 0/4 [00:00<?, ?it/s]
Importance scoring:  25%|██▌       | 1/4 [00:00<00:00,  4.39it/s]
Importance scoring:  50%|█████     | 2/4 [00:01<00:01,  1.82it/s]
Importance scoring:  75%|███████▌  | 3/4 [00:01<00:00,  1.55it/s]
Importance scoring: 100%|██████████| 4/4 [00:02<00:00,  1.45it/s]
Importance scoring: 100%|██████████| 4/4 [00:02<00:00,  1.59it/s]

Prefill:   0%|          | 0/16 [00:00<?, ?it/s]
Prefill:  19%|█▉        | 3/16 [00:00<00:00, 19.21it/s]
Prefill:  31%|███▏      | 5/16 [00:00<00:00, 14.94it/s]
Prefill:  44%|████▍     | 7/16 [00:00<00:00, 13.27it/s]
Prefill:  56%|█████▋    | 9/16 [00:00<00:00, 12.32it/s]
Prefill:  69%|██████▉   | 11/16 [00:00<00:00, 11.40it/s]
Prefill:  81%|████████▏ | 13/16 [00:01<00:00, 10.44it/s]
Prefill:  94%|█████████▍| 15/16 [00:01<00:00,  9.92it/s]
Prefill: 100%|██████████| 16/16 [00:01<00:00, 11.17it/s]

Importance scoring:   0%|          | 0/4 [00:00<?, ?it/s]
Importance scoring:  25%|██▌       | 1/4 [00:00<00:00,  4.39it/s]
Importance scoring:  50%|█████     | 2/4 [00:01<00:01,  1.82it/s]
Importance scoring:  75%|███████▌  | 3/4 [00:01<00:00,  1.56it/s]
Importance scoring: 100%|██████████| 4/4 [00:02<00:00,  1.45it/s]
Importance scoring: 100%|██████████| 4/4 [00:02<00:00,  1.59it/s]

Prefill:   0%|          | 0/16 [00:00<?, ?it/s]
Prefill:  19%|█▉        | 3/16 [00:00<00:00, 19.24it/s]
Prefill:  31%|███▏      | 5/16 [00:00<00:00, 14.95it/s]
Prefill:  44%|████▍     | 7/16 [00:00<00:00, 13.25it/s]
Prefill:  56%|█████▋    | 9/16 [00:00<00:00, 12.16it/s]
Prefill:  69%|██████▉   | 11/16 [00:00<00:00, 11.27it/s]
Prefill:  81%|████████▏ | 13/16 [00:01<00:00, 10.38it/s]
Prefill:  94%|█████████▍| 15/16 [00:01<00:00,  9.89it/s]
Prefill: 100%|██████████| 16/16 [00:01<00:00, 11.11it/s]

Importance scoring:   0%|          | 0/4 [00:00<?, ?it/s]
Importance scoring:  25%|██▌       | 1/4 [00:00<00:00,  4.36it/s]
Importance scoring:  50%|█████     | 2/4 [00:01<00:01,  1.82it/s]
Importance scoring:  75%|███████▌  | 3/4 [00:01<00:00,  1.56it/s]
Importance scoring: 100%|██████████| 4/4 [00:02<00:00,  1.45it/s]
Importance scoring: 100%|██████████| 4/4 [00:02<00:00,  1.59it/s]

Prefill:   0%|          | 0/16 [00:00<?, ?it/s]
Prefill:  19%|█▉        | 3/16 [00:00<00:00, 19.30it/s]
Prefill:  31%|███▏      | 5/16 [00:00<00:00, 15.03it/s]
Prefill:  44%|████▍     | 7/16 [00:00<00:00, 13.27it/s]
Prefill:  56%|█████▋    | 9/16 [00:00<00:00, 12.18it/s]
Prefill:  69%|██████▉   | 11/16 [00:00<00:00, 11.29it/s]
Prefill:  81%|████████▏ | 13/16 [00:01<00:00, 10.40it/s]
Prefill:  94%|█████████▍| 15/16 [00:01<00:00,  9.91it/s]
Prefill: 100%|██████████| 16/16 [00:01<00:00, 11.14it/s]

Importance scoring:   0%|          | 0/4 [00:00<?, ?it/s]
Importance scoring:  25%|██▌       | 1/4 [00:00<00:00,  4.39it/s]
Importance scoring:  50%|█████     | 2/4 [00:01<00:01,  1.82it/s]
Importance scoring:  75%|███████▌  | 3/4 [00:01<00:00,  1.56it/s]
Importance scoring: 100%|██████████| 4/4 [00:02<00:00,  1.45it/s]
Importance scoring: 100%|██████████| 4/4 [00:02<00:00,  1.59it/s]

Prefill:   0%|          | 0/16 [00:00<?, ?it/s]
Prefill:  19%|█▉        | 3/16 [00:00<00:00, 19.34it/s]
Prefill:  31%|███▏      | 5/16 [00:00<00:00, 15.09it/s]
Prefill:  44%|████▍     | 7/16 [00:00<00:00, 13.39it/s]
Prefill:  56%|█████▋    | 9/16 [00:00<00:00, 12.40it/s]
Prefill:  69%|██████▉   | 11/16 [00:00<00:00, 11.58it/s]
Prefill:  81%|████████▏ | 13/16 [00:01<00:00, 10.61it/s]
Prefill:  94%|█████████▍| 15/16 [00:01<00:00,  9.97it/s]
Prefill: 100%|██████████| 16/16 [00:01<00:00, 11.26it/s]

Importance scoring:   0%|          | 0/4 [00:00<?, ?it/s]
Importance scoring:  25%|██▌       | 1/4 [00:00<00:00,  4.44it/s]
Importance scoring:  50%|█████     | 2/4 [00:00<00:01,  1.83it/s]
Importance scoring:  75%|███████▌  | 3/4 [00:01<00:00,  1.56it/s]
Importance scoring: 100%|██████████| 4/4 [00:02<00:00,  1.46it/s]
Importance scoring: 100%|██████████| 4/4 [00:02<00:00,  1.60it/s]

Prefill:   0%|          | 0/16 [00:00<?, ?it/s]
Prefill:  19%|█▉        | 3/16 [00:00<00:00, 19.39it/s]
Prefill:  31%|███▏      | 5/16 [00:00<00:00, 15.07it/s]
Prefill:  44%|████▍     | 7/16 [00:00<00:00, 13.37it/s]
Prefill:  56%|█████▋    | 9/16 [00:00<00:00, 12.30it/s]
Prefill:  69%|██████▉   | 11/16 [00:00<00:00, 11.47it/s]
Prefill:  81%|████████▏ | 13/16 [00:01<00:00, 10.45it/s]
Prefill:  94%|█████████▍| 15/16 [00:01<00:00,  9.90it/s]
Prefill: 100%|██████████| 16/16 [00:01<00:00, 11.17it/s]

Importance scoring:   0%|          | 0/4 [00:00<?, ?it/s]
Importance scoring:  25%|██▌       | 1/4 [00:00<00:00,  4.43it/s]
Importance scoring:  50%|█████     | 2/4 [00:00<00:01,  1.83it/s]
Importance scoring:  75%|███████▌  | 3/4 [00:01<00:00,  1.56it/s]
Importance scoring: 100%|██████████| 4/4 [00:02<00:00,  1.46it/s]
Importance scoring: 100%|██████████| 4/4 [00:02<00:00,  1.60it/s]

Prefill:   0%|          | 0/16 [00:00<?, ?it/s]
Prefill:  19%|█▉        | 3/16 [00:00<00:00, 19.55it/s]
Prefill:  31%|███▏      | 5/16 [00:00<00:00, 15.18it/s]
Prefill:  44%|████▍     | 7/16 [00:00<00:00, 13.47it/s]
Prefill:  56%|█████▋    | 9/16 [00:00<00:00, 12.45it/s]
Prefill:  69%|██████▉   | 11/16 [00:00<00:00, 11.57it/s]
Prefill:  81%|████████▏ | 13/16 [00:01<00:00, 10.66it/s]
Prefill:  94%|█████████▍| 15/16 [00:01<00:00, 10.06it/s]
Prefill: 100%|██████████| 16/16 [00:01<00:00, 11.33it/s]

Importance scoring:   0%|          | 0/4 [00:00<?, ?it/s]
Importance scoring:  25%|██▌       | 1/4 [00:00<00:00,  4.42it/s]
Importance scoring:  50%|█████     | 2/4 [00:00<00:01,  1.83it/s]
Importance scoring:  75%|███████▌  | 3/4 [00:01<00:00,  1.57it/s]
Importance scoring: 100%|██████████| 4/4 [00:02<00:00,  1.46it/s]
Importance scoring: 100%|██████████| 4/4 [00:02<00:00,  1.60it/s]

Prefill:   0%|          | 0/16 [00:00<?, ?it/s]
Prefill:  19%|█▉        | 3/16 [00:00<00:00, 19.49it/s]
Prefill:  31%|███▏      | 5/16 [00:00<00:00, 15.13it/s]
Prefill:  44%|████▍     | 7/16 [00:00<00:00, 13.41it/s]
Prefill:  56%|█████▋    | 9/16 [00:00<00:00, 12.33it/s]
Prefill:  69%|██████▉   | 11/16 [00:00<00:00, 11.42it/s]
Prefill:  81%|████████▏ | 13/16 [00:01<00:00, 10.52it/s]
Prefill:  94%|█████████▍| 15/16 [00:01<00:00,  9.90it/s]
Prefill: 100%|██████████| 16/16 [00:01<00:00, 11.19it/s]

Importance scoring:   0%|          | 0/4 [00:00<?, ?it/s]
Importance scoring:  25%|██▌       | 1/4 [00:00<00:00,  4.39it/s]
Importance scoring:  50%|█████     | 2/4 [00:00<00:01,  1.83it/s]
Importance scoring:  75%|███████▌  | 3/4 [00:01<00:00,  1.56it/s]
Importance scoring: 100%|██████████| 4/4 [00:02<00:00,  1.46it/s]
Importance scoring: 100%|██████████| 4/4 [00:02<00:00,  1.60it/s]

Prefill:   0%|          | 0/16 [00:00<?, ?it/s]
Prefill:  19%|█▉        | 3/16 [00:00<00:00, 19.22it/s]
Prefill:  31%|███▏      | 5/16 [00:00<00:00, 15.00it/s]
Prefill:  44%|████▍     | 7/16 [00:00<00:00, 13.30it/s]
Prefill:  56%|█████▋    | 9/16 [00:00<00:00, 12.27it/s]
Prefill:  69%|██████▉   | 11/16 [00:00<00:00, 11.37it/s]
Prefill:  81%|████████▏ | 13/16 [00:01<00:00, 10.47it/s]
Prefill:  94%|█████████▍| 15/16 [00:01<00:00,  9.94it/s]
Prefill: 100%|██████████| 16/16 [00:01<00:00, 11.18it/s]

Importance scoring:   0%|          | 0/4 [00:00<?, ?it/s]
Importance scoring:  25%|██▌       | 1/4 [00:00<00:00,  4.42it/s]
Importance scoring:  50%|█████     | 2/4 [00:01<00:01,  1.82it/s]
Importance scoring:  75%|███████▌  | 3/4 [00:01<00:00,  1.56it/s]
Importance scoring: 100%|██████████| 4/4 [00:02<00:00,  1.46it/s]
Importance scoring: 100%|██████████| 4/4 [00:02<00:00,  1.60it/s]

Prefill:   0%|          | 0/16 [00:00<?, ?it/s]
Prefill:  19%|█▉        | 3/16 [00:00<00:00, 19.47it/s]
Prefill:  31%|███▏      | 5/16 [00:00<00:00, 15.10it/s]
Prefill:  44%|████▍     | 7/16 [00:00<00:00, 13.40it/s]
Prefill:  56%|█████▋    | 9/16 [00:00<00:00, 12.40it/s]
Prefill:  69%|██████▉   | 11/16 [00:00<00:00, 11.54it/s]
Prefill:  81%|████████▏ | 13/16 [00:01<00:00, 10.59it/s]
Prefill:  94%|█████████▍| 15/16 [00:01<00:00,  9.95it/s]
Prefill: 100%|██████████| 16/16 [00:01<00:00, 11.26it/s]

Importance scoring:   0%|          | 0/4 [00:00<?, ?it/s]
Importance scoring:  25%|██▌       | 1/4 [00:00<00:00,  4.43it/s]
Importance scoring:  50%|█████     | 2/4 [00:00<00:01,  1.84it/s]
Importance scoring:  75%|███████▌  | 3/4 [00:01<00:00,  1.57it/s]
Importance scoring: 100%|██████████| 4/4 [00:02<00:00,  1.46it/s]
Importance scoring: 100%|██████████| 4/4 [00:02<00:00,  1.60it/s]

Prefill:   0%|          | 0/16 [00:00<?, ?it/s]
Prefill:  19%|█▉        | 3/16 [00:00<00:00, 19.70it/s]
Prefill:  31%|███▏      | 5/16 [00:00<00:00, 15.19it/s]
Prefill:  44%|████▍     | 7/16 [00:00<00:00, 13.42it/s]
Prefill:  56%|█████▋    | 9/16 [00:00<00:00, 12.43it/s]
Prefill:  69%|██████▉   | 11/16 [00:00<00:00, 11.48it/s]
Prefill:  81%|████████▏ | 13/16 [00:01<00:00, 10.54it/s]
Prefill:  94%|█████████▍| 15/16 [00:01<00:00,  9.98it/s]
Prefill: 100%|██████████| 16/16 [00:01<00:00, 11.26it/s]

Importance scoring:   0%|          | 0/4 [00:00<?, ?it/s]
Importance scoring:  25%|██▌       | 1/4 [00:00<00:00,  4.40it/s]
Importance scoring:  50%|█████     | 2/4 [00:01<00:01,  1.82it/s]
Importance scoring:  75%|███████▌  | 3/4 [00:01<00:00,  1.57it/s]
Importance scoring: 100%|██████████| 4/4 [00:02<00:00,  1.46it/s]
Importance scoring: 100%|██████████| 4/4 [00:02<00:00,  1.60it/s]

Prefill:   0%|          | 0/16 [00:00<?, ?it/s]
Prefill:  19%|█▉        | 3/16 [00:00<00:00, 19.84it/s]
Prefill:  31%|███▏      | 5/16 [00:00<00:00, 15.36it/s]
Prefill:  44%|████▍     | 7/16 [00:00<00:00, 13.66it/s]
Prefill:  56%|█████▋    | 9/16 [00:00<00:00, 12.55it/s]
Prefill:  69%|██████▉   | 11/16 [00:00<00:00, 11.60it/s]
Prefill:  81%|████████▏ | 13/16 [00:01<00:00, 10.67it/s]
Prefill:  94%|█████████▍| 15/16 [00:01<00:00, 10.04it/s]
Prefill: 100%|██████████| 16/16 [00:01<00:00, 11.36it/s]

Importance scoring:   0%|          | 0/4 [00:00<?, ?it/s]
Importance scoring:  25%|██▌       | 1/4 [00:00<00:00,  4.46it/s]
Importance scoring:  50%|█████     | 2/4 [00:00<00:01,  1.84it/s]
Importance scoring:  75%|███████▌  | 3/4 [00:01<00:00,  1.57it/s]
Importance scoring: 100%|██████████| 4/4 [00:02<00:00,  1.47it/s]
Importance scoring: 100%|██████████| 4/4 [00:02<00:00,  1.61it/s]

Prefill:   0%|          | 0/16 [00:00<?, ?it/s]
Prefill:  19%|█▉        | 3/16 [00:00<00:00, 19.52it/s]
Prefill:  31%|███▏      | 5/16 [00:00<00:00, 15.22it/s]
Prefill:  44%|████▍     | 7/16 [00:00<00:00, 13.49it/s]
Prefill:  56%|█████▋    | 9/16 [00:00<00:00, 12.45it/s]
Prefill:  69%|██████▉   | 11/16 [00:00<00:00, 11.57it/s]
Prefill:  81%|████████▏ | 13/16 [00:01<00:00, 10.61it/s]
Prefill:  94%|█████████▍| 15/16 [00:01<00:00,  9.92it/s]
Prefill: 100%|██████████| 16/16 [00:01<00:00, 11.26it/s]

Importance scoring:   0%|          | 0/4 [00:00<?, ?it/s]
Importance scoring:  25%|██▌       | 1/4 [00:00<00:00,  4.41it/s]
Importance scoring:  50%|█████     | 2/4 [00:00<00:01,  1.83it/s]
Importance scoring:  75%|███████▌  | 3/4 [00:01<00:00,  1.57it/s]
Importance scoring: 100%|██████████| 4/4 [00:02<00:00,  1.46it/s]
Importance scoring: 100%|██████████| 4/4 [00:02<00:00,  1.60it/s]

Prefill:   0%|          | 0/16 [00:00<?, ?it/s]
Prefill:  19%|█▉        | 3/16 [00:00<00:00, 19.52it/s]
Prefill:  31%|███▏      | 5/16 [00:00<00:00, 15.24it/s]
Prefill:  44%|████▍     | 7/16 [00:00<00:00, 13.50it/s]
Prefill:  56%|█████▋    | 9/16 [00:00<00:00, 12.40it/s]
Prefill:  69%|██████▉   | 11/16 [00:00<00:00, 11.54it/s]
Prefill:  81%|████████▏ | 13/16 [00:01<00:00, 10.64it/s]
Prefill:  94%|█████████▍| 15/16 [00:01<00:00, 10.04it/s]
Prefill: 100%|██████████| 16/16 [00:01<00:00, 11.32it/s]

Importance scoring:   0%|          | 0/4 [00:00<?, ?it/s]
Importance scoring:  25%|██▌       | 1/4 [00:00<00:00,  4.40it/s]
Importance scoring:  50%|█████     | 2/4 [00:00<00:01,  1.83it/s]
Importance scoring:  75%|███████▌  | 3/4 [00:01<00:00,  1.57it/s]
Importance scoring: 100%|██████████| 4/4 [00:02<00:00,  1.46it/s]
Importance scoring: 100%|██████████| 4/4 [00:02<00:00,  1.60it/s]

Prefill:   0%|          | 0/16 [00:00<?, ?it/s]
Prefill:  19%|█▉        | 3/16 [00:00<00:00, 19.53it/s]
Prefill:  31%|███▏      | 5/16 [00:00<00:00, 15.23it/s]
Prefill:  44%|████▍     | 7/16 [00:00<00:00, 13.48it/s]
Prefill:  56%|█████▋    | 9/16 [00:00<00:00, 12.44it/s]
Prefill:  69%|██████▉   | 11/16 [00:00<00:00, 11.59it/s]
Prefill:  81%|████████▏ | 13/16 [00:01<00:00, 10.63it/s]
Prefill:  94%|█████████▍| 15/16 [00:01<00:00, 10.02it/s]
Prefill: 100%|██████████| 16/16 [00:01<00:00, 11.31it/s]

Importance scoring:   0%|          | 0/4 [00:00<?, ?it/s]
Importance scoring:  25%|██▌       | 1/4 [00:00<00:00,  4.38it/s]
Importance scoring:  50%|█████     | 2/4 [00:00<00:01,  1.83it/s]
Importance scoring:  75%|███████▌  | 3/4 [00:01<00:00,  1.57it/s]
Importance scoring: 100%|██████████| 4/4 [00:02<00:00,  1.46it/s]
Importance scoring: 100%|██████████| 4/4 [00:02<00:00,  1.60it/s]

Prefill:   0%|          | 0/16 [00:00<?, ?it/s]
Prefill:  19%|█▉        | 3/16 [00:00<00:00, 19.52it/s]
Prefill:  31%|███▏      | 5/16 [00:00<00:00, 15.10it/s]
Prefill:  44%|████▍     | 7/16 [00:00<00:00, 13.40it/s]
Prefill:  56%|█████▋    | 9/16 [00:00<00:00, 12.34it/s]
Prefill:  69%|██████▉   | 11/16 [00:00<00:00, 11.44it/s]
Prefill:  81%|████████▏ | 13/16 [00:01<00:00, 10.54it/s]
Prefill:  94%|█████████▍| 15/16 [00:01<00:00,  9.93it/s]
Prefill: 100%|██████████| 16/16 [00:01<00:00, 11.23it/s]

Importance scoring:   0%|          | 0/4 [00:00<?, ?it/s]
Importance scoring:  25%|██▌       | 1/4 [00:00<00:00,  4.41it/s]
Importance scoring:  50%|█████     | 2/4 [00:00<00:01,  1.83it/s]
Importance scoring:  75%|███████▌  | 3/4 [00:01<00:00,  1.57it/s]
Importance scoring: 100%|██████████| 4/4 [00:02<00:00,  1.46it/s]
Importance scoring: 100%|██████████| 4/4 [00:02<00:00,  1.60it/s]

Prefill:   0%|          | 0/16 [00:00<?, ?it/s]
Prefill:  19%|█▉        | 3/16 [00:00<00:00, 19.57it/s]
Prefill:  31%|███▏      | 5/16 [00:00<00:00, 15.20it/s]
Prefill:  44%|████▍     | 7/16 [00:00<00:00, 13.48it/s]
Prefill:  56%|█████▋    | 9/16 [00:00<00:00, 12.43it/s]
Prefill:  69%|██████▉   | 11/16 [00:00<00:00, 11.55it/s]
Prefill:  81%|████████▏ | 13/16 [00:01<00:00, 10.61it/s]
Prefill:  94%|█████████▍| 15/16 [00:01<00:00, 10.02it/s]
Prefill: 100%|██████████| 16/16 [00:01<00:00, 11.30it/s]

Importance scoring:   0%|          | 0/4 [00:00<?, ?it/s]
Importance scoring:  25%|██▌       | 1/4 [00:00<00:00,  4.45it/s]
Importance scoring:  50%|█████     | 2/4 [00:00<00:01,  1.83it/s]
Importance scoring:  75%|███████▌  | 3/4 [00:01<00:00,  1.57it/s]
Importance scoring: 100%|██████████| 4/4 [00:02<00:00,  1.46it/s]
Importance scoring: 100%|██████████| 4/4 [00:02<00:00,  1.60it/s]

Prefill:   0%|          | 0/16 [00:00<?, ?it/s]
Prefill:  19%|█▉        | 3/16 [00:00<00:00, 19.45it/s]
Prefill:  31%|███▏      | 5/16 [00:00<00:00, 15.15it/s]
Prefill:  44%|████▍     | 7/16 [00:00<00:00, 13.46it/s]
Prefill:  56%|█████▋    | 9/16 [00:00<00:00, 12.42it/s]
Prefill:  69%|██████▉   | 11/16 [00:00<00:00, 11.60it/s]
Prefill:  81%|████████▏ | 13/16 [00:01<00:00, 10.63it/s]
Prefill:  94%|█████████▍| 15/16 [00:01<00:00, 10.01it/s]
Prefill: 100%|██████████| 16/16 [00:01<00:00, 11.29it/s]

Importance scoring:   0%|          | 0/4 [00:00<?, ?it/s]
Importance scoring:  25%|██▌       | 1/4 [00:00<00:00,  4.42it/s]
Importance scoring:  50%|█████     | 2/4 [00:00<00:01,  1.83it/s]
Importance scoring:  75%|███████▌  | 3/4 [00:01<00:00,  1.57it/s]
Importance scoring: 100%|██████████| 4/4 [00:02<00:00,  1.46it/s]
Importance scoring: 100%|██████████| 4/4 [00:02<00:00,  1.60it/s]

Prefill:   0%|          | 0/16 [00:00<?, ?it/s]
Prefill:  19%|█▉        | 3/16 [00:00<00:00, 19.59it/s]
Prefill:  31%|███▏      | 5/16 [00:00<00:00, 15.21it/s]
Prefill:  44%|████▍     | 7/16 [00:00<00:00, 13.49it/s]
Prefill:  56%|█████▋    | 9/16 [00:00<00:00, 12.42it/s]
Prefill:  69%|██████▉   | 11/16 [00:00<00:00, 11.58it/s]
Prefill:  81%|████████▏ | 13/16 [00:01<00:00, 10.66it/s]
Prefill:  94%|█████████▍| 15/16 [00:01<00:00, 10.03it/s]
Prefill: 100%|██████████| 16/16 [00:01<00:00, 11.31it/s]

Importance scoring:   0%|          | 0/4 [00:00<?, ?it/s]
Importance scoring:  25%|██▌       | 1/4 [00:00<00:00,  4.38it/s]
Importance scoring:  50%|█████     | 2/4 [00:00<00:01,  1.84it/s]
Importance scoring:  75%|███████▌  | 3/4 [00:01<00:00,  1.57it/s]
Importance scoring: 100%|██████████| 4/4 [00:02<00:00,  1.46it/s]
Importance scoring: 100%|██████████| 4/4 [00:02<00:00,  1.60it/s]

Prefill:   0%|          | 0/16 [00:00<?, ?it/s]
Prefill:  19%|█▉        | 3/16 [00:00<00:00, 19.53it/s]
Prefill:  31%|███▏      | 5/16 [00:00<00:00, 15.23it/s]
Prefill:  44%|████▍     | 7/16 [00:00<00:00, 13.48it/s]
Prefill:  56%|█████▋    | 9/16 [00:00<00:00, 12.48it/s]
Prefill:  69%|██████▉   | 11/16 [00:00<00:00, 11.58it/s]
Prefill:  81%|████████▏ | 13/16 [00:01<00:00, 10.64it/s]
Prefill:  94%|█████████▍| 15/16 [00:01<00:00,  9.99it/s]
Prefill: 100%|██████████| 16/16 [00:01<00:00, 11.30it/s]

Importance scoring:   0%|          | 0/4 [00:00<?, ?it/s]
Importance scoring:  25%|██▌       | 1/4 [00:00<00:00,  4.43it/s]
Importance scoring:  50%|█████     | 2/4 [00:00<00:01,  1.83it/s]
Importance scoring:  75%|███████▌  | 3/4 [00:01<00:00,  1.57it/s]
Importance scoring: 100%|██████████| 4/4 [00:02<00:00,  1.46it/s]
Importance scoring: 100%|██████████| 4/4 [00:02<00:00,  1.60it/s]

Prefill:   0%|          | 0/16 [00:00<?, ?it/s]
Prefill:  19%|█▉        | 3/16 [00:00<00:00, 19.51it/s]
Prefill:  31%|███▏      | 5/16 [00:00<00:00, 15.15it/s]
Prefill:  44%|████▍     | 7/16 [00:00<00:00, 13.42it/s]
Prefill:  56%|█████▋    | 9/16 [00:00<00:00, 12.38it/s]
Prefill:  69%|██████▉   | 11/16 [00:00<00:00, 11.55it/s]
Prefill:  81%|████████▏ | 13/16 [00:01<00:00, 10.61it/s]
Prefill:  94%|█████████▍| 15/16 [00:01<00:00, 10.05it/s]
Prefill: 100%|██████████| 16/16 [00:01<00:00, 11.31it/s]

Importance scoring:   0%|          | 0/4 [00:00<?, ?it/s]
Importance scoring:  25%|██▌       | 1/4 [00:00<00:00,  4.40it/s]
Importance scoring:  50%|█████     | 2/4 [00:00<00:01,  1.83it/s]
Importance scoring:  75%|███████▌  | 3/4 [00:01<00:00,  1.57it/s]
Importance scoring: 100%|██████████| 4/4 [00:02<00:00,  1.46it/s]
Importance scoring: 100%|██████████| 4/4 [00:02<00:00,  1.60it/s]

Prefill:   0%|          | 0/16 [00:00<?, ?it/s]
Prefill:  19%|█▉        | 3/16 [00:00<00:00, 19.79it/s]
Prefill:  31%|███▏      | 5/16 [00:00<00:00, 15.32it/s]
Prefill:  44%|████▍     | 7/16 [00:00<00:00, 13.51it/s]
Prefill:  56%|█████▋    | 9/16 [00:00<00:00, 12.41it/s]
Prefill:  69%|██████▉   | 11/16 [00:00<00:00, 11.53it/s]
Prefill:  81%|████████▏ | 13/16 [00:01<00:00, 10.57it/s]
Prefill:  94%|█████████▍| 15/16 [00:01<00:00,  9.96it/s]
Prefill: 100%|██████████| 16/16 [00:01<00:00, 11.27it/s]

Importance scoring:   0%|          | 0/4 [00:00<?, ?it/s]
Importance scoring:  25%|██▌       | 1/4 [00:00<00:00,  4.42it/s]
Importance scoring:  50%|█████     | 2/4 [00:00<00:01,  1.83it/s]
Importance scoring:  75%|███████▌  | 3/4 [00:01<00:00,  1.57it/s]
Importance scoring: 100%|██████████| 4/4 [00:02<00:00,  1.46it/s]
Importance scoring: 100%|██████████| 4/4 [00:02<00:00,  1.60it/s]

Prefill:   0%|          | 0/16 [00:00<?, ?it/s]
Prefill:  19%|█▉        | 3/16 [00:00<00:00, 19.61it/s]
Prefill:  31%|███▏      | 5/16 [00:00<00:00, 15.10it/s]
Prefill:  44%|████▍     | 7/16 [00:00<00:00, 13.34it/s]
Prefill:  56%|█████▋    | 9/16 [00:00<00:00, 12.22it/s]
Prefill:  69%|██████▉   | 11/16 [00:00<00:00, 11.33it/s]
Prefill:  81%|████████▏ | 13/16 [00:01<00:00, 10.43it/s]
Prefill:  94%|█████████▍| 15/16 [00:01<00:00,  9.83it/s]
Prefill: 100%|██████████| 16/16 [00:01<00:00, 11.12it/s]

Importance scoring:   0%|          | 0/4 [00:00<?, ?it/s]
Importance scoring:  25%|██▌       | 1/4 [00:00<00:00,  4.42it/s]
Importance scoring:  50%|█████     | 2/4 [00:00<00:01,  1.83it/s]
Importance scoring:  75%|███████▌  | 3/4 [00:01<00:00,  1.56it/s]
Importance scoring: 100%|██████████| 4/4 [00:02<00:00,  1.46it/s]
Importance scoring: 100%|██████████| 4/4 [00:02<00:00,  1.60it/s]

Prefill:   0%|          | 0/16 [00:00<?, ?it/s]
Prefill:  19%|█▉        | 3/16 [00:00<00:00, 19.63it/s]
Prefill:  31%|███▏      | 5/16 [00:00<00:00, 15.17it/s]
Prefill:  44%|████▍     | 7/16 [00:00<00:00, 13.46it/s]
Prefill:  56%|█████▋    | 9/16 [00:00<00:00, 12.42it/s]
Prefill:  69%|██████▉   | 11/16 [00:00<00:00, 11.55it/s]
Prefill:  81%|████████▏ | 13/16 [00:01<00:00, 10.63it/s]
Prefill:  94%|█████████▍| 15/16 [00:01<00:00, 10.04it/s]
Prefill: 100%|██████████| 16/16 [00:01<00:00, 11.31it/s]

Importance scoring:   0%|          | 0/4 [00:00<?, ?it/s]
Importance scoring:  25%|██▌       | 1/4 [00:00<00:00,  4.42it/s]
Importance scoring:  50%|█████     | 2/4 [00:00<00:01,  1.83it/s]
Importance scoring:  75%|███████▌  | 3/4 [00:01<00:00,  1.56it/s]
Importance scoring: 100%|██████████| 4/4 [00:02<00:00,  1.46it/s]
Importance scoring: 100%|██████████| 4/4 [00:02<00:00,  1.60it/s]

Prefill:   0%|          | 0/16 [00:00<?, ?it/s]
Prefill:  19%|█▉        | 3/16 [00:00<00:00, 19.45it/s]
Prefill:  31%|███▏      | 5/16 [00:00<00:00, 15.17it/s]
Prefill:  44%|████▍     | 7/16 [00:00<00:00, 13.51it/s]
Prefill:  56%|█████▋    | 9/16 [00:00<00:00, 12.46it/s]
Prefill:  69%|██████▉   | 11/16 [00:00<00:00, 11.55it/s]
Prefill:  81%|████████▏ | 13/16 [00:01<00:00, 10.62it/s]
Prefill:  94%|█████████▍| 15/16 [00:01<00:00, 10.03it/s]
Prefill: 100%|██████████| 16/16 [00:01<00:00, 11.31it/s]

Importance scoring:   0%|          | 0/4 [00:00<?, ?it/s]
Importance scoring:  25%|██▌       | 1/4 [00:00<00:00,  4.41it/s]
Importance scoring:  50%|█████     | 2/4 [00:00<00:01,  1.83it/s]
Importance scoring:  75%|███████▌  | 3/4 [00:01<00:00,  1.57it/s]
Importance scoring: 100%|██████████| 4/4 [00:02<00:00,  1.47it/s]
Importance scoring: 100%|██████████| 4/4 [00:02<00:00,  1.61it/s]

Prefill:   0%|          | 0/16 [00:00<?, ?it/s]
Prefill:  19%|█▉        | 3/16 [00:00<00:00, 19.56it/s]
Prefill:  31%|███▏      | 5/16 [00:00<00:00, 15.17it/s]
Prefill:  44%|████▍     | 7/16 [00:00<00:00, 13.46it/s]
Prefill:  56%|█████▋    | 9/16 [00:00<00:00, 12.41it/s]
Prefill:  69%|██████▉   | 11/16 [00:00<00:00, 11.56it/s]
Prefill:  81%|████████▏ | 13/16 [00:01<00:00, 10.61it/s]
Prefill:  94%|█████████▍| 15/16 [00:01<00:00,  9.96it/s]
Prefill: 100%|██████████| 16/16 [00:01<00:00, 11.27it/s]

Importance scoring:   0%|          | 0/4 [00:00<?, ?it/s]
Importance scoring:  25%|██▌       | 1/4 [00:00<00:00,  4.41it/s]
Importance scoring:  50%|█████     | 2/4 [00:00<00:01,  1.83it/s]
Importance scoring:  75%|███████▌  | 3/4 [00:01<00:00,  1.57it/s]
Importance scoring: 100%|██████████| 4/4 [00:02<00:00,  1.47it/s]
Importance scoring: 100%|██████████| 4/4 [00:02<00:00,  1.61it/s]

Prefill:   0%|          | 0/16 [00:00<?, ?it/s]
Prefill:  19%|█▉        | 3/16 [00:00<00:00, 19.50it/s]
Prefill:  31%|███▏      | 5/16 [00:00<00:00, 15.15it/s]
Prefill:  44%|████▍     | 7/16 [00:00<00:00, 13.45it/s]
Prefill:  56%|█████▋    | 9/16 [00:00<00:00, 12.42it/s]
Prefill:  69%|██████▉   | 11/16 [00:00<00:00, 11.55it/s]
Prefill:  81%|████████▏ | 13/16 [00:01<00:00, 10.57it/s]
Prefill:  94%|█████████▍| 15/16 [00:01<00:00,  9.97it/s]
Prefill: 100%|██████████| 16/16 [00:01<00:00, 11.27it/s]

Importance scoring:   0%|          | 0/4 [00:00<?, ?it/s]
Importance scoring:  25%|██▌       | 1/4 [00:00<00:00,  4.43it/s]
Importance scoring:  50%|█████     | 2/4 [00:00<00:01,  1.83it/s]
Importance scoring:  75%|███████▌  | 3/4 [00:01<00:00,  1.57it/s]
Importance scoring: 100%|██████████| 4/4 [00:02<00:00,  1.47it/s]
Importance scoring: 100%|██████████| 4/4 [00:02<00:00,  1.61it/s]

Prefill:   0%|          | 0/16 [00:00<?, ?it/s]
Prefill:  19%|█▉        | 3/16 [00:00<00:00, 19.14it/s]
Prefill:  31%|███▏      | 5/16 [00:00<00:00, 14.98it/s]
Prefill:  44%|████▍     | 7/16 [00:00<00:00, 13.27it/s]
Prefill:  56%|█████▋    | 9/16 [00:00<00:00, 12.27it/s]
Prefill:  69%|██████▉   | 11/16 [00:00<00:00, 11.36it/s]
Prefill:  81%|████████▏ | 13/16 [00:01<00:00, 10.46it/s]
Prefill:  94%|█████████▍| 15/16 [00:01<00:00,  9.86it/s]
Prefill: 100%|██████████| 16/16 [00:01<00:00, 11.13it/s]

Importance scoring:   0%|          | 0/4 [00:00<?, ?it/s]
Importance scoring:  25%|██▌       | 1/4 [00:00<00:00,  4.39it/s]
Importance scoring:  50%|█████     | 2/4 [00:01<00:01,  1.82it/s]
Importance scoring:  75%|███████▌  | 3/4 [00:01<00:00,  1.55it/s]
Importance scoring: 100%|██████████| 4/4 [00:02<00:00,  1.46it/s]
Importance scoring: 100%|██████████| 4/4 [00:02<00:00,  1.59it/s]

Prefill:   0%|          | 0/16 [00:00<?, ?it/s]
Prefill:  19%|█▉        | 3/16 [00:00<00:00, 18.69it/s]
Prefill:  31%|███▏      | 5/16 [00:00<00:00, 14.56it/s]
Prefill:  44%|████▍     | 7/16 [00:00<00:00, 12.89it/s]
Prefill:  56%|█████▋    | 9/16 [00:00<00:00, 11.85it/s]
Prefill:  69%|██████▉   | 11/16 [00:00<00:00, 10.93it/s]
Prefill:  81%|████████▏ | 13/16 [00:01<00:00, 10.04it/s]
Prefill:  94%|█████████▍| 15/16 [00:01<00:00,  9.60it/s]
Prefill: 100%|██████████| 16/16 [00:01<00:00,  9.50it/s]
Prefill: 100%|██████████| 16/16 [00:01<00:00, 10.80it/s]

Importance scoring:   0%|          | 0/4 [00:00<?, ?it/s]
Importance scoring:  25%|██▌       | 1/4 [00:00<00:00,  4.35it/s]
Importance scoring:  50%|█████     | 2/4 [00:01<00:01,  1.79it/s]
Importance scoring:  75%|███████▌  | 3/4 [00:01<00:00,  1.53it/s]
Importance scoring: 100%|██████████| 4/4 [00:02<00:00,  1.43it/s]
Importance scoring: 100%|██████████| 4/4 [00:02<00:00,  1.57it/s]

Prefill:   0%|          | 0/16 [00:00<?, ?it/s]
Prefill:  19%|█▉        | 3/16 [00:00<00:00, 18.73it/s]
Prefill:  31%|███▏      | 5/16 [00:00<00:00, 14.55it/s]
Prefill:  44%|████▍     | 7/16 [00:00<00:00, 12.88it/s]
Prefill:  56%|█████▋    | 9/16 [00:00<00:00, 11.90it/s]
Prefill:  69%|██████▉   | 11/16 [00:00<00:00, 10.96it/s]
Prefill:  81%|████████▏ | 13/16 [00:01<00:00, 10.13it/s]
Prefill:  94%|█████████▍| 15/16 [00:01<00:00,  9.60it/s]
Prefill: 100%|██████████| 16/16 [00:01<00:00,  9.49it/s]
Prefill: 100%|██████████| 16/16 [00:01<00:00, 10.81it/s]

Importance scoring:   0%|          | 0/4 [00:00<?, ?it/s]
Importance scoring:  25%|██▌       | 1/4 [00:00<00:00,  4.34it/s]
Importance scoring:  50%|█████     | 2/4 [00:01<00:01,  1.78it/s]
Importance scoring:  75%|███████▌  | 3/4 [00:01<00:00,  1.52it/s]
Importance scoring: 100%|██████████| 4/4 [00:02<00:00,  1.43it/s]
Importance scoring: 100%|██████████| 4/4 [00:02<00:00,  1.57it/s]


=== ALL DONE Thu May 28 02:49:42 UTC 2026 ===
