model,method,base_method,ctx_len,true_len,depth,needle_quantile,comp_ratio,level,use_predict_prompt,predict_prompt_version,predict_target,head_ratio_eff,final_budget,intermediate_budget,working_max,num_segments,prefill_status,prefill_peak_gb,cache_gb,acc
llama3.2-3b,kvzip,kvzip,500,498,0,0.0,0.0,per_head,False,1,self,0.0,,,,,ok,6.652502016,0.0,0.0
llama3.2-3b,kvzip,kvzip,500,498,10,0.1,0.0,per_head,False,1,self,0.0,,,,,ok,6.652502016,0.0,0.0
llama3.2-3b,kvzip,kvzip,500,498,20,0.2,0.0,per_head,False,1,self,0.0,,,,,ok,6.652502016,0.0,0.0
llama3.2-3b,kvzip,kvzip,500,498,30,0.3,0.0,per_head,False,1,self,0.0,,,,,ok,6.652502016,0.0,0.0
llama3.2-3b,kvzip,kvzip,500,498,40,0.4,0.0,per_head,False,1,self,0.0,,,,,ok,6.652502016,0.0,0.0
llama3.2-3b,kvzip,kvzip,500,498,50,0.5,0.0,per_head,False,1,self,0.0,,,,,ok,6.652502016,0.0,0.0
llama3.2-3b,kvzip,kvzip,500,498,60,0.6,0.0,per_head,False,1,self,0.0,,,,,ok,6.652502016,0.0,0.0
llama3.2-3b,kvzip,kvzip,500,498,70,0.7,0.0,per_head,False,1,self,0.0,,,,,ok,6.652502016,0.0,0.0
llama3.2-3b,kvzip,kvzip,500,498,80,0.8,0.0,per_head,False,1,self,0.0,,,,,ok,6.652502016,0.0,0.0
llama3.2-3b,kvzip,kvzip,500,498,90,0.9,0.0,per_head,False,1,self,0.0,,,,,ok,6.652502016,0.0,0.0
llama3.2-3b,kvzip,kvzip,500,499,100,1.0,0.0,per_head,False,1,self,0.0,,,,,ok,6.653018624,0.0,0.0
llama3.2-3b,kvzip,kvzip,500,498,0,0.0,0.2,per_head,False,1,self,0.2,,,,,ok,6.652502016,0.0,1.0
llama3.2-3b,kvzip,kvzip,500,498,10,0.1,0.2,per_head,False,1,self,0.2,,,,,ok,6.652502016,0.0,1.0
llama3.2-3b,kvzip,kvzip,500,498,20,0.2,0.2,per_head,False,1,self,0.2,,,,,ok,6.652502016,0.0,1.0
llama3.2-3b,kvzip,kvzip,500,498,30,0.3,0.2,per_head,False,1,self,0.2,,,,,ok,6.652502016,0.0,1.0
llama3.2-3b,kvzip,kvzip,500,498,40,0.4,0.2,per_head,False,1,self,0.2,,,,,ok,6.652502016,0.0,1.0
llama3.2-3b,kvzip,kvzip,500,498,50,0.5,0.2,per_head,False,1,self,0.2,,,,,ok,6.652502016,0.0,1.0
llama3.2-3b,kvzip,kvzip,500,498,60,0.6,0.2,per_head,False,1,self,0.2,,,,,ok,6.652502016,0.0,1.0
llama3.2-3b,kvzip,kvzip,500,498,70,0.7,0.2,per_head,False,1,self,0.2,,,,,ok,6.652502016,0.0,1.0
llama3.2-3b,kvzip,kvzip,500,498,80,0.8,0.2,per_head,False,1,self,0.2,,,,,ok,6.652502016,0.0,1.0
llama3.2-3b,kvzip,kvzip,500,498,90,0.9,0.2,per_head,False,1,self,0.2,,,,,ok,6.652502016,0.0,1.0
llama3.2-3b,kvzip,kvzip,500,499,100,1.0,0.2,per_head,False,1,self,0.2,,,,,ok,6.653018624,0.0,1.0
llama3.2-3b,kvzip,kvzip,500,498,0,0.0,0.4,per_head,False,1,self,0.4,,,,,ok,6.652502016,0.0,1.0
llama3.2-3b,kvzip,kvzip,500,498,10,0.1,0.4,per_head,False,1,self,0.4,,,,,ok,6.652502016,0.0,1.0
llama3.2-3b,kvzip,kvzip,500,498,20,0.2,0.4,per_head,False,1,self,0.4,,,,,ok,6.652502016,0.0,1.0
llama3.2-3b,kvzip,kvzip,500,498,30,0.3,0.4,per_head,False,1,self,0.4,,,,,ok,6.652502016,0.0,1.0
llama3.2-3b,kvzip,kvzip,500,498,40,0.4,0.4,per_head,False,1,self,0.4,,,,,ok,6.652502016,0.0,1.0
llama3.2-3b,kvzip,kvzip,500,498,50,0.5,0.4,per_head,False,1,self,0.4,,,,,ok,6.652502016,0.0,1.0
llama3.2-3b,kvzip,kvzip,500,498,60,0.6,0.4,per_head,False,1,self,0.4,,,,,ok,6.652502016,0.0,1.0
llama3.2-3b,kvzip,kvzip,500,498,70,0.7,0.4,per_head,False,1,self,0.4,,,,,ok,6.652502016,0.0,1.0
llama3.2-3b,kvzip,kvzip,500,498,80,0.8,0.4,per_head,False,1,self,0.4,,,,,ok,6.652502016,0.0,1.0
llama3.2-3b,kvzip,kvzip,500,498,90,0.9,0.4,per_head,False,1,self,0.4,,,,,ok,6.652502016,0.0,1.0
llama3.2-3b,kvzip,kvzip,500,499,100,1.0,0.4,per_head,False,1,self,0.4,,,,,ok,6.653018624,0.0,1.0
llama3.2-3b,kvzip,kvzip,500,498,0,0.0,0.6,per_head,False,1,self,0.6,,,,,ok,6.652502016,0.0,1.0
llama3.2-3b,kvzip,kvzip,500,498,10,0.1,0.6,per_head,False,1,self,0.6,,,,,ok,6.652502016,0.0,1.0
llama3.2-3b,kvzip,kvzip,500,498,20,0.2,0.6,per_head,False,1,self,0.6,,,,,ok,6.652502016,0.0,1.0
llama3.2-3b,kvzip,kvzip,500,498,30,0.3,0.6,per_head,False,1,self,0.6,,,,,ok,6.652502016,0.0,1.0
llama3.2-3b,kvzip,kvzip,500,498,40,0.4,0.6,per_head,False,1,self,0.6,,,,,ok,6.652502016,0.0,1.0
llama3.2-3b,kvzip,kvzip,500,498,50,0.5,0.6,per_head,False,1,self,0.6,,,,,ok,6.652502016,0.0,1.0
llama3.2-3b,kvzip,kvzip,500,498,60,0.6,0.6,per_head,False,1,self,0.6,,,,,ok,6.652502016,0.0,1.0
llama3.2-3b,kvzip,kvzip,500,498,70,0.7,0.6,per_head,False,1,self,0.6,,,,,ok,6.652502016,0.0,1.0
llama3.2-3b,kvzip,kvzip,500,498,80,0.8,0.6,per_head,False,1,self,0.6,,,,,ok,6.652502016,0.0,1.0
llama3.2-3b,kvzip,kvzip,500,498,90,0.9,0.6,per_head,False,1,self,0.6,,,,,ok,6.652502016,0.0,1.0
llama3.2-3b,kvzip,kvzip,500,499,100,1.0,0.6,per_head,False,1,self,0.6,,,,,ok,6.653018624,0.0,1.0
llama3.2-3b,kvzip,kvzip,500,498,0,0.0,0.8,per_head,False,1,self,0.8,,,,,ok,6.652502016,0.0,1.0
llama3.2-3b,kvzip,kvzip,500,498,10,0.1,0.8,per_head,False,1,self,0.8,,,,,ok,6.652502016,0.0,1.0
llama3.2-3b,kvzip,kvzip,500,498,20,0.2,0.8,per_head,False,1,self,0.8,,,,,ok,6.652502016,0.0,1.0
llama3.2-3b,kvzip,kvzip,500,498,30,0.3,0.8,per_head,False,1,self,0.8,,,,,ok,6.652502016,0.0,1.0
llama3.2-3b,kvzip,kvzip,500,498,40,0.4,0.8,per_head,False,1,self,0.8,,,,,ok,6.652502016,0.0,1.0
llama3.2-3b,kvzip,kvzip,500,498,50,0.5,0.8,per_head,False,1,self,0.8,,,,,ok,6.652502016,0.0,1.0
llama3.2-3b,kvzip,kvzip,500,498,60,0.6,0.8,per_head,False,1,self,0.8,,,,,ok,6.652502016,0.0,1.0
llama3.2-3b,kvzip,kvzip,500,498,70,0.7,0.8,per_head,False,1,self,0.8,,,,,ok,6.652502016,0.0,1.0
llama3.2-3b,kvzip,kvzip,500,498,80,0.8,0.8,per_head,False,1,self,0.8,,,,,ok,6.652502016,0.0,1.0
llama3.2-3b,kvzip,kvzip,500,498,90,0.9,0.8,per_head,False,1,self,0.8,,,,,ok,6.652502016,0.0,1.0
llama3.2-3b,kvzip,kvzip,500,499,100,1.0,0.8,per_head,False,1,self,0.8,,,,,ok,6.653018624,0.0,1.0
llama3.2-3b,kvzip,kvzip,500,498,0,0.0,1.0,per_head,False,1,self,1.0,,,,,ok,6.652502016,0.1,1.0
llama3.2-3b,kvzip,kvzip,500,498,10,0.1,1.0,per_head,False,1,self,1.0,,,,,ok,6.652502016,0.1,1.0
llama3.2-3b,kvzip,kvzip,500,498,20,0.2,1.0,per_head,False,1,self,1.0,,,,,ok,6.652502016,0.1,1.0
llama3.2-3b,kvzip,kvzip,500,498,30,0.3,1.0,per_head,False,1,self,1.0,,,,,ok,6.652502016,0.1,1.0
llama3.2-3b,kvzip,kvzip,500,498,40,0.4,1.0,per_head,False,1,self,1.0,,,,,ok,6.652502016,0.1,1.0
llama3.2-3b,kvzip,kvzip,500,498,50,0.5,1.0,per_head,False,1,self,1.0,,,,,ok,6.652502016,0.1,1.0
llama3.2-3b,kvzip,kvzip,500,498,60,0.6,1.0,per_head,False,1,self,1.0,,,,,ok,6.652502016,0.1,1.0
llama3.2-3b,kvzip,kvzip,500,498,70,0.7,1.0,per_head,False,1,self,1.0,,,,,ok,6.652502016,0.1,1.0
llama3.2-3b,kvzip,kvzip,500,498,80,0.8,1.0,per_head,False,1,self,1.0,,,,,ok,6.652502016,0.1,1.0
llama3.2-3b,kvzip,kvzip,500,498,90,0.9,1.0,per_head,False,1,self,1.0,,,,,ok,6.652502016,0.1,1.0
llama3.2-3b,kvzip,kvzip,500,499,100,1.0,1.0,per_head,False,1,self,1.0,,,,,ok,6.653018624,0.1,1.0
llama3.2-3b,kvzip,kvzip,2000,1999,0,0.0,0.0,per_head,False,1,self,0.0,,,,,ok,7.753632768,0.0,0.0
llama3.2-3b,kvzip,kvzip,2000,1999,10,0.1,0.0,per_head,False,1,self,0.0,,,,,ok,7.753632768,0.0,0.0
llama3.2-3b,kvzip,kvzip,2000,1999,20,0.2,0.0,per_head,False,1,self,0.0,,,,,ok,7.753632768,0.0,0.0
llama3.2-3b,kvzip,kvzip,2000,1999,30,0.3,0.0,per_head,False,1,self,0.0,,,,,ok,7.753632768,0.0,0.0
llama3.2-3b,kvzip,kvzip,2000,1999,40,0.4,0.0,per_head,False,1,self,0.0,,,,,ok,7.753632768,0.0,0.0
llama3.2-3b,kvzip,kvzip,2000,1999,50,0.5,0.0,per_head,False,1,self,0.0,,,,,ok,7.753632768,0.0,0.0
llama3.2-3b,kvzip,kvzip,2000,1999,60,0.6,0.0,per_head,False,1,self,0.0,,,,,ok,7.753632768,0.0,0.0
llama3.2-3b,kvzip,kvzip,2000,1999,70,0.7,0.0,per_head,False,1,self,0.0,,,,,ok,7.753632768,0.0,0.0
llama3.2-3b,kvzip,kvzip,2000,1999,80,0.8,0.0,per_head,False,1,self,0.0,,,,,ok,7.753632768,0.0,0.0
llama3.2-3b,kvzip,kvzip,2000,1999,90,0.9,0.0,per_head,False,1,self,0.0,,,,,ok,7.753632768,0.0,0.0
llama3.2-3b,kvzip,kvzip,2000,2000,100,1.0,0.0,per_head,False,1,self,0.0,,,,,ok,7.754668544,0.0,0.0
llama3.2-3b,kvzip,kvzip,2000,1999,0,0.0,0.2,per_head,False,1,self,0.2,,,,,ok,7.753632768,0.0,1.0
llama3.2-3b,kvzip,kvzip,2000,1999,10,0.1,0.2,per_head,False,1,self,0.2,,,,,ok,7.753632768,0.0,1.0
llama3.2-3b,kvzip,kvzip,2000,1999,20,0.2,0.2,per_head,False,1,self,0.2,,,,,ok,7.753632768,0.0,1.0
llama3.2-3b,kvzip,kvzip,2000,1999,30,0.3,0.2,per_head,False,1,self,0.2,,,,,ok,7.753632768,0.0,1.0
llama3.2-3b,kvzip,kvzip,2000,1999,40,0.4,0.2,per_head,False,1,self,0.2,,,,,ok,7.753632768,0.0,1.0
llama3.2-3b,kvzip,kvzip,2000,1999,50,0.5,0.2,per_head,False,1,self,0.2,,,,,ok,7.753632768,0.0,1.0
llama3.2-3b,kvzip,kvzip,2000,1999,60,0.6,0.2,per_head,False,1,self,0.2,,,,,ok,7.753632768,0.0,1.0
llama3.2-3b,kvzip,kvzip,2000,1999,70,0.7,0.2,per_head,False,1,self,0.2,,,,,ok,7.753632768,0.0,1.0
llama3.2-3b,kvzip,kvzip,2000,1999,80,0.8,0.2,per_head,False,1,self,0.2,,,,,ok,7.753632768,0.0,1.0
llama3.2-3b,kvzip,kvzip,2000,1999,90,0.9,0.2,per_head,False,1,self,0.2,,,,,ok,7.753632768,0.0,1.0
llama3.2-3b,kvzip,kvzip,2000,2000,100,1.0,0.2,per_head,False,1,self,0.2,,,,,ok,7.754668544,0.0,1.0
llama3.2-3b,kvzip,kvzip,2000,1999,0,0.0,0.4,per_head,False,1,self,0.4,,,,,ok,7.753632768,0.1,1.0
llama3.2-3b,kvzip,kvzip,2000,1999,10,0.1,0.4,per_head,False,1,self,0.4,,,,,ok,7.753632768,0.1,1.0
llama3.2-3b,kvzip,kvzip,2000,1999,20,0.2,0.4,per_head,False,1,self,0.4,,,,,ok,7.753632768,0.1,1.0
llama3.2-3b,kvzip,kvzip,2000,1999,30,0.3,0.4,per_head,False,1,self,0.4,,,,,ok,7.753632768,0.1,1.0
llama3.2-3b,kvzip,kvzip,2000,1999,40,0.4,0.4,per_head,False,1,self,0.4,,,,,ok,7.753632768,0.1,1.0
llama3.2-3b,kvzip,kvzip,2000,1999,50,0.5,0.4,per_head,False,1,self,0.4,,,,,ok,7.753632768,0.1,1.0
llama3.2-3b,kvzip,kvzip,2000,1999,60,0.6,0.4,per_head,False,1,self,0.4,,,,,ok,7.753632768,0.1,1.0
llama3.2-3b,kvzip,kvzip,2000,1999,70,0.7,0.4,per_head,False,1,self,0.4,,,,,ok,7.753632768,0.1,1.0
llama3.2-3b,kvzip,kvzip,2000,1999,80,0.8,0.4,per_head,False,1,self,0.4,,,,,ok,7.753632768,0.1,1.0
llama3.2-3b,kvzip,kvzip,2000,1999,90,0.9,0.4,per_head,False,1,self,0.4,,,,,ok,7.753632768,0.1,1.0
llama3.2-3b,kvzip,kvzip,2000,2000,100,1.0,0.4,per_head,False,1,self,0.4,,,,,ok,7.754668544,0.1,1.0
llama3.2-3b,kvzip,kvzip,2000,1999,0,0.0,0.6,per_head,False,1,self,0.6,,,,,ok,7.753632768,0.1,1.0
llama3.2-3b,kvzip,kvzip,2000,1999,10,0.1,0.6,per_head,False,1,self,0.6,,,,,ok,7.753632768,0.1,1.0
llama3.2-3b,kvzip,kvzip,2000,1999,20,0.2,0.6,per_head,False,1,self,0.6,,,,,ok,7.753632768,0.1,1.0
llama3.2-3b,kvzip,kvzip,2000,1999,30,0.3,0.6,per_head,False,1,self,0.6,,,,,ok,7.753632768,0.1,1.0
llama3.2-3b,kvzip,kvzip,2000,1999,40,0.4,0.6,per_head,False,1,self,0.6,,,,,ok,7.753632768,0.1,1.0
llama3.2-3b,kvzip,kvzip,2000,1999,50,0.5,0.6,per_head,False,1,self,0.6,,,,,ok,7.753632768,0.1,1.0
llama3.2-3b,kvzip,kvzip,2000,1999,60,0.6,0.6,per_head,False,1,self,0.6,,,,,ok,7.753632768,0.1,1.0
llama3.2-3b,kvzip,kvzip,2000,1999,70,0.7,0.6,per_head,False,1,self,0.6,,,,,ok,7.753632768,0.1,1.0
llama3.2-3b,kvzip,kvzip,2000,1999,80,0.8,0.6,per_head,False,1,self,0.6,,,,,ok,7.753632768,0.1,1.0
llama3.2-3b,kvzip,kvzip,2000,1999,90,0.9,0.6,per_head,False,1,self,0.6,,,,,ok,7.753632768,0.1,1.0
llama3.2-3b,kvzip,kvzip,2000,2000,100,1.0,0.6,per_head,False,1,self,0.6,,,,,ok,7.754668544,0.1,1.0
llama3.2-3b,kvzip,kvzip,2000,1999,0,0.0,0.8,per_head,False,1,self,0.8,,,,,ok,7.753632768,0.2,1.0
llama3.2-3b,kvzip,kvzip,2000,1999,10,0.1,0.8,per_head,False,1,self,0.8,,,,,ok,7.753632768,0.2,1.0
llama3.2-3b,kvzip,kvzip,2000,1999,20,0.2,0.8,per_head,False,1,self,0.8,,,,,ok,7.753632768,0.2,1.0
llama3.2-3b,kvzip,kvzip,2000,1999,30,0.3,0.8,per_head,False,1,self,0.8,,,,,ok,7.753632768,0.2,1.0
llama3.2-3b,kvzip,kvzip,2000,1999,40,0.4,0.8,per_head,False,1,self,0.8,,,,,ok,7.753632768,0.2,1.0
llama3.2-3b,kvzip,kvzip,2000,1999,50,0.5,0.8,per_head,False,1,self,0.8,,,,,ok,7.753632768,0.2,1.0
llama3.2-3b,kvzip,kvzip,2000,1999,60,0.6,0.8,per_head,False,1,self,0.8,,,,,ok,7.753632768,0.2,1.0
llama3.2-3b,kvzip,kvzip,2000,1999,70,0.7,0.8,per_head,False,1,self,0.8,,,,,ok,7.753632768,0.2,1.0
llama3.2-3b,kvzip,kvzip,2000,1999,80,0.8,0.8,per_head,False,1,self,0.8,,,,,ok,7.753632768,0.2,1.0
llama3.2-3b,kvzip,kvzip,2000,1999,90,0.9,0.8,per_head,False,1,self,0.8,,,,,ok,7.753632768,0.2,1.0
llama3.2-3b,kvzip,kvzip,2000,2000,100,1.0,0.8,per_head,False,1,self,0.8,,,,,ok,7.754668544,0.2,1.0
llama3.2-3b,kvzip,kvzip,2000,1999,0,0.0,1.0,per_head,False,1,self,1.0,,,,,ok,7.753632768,0.2,1.0
llama3.2-3b,kvzip,kvzip,2000,1999,10,0.1,1.0,per_head,False,1,self,1.0,,,,,ok,7.753632768,0.2,1.0
llama3.2-3b,kvzip,kvzip,2000,1999,20,0.2,1.0,per_head,False,1,self,1.0,,,,,ok,7.753632768,0.2,1.0
llama3.2-3b,kvzip,kvzip,2000,1999,30,0.3,1.0,per_head,False,1,self,1.0,,,,,ok,7.753632768,0.2,1.0
llama3.2-3b,kvzip,kvzip,2000,1999,40,0.4,1.0,per_head,False,1,self,1.0,,,,,ok,7.753632768,0.2,1.0
llama3.2-3b,kvzip,kvzip,2000,1999,50,0.5,1.0,per_head,False,1,self,1.0,,,,,ok,7.753632768,0.2,1.0
llama3.2-3b,kvzip,kvzip,2000,1999,60,0.6,1.0,per_head,False,1,self,1.0,,,,,ok,7.753632768,0.2,1.0
llama3.2-3b,kvzip,kvzip,2000,1999,70,0.7,1.0,per_head,False,1,self,1.0,,,,,ok,7.753632768,0.2,1.0
llama3.2-3b,kvzip,kvzip,2000,1999,80,0.8,1.0,per_head,False,1,self,1.0,,,,,ok,7.753632768,0.2,1.0
llama3.2-3b,kvzip,kvzip,2000,1999,90,0.9,1.0,per_head,False,1,self,1.0,,,,,ok,7.753632768,0.2,1.0
llama3.2-3b,kvzip,kvzip,2000,2000,100,1.0,1.0,per_head,False,1,self,1.0,,,,,ok,7.754668544,0.2,1.0
llama3.2-3b,kvzip,kvzip,8000,7999,0,0.0,0.0,per_head,False,1,self,0.0,,,,,ok,8.456217088,0.0,0.0
llama3.2-3b,kvzip,kvzip,8000,7999,10,0.1,0.0,per_head,False,1,self,0.0,,,,,ok,8.456217088,0.0,0.0
llama3.2-3b,kvzip,kvzip,8000,7999,20,0.2,0.0,per_head,False,1,self,0.0,,,,,ok,8.456217088,0.0,0.0
llama3.2-3b,kvzip,kvzip,8000,7999,30,0.3,0.0,per_head,False,1,self,0.0,,,,,ok,8.456217088,0.0,0.0
llama3.2-3b,kvzip,kvzip,8000,7999,40,0.4,0.0,per_head,False,1,self,0.0,,,,,ok,8.456217088,0.0,0.0
llama3.2-3b,kvzip,kvzip,8000,7999,50,0.5,0.0,per_head,False,1,self,0.0,,,,,ok,8.456217088,0.0,0.0
llama3.2-3b,kvzip,kvzip,8000,7999,60,0.6,0.0,per_head,False,1,self,0.0,,,,,ok,8.456217088,0.0,0.0
llama3.2-3b,kvzip,kvzip,8000,7999,70,0.7,0.0,per_head,False,1,self,0.0,,,,,ok,8.456217088,0.0,0.0
llama3.2-3b,kvzip,kvzip,8000,7999,80,0.8,0.0,per_head,False,1,self,0.0,,,,,ok,8.456217088,0.0,0.0
llama3.2-3b,kvzip,kvzip,8000,7999,90,0.9,0.0,per_head,False,1,self,0.0,,,,,ok,8.456217088,0.0,0.0
llama3.2-3b,kvzip,kvzip,8000,8000,100,1.0,0.0,per_head,False,1,self,0.0,,,,,ok,8.45682432,0.0,0.0
llama3.2-3b,kvzip,kvzip,8000,7999,0,0.0,0.2,per_head,False,1,self,0.2,,,,,ok,8.456217088,0.2,1.0
llama3.2-3b,kvzip,kvzip,8000,7999,10,0.1,0.2,per_head,False,1,self,0.2,,,,,ok,8.456217088,0.2,1.0
llama3.2-3b,kvzip,kvzip,8000,7999,20,0.2,0.2,per_head,False,1,self,0.2,,,,,ok,8.456217088,0.2,1.0
llama3.2-3b,kvzip,kvzip,8000,7999,30,0.3,0.2,per_head,False,1,self,0.2,,,,,ok,8.456217088,0.2,1.0
llama3.2-3b,kvzip,kvzip,8000,7999,40,0.4,0.2,per_head,False,1,self,0.2,,,,,ok,8.456217088,0.2,1.0
llama3.2-3b,kvzip,kvzip,8000,7999,50,0.5,0.2,per_head,False,1,self,0.2,,,,,ok,8.456217088,0.2,1.0
llama3.2-3b,kvzip,kvzip,8000,7999,60,0.6,0.2,per_head,False,1,self,0.2,,,,,ok,8.456217088,0.2,1.0
llama3.2-3b,kvzip,kvzip,8000,7999,70,0.7,0.2,per_head,False,1,self,0.2,,,,,ok,8.456217088,0.2,1.0
llama3.2-3b,kvzip,kvzip,8000,7999,80,0.8,0.2,per_head,False,1,self,0.2,,,,,ok,8.456217088,0.2,1.0
llama3.2-3b,kvzip,kvzip,8000,7999,90,0.9,0.2,per_head,False,1,self,0.2,,,,,ok,8.456217088,0.2,1.0
llama3.2-3b,kvzip,kvzip,8000,8000,100,1.0,0.2,per_head,False,1,self,0.2,,,,,ok,8.45682432,0.2,0.0
llama3.2-3b,kvzip,kvzip,8000,7999,0,0.0,0.4,per_head,False,1,self,0.4,,,,,ok,8.456217088,0.4,1.0
llama3.2-3b,kvzip,kvzip,8000,7999,10,0.1,0.4,per_head,False,1,self,0.4,,,,,ok,8.456217088,0.4,1.0
llama3.2-3b,kvzip,kvzip,8000,7999,20,0.2,0.4,per_head,False,1,self,0.4,,,,,ok,8.456217088,0.4,1.0
llama3.2-3b,kvzip,kvzip,8000,7999,30,0.3,0.4,per_head,False,1,self,0.4,,,,,ok,8.456217088,0.4,0.0
llama3.2-3b,kvzip,kvzip,8000,7999,40,0.4,0.4,per_head,False,1,self,0.4,,,,,ok,8.456217088,0.4,0.0
llama3.2-3b,kvzip,kvzip,8000,7999,50,0.5,0.4,per_head,False,1,self,0.4,,,,,ok,8.456217088,0.4,0.0
llama3.2-3b,kvzip,kvzip,8000,7999,60,0.6,0.4,per_head,False,1,self,0.4,,,,,ok,8.456217088,0.4,0.0
llama3.2-3b,kvzip,kvzip,8000,7999,70,0.7,0.4,per_head,False,1,self,0.4,,,,,ok,8.456217088,0.4,0.0
llama3.2-3b,kvzip,kvzip,8000,7999,80,0.8,0.4,per_head,False,1,self,0.4,,,,,ok,8.456217088,0.4,0.0
llama3.2-3b,kvzip,kvzip,8000,7999,90,0.9,0.4,per_head,False,1,self,0.4,,,,,ok,8.456217088,0.4,0.0
llama3.2-3b,kvzip,kvzip,8000,8000,100,1.0,0.4,per_head,False,1,self,0.4,,,,,ok,8.45682432,0.4,0.0
llama3.2-3b,kvzip,kvzip,8000,7999,0,0.0,0.6,per_head,False,1,self,0.6,,,,,ok,8.456217088,0.6,1.0
llama3.2-3b,kvzip,kvzip,8000,7999,10,0.1,0.6,per_head,False,1,self,0.6,,,,,ok,8.456217088,0.6,1.0
llama3.2-3b,kvzip,kvzip,8000,7999,20,0.2,0.6,per_head,False,1,self,0.6,,,,,ok,8.456217088,0.6,1.0
llama3.2-3b,kvzip,kvzip,8000,7999,30,0.3,0.6,per_head,False,1,self,0.6,,,,,ok,8.456217088,0.6,1.0
llama3.2-3b,kvzip,kvzip,8000,7999,40,0.4,0.6,per_head,False,1,self,0.6,,,,,ok,8.456217088,0.6,1.0
llama3.2-3b,kvzip,kvzip,8000,7999,50,0.5,0.6,per_head,False,1,self,0.6,,,,,ok,8.456217088,0.6,1.0
llama3.2-3b,kvzip,kvzip,8000,7999,60,0.6,0.6,per_head,False,1,self,0.6,,,,,ok,8.456217088,0.6,1.0
llama3.2-3b,kvzip,kvzip,8000,7999,70,0.7,0.6,per_head,False,1,self,0.6,,,,,ok,8.456217088,0.6,1.0
llama3.2-3b,kvzip,kvzip,8000,7999,80,0.8,0.6,per_head,False,1,self,0.6,,,,,ok,8.456217088,0.6,1.0
llama3.2-3b,kvzip,kvzip,8000,7999,90,0.9,0.6,per_head,False,1,self,0.6,,,,,ok,8.456217088,0.6,1.0
llama3.2-3b,kvzip,kvzip,8000,8000,100,1.0,0.6,per_head,False,1,self,0.6,,,,,ok,8.45682432,0.6,1.0
llama3.2-3b,kvzip,kvzip,8000,7999,0,0.0,0.8,per_head,False,1,self,0.8,,,,,ok,8.456217088,0.7,1.0
llama3.2-3b,kvzip,kvzip,8000,7999,10,0.1,0.8,per_head,False,1,self,0.8,,,,,ok,8.456217088,0.7,1.0
llama3.2-3b,kvzip,kvzip,8000,7999,20,0.2,0.8,per_head,False,1,self,0.8,,,,,ok,8.456217088,0.7,1.0
llama3.2-3b,kvzip,kvzip,8000,7999,30,0.3,0.8,per_head,False,1,self,0.8,,,,,ok,8.456217088,0.7,1.0
llama3.2-3b,kvzip,kvzip,8000,7999,40,0.4,0.8,per_head,False,1,self,0.8,,,,,ok,8.456217088,0.7,1.0
llama3.2-3b,kvzip,kvzip,8000,7999,50,0.5,0.8,per_head,False,1,self,0.8,,,,,ok,8.456217088,0.7,1.0
llama3.2-3b,kvzip,kvzip,8000,7999,60,0.6,0.8,per_head,False,1,self,0.8,,,,,ok,8.456217088,0.7,1.0
llama3.2-3b,kvzip,kvzip,8000,7999,70,0.7,0.8,per_head,False,1,self,0.8,,,,,ok,8.456217088,0.7,1.0
llama3.2-3b,kvzip,kvzip,8000,7999,80,0.8,0.8,per_head,False,1,self,0.8,,,,,ok,8.456217088,0.7,1.0
llama3.2-3b,kvzip,kvzip,8000,7999,90,0.9,0.8,per_head,False,1,self,0.8,,,,,ok,8.456217088,0.7,1.0
llama3.2-3b,kvzip,kvzip,8000,8000,100,1.0,0.8,per_head,False,1,self,0.8,,,,,ok,8.45682432,0.7,1.0
llama3.2-3b,kvzip,kvzip,8000,7999,0,0.0,1.0,per_head,False,1,self,1.0,,,,,ok,8.456217088,0.9,1.0
llama3.2-3b,kvzip,kvzip,8000,7999,10,0.1,1.0,per_head,False,1,self,1.0,,,,,ok,8.456217088,0.9,1.0
llama3.2-3b,kvzip,kvzip,8000,7999,20,0.2,1.0,per_head,False,1,self,1.0,,,,,ok,8.456217088,0.9,1.0
llama3.2-3b,kvzip,kvzip,8000,7999,30,0.3,1.0,per_head,False,1,self,1.0,,,,,ok,8.456217088,0.9,1.0
llama3.2-3b,kvzip,kvzip,8000,7999,40,0.4,1.0,per_head,False,1,self,1.0,,,,,ok,8.456217088,0.9,1.0
llama3.2-3b,kvzip,kvzip,8000,7999,50,0.5,1.0,per_head,False,1,self,1.0,,,,,ok,8.456217088,0.9,1.0
llama3.2-3b,kvzip,kvzip,8000,7999,60,0.6,1.0,per_head,False,1,self,1.0,,,,,ok,8.456217088,0.9,1.0
llama3.2-3b,kvzip,kvzip,8000,7999,70,0.7,1.0,per_head,False,1,self,1.0,,,,,ok,8.456217088,0.9,1.0
llama3.2-3b,kvzip,kvzip,8000,7999,80,0.8,1.0,per_head,False,1,self,1.0,,,,,ok,8.456217088,0.9,1.0
llama3.2-3b,kvzip,kvzip,8000,7999,90,0.9,1.0,per_head,False,1,self,1.0,,,,,ok,8.456217088,0.9,1.0
llama3.2-3b,kvzip,kvzip,8000,8000,100,1.0,1.0,per_head,False,1,self,1.0,,,,,ok,8.45682432,0.9,1.0
llama3.2-3b,ours,ours,500,498,0,0.0,0.0,per_head,False,1,self,0.0,64,64,1024,0,ok,6.675854848,0.0,0.0
llama3.2-3b,ours,ours,500,498,10,0.1,0.0,per_head,False,1,self,0.0,64,64,1024,0,ok,6.675854848,0.0,0.0
llama3.2-3b,ours,ours,500,498,20,0.2,0.0,per_head,False,1,self,0.0,64,64,1024,0,ok,6.675854848,0.0,0.0
llama3.2-3b,ours,ours,500,498,30,0.3,0.0,per_head,False,1,self,0.0,64,64,1024,0,ok,6.675854848,0.0,0.0
llama3.2-3b,ours,ours,500,498,40,0.4,0.0,per_head,False,1,self,0.0,64,64,1024,0,ok,6.675854848,0.0,0.0
llama3.2-3b,ours,ours,500,498,50,0.5,0.0,per_head,False,1,self,0.0,64,64,1024,0,ok,6.675854848,0.0,0.0
llama3.2-3b,ours,ours,500,498,60,0.6,0.0,per_head,False,1,self,0.0,64,64,1024,0,ok,6.675854848,0.0,0.0
llama3.2-3b,ours,ours,500,498,70,0.7,0.0,per_head,False,1,self,0.0,64,64,1024,0,ok,6.675854848,0.0,0.0
llama3.2-3b,ours,ours,500,498,80,0.8,0.0,per_head,False,1,self,0.0,64,64,1024,0,ok,6.675854848,0.0,0.0
llama3.2-3b,ours,ours,500,498,90,0.9,0.0,per_head,False,1,self,0.0,64,64,1024,0,ok,6.675854848,0.0,0.0
llama3.2-3b,ours,ours,500,499,100,1.0,0.0,per_head,False,1,self,0.0,64,64,1024,0,ok,6.676424704,0.0,0.0
llama3.2-3b,ours,ours,500,498,0,0.0,0.2,per_head,False,1,self,0.5,199,199,1024,0,ok,6.675854848,0.0,1.0
llama3.2-3b,ours,ours,500,498,10,0.1,0.2,per_head,False,1,self,0.5,199,199,1024,0,ok,6.675854848,0.0,1.0
llama3.2-3b,ours,ours,500,498,20,0.2,0.2,per_head,False,1,self,0.5,199,199,1024,0,ok,6.675854848,0.0,1.0
llama3.2-3b,ours,ours,500,498,30,0.3,0.2,per_head,False,1,self,0.5,199,199,1024,0,ok,6.675854848,0.0,1.0
llama3.2-3b,ours,ours,500,498,40,0.4,0.2,per_head,False,1,self,0.5,199,199,1024,0,ok,6.675854848,0.0,1.0
llama3.2-3b,ours,ours,500,498,50,0.5,0.2,per_head,False,1,self,0.5,199,199,1024,0,ok,6.675854848,0.0,1.0
llama3.2-3b,ours,ours,500,498,60,0.6,0.2,per_head,False,1,self,0.5,199,199,1024,0,ok,6.675854848,0.0,1.0
llama3.2-3b,ours,ours,500,498,70,0.7,0.2,per_head,False,1,self,0.5,199,199,1024,0,ok,6.675854848,0.0,1.0
llama3.2-3b,ours,ours,500,498,80,0.8,0.2,per_head,False,1,self,0.5,199,199,1024,0,ok,6.675854848,0.0,1.0
llama3.2-3b,ours,ours,500,498,90,0.9,0.2,per_head,False,1,self,0.5,199,199,1024,0,ok,6.675854848,0.0,1.0
llama3.2-3b,ours,ours,500,499,100,1.0,0.2,per_head,False,1,self,0.5,200,200,1024,0,ok,6.676424704,0.0,1.0
llama3.2-3b,ours,ours,500,498,0,0.0,0.4,per_head,False,1,self,0.5,398,398,1024,0,ok,6.675854848,0.0,1.0
llama3.2-3b,ours,ours,500,498,10,0.1,0.4,per_head,False,1,self,0.5,398,398,1024,0,ok,6.675854848,0.0,1.0
llama3.2-3b,ours,ours,500,498,20,0.2,0.4,per_head,False,1,self,0.5,398,398,1024,0,ok,6.675854848,0.0,1.0
llama3.2-3b,ours,ours,500,498,30,0.3,0.4,per_head,False,1,self,0.5,398,398,1024,0,ok,6.675854848,0.0,1.0
llama3.2-3b,ours,ours,500,498,40,0.4,0.4,per_head,False,1,self,0.5,398,398,1024,0,ok,6.675854848,0.0,1.0
llama3.2-3b,ours,ours,500,498,50,0.5,0.4,per_head,False,1,self,0.5,398,398,1024,0,ok,6.675854848,0.0,1.0
llama3.2-3b,ours,ours,500,498,60,0.6,0.4,per_head,False,1,self,0.5,398,398,1024,0,ok,6.675854848,0.0,1.0
llama3.2-3b,ours,ours,500,498,70,0.7,0.4,per_head,False,1,self,0.5,398,398,1024,0,ok,6.675854848,0.0,1.0
llama3.2-3b,ours,ours,500,498,80,0.8,0.4,per_head,False,1,self,0.5,398,398,1024,0,ok,6.675854848,0.0,1.0
llama3.2-3b,ours,ours,500,498,90,0.9,0.4,per_head,False,1,self,0.5,398,398,1024,0,ok,6.675854848,0.0,1.0
llama3.2-3b,ours,ours,500,499,100,1.0,0.4,per_head,False,1,self,0.5,399,399,1024,0,ok,6.676424704,0.0,1.0
llama3.2-3b,ours,ours,500,498,0,0.0,0.6,per_head,False,1,self,0.6,498,498,1024,0,ok,6.675854848,0.0,1.0
llama3.2-3b,ours,ours,500,498,10,0.1,0.6,per_head,False,1,self,0.6,498,498,1024,0,ok,6.675854848,0.0,1.0
llama3.2-3b,ours,ours,500,498,20,0.2,0.6,per_head,False,1,self,0.6,498,498,1024,0,ok,6.675854848,0.0,1.0
llama3.2-3b,ours,ours,500,498,30,0.3,0.6,per_head,False,1,self,0.6,498,498,1024,0,ok,6.675854848,0.0,1.0
llama3.2-3b,ours,ours,500,498,40,0.4,0.6,per_head,False,1,self,0.6,498,498,1024,0,ok,6.675854848,0.0,1.0
llama3.2-3b,ours,ours,500,498,50,0.5,0.6,per_head,False,1,self,0.6,498,498,1024,0,ok,6.675854848,0.0,1.0
llama3.2-3b,ours,ours,500,498,60,0.6,0.6,per_head,False,1,self,0.6,498,498,1024,0,ok,6.675854848,0.0,1.0
llama3.2-3b,ours,ours,500,498,70,0.7,0.6,per_head,False,1,self,0.6,498,498,1024,0,ok,6.675854848,0.0,1.0
llama3.2-3b,ours,ours,500,498,80,0.8,0.6,per_head,False,1,self,0.6,498,498,1024,0,ok,6.675854848,0.0,1.0
llama3.2-3b,ours,ours,500,498,90,0.9,0.6,per_head,False,1,self,0.6,498,498,1024,0,ok,6.675854848,0.0,1.0
llama3.2-3b,ours,ours,500,499,100,1.0,0.6,per_head,False,1,self,0.6,499,499,1024,0,ok,6.676424704,0.0,1.0
llama3.2-3b,ours,ours,500,498,0,0.0,0.8,per_head,False,1,self,0.8,498,498,1024,0,ok,6.675854848,0.0,1.0
llama3.2-3b,ours,ours,500,498,10,0.1,0.8,per_head,False,1,self,0.8,498,498,1024,0,ok,6.675854848,0.0,1.0
llama3.2-3b,ours,ours,500,498,20,0.2,0.8,per_head,False,1,self,0.8,498,498,1024,0,ok,6.675854848,0.0,1.0
llama3.2-3b,ours,ours,500,498,30,0.3,0.8,per_head,False,1,self,0.8,498,498,1024,0,ok,6.675854848,0.0,1.0
llama3.2-3b,ours,ours,500,498,40,0.4,0.8,per_head,False,1,self,0.8,498,498,1024,0,ok,6.675854848,0.0,1.0
llama3.2-3b,ours,ours,500,498,50,0.5,0.8,per_head,False,1,self,0.8,498,498,1024,0,ok,6.675854848,0.0,1.0
llama3.2-3b,ours,ours,500,498,60,0.6,0.8,per_head,False,1,self,0.8,498,498,1024,0,ok,6.675854848,0.0,1.0
llama3.2-3b,ours,ours,500,498,70,0.7,0.8,per_head,False,1,self,0.8,498,498,1024,0,ok,6.675854848,0.0,1.0
llama3.2-3b,ours,ours,500,498,80,0.8,0.8,per_head,False,1,self,0.8,498,498,1024,0,ok,6.675854848,0.0,1.0
llama3.2-3b,ours,ours,500,498,90,0.9,0.8,per_head,False,1,self,0.8,498,498,1024,0,ok,6.675854848,0.0,1.0
llama3.2-3b,ours,ours,500,499,100,1.0,0.8,per_head,False,1,self,0.8,499,499,1024,0,ok,6.676424704,0.0,1.0
llama3.2-3b,ours,ours,500,498,0,0.0,1.0,per_head,False,1,self,1.0,498,498,1010,0,ok,6.675854848,0.1,1.0
llama3.2-3b,ours,ours,500,498,10,0.1,1.0,per_head,False,1,self,1.0,498,498,1010,0,ok,6.675854848,0.1,1.0
llama3.2-3b,ours,ours,500,498,20,0.2,1.0,per_head,False,1,self,1.0,498,498,1010,0,ok,6.675854848,0.1,1.0
llama3.2-3b,ours,ours,500,498,30,0.3,1.0,per_head,False,1,self,1.0,498,498,1010,0,ok,6.675854848,0.1,1.0
llama3.2-3b,ours,ours,500,498,40,0.4,1.0,per_head,False,1,self,1.0,498,498,1010,0,ok,6.675854848,0.1,1.0
llama3.2-3b,ours,ours,500,498,50,0.5,1.0,per_head,False,1,self,1.0,498,498,1010,0,ok,6.675854848,0.1,1.0
llama3.2-3b,ours,ours,500,498,60,0.6,1.0,per_head,False,1,self,1.0,498,498,1010,0,ok,6.675854848,0.1,1.0
llama3.2-3b,ours,ours,500,498,70,0.7,1.0,per_head,False,1,self,1.0,498,498,1010,0,ok,6.675854848,0.1,1.0
llama3.2-3b,ours,ours,500,498,80,0.8,1.0,per_head,False,1,self,1.0,498,498,1010,0,ok,6.675854848,0.1,1.0
llama3.2-3b,ours,ours,500,498,90,0.9,1.0,per_head,False,1,self,1.0,498,498,1010,0,ok,6.675854848,0.1,1.0
llama3.2-3b,ours,ours,500,499,100,1.0,1.0,per_head,False,1,self,1.0,499,499,1011,0,ok,6.676424704,0.1,1.0
llama3.2-3b,ours,ours,2000,1999,0,0.0,0.0,per_head,False,1,self,0.0,64,64,1024,1,ok,6.697212928,0.0,0.0
llama3.2-3b,ours,ours,2000,1999,10,0.1,0.0,per_head,False,1,self,0.0,64,64,1024,1,ok,6.697212928,0.0,0.0
llama3.2-3b,ours,ours,2000,1999,20,0.2,0.0,per_head,False,1,self,0.0,64,64,1024,1,ok,6.697212928,0.0,0.0
llama3.2-3b,ours,ours,2000,1999,30,0.3,0.0,per_head,False,1,self,0.0,64,64,1024,1,ok,6.697212928,0.0,0.0
llama3.2-3b,ours,ours,2000,1999,40,0.4,0.0,per_head,False,1,self,0.0,64,64,1024,1,ok,6.697212928,0.0,0.0
llama3.2-3b,ours,ours,2000,1999,50,0.5,0.0,per_head,False,1,self,0.0,64,64,1024,1,ok,6.697212928,0.0,0.0
llama3.2-3b,ours,ours,2000,1999,60,0.6,0.0,per_head,False,1,self,0.0,64,64,1024,1,ok,6.697212928,0.0,0.0
llama3.2-3b,ours,ours,2000,1999,70,0.7,0.0,per_head,False,1,self,0.0,64,64,1024,1,ok,6.697212928,0.0,0.0
llama3.2-3b,ours,ours,2000,1999,80,0.8,0.0,per_head,False,1,self,0.0,64,64,1024,1,ok,6.697212928,0.0,0.0
llama3.2-3b,ours,ours,2000,1999,90,0.9,0.0,per_head,False,1,self,0.0,64,64,1024,1,ok,6.697212928,0.0,0.0
llama3.2-3b,ours,ours,2000,2000,100,1.0,0.0,per_head,False,1,self,0.0,64,64,1024,1,ok,6.697212928,0.0,0.0
llama3.2-3b,ours,ours,2000,1999,0,0.0,0.2,per_head,False,1,self,0.5,800,410,1024,1,ok,6.733164544,0.0,1.0
llama3.2-3b,ours,ours,2000,1999,10,0.1,0.2,per_head,False,1,self,0.5,800,410,1024,1,ok,6.733164544,0.0,1.0
llama3.2-3b,ours,ours,2000,1999,20,0.2,0.2,per_head,False,1,self,0.5,800,410,1024,1,ok,6.733164544,0.0,1.0
llama3.2-3b,ours,ours,2000,1999,30,0.3,0.2,per_head,False,1,self,0.5,800,410,1024,1,ok,6.733164544,0.0,1.0
llama3.2-3b,ours,ours,2000,1999,40,0.4,0.2,per_head,False,1,self,0.5,800,410,1024,1,ok,6.733164544,0.0,1.0
llama3.2-3b,ours,ours,2000,1999,50,0.5,0.2,per_head,False,1,self,0.5,800,410,1024,1,ok,6.733164544,0.0,1.0
llama3.2-3b,ours,ours,2000,1999,60,0.6,0.2,per_head,False,1,self,0.5,800,410,1024,1,ok,6.733164544,0.0,1.0
llama3.2-3b,ours,ours,2000,1999,70,0.7,0.2,per_head,False,1,self,0.5,800,410,1024,1,ok,6.733164544,0.0,1.0
llama3.2-3b,ours,ours,2000,1999,80,0.8,0.2,per_head,False,1,self,0.5,800,410,1024,1,ok,6.733164544,0.0,1.0
llama3.2-3b,ours,ours,2000,1999,90,0.9,0.2,per_head,False,1,self,0.5,800,410,1024,1,ok,6.733164544,0.0,1.0
llama3.2-3b,ours,ours,2000,2000,100,1.0,0.2,per_head,False,1,self,0.5,800,410,1024,1,ok,6.73248256,0.0,1.0
llama3.2-3b,ours,ours,2000,1999,0,0.0,0.4,per_head,False,1,self,0.5,1599,819,1024,1,ok,6.783355904,0.1,1.0
llama3.2-3b,ours,ours,2000,1999,10,0.1,0.4,per_head,False,1,self,0.5,1599,819,1024,1,ok,6.783355904,0.1,1.0
llama3.2-3b,ours,ours,2000,1999,20,0.2,0.4,per_head,False,1,self,0.5,1599,819,1024,1,ok,6.783355904,0.1,1.0
llama3.2-3b,ours,ours,2000,1999,30,0.3,0.4,per_head,False,1,self,0.5,1599,819,1024,1,ok,6.783355904,0.1,1.0
llama3.2-3b,ours,ours,2000,1999,40,0.4,0.4,per_head,False,1,self,0.5,1599,819,1024,1,ok,6.783355904,0.1,1.0
llama3.2-3b,ours,ours,2000,1999,50,0.5,0.4,per_head,False,1,self,0.5,1599,819,1024,1,ok,6.783355904,0.1,1.0
llama3.2-3b,ours,ours,2000,1999,60,0.6,0.4,per_head,False,1,self,0.5,1599,819,1024,1,ok,6.783355904,0.1,1.0
llama3.2-3b,ours,ours,2000,1999,70,0.7,0.4,per_head,False,1,self,0.5,1599,819,1024,1,ok,6.783355904,0.1,1.0
llama3.2-3b,ours,ours,2000,1999,80,0.8,0.4,per_head,False,1,self,0.5,1599,819,1024,1,ok,6.783355904,0.1,1.0
llama3.2-3b,ours,ours,2000,1999,90,0.9,0.4,per_head,False,1,self,0.5,1599,819,1024,1,ok,6.783355904,0.1,1.0
llama3.2-3b,ours,ours,2000,2000,100,1.0,0.4,per_head,False,1,self,0.5,1600,819,1024,1,ok,6.780767232,0.1,1.0
llama3.2-3b,ours,ours,2000,1999,0,0.0,0.6,per_head,False,1,self,0.6,1999,1024,1536,1,ok,6.761909248,0.1,1.0
llama3.2-3b,ours,ours,2000,1999,10,0.1,0.6,per_head,False,1,self,0.6,1999,1024,1536,1,ok,6.761909248,0.1,1.0
llama3.2-3b,ours,ours,2000,1999,20,0.2,0.6,per_head,False,1,self,0.6,1999,1024,1536,1,ok,6.761909248,0.1,1.0
llama3.2-3b,ours,ours,2000,1999,30,0.3,0.6,per_head,False,1,self,0.6,1999,1024,1536,1,ok,6.761909248,0.1,1.0
llama3.2-3b,ours,ours,2000,1999,40,0.4,0.6,per_head,False,1,self,0.6,1999,1024,1536,1,ok,6.761909248,0.1,1.0
llama3.2-3b,ours,ours,2000,1999,50,0.5,0.6,per_head,False,1,self,0.6,1999,1024,1536,1,ok,6.761909248,0.1,1.0
llama3.2-3b,ours,ours,2000,1999,60,0.6,0.6,per_head,False,1,self,0.6,1999,1024,1536,1,ok,6.761909248,0.1,1.0
llama3.2-3b,ours,ours,2000,1999,70,0.7,0.6,per_head,False,1,self,0.6,1999,1024,1536,1,ok,6.761909248,0.1,1.0
llama3.2-3b,ours,ours,2000,1999,80,0.8,0.6,per_head,False,1,self,0.6,1999,1024,1536,1,ok,6.761909248,0.1,1.0
llama3.2-3b,ours,ours,2000,1999,90,0.9,0.6,per_head,False,1,self,0.6,1999,1024,1536,1,ok,6.761909248,0.1,1.0
llama3.2-3b,ours,ours,2000,2000,100,1.0,0.6,per_head,False,1,self,0.6,2000,1024,1536,1,ok,6.761909248,0.1,1.0
llama3.2-3b,ours,ours,2000,1999,0,0.0,0.8,per_head,False,1,self,0.8,1999,1024,1536,1,ok,6.761909248,0.1,1.0
llama3.2-3b,ours,ours,2000,1999,10,0.1,0.8,per_head,False,1,self,0.8,1999,1024,1536,1,ok,6.761909248,0.1,1.0
llama3.2-3b,ours,ours,2000,1999,20,0.2,0.8,per_head,False,1,self,0.8,1999,1024,1536,1,ok,6.761909248,0.1,1.0
llama3.2-3b,ours,ours,2000,1999,30,0.3,0.8,per_head,False,1,self,0.8,1999,1024,1536,1,ok,6.761909248,0.1,1.0
llama3.2-3b,ours,ours,2000,1999,40,0.4,0.8,per_head,False,1,self,0.8,1999,1024,1536,1,ok,6.761909248,0.1,1.0
llama3.2-3b,ours,ours,2000,1999,50,0.5,0.8,per_head,False,1,self,0.8,1999,1024,1536,1,ok,6.761909248,0.1,1.0
llama3.2-3b,ours,ours,2000,1999,60,0.6,0.8,per_head,False,1,self,0.8,1999,1024,1536,1,ok,6.761909248,0.1,1.0
llama3.2-3b,ours,ours,2000,1999,70,0.7,0.8,per_head,False,1,self,0.8,1999,1024,1536,1,ok,6.761909248,0.1,1.0
llama3.2-3b,ours,ours,2000,1999,80,0.8,0.8,per_head,False,1,self,0.8,1999,1024,1536,1,ok,6.761909248,0.1,1.0
llama3.2-3b,ours,ours,2000,1999,90,0.9,0.8,per_head,False,1,self,0.8,1999,1024,1536,1,ok,6.761909248,0.1,1.0
llama3.2-3b,ours,ours,2000,2000,100,1.0,0.8,per_head,False,1,self,0.8,2000,1024,1536,1,ok,6.761909248,0.1,1.0
llama3.2-3b,ours,ours,2000,1999,0,0.0,1.0,per_head,False,1,self,1.0,1999,1999,2511,0,ok,6.81045504,0.2,1.0
llama3.2-3b,ours,ours,2000,1999,10,0.1,1.0,per_head,False,1,self,1.0,1999,1999,2511,0,ok,6.81045504,0.2,1.0
llama3.2-3b,ours,ours,2000,1999,20,0.2,1.0,per_head,False,1,self,1.0,1999,1999,2511,0,ok,6.81045504,0.2,1.0
llama3.2-3b,ours,ours,2000,1999,30,0.3,1.0,per_head,False,1,self,1.0,1999,1999,2511,0,ok,6.81045504,0.2,1.0
llama3.2-3b,ours,ours,2000,1999,40,0.4,1.0,per_head,False,1,self,1.0,1999,1999,2511,0,ok,6.81045504,0.2,1.0
llama3.2-3b,ours,ours,2000,1999,50,0.5,1.0,per_head,False,1,self,1.0,1999,1999,2511,0,ok,6.81045504,0.2,1.0
llama3.2-3b,ours,ours,2000,1999,60,0.6,1.0,per_head,False,1,self,1.0,1999,1999,2511,0,ok,6.81045504,0.2,1.0
llama3.2-3b,ours,ours,2000,1999,70,0.7,1.0,per_head,False,1,self,1.0,1999,1999,2511,0,ok,6.81045504,0.2,1.0
llama3.2-3b,ours,ours,2000,1999,80,0.8,1.0,per_head,False,1,self,1.0,1999,1999,2511,0,ok,6.81045504,0.2,1.0
llama3.2-3b,ours,ours,2000,1999,90,0.9,1.0,per_head,False,1,self,1.0,1999,1999,2511,0,ok,6.81045504,0.2,1.0
llama3.2-3b,ours,ours,2000,2000,100,1.0,1.0,per_head,False,1,self,1.0,2000,2000,2512,0,ok,6.811517952,0.2,1.0
llama3.2-3b,ours,ours,8000,7999,0,0.0,0.0,per_head,False,1,self,0.0,64,64,1024,7,ok,6.706870784,0.0,0.0
llama3.2-3b,ours,ours,8000,7999,10,0.1,0.0,per_head,False,1,self,0.0,64,64,1024,7,ok,6.706870784,0.0,0.0
llama3.2-3b,ours,ours,8000,7999,20,0.2,0.0,per_head,False,1,self,0.0,64,64,1024,7,ok,6.706870784,0.0,0.0
llama3.2-3b,ours,ours,8000,7999,30,0.3,0.0,per_head,False,1,self,0.0,64,64,1024,7,ok,6.706870784,0.0,0.0
llama3.2-3b,ours,ours,8000,7999,40,0.4,0.0,per_head,False,1,self,0.0,64,64,1024,7,ok,6.706870784,0.0,0.0
llama3.2-3b,ours,ours,8000,7999,50,0.5,0.0,per_head,False,1,self,0.0,64,64,1024,7,ok,6.706870784,0.0,0.0
llama3.2-3b,ours,ours,8000,7999,60,0.6,0.0,per_head,False,1,self,0.0,64,64,1024,7,ok,6.706870784,0.0,0.0
llama3.2-3b,ours,ours,8000,7999,70,0.7,0.0,per_head,False,1,self,0.0,64,64,1024,7,ok,6.706870784,0.0,0.0
llama3.2-3b,ours,ours,8000,7999,80,0.8,0.0,per_head,False,1,self,0.0,64,64,1024,7,ok,6.706870784,0.0,0.0
llama3.2-3b,ours,ours,8000,7999,90,0.9,0.0,per_head,False,1,self,0.0,64,64,1024,7,ok,6.706870784,0.0,0.0
llama3.2-3b,ours,ours,8000,8000,100,1.0,0.0,per_head,False,1,self,0.0,64,64,1024,7,ok,6.706870784,0.0,0.0
llama3.2-3b,ours,ours,8000,7999,0,0.0,0.2,per_head,False,1,self,0.5,3200,410,1024,7,ok,6.99892992,0.2,1.0
llama3.2-3b,ours,ours,8000,7999,10,0.1,0.2,per_head,False,1,self,0.5,3200,410,1024,7,ok,6.99892992,0.2,1.0
llama3.2-3b,ours,ours,8000,7999,20,0.2,0.2,per_head,False,1,self,0.5,3200,410,1024,7,ok,6.99892992,0.2,1.0
llama3.2-3b,ours,ours,8000,7999,30,0.3,0.2,per_head,False,1,self,0.5,3200,410,1024,7,ok,6.99892992,0.2,1.0
llama3.2-3b,ours,ours,8000,7999,40,0.4,0.2,per_head,False,1,self,0.5,3200,410,1024,7,ok,6.99892992,0.2,1.0
llama3.2-3b,ours,ours,8000,7999,50,0.5,0.2,per_head,False,1,self,0.5,3200,410,1024,7,ok,6.99892992,0.2,1.0
llama3.2-3b,ours,ours,8000,7999,60,0.6,0.2,per_head,False,1,self,0.5,3200,410,1024,7,ok,6.99892992,0.2,1.0
llama3.2-3b,ours,ours,8000,7999,70,0.7,0.2,per_head,False,1,self,0.5,3200,410,1024,7,ok,6.99892992,0.2,1.0
llama3.2-3b,ours,ours,8000,7999,80,0.8,0.2,per_head,False,1,self,0.5,3200,410,1024,7,ok,6.99892992,0.2,1.0
llama3.2-3b,ours,ours,8000,7999,90,0.9,0.2,per_head,False,1,self,0.5,3200,410,1024,7,ok,6.99892992,0.2,1.0
llama3.2-3b,ours,ours,8000,8000,100,1.0,0.2,per_head,False,1,self,0.5,3200,410,1024,7,ok,6.998925824,0.2,1.0
llama3.2-3b,ours,ours,8000,7999,0,0.0,0.4,per_head,False,1,self,0.5,6399,819,1024,7,ok,7.329838592,0.4,1.0
llama3.2-3b,ours,ours,8000,7999,10,0.1,0.4,per_head,False,1,self,0.5,6399,819,1024,7,ok,7.329838592,0.4,1.0
llama3.2-3b,ours,ours,8000,7999,20,0.2,0.4,per_head,False,1,self,0.5,6399,819,1024,7,ok,7.329838592,0.4,1.0
llama3.2-3b,ours,ours,8000,7999,30,0.3,0.4,per_head,False,1,self,0.5,6399,819,1024,7,ok,7.329838592,0.4,1.0
llama3.2-3b,ours,ours,8000,7999,40,0.4,0.4,per_head,False,1,self,0.5,6399,819,1024,7,ok,7.329838592,0.4,1.0
llama3.2-3b,ours,ours,8000,7999,50,0.5,0.4,per_head,False,1,self,0.5,6399,819,1024,7,ok,7.329838592,0.4,0.0
llama3.2-3b,ours,ours,8000,7999,60,0.6,0.4,per_head,False,1,self,0.5,6399,819,1024,7,ok,7.329838592,0.4,0.0
llama3.2-3b,ours,ours,8000,7999,70,0.7,0.4,per_head,False,1,self,0.5,6399,819,1024,7,ok,7.329838592,0.4,0.0
llama3.2-3b,ours,ours,8000,7999,80,0.8,0.4,per_head,False,1,self,0.5,6399,819,1024,7,ok,7.329838592,0.4,0.0
llama3.2-3b,ours,ours,8000,7999,90,0.9,0.4,per_head,False,1,self,0.5,6399,819,1024,7,ok,7.329838592,0.4,0.0
llama3.2-3b,ours,ours,8000,8000,100,1.0,0.4,per_head,False,1,self,0.5,6400,819,1024,7,ok,7.329490432,0.4,0.0
llama3.2-3b,ours,ours,8000,7999,0,0.0,0.6,per_head,False,1,self,0.6,7999,1024,1536,5,ok,7.225197056,0.4,1.0
llama3.2-3b,ours,ours,8000,7999,10,0.1,0.6,per_head,False,1,self,0.6,7999,1024,1536,5,ok,7.225197056,0.4,1.0
llama3.2-3b,ours,ours,8000,7999,20,0.2,0.6,per_head,False,1,self,0.6,7999,1024,1536,5,ok,7.225197056,0.4,1.0
llama3.2-3b,ours,ours,8000,7999,30,0.3,0.6,per_head,False,1,self,0.6,7999,1024,1536,5,ok,7.225197056,0.4,1.0
llama3.2-3b,ours,ours,8000,7999,40,0.4,0.6,per_head,False,1,self,0.6,7999,1024,1536,5,ok,7.225197056,0.4,1.0
llama3.2-3b,ours,ours,8000,7999,50,0.5,0.6,per_head,False,1,self,0.6,7999,1024,1536,5,ok,7.225197056,0.4,1.0
llama3.2-3b,ours,ours,8000,7999,60,0.6,0.6,per_head,False,1,self,0.6,7999,1024,1536,5,ok,7.225197056,0.4,1.0
llama3.2-3b,ours,ours,8000,7999,70,0.7,0.6,per_head,False,1,self,0.6,7999,1024,1536,5,ok,7.225197056,0.4,1.0
llama3.2-3b,ours,ours,8000,7999,80,0.8,0.6,per_head,False,1,self,0.6,7999,1024,1536,5,ok,7.225197056,0.4,1.0
llama3.2-3b,ours,ours,8000,7999,90,0.9,0.6,per_head,False,1,self,0.6,7999,1024,1536,5,ok,7.225197056,0.4,1.0
llama3.2-3b,ours,ours,8000,8000,100,1.0,0.6,per_head,False,1,self,0.6,8000,1024,1536,5,ok,7.225197056,0.4,1.0
llama3.2-3b,ours,ours,8000,7999,0,0.0,0.8,per_head,False,1,self,0.8,7999,1024,1536,5,ok,7.225197056,0.5,1.0
llama3.2-3b,ours,ours,8000,7999,10,0.1,0.8,per_head,False,1,self,0.8,7999,1024,1536,5,ok,7.225197056,0.5,1.0
llama3.2-3b,ours,ours,8000,7999,20,0.2,0.8,per_head,False,1,self,0.8,7999,1024,1536,5,ok,7.225197056,0.5,1.0
llama3.2-3b,ours,ours,8000,7999,30,0.3,0.8,per_head,False,1,self,0.8,7999,1024,1536,5,ok,7.225197056,0.5,1.0
llama3.2-3b,ours,ours,8000,7999,40,0.4,0.8,per_head,False,1,self,0.8,7999,1024,1536,5,ok,7.225197056,0.5,1.0
llama3.2-3b,ours,ours,8000,7999,50,0.5,0.8,per_head,False,1,self,0.8,7999,1024,1536,5,ok,7.225197056,0.5,1.0
llama3.2-3b,ours,ours,8000,7999,60,0.6,0.8,per_head,False,1,self,0.8,7999,1024,1536,5,ok,7.225197056,0.5,1.0
llama3.2-3b,ours,ours,8000,7999,70,0.7,0.8,per_head,False,1,self,0.8,7999,1024,1536,5,ok,7.225197056,0.5,1.0
llama3.2-3b,ours,ours,8000,7999,80,0.8,0.8,per_head,False,1,self,0.8,7999,1024,1536,5,ok,7.225197056,0.5,1.0
llama3.2-3b,ours,ours,8000,7999,90,0.9,0.8,per_head,False,1,self,0.8,7999,1024,1536,5,ok,7.225197056,0.5,1.0
llama3.2-3b,ours,ours,8000,8000,100,1.0,0.8,per_head,False,1,self,0.8,8000,1024,1536,5,ok,7.225197056,0.5,1.0
llama3.2-3b,ours,ours,8000,7999,0,0.0,1.0,per_head,False,1,self,1.0,7999,7999,8511,0,ok,7.494794752,0.9,1.0
llama3.2-3b,ours,ours,8000,7999,10,0.1,1.0,per_head,False,1,self,1.0,7999,7999,8511,0,ok,7.494794752,0.9,1.0
llama3.2-3b,ours,ours,8000,7999,20,0.2,1.0,per_head,False,1,self,1.0,7999,7999,8511,0,ok,7.494794752,0.9,1.0
llama3.2-3b,ours,ours,8000,7999,30,0.3,1.0,per_head,False,1,self,1.0,7999,7999,8511,0,ok,7.494794752,0.9,1.0
llama3.2-3b,ours,ours,8000,7999,40,0.4,1.0,per_head,False,1,self,1.0,7999,7999,8511,0,ok,7.494794752,0.9,1.0
llama3.2-3b,ours,ours,8000,7999,50,0.5,1.0,per_head,False,1,self,1.0,7999,7999,8511,0,ok,7.494794752,0.9,1.0
llama3.2-3b,ours,ours,8000,7999,60,0.6,1.0,per_head,False,1,self,1.0,7999,7999,8511,0,ok,7.494794752,0.9,1.0
llama3.2-3b,ours,ours,8000,7999,70,0.7,1.0,per_head,False,1,self,1.0,7999,7999,8511,0,ok,7.494794752,0.9,1.0
llama3.2-3b,ours,ours,8000,7999,80,0.8,1.0,per_head,False,1,self,1.0,7999,7999,8511,0,ok,7.494794752,0.9,1.0
llama3.2-3b,ours,ours,8000,7999,90,0.9,1.0,per_head,False,1,self,1.0,7999,7999,8511,0,ok,7.494794752,0.9,1.0
llama3.2-3b,ours,ours,8000,8000,100,1.0,1.0,per_head,False,1,self,1.0,8000,8000,8512,0,ok,7.494831616,0.9,1.0
llama3.2-3b,ours_combine,ours,500,498,0,0.0,0.0,per_head,True,1,next_chunk,0.0,64,64,1024,0,ok,6.675858944,0.0,0.0
llama3.2-3b,ours_combine,ours,500,498,10,0.1,0.0,per_head,True,1,next_chunk,0.0,64,64,1024,0,ok,6.675858944,0.0,0.0
llama3.2-3b,ours_combine,ours,500,498,20,0.2,0.0,per_head,True,1,next_chunk,0.0,64,64,1024,0,ok,6.675858944,0.0,0.0
llama3.2-3b,ours_combine,ours,500,498,30,0.3,0.0,per_head,True,1,next_chunk,0.0,64,64,1024,0,ok,6.675858944,0.0,0.0
llama3.2-3b,ours_combine,ours,500,498,40,0.4,0.0,per_head,True,1,next_chunk,0.0,64,64,1024,0,ok,6.675858944,0.0,0.0
llama3.2-3b,ours_combine,ours,500,498,50,0.5,0.0,per_head,True,1,next_chunk,0.0,64,64,1024,0,ok,6.675858944,0.0,0.0
llama3.2-3b,ours_combine,ours,500,498,60,0.6,0.0,per_head,True,1,next_chunk,0.0,64,64,1024,0,ok,6.675858944,0.0,0.0
llama3.2-3b,ours_combine,ours,500,498,70,0.7,0.0,per_head,True,1,next_chunk,0.0,64,64,1024,0,ok,6.675858944,0.0,0.0
llama3.2-3b,ours_combine,ours,500,498,80,0.8,0.0,per_head,True,1,next_chunk,0.0,64,64,1024,0,ok,6.675858944,0.0,0.0
llama3.2-3b,ours_combine,ours,500,498,90,0.9,0.0,per_head,True,1,next_chunk,0.0,64,64,1024,0,ok,6.675858944,0.0,0.0
llama3.2-3b,ours_combine,ours,500,499,100,1.0,0.0,per_head,True,1,next_chunk,0.0,64,64,1024,0,ok,6.6764288,0.0,0.0
llama3.2-3b,ours_combine,ours,500,498,0,0.0,0.2,per_head,True,1,next_chunk,0.5,199,199,1024,0,ok,6.675858944,0.0,1.0
llama3.2-3b,ours_combine,ours,500,498,10,0.1,0.2,per_head,True,1,next_chunk,0.5,199,199,1024,0,ok,6.675858944,0.0,1.0
llama3.2-3b,ours_combine,ours,500,498,20,0.2,0.2,per_head,True,1,next_chunk,0.5,199,199,1024,0,ok,6.675858944,0.0,1.0
llama3.2-3b,ours_combine,ours,500,498,30,0.3,0.2,per_head,True,1,next_chunk,0.5,199,199,1024,0,ok,6.675858944,0.0,1.0
llama3.2-3b,ours_combine,ours,500,498,40,0.4,0.2,per_head,True,1,next_chunk,0.5,199,199,1024,0,ok,6.675858944,0.0,1.0
llama3.2-3b,ours_combine,ours,500,498,50,0.5,0.2,per_head,True,1,next_chunk,0.5,199,199,1024,0,ok,6.675858944,0.0,1.0
llama3.2-3b,ours_combine,ours,500,498,60,0.6,0.2,per_head,True,1,next_chunk,0.5,199,199,1024,0,ok,6.675858944,0.0,1.0
llama3.2-3b,ours_combine,ours,500,498,70,0.7,0.2,per_head,True,1,next_chunk,0.5,199,199,1024,0,ok,6.675858944,0.0,1.0
llama3.2-3b,ours_combine,ours,500,498,80,0.8,0.2,per_head,True,1,next_chunk,0.5,199,199,1024,0,ok,6.675858944,0.0,1.0
llama3.2-3b,ours_combine,ours,500,498,90,0.9,0.2,per_head,True,1,next_chunk,0.5,199,199,1024,0,ok,6.675858944,0.0,1.0
llama3.2-3b,ours_combine,ours,500,499,100,1.0,0.2,per_head,True,1,next_chunk,0.5,200,200,1024,0,ok,6.6764288,0.0,1.0
llama3.2-3b,ours_combine,ours,500,498,0,0.0,0.4,per_head,True,1,next_chunk,0.5,398,398,1024,0,ok,6.675858944,0.0,1.0
llama3.2-3b,ours_combine,ours,500,498,10,0.1,0.4,per_head,True,1,next_chunk,0.5,398,398,1024,0,ok,6.675858944,0.0,1.0
llama3.2-3b,ours_combine,ours,500,498,20,0.2,0.4,per_head,True,1,next_chunk,0.5,398,398,1024,0,ok,6.675858944,0.0,1.0
llama3.2-3b,ours_combine,ours,500,498,30,0.3,0.4,per_head,True,1,next_chunk,0.5,398,398,1024,0,ok,6.675858944,0.0,1.0
llama3.2-3b,ours_combine,ours,500,498,40,0.4,0.4,per_head,True,1,next_chunk,0.5,398,398,1024,0,ok,6.675858944,0.0,1.0
llama3.2-3b,ours_combine,ours,500,498,50,0.5,0.4,per_head,True,1,next_chunk,0.5,398,398,1024,0,ok,6.675858944,0.0,1.0
llama3.2-3b,ours_combine,ours,500,498,60,0.6,0.4,per_head,True,1,next_chunk,0.5,398,398,1024,0,ok,6.675858944,0.0,1.0
llama3.2-3b,ours_combine,ours,500,498,70,0.7,0.4,per_head,True,1,next_chunk,0.5,398,398,1024,0,ok,6.675858944,0.0,1.0
llama3.2-3b,ours_combine,ours,500,498,80,0.8,0.4,per_head,True,1,next_chunk,0.5,398,398,1024,0,ok,6.675858944,0.0,1.0
llama3.2-3b,ours_combine,ours,500,498,90,0.9,0.4,per_head,True,1,next_chunk,0.5,398,398,1024,0,ok,6.675858944,0.0,1.0
llama3.2-3b,ours_combine,ours,500,499,100,1.0,0.4,per_head,True,1,next_chunk,0.5,399,399,1024,0,ok,6.6764288,0.0,1.0
llama3.2-3b,ours_combine,ours,500,498,0,0.0,0.6,per_head,True,1,next_chunk,0.6,498,498,1024,0,ok,6.675858944,0.0,1.0
llama3.2-3b,ours_combine,ours,500,498,10,0.1,0.6,per_head,True,1,next_chunk,0.6,498,498,1024,0,ok,6.675858944,0.0,1.0
llama3.2-3b,ours_combine,ours,500,498,20,0.2,0.6,per_head,True,1,next_chunk,0.6,498,498,1024,0,ok,6.675858944,0.0,1.0
llama3.2-3b,ours_combine,ours,500,498,30,0.3,0.6,per_head,True,1,next_chunk,0.6,498,498,1024,0,ok,6.675858944,0.0,1.0
llama3.2-3b,ours_combine,ours,500,498,40,0.4,0.6,per_head,True,1,next_chunk,0.6,498,498,1024,0,ok,6.675858944,0.0,1.0
llama3.2-3b,ours_combine,ours,500,498,50,0.5,0.6,per_head,True,1,next_chunk,0.6,498,498,1024,0,ok,6.675858944,0.0,1.0
llama3.2-3b,ours_combine,ours,500,498,60,0.6,0.6,per_head,True,1,next_chunk,0.6,498,498,1024,0,ok,6.675858944,0.0,1.0
llama3.2-3b,ours_combine,ours,500,498,70,0.7,0.6,per_head,True,1,next_chunk,0.6,498,498,1024,0,ok,6.675858944,0.0,1.0
llama3.2-3b,ours_combine,ours,500,498,80,0.8,0.6,per_head,True,1,next_chunk,0.6,498,498,1024,0,ok,6.675858944,0.0,1.0
llama3.2-3b,ours_combine,ours,500,498,90,0.9,0.6,per_head,True,1,next_chunk,0.6,498,498,1024,0,ok,6.675858944,0.0,1.0
llama3.2-3b,ours_combine,ours,500,499,100,1.0,0.6,per_head,True,1,next_chunk,0.6,499,499,1024,0,ok,6.6764288,0.0,1.0
llama3.2-3b,ours_combine,ours,500,498,0,0.0,0.8,per_head,True,1,next_chunk,0.8,498,498,1024,0,ok,6.675858944,0.0,1.0
llama3.2-3b,ours_combine,ours,500,498,10,0.1,0.8,per_head,True,1,next_chunk,0.8,498,498,1024,0,ok,6.675858944,0.0,1.0
llama3.2-3b,ours_combine,ours,500,498,20,0.2,0.8,per_head,True,1,next_chunk,0.8,498,498,1024,0,ok,6.675858944,0.0,1.0
llama3.2-3b,ours_combine,ours,500,498,30,0.3,0.8,per_head,True,1,next_chunk,0.8,498,498,1024,0,ok,6.675858944,0.0,1.0
llama3.2-3b,ours_combine,ours,500,498,40,0.4,0.8,per_head,True,1,next_chunk,0.8,498,498,1024,0,ok,6.675858944,0.0,1.0
llama3.2-3b,ours_combine,ours,500,498,50,0.5,0.8,per_head,True,1,next_chunk,0.8,498,498,1024,0,ok,6.675858944,0.0,1.0
llama3.2-3b,ours_combine,ours,500,498,60,0.6,0.8,per_head,True,1,next_chunk,0.8,498,498,1024,0,ok,6.675858944,0.0,1.0
llama3.2-3b,ours_combine,ours,500,498,70,0.7,0.8,per_head,True,1,next_chunk,0.8,498,498,1024,0,ok,6.675858944,0.0,1.0
llama3.2-3b,ours_combine,ours,500,498,80,0.8,0.8,per_head,True,1,next_chunk,0.8,498,498,1024,0,ok,6.675858944,0.0,1.0
llama3.2-3b,ours_combine,ours,500,498,90,0.9,0.8,per_head,True,1,next_chunk,0.8,498,498,1024,0,ok,6.675858944,0.0,1.0
llama3.2-3b,ours_combine,ours,500,499,100,1.0,0.8,per_head,True,1,next_chunk,0.8,499,499,1024,0,ok,6.6764288,0.0,1.0
llama3.2-3b,ours_combine,ours,500,498,0,0.0,1.0,per_head,True,1,next_chunk,1.0,498,498,1010,0,ok,6.675858944,0.1,1.0
llama3.2-3b,ours_combine,ours,500,498,10,0.1,1.0,per_head,True,1,next_chunk,1.0,498,498,1010,0,ok,6.675858944,0.1,1.0
llama3.2-3b,ours_combine,ours,500,498,20,0.2,1.0,per_head,True,1,next_chunk,1.0,498,498,1010,0,ok,6.675858944,0.1,1.0
llama3.2-3b,ours_combine,ours,500,498,30,0.3,1.0,per_head,True,1,next_chunk,1.0,498,498,1010,0,ok,6.675858944,0.1,1.0
llama3.2-3b,ours_combine,ours,500,498,40,0.4,1.0,per_head,True,1,next_chunk,1.0,498,498,1010,0,ok,6.675858944,0.1,1.0
llama3.2-3b,ours_combine,ours,500,498,50,0.5,1.0,per_head,True,1,next_chunk,1.0,498,498,1010,0,ok,6.675858944,0.1,1.0
llama3.2-3b,ours_combine,ours,500,498,60,0.6,1.0,per_head,True,1,next_chunk,1.0,498,498,1010,0,ok,6.675858944,0.1,1.0
llama3.2-3b,ours_combine,ours,500,498,70,0.7,1.0,per_head,True,1,next_chunk,1.0,498,498,1010,0,ok,6.675858944,0.1,1.0
llama3.2-3b,ours_combine,ours,500,498,80,0.8,1.0,per_head,True,1,next_chunk,1.0,498,498,1010,0,ok,6.675858944,0.1,1.0
llama3.2-3b,ours_combine,ours,500,498,90,0.9,1.0,per_head,True,1,next_chunk,1.0,498,498,1010,0,ok,6.675858944,0.1,1.0
llama3.2-3b,ours_combine,ours,500,499,100,1.0,1.0,per_head,True,1,next_chunk,1.0,499,499,1011,0,ok,6.6764288,0.1,1.0
llama3.2-3b,ours_combine,ours,2000,1999,0,0.0,0.0,per_head,True,1,next_chunk,0.0,64,64,1024,1,ok,6.713708544,0.0,0.0
llama3.2-3b,ours_combine,ours,2000,1999,10,0.1,0.0,per_head,True,1,next_chunk,0.0,64,64,1024,1,ok,6.713708544,0.0,0.0
llama3.2-3b,ours_combine,ours,2000,1999,20,0.2,0.0,per_head,True,1,next_chunk,0.0,64,64,1024,1,ok,6.713708544,0.0,0.0
llama3.2-3b,ours_combine,ours,2000,1999,30,0.3,0.0,per_head,True,1,next_chunk,0.0,64,64,1024,1,ok,6.713708544,0.0,0.0
llama3.2-3b,ours_combine,ours,2000,1999,40,0.4,0.0,per_head,True,1,next_chunk,0.0,64,64,1024,1,ok,6.713708544,0.0,0.0
llama3.2-3b,ours_combine,ours,2000,1999,50,0.5,0.0,per_head,True,1,next_chunk,0.0,64,64,1024,1,ok,6.713708544,0.0,0.0
llama3.2-3b,ours_combine,ours,2000,1999,60,0.6,0.0,per_head,True,1,next_chunk,0.0,64,64,1024,1,ok,6.713708544,0.0,0.0
llama3.2-3b,ours_combine,ours,2000,1999,70,0.7,0.0,per_head,True,1,next_chunk,0.0,64,64,1024,1,ok,6.713708544,0.0,0.0
llama3.2-3b,ours_combine,ours,2000,1999,80,0.8,0.0,per_head,True,1,next_chunk,0.0,64,64,1024,1,ok,6.713708544,0.0,0.0
llama3.2-3b,ours_combine,ours,2000,1999,90,0.9,0.0,per_head,True,1,next_chunk,0.0,64,64,1024,1,ok,6.713708544,0.0,0.0
llama3.2-3b,ours_combine,ours,2000,2000,100,1.0,0.0,per_head,True,1,next_chunk,0.0,64,64,1024,1,ok,6.713708544,0.0,0.0
llama3.2-3b,ours_combine,ours,2000,1999,0,0.0,0.2,per_head,True,1,next_chunk,0.5,800,410,1024,1,ok,6.740707328,0.0,1.0
llama3.2-3b,ours_combine,ours,2000,1999,10,0.1,0.2,per_head,True,1,next_chunk,0.5,800,410,1024,1,ok,6.740707328,0.0,1.0
llama3.2-3b,ours_combine,ours,2000,1999,20,0.2,0.2,per_head,True,1,next_chunk,0.5,800,410,1024,1,ok,6.740707328,0.0,1.0
llama3.2-3b,ours_combine,ours,2000,1999,30,0.3,0.2,per_head,True,1,next_chunk,0.5,800,410,1024,1,ok,6.740707328,0.0,1.0
llama3.2-3b,ours_combine,ours,2000,1999,40,0.4,0.2,per_head,True,1,next_chunk,0.5,800,410,1024,1,ok,6.740707328,0.0,1.0
llama3.2-3b,ours_combine,ours,2000,1999,50,0.5,0.2,per_head,True,1,next_chunk,0.5,800,410,1024,1,ok,6.740707328,0.0,1.0
llama3.2-3b,ours_combine,ours,2000,1999,60,0.6,0.2,per_head,True,1,next_chunk,0.5,800,410,1024,1,ok,6.740707328,0.0,1.0
llama3.2-3b,ours_combine,ours,2000,1999,70,0.7,0.2,per_head,True,1,next_chunk,0.5,800,410,1024,1,ok,6.740707328,0.0,1.0
llama3.2-3b,ours_combine,ours,2000,1999,80,0.8,0.2,per_head,True,1,next_chunk,0.5,800,410,1024,1,ok,6.740707328,0.0,1.0
llama3.2-3b,ours_combine,ours,2000,1999,90,0.9,0.2,per_head,True,1,next_chunk,0.5,800,410,1024,1,ok,6.740707328,0.0,1.0
llama3.2-3b,ours_combine,ours,2000,2000,100,1.0,0.2,per_head,True,1,next_chunk,0.5,800,410,1024,1,ok,6.735986688,0.0,1.0
llama3.2-3b,ours_combine,ours,2000,1999,0,0.0,0.4,per_head,True,1,next_chunk,0.5,1599,819,1024,1,ok,6.780396544,0.1,1.0
llama3.2-3b,ours_combine,ours,2000,1999,10,0.1,0.4,per_head,True,1,next_chunk,0.5,1599,819,1024,1,ok,6.780396544,0.1,1.0
llama3.2-3b,ours_combine,ours,2000,1999,20,0.2,0.4,per_head,True,1,next_chunk,0.5,1599,819,1024,1,ok,6.780396544,0.1,1.0
llama3.2-3b,ours_combine,ours,2000,1999,30,0.3,0.4,per_head,True,1,next_chunk,0.5,1599,819,1024,1,ok,6.780396544,0.1,1.0
llama3.2-3b,ours_combine,ours,2000,1999,40,0.4,0.4,per_head,True,1,next_chunk,0.5,1599,819,1024,1,ok,6.780396544,0.1,1.0
llama3.2-3b,ours_combine,ours,2000,1999,50,0.5,0.4,per_head,True,1,next_chunk,0.5,1599,819,1024,1,ok,6.780396544,0.1,1.0
llama3.2-3b,ours_combine,ours,2000,1999,60,0.6,0.4,per_head,True,1,next_chunk,0.5,1599,819,1024,1,ok,6.780396544,0.1,1.0
llama3.2-3b,ours_combine,ours,2000,1999,70,0.7,0.4,per_head,True,1,next_chunk,0.5,1599,819,1024,1,ok,6.780396544,0.1,1.0
llama3.2-3b,ours_combine,ours,2000,1999,80,0.8,0.4,per_head,True,1,next_chunk,0.5,1599,819,1024,1,ok,6.780396544,0.1,1.0
llama3.2-3b,ours_combine,ours,2000,1999,90,0.9,0.4,per_head,True,1,next_chunk,0.5,1599,819,1024,1,ok,6.780396544,0.1,1.0
llama3.2-3b,ours_combine,ours,2000,2000,100,1.0,0.4,per_head,True,1,next_chunk,0.5,1600,819,1024,1,ok,6.78276608,0.1,1.0
llama3.2-3b,ours_combine,ours,2000,1999,0,0.0,0.6,per_head,True,1,next_chunk,0.6,1999,1024,1536,1,ok,6.781869568,0.1,1.0
llama3.2-3b,ours_combine,ours,2000,1999,10,0.1,0.6,per_head,True,1,next_chunk,0.6,1999,1024,1536,1,ok,6.781869568,0.1,1.0
llama3.2-3b,ours_combine,ours,2000,1999,20,0.2,0.6,per_head,True,1,next_chunk,0.6,1999,1024,1536,1,ok,6.781869568,0.1,1.0
llama3.2-3b,ours_combine,ours,2000,1999,30,0.3,0.6,per_head,True,1,next_chunk,0.6,1999,1024,1536,1,ok,6.781869568,0.1,1.0
llama3.2-3b,ours_combine,ours,2000,1999,40,0.4,0.6,per_head,True,1,next_chunk,0.6,1999,1024,1536,1,ok,6.781869568,0.1,1.0
llama3.2-3b,ours_combine,ours,2000,1999,50,0.5,0.6,per_head,True,1,next_chunk,0.6,1999,1024,1536,1,ok,6.781869568,0.1,1.0
llama3.2-3b,ours_combine,ours,2000,1999,60,0.6,0.6,per_head,True,1,next_chunk,0.6,1999,1024,1536,1,ok,6.781869568,0.1,1.0
llama3.2-3b,ours_combine,ours,2000,1999,70,0.7,0.6,per_head,True,1,next_chunk,0.6,1999,1024,1536,1,ok,6.781869568,0.1,1.0
llama3.2-3b,ours_combine,ours,2000,1999,80,0.8,0.6,per_head,True,1,next_chunk,0.6,1999,1024,1536,1,ok,6.781869568,0.1,1.0
llama3.2-3b,ours_combine,ours,2000,1999,90,0.9,0.6,per_head,True,1,next_chunk,0.6,1999,1024,1536,1,ok,6.781869568,0.1,1.0
llama3.2-3b,ours_combine,ours,2000,2000,100,1.0,0.6,per_head,True,1,next_chunk,0.6,2000,1024,1536,1,ok,6.779087872,0.1,1.0
llama3.2-3b,ours_combine,ours,2000,1999,0,0.0,0.8,per_head,True,1,next_chunk,0.8,1999,1024,1536,1,ok,6.781869568,0.1,1.0
llama3.2-3b,ours_combine,ours,2000,1999,10,0.1,0.8,per_head,True,1,next_chunk,0.8,1999,1024,1536,1,ok,6.781869568,0.1,1.0
llama3.2-3b,ours_combine,ours,2000,1999,20,0.2,0.8,per_head,True,1,next_chunk,0.8,1999,1024,1536,1,ok,6.781869568,0.1,1.0
llama3.2-3b,ours_combine,ours,2000,1999,30,0.3,0.8,per_head,True,1,next_chunk,0.8,1999,1024,1536,1,ok,6.781869568,0.1,1.0
llama3.2-3b,ours_combine,ours,2000,1999,40,0.4,0.8,per_head,True,1,next_chunk,0.8,1999,1024,1536,1,ok,6.781869568,0.1,1.0
llama3.2-3b,ours_combine,ours,2000,1999,50,0.5,0.8,per_head,True,1,next_chunk,0.8,1999,1024,1536,1,ok,6.781869568,0.1,1.0
llama3.2-3b,ours_combine,ours,2000,1999,60,0.6,0.8,per_head,True,1,next_chunk,0.8,1999,1024,1536,1,ok,6.781869568,0.1,1.0
llama3.2-3b,ours_combine,ours,2000,1999,70,0.7,0.8,per_head,True,1,next_chunk,0.8,1999,1024,1536,1,ok,6.781869568,0.1,1.0
llama3.2-3b,ours_combine,ours,2000,1999,80,0.8,0.8,per_head,True,1,next_chunk,0.8,1999,1024,1536,1,ok,6.781869568,0.1,1.0
llama3.2-3b,ours_combine,ours,2000,1999,90,0.9,0.8,per_head,True,1,next_chunk,0.8,1999,1024,1536,1,ok,6.781869568,0.1,1.0
llama3.2-3b,ours_combine,ours,2000,2000,100,1.0,0.8,per_head,True,1,next_chunk,0.8,2000,1024,1536,1,ok,6.779087872,0.1,1.0
llama3.2-3b,ours_combine,ours,2000,1999,0,0.0,1.0,per_head,True,1,next_chunk,1.0,1999,1999,2511,0,ok,6.808559104,0.2,1.0
llama3.2-3b,ours_combine,ours,2000,1999,10,0.1,1.0,per_head,True,1,next_chunk,1.0,1999,1999,2511,0,ok,6.808559104,0.2,1.0
llama3.2-3b,ours_combine,ours,2000,1999,20,0.2,1.0,per_head,True,1,next_chunk,1.0,1999,1999,2511,0,ok,6.808559104,0.2,1.0
llama3.2-3b,ours_combine,ours,2000,1999,30,0.3,1.0,per_head,True,1,next_chunk,1.0,1999,1999,2511,0,ok,6.808559104,0.2,1.0
llama3.2-3b,ours_combine,ours,2000,1999,40,0.4,1.0,per_head,True,1,next_chunk,1.0,1999,1999,2511,0,ok,6.808559104,0.2,1.0
llama3.2-3b,ours_combine,ours,2000,1999,50,0.5,1.0,per_head,True,1,next_chunk,1.0,1999,1999,2511,0,ok,6.808559104,0.2,1.0
llama3.2-3b,ours_combine,ours,2000,1999,60,0.6,1.0,per_head,True,1,next_chunk,1.0,1999,1999,2511,0,ok,6.808559104,0.2,1.0
llama3.2-3b,ours_combine,ours,2000,1999,70,0.7,1.0,per_head,True,1,next_chunk,1.0,1999,1999,2511,0,ok,6.808559104,0.2,1.0
llama3.2-3b,ours_combine,ours,2000,1999,80,0.8,1.0,per_head,True,1,next_chunk,1.0,1999,1999,2511,0,ok,6.808559104,0.2,1.0
llama3.2-3b,ours_combine,ours,2000,1999,90,0.9,1.0,per_head,True,1,next_chunk,1.0,1999,1999,2511,0,ok,6.808559104,0.2,1.0
llama3.2-3b,ours_combine,ours,2000,2000,100,1.0,1.0,per_head,True,1,next_chunk,1.0,2000,2000,2512,0,ok,6.812587008,0.2,1.0
llama3.2-3b,ours_combine,ours,8000,7999,0,0.0,0.0,per_head,True,1,next_chunk,0.0,64,64,1024,7,ok,6.721316352,0.0,0.0
llama3.2-3b,ours_combine,ours,8000,7999,10,0.1,0.0,per_head,True,1,next_chunk,0.0,64,64,1024,7,ok,6.721316352,0.0,0.0
llama3.2-3b,ours_combine,ours,8000,7999,20,0.2,0.0,per_head,True,1,next_chunk,0.0,64,64,1024,7,ok,6.721316352,0.0,0.0
llama3.2-3b,ours_combine,ours,8000,7999,30,0.3,0.0,per_head,True,1,next_chunk,0.0,64,64,1024,7,ok,6.721316352,0.0,0.0
llama3.2-3b,ours_combine,ours,8000,7999,40,0.4,0.0,per_head,True,1,next_chunk,0.0,64,64,1024,7,ok,6.721316352,0.0,0.0
llama3.2-3b,ours_combine,ours,8000,7999,50,0.5,0.0,per_head,True,1,next_chunk,0.0,64,64,1024,7,ok,6.721316352,0.0,0.0
llama3.2-3b,ours_combine,ours,8000,7999,60,0.6,0.0,per_head,True,1,next_chunk,0.0,64,64,1024,7,ok,6.721316352,0.0,0.0
llama3.2-3b,ours_combine,ours,8000,7999,70,0.7,0.0,per_head,True,1,next_chunk,0.0,64,64,1024,7,ok,6.721316352,0.0,0.0
llama3.2-3b,ours_combine,ours,8000,7999,80,0.8,0.0,per_head,True,1,next_chunk,0.0,64,64,1024,7,ok,6.721316352,0.0,0.0
llama3.2-3b,ours_combine,ours,8000,7999,90,0.9,0.0,per_head,True,1,next_chunk,0.0,64,64,1024,7,ok,6.721316352,0.0,0.0
llama3.2-3b,ours_combine,ours,8000,8000,100,1.0,0.0,per_head,True,1,next_chunk,0.0,64,64,1024,7,ok,6.721316352,0.0,0.0
llama3.2-3b,ours_combine,ours,8000,7999,0,0.0,0.2,per_head,True,1,next_chunk,0.5,3200,410,1024,7,ok,6.998948352,0.2,1.0
llama3.2-3b,ours_combine,ours,8000,7999,10,0.1,0.2,per_head,True,1,next_chunk,0.5,3200,410,1024,7,ok,6.998948352,0.2,1.0
llama3.2-3b,ours_combine,ours,8000,7999,20,0.2,0.2,per_head,True,1,next_chunk,0.5,3200,410,1024,7,ok,6.998948352,0.2,1.0
llama3.2-3b,ours_combine,ours,8000,7999,30,0.3,0.2,per_head,True,1,next_chunk,0.5,3200,410,1024,7,ok,6.998948352,0.2,1.0
llama3.2-3b,ours_combine,ours,8000,7999,40,0.4,0.2,per_head,True,1,next_chunk,0.5,3200,410,1024,7,ok,6.998948352,0.2,1.0
llama3.2-3b,ours_combine,ours,8000,7999,50,0.5,0.2,per_head,True,1,next_chunk,0.5,3200,410,1024,7,ok,6.998948352,0.2,1.0
llama3.2-3b,ours_combine,ours,8000,7999,60,0.6,0.2,per_head,True,1,next_chunk,0.5,3200,410,1024,7,ok,6.998948352,0.2,1.0
llama3.2-3b,ours_combine,ours,8000,7999,70,0.7,0.2,per_head,True,1,next_chunk,0.5,3200,410,1024,7,ok,6.998948352,0.2,1.0
llama3.2-3b,ours_combine,ours,8000,7999,80,0.8,0.2,per_head,True,1,next_chunk,0.5,3200,410,1024,7,ok,6.998948352,0.2,1.0
llama3.2-3b,ours_combine,ours,8000,7999,90,0.9,0.2,per_head,True,1,next_chunk,0.5,3200,410,1024,7,ok,6.998948352,0.2,1.0
llama3.2-3b,ours_combine,ours,8000,8000,100,1.0,0.2,per_head,True,1,next_chunk,0.5,3200,410,1024,7,ok,6.998855168,0.2,1.0
llama3.2-3b,ours_combine,ours,8000,7999,0,0.0,0.4,per_head,True,1,next_chunk,0.5,6399,819,1024,7,ok,7.328779776,0.4,1.0
llama3.2-3b,ours_combine,ours,8000,7999,10,0.1,0.4,per_head,True,1,next_chunk,0.5,6399,819,1024,7,ok,7.328779776,0.4,1.0
llama3.2-3b,ours_combine,ours,8000,7999,20,0.2,0.4,per_head,True,1,next_chunk,0.5,6399,819,1024,7,ok,7.328779776,0.4,1.0
llama3.2-3b,ours_combine,ours,8000,7999,30,0.3,0.4,per_head,True,1,next_chunk,0.5,6399,819,1024,7,ok,7.328779776,0.4,1.0
llama3.2-3b,ours_combine,ours,8000,7999,40,0.4,0.4,per_head,True,1,next_chunk,0.5,6399,819,1024,7,ok,7.328779776,0.4,1.0
llama3.2-3b,ours_combine,ours,8000,7999,50,0.5,0.4,per_head,True,1,next_chunk,0.5,6399,819,1024,7,ok,7.328779776,0.4,1.0
llama3.2-3b,ours_combine,ours,8000,7999,60,0.6,0.4,per_head,True,1,next_chunk,0.5,6399,819,1024,7,ok,7.328779776,0.4,1.0
llama3.2-3b,ours_combine,ours,8000,7999,70,0.7,0.4,per_head,True,1,next_chunk,0.5,6399,819,1024,7,ok,7.328779776,0.4,1.0
llama3.2-3b,ours_combine,ours,8000,7999,80,0.8,0.4,per_head,True,1,next_chunk,0.5,6399,819,1024,7,ok,7.328779776,0.4,1.0
llama3.2-3b,ours_combine,ours,8000,7999,90,0.9,0.4,per_head,True,1,next_chunk,0.5,6399,819,1024,7,ok,7.328779776,0.4,1.0
llama3.2-3b,ours_combine,ours,8000,8000,100,1.0,0.4,per_head,True,1,next_chunk,0.5,6400,819,1024,7,ok,7.329197568,0.4,1.0
llama3.2-3b,ours_combine,ours,8000,7999,0,0.0,0.6,per_head,True,1,next_chunk,0.6,7999,1024,1536,5,ok,7.225768448,0.4,1.0
llama3.2-3b,ours_combine,ours,8000,7999,10,0.1,0.6,per_head,True,1,next_chunk,0.6,7999,1024,1536,5,ok,7.225768448,0.4,1.0
llama3.2-3b,ours_combine,ours,8000,7999,20,0.2,0.6,per_head,True,1,next_chunk,0.6,7999,1024,1536,5,ok,7.225768448,0.4,1.0
llama3.2-3b,ours_combine,ours,8000,7999,30,0.3,0.6,per_head,True,1,next_chunk,0.6,7999,1024,1536,5,ok,7.225768448,0.4,1.0
llama3.2-3b,ours_combine,ours,8000,7999,40,0.4,0.6,per_head,True,1,next_chunk,0.6,7999,1024,1536,5,ok,7.225768448,0.4,1.0
llama3.2-3b,ours_combine,ours,8000,7999,50,0.5,0.6,per_head,True,1,next_chunk,0.6,7999,1024,1536,5,ok,7.225768448,0.4,1.0
llama3.2-3b,ours_combine,ours,8000,7999,60,0.6,0.6,per_head,True,1,next_chunk,0.6,7999,1024,1536,5,ok,7.225768448,0.4,1.0
llama3.2-3b,ours_combine,ours,8000,7999,70,0.7,0.6,per_head,True,1,next_chunk,0.6,7999,1024,1536,5,ok,7.225768448,0.4,1.0
llama3.2-3b,ours_combine,ours,8000,7999,80,0.8,0.6,per_head,True,1,next_chunk,0.6,7999,1024,1536,5,ok,7.225768448,0.4,1.0
llama3.2-3b,ours_combine,ours,8000,7999,90,0.9,0.6,per_head,True,1,next_chunk,0.6,7999,1024,1536,5,ok,7.225768448,0.4,1.0
llama3.2-3b,ours_combine,ours,8000,8000,100,1.0,0.6,per_head,True,1,next_chunk,0.6,8000,1024,1536,5,ok,7.225768448,0.4,1.0
llama3.2-3b,ours_combine,ours,8000,7999,0,0.0,0.8,per_head,True,1,next_chunk,0.8,7999,1024,1536,5,ok,7.225768448,0.5,1.0
llama3.2-3b,ours_combine,ours,8000,7999,10,0.1,0.8,per_head,True,1,next_chunk,0.8,7999,1024,1536,5,ok,7.225768448,0.5,1.0
llama3.2-3b,ours_combine,ours,8000,7999,20,0.2,0.8,per_head,True,1,next_chunk,0.8,7999,1024,1536,5,ok,7.225768448,0.5,1.0
llama3.2-3b,ours_combine,ours,8000,7999,30,0.3,0.8,per_head,True,1,next_chunk,0.8,7999,1024,1536,5,ok,7.225768448,0.5,1.0
llama3.2-3b,ours_combine,ours,8000,7999,40,0.4,0.8,per_head,True,1,next_chunk,0.8,7999,1024,1536,5,ok,7.225768448,0.5,1.0
llama3.2-3b,ours_combine,ours,8000,7999,50,0.5,0.8,per_head,True,1,next_chunk,0.8,7999,1024,1536,5,ok,7.225768448,0.5,1.0
llama3.2-3b,ours_combine,ours,8000,7999,60,0.6,0.8,per_head,True,1,next_chunk,0.8,7999,1024,1536,5,ok,7.225768448,0.5,1.0
llama3.2-3b,ours_combine,ours,8000,7999,70,0.7,0.8,per_head,True,1,next_chunk,0.8,7999,1024,1536,5,ok,7.225768448,0.5,1.0
llama3.2-3b,ours_combine,ours,8000,7999,80,0.8,0.8,per_head,True,1,next_chunk,0.8,7999,1024,1536,5,ok,7.225768448,0.5,1.0
llama3.2-3b,ours_combine,ours,8000,7999,90,0.9,0.8,per_head,True,1,next_chunk,0.8,7999,1024,1536,5,ok,7.225768448,0.5,1.0
llama3.2-3b,ours_combine,ours,8000,8000,100,1.0,0.8,per_head,True,1,next_chunk,0.8,8000,1024,1536,5,ok,7.225768448,0.5,1.0
llama3.2-3b,ours_combine,ours,8000,7999,0,0.0,1.0,per_head,True,1,next_chunk,1.0,7999,7999,8511,0,ok,7.495647744,0.9,1.0
llama3.2-3b,ours_combine,ours,8000,7999,10,0.1,1.0,per_head,True,1,next_chunk,1.0,7999,7999,8511,0,ok,7.495647744,0.9,1.0
llama3.2-3b,ours_combine,ours,8000,7999,20,0.2,1.0,per_head,True,1,next_chunk,1.0,7999,7999,8511,0,ok,7.495647744,0.9,1.0
llama3.2-3b,ours_combine,ours,8000,7999,30,0.3,1.0,per_head,True,1,next_chunk,1.0,7999,7999,8511,0,ok,7.495647744,0.9,1.0
llama3.2-3b,ours_combine,ours,8000,7999,40,0.4,1.0,per_head,True,1,next_chunk,1.0,7999,7999,8511,0,ok,7.495647744,0.9,1.0
llama3.2-3b,ours_combine,ours,8000,7999,50,0.5,1.0,per_head,True,1,next_chunk,1.0,7999,7999,8511,0,ok,7.495647744,0.9,1.0
llama3.2-3b,ours_combine,ours,8000,7999,60,0.6,1.0,per_head,True,1,next_chunk,1.0,7999,7999,8511,0,ok,7.495647744,0.9,1.0
llama3.2-3b,ours_combine,ours,8000,7999,70,0.7,1.0,per_head,True,1,next_chunk,1.0,7999,7999,8511,0,ok,7.495647744,0.9,1.0
llama3.2-3b,ours_combine,ours,8000,7999,80,0.8,1.0,per_head,True,1,next_chunk,1.0,7999,7999,8511,0,ok,7.495647744,0.9,1.0
llama3.2-3b,ours_combine,ours,8000,7999,90,0.9,1.0,per_head,True,1,next_chunk,1.0,7999,7999,8511,0,ok,7.495647744,0.9,1.0
llama3.2-3b,ours_combine,ours,8000,8000,100,1.0,1.0,per_head,True,1,next_chunk,1.0,8000,8000,8512,0,ok,7.49576448,0.9,1.0
llama3.2-3b,ours_predict_next,ours,500,498,0,0.0,0.0,per_head,True,1,next_chunk,0.0,64,64,1024,0,ok,6.675854848,0.0,0.0
llama3.2-3b,ours_predict_next,ours,500,498,10,0.1,0.0,per_head,True,1,next_chunk,0.0,64,64,1024,0,ok,6.675854848,0.0,0.0
llama3.2-3b,ours_predict_next,ours,500,498,20,0.2,0.0,per_head,True,1,next_chunk,0.0,64,64,1024,0,ok,6.675854848,0.0,0.0
llama3.2-3b,ours_predict_next,ours,500,498,30,0.3,0.0,per_head,True,1,next_chunk,0.0,64,64,1024,0,ok,6.675854848,0.0,0.0
llama3.2-3b,ours_predict_next,ours,500,498,40,0.4,0.0,per_head,True,1,next_chunk,0.0,64,64,1024,0,ok,6.675854848,0.0,0.0
llama3.2-3b,ours_predict_next,ours,500,498,50,0.5,0.0,per_head,True,1,next_chunk,0.0,64,64,1024,0,ok,6.675854848,0.0,0.0
llama3.2-3b,ours_predict_next,ours,500,498,60,0.6,0.0,per_head,True,1,next_chunk,0.0,64,64,1024,0,ok,6.675854848,0.0,0.0
llama3.2-3b,ours_predict_next,ours,500,498,70,0.7,0.0,per_head,True,1,next_chunk,0.0,64,64,1024,0,ok,6.675854848,0.0,0.0
llama3.2-3b,ours_predict_next,ours,500,498,80,0.8,0.0,per_head,True,1,next_chunk,0.0,64,64,1024,0,ok,6.675854848,0.0,0.0
llama3.2-3b,ours_predict_next,ours,500,498,90,0.9,0.0,per_head,True,1,next_chunk,0.0,64,64,1024,0,ok,6.675854848,0.0,0.0
llama3.2-3b,ours_predict_next,ours,500,499,100,1.0,0.0,per_head,True,1,next_chunk,0.0,64,64,1024,0,ok,6.676424704,0.0,0.0
llama3.2-3b,ours_predict_next,ours,500,498,0,0.0,0.2,per_head,True,1,next_chunk,0.5,199,199,1024,0,ok,6.675854848,0.0,1.0
llama3.2-3b,ours_predict_next,ours,500,498,10,0.1,0.2,per_head,True,1,next_chunk,0.5,199,199,1024,0,ok,6.675854848,0.0,1.0
llama3.2-3b,ours_predict_next,ours,500,498,20,0.2,0.2,per_head,True,1,next_chunk,0.5,199,199,1024,0,ok,6.675854848,0.0,1.0
llama3.2-3b,ours_predict_next,ours,500,498,30,0.3,0.2,per_head,True,1,next_chunk,0.5,199,199,1024,0,ok,6.675854848,0.0,1.0
llama3.2-3b,ours_predict_next,ours,500,498,40,0.4,0.2,per_head,True,1,next_chunk,0.5,199,199,1024,0,ok,6.675854848,0.0,1.0
llama3.2-3b,ours_predict_next,ours,500,498,50,0.5,0.2,per_head,True,1,next_chunk,0.5,199,199,1024,0,ok,6.675854848,0.0,1.0
llama3.2-3b,ours_predict_next,ours,500,498,60,0.6,0.2,per_head,True,1,next_chunk,0.5,199,199,1024,0,ok,6.675854848,0.0,1.0
llama3.2-3b,ours_predict_next,ours,500,498,70,0.7,0.2,per_head,True,1,next_chunk,0.5,199,199,1024,0,ok,6.675854848,0.0,1.0
llama3.2-3b,ours_predict_next,ours,500,498,80,0.8,0.2,per_head,True,1,next_chunk,0.5,199,199,1024,0,ok,6.675854848,0.0,1.0
llama3.2-3b,ours_predict_next,ours,500,498,90,0.9,0.2,per_head,True,1,next_chunk,0.5,199,199,1024,0,ok,6.675854848,0.0,1.0
llama3.2-3b,ours_predict_next,ours,500,499,100,1.0,0.2,per_head,True,1,next_chunk,0.5,200,200,1024,0,ok,6.676424704,0.0,1.0
llama3.2-3b,ours_predict_next,ours,500,498,0,0.0,0.4,per_head,True,1,next_chunk,0.5,398,398,1024,0,ok,6.675854848,0.0,1.0
llama3.2-3b,ours_predict_next,ours,500,498,10,0.1,0.4,per_head,True,1,next_chunk,0.5,398,398,1024,0,ok,6.675854848,0.0,1.0
llama3.2-3b,ours_predict_next,ours,500,498,20,0.2,0.4,per_head,True,1,next_chunk,0.5,398,398,1024,0,ok,6.675854848,0.0,1.0
llama3.2-3b,ours_predict_next,ours,500,498,30,0.3,0.4,per_head,True,1,next_chunk,0.5,398,398,1024,0,ok,6.675854848,0.0,1.0
llama3.2-3b,ours_predict_next,ours,500,498,40,0.4,0.4,per_head,True,1,next_chunk,0.5,398,398,1024,0,ok,6.675854848,0.0,1.0
llama3.2-3b,ours_predict_next,ours,500,498,50,0.5,0.4,per_head,True,1,next_chunk,0.5,398,398,1024,0,ok,6.675854848,0.0,1.0
llama3.2-3b,ours_predict_next,ours,500,498,60,0.6,0.4,per_head,True,1,next_chunk,0.5,398,398,1024,0,ok,6.675854848,0.0,1.0
llama3.2-3b,ours_predict_next,ours,500,498,70,0.7,0.4,per_head,True,1,next_chunk,0.5,398,398,1024,0,ok,6.675854848,0.0,1.0
llama3.2-3b,ours_predict_next,ours,500,498,80,0.8,0.4,per_head,True,1,next_chunk,0.5,398,398,1024,0,ok,6.675854848,0.0,1.0
llama3.2-3b,ours_predict_next,ours,500,498,90,0.9,0.4,per_head,True,1,next_chunk,0.5,398,398,1024,0,ok,6.675854848,0.0,1.0
llama3.2-3b,ours_predict_next,ours,500,499,100,1.0,0.4,per_head,True,1,next_chunk,0.5,399,399,1024,0,ok,6.676424704,0.0,1.0
llama3.2-3b,ours_predict_next,ours,500,498,0,0.0,0.6,per_head,True,1,next_chunk,0.6,498,498,1024,0,ok,6.675854848,0.0,1.0
llama3.2-3b,ours_predict_next,ours,500,498,10,0.1,0.6,per_head,True,1,next_chunk,0.6,498,498,1024,0,ok,6.675854848,0.0,1.0
llama3.2-3b,ours_predict_next,ours,500,498,20,0.2,0.6,per_head,True,1,next_chunk,0.6,498,498,1024,0,ok,6.675854848,0.0,1.0
llama3.2-3b,ours_predict_next,ours,500,498,30,0.3,0.6,per_head,True,1,next_chunk,0.6,498,498,1024,0,ok,6.675854848,0.0,1.0
llama3.2-3b,ours_predict_next,ours,500,498,40,0.4,0.6,per_head,True,1,next_chunk,0.6,498,498,1024,0,ok,6.675854848,0.0,1.0
llama3.2-3b,ours_predict_next,ours,500,498,50,0.5,0.6,per_head,True,1,next_chunk,0.6,498,498,1024,0,ok,6.675854848,0.0,1.0
llama3.2-3b,ours_predict_next,ours,500,498,60,0.6,0.6,per_head,True,1,next_chunk,0.6,498,498,1024,0,ok,6.675854848,0.0,1.0
llama3.2-3b,ours_predict_next,ours,500,498,70,0.7,0.6,per_head,True,1,next_chunk,0.6,498,498,1024,0,ok,6.675854848,0.0,1.0
llama3.2-3b,ours_predict_next,ours,500,498,80,0.8,0.6,per_head,True,1,next_chunk,0.6,498,498,1024,0,ok,6.675854848,0.0,1.0
llama3.2-3b,ours_predict_next,ours,500,498,90,0.9,0.6,per_head,True,1,next_chunk,0.6,498,498,1024,0,ok,6.675854848,0.0,1.0
llama3.2-3b,ours_predict_next,ours,500,499,100,1.0,0.6,per_head,True,1,next_chunk,0.6,499,499,1024,0,ok,6.676424704,0.0,1.0
llama3.2-3b,ours_predict_next,ours,500,498,0,0.0,0.8,per_head,True,1,next_chunk,0.8,498,498,1024,0,ok,6.675854848,0.0,1.0
llama3.2-3b,ours_predict_next,ours,500,498,10,0.1,0.8,per_head,True,1,next_chunk,0.8,498,498,1024,0,ok,6.675854848,0.0,1.0
llama3.2-3b,ours_predict_next,ours,500,498,20,0.2,0.8,per_head,True,1,next_chunk,0.8,498,498,1024,0,ok,6.675854848,0.0,1.0
llama3.2-3b,ours_predict_next,ours,500,498,30,0.3,0.8,per_head,True,1,next_chunk,0.8,498,498,1024,0,ok,6.675854848,0.0,1.0
llama3.2-3b,ours_predict_next,ours,500,498,40,0.4,0.8,per_head,True,1,next_chunk,0.8,498,498,1024,0,ok,6.675854848,0.0,1.0
llama3.2-3b,ours_predict_next,ours,500,498,50,0.5,0.8,per_head,True,1,next_chunk,0.8,498,498,1024,0,ok,6.675854848,0.0,1.0
llama3.2-3b,ours_predict_next,ours,500,498,60,0.6,0.8,per_head,True,1,next_chunk,0.8,498,498,1024,0,ok,6.675854848,0.0,1.0
llama3.2-3b,ours_predict_next,ours,500,498,70,0.7,0.8,per_head,True,1,next_chunk,0.8,498,498,1024,0,ok,6.675854848,0.0,1.0
llama3.2-3b,ours_predict_next,ours,500,498,80,0.8,0.8,per_head,True,1,next_chunk,0.8,498,498,1024,0,ok,6.675854848,0.0,1.0
llama3.2-3b,ours_predict_next,ours,500,498,90,0.9,0.8,per_head,True,1,next_chunk,0.8,498,498,1024,0,ok,6.675854848,0.0,1.0
llama3.2-3b,ours_predict_next,ours,500,499,100,1.0,0.8,per_head,True,1,next_chunk,0.8,499,499,1024,0,ok,6.676424704,0.0,1.0
llama3.2-3b,ours_predict_next,ours,500,498,0,0.0,1.0,per_head,True,1,next_chunk,1.0,498,498,1010,0,ok,6.675854848,0.1,1.0
llama3.2-3b,ours_predict_next,ours,500,498,10,0.1,1.0,per_head,True,1,next_chunk,1.0,498,498,1010,0,ok,6.675854848,0.1,1.0
llama3.2-3b,ours_predict_next,ours,500,498,20,0.2,1.0,per_head,True,1,next_chunk,1.0,498,498,1010,0,ok,6.675854848,0.1,1.0
llama3.2-3b,ours_predict_next,ours,500,498,30,0.3,1.0,per_head,True,1,next_chunk,1.0,498,498,1010,0,ok,6.675854848,0.1,1.0
llama3.2-3b,ours_predict_next,ours,500,498,40,0.4,1.0,per_head,True,1,next_chunk,1.0,498,498,1010,0,ok,6.675854848,0.1,1.0
llama3.2-3b,ours_predict_next,ours,500,498,50,0.5,1.0,per_head,True,1,next_chunk,1.0,498,498,1010,0,ok,6.675854848,0.1,1.0
llama3.2-3b,ours_predict_next,ours,500,498,60,0.6,1.0,per_head,True,1,next_chunk,1.0,498,498,1010,0,ok,6.675854848,0.1,1.0
llama3.2-3b,ours_predict_next,ours,500,498,70,0.7,1.0,per_head,True,1,next_chunk,1.0,498,498,1010,0,ok,6.675854848,0.1,1.0
llama3.2-3b,ours_predict_next,ours,500,498,80,0.8,1.0,per_head,True,1,next_chunk,1.0,498,498,1010,0,ok,6.675854848,0.1,1.0
llama3.2-3b,ours_predict_next,ours,500,498,90,0.9,1.0,per_head,True,1,next_chunk,1.0,498,498,1010,0,ok,6.675854848,0.1,1.0
llama3.2-3b,ours_predict_next,ours,500,499,100,1.0,1.0,per_head,True,1,next_chunk,1.0,499,499,1011,0,ok,6.676424704,0.1,1.0
llama3.2-3b,ours_predict_next,ours,2000,1999,0,0.0,0.0,per_head,True,1,next_chunk,0.0,64,64,1024,1,ok,6.708199936,0.0,0.0
llama3.2-3b,ours_predict_next,ours,2000,1999,10,0.1,0.0,per_head,True,1,next_chunk,0.0,64,64,1024,1,ok,6.705051136,0.0,0.0
llama3.2-3b,ours_predict_next,ours,2000,1999,20,0.2,0.0,per_head,True,1,next_chunk,0.0,64,64,1024,1,ok,6.705034752,0.0,0.0
llama3.2-3b,ours_predict_next,ours,2000,1999,30,0.3,0.0,per_head,True,1,next_chunk,0.0,64,64,1024,1,ok,6.70663424,0.0,0.0
llama3.2-3b,ours_predict_next,ours,2000,1999,40,0.4,0.0,per_head,True,1,next_chunk,0.0,64,64,1024,1,ok,6.708342272,0.0,0.0
llama3.2-3b,ours_predict_next,ours,2000,1999,50,0.5,0.0,per_head,True,1,next_chunk,0.0,64,64,1024,1,ok,6.704066048,0.0,0.0
llama3.2-3b,ours_predict_next,ours,2000,1999,60,0.6,0.0,per_head,True,1,next_chunk,0.0,64,64,1024,1,ok,6.745192448,0.0,0.0
llama3.2-3b,ours_predict_next,ours,2000,1999,70,0.7,0.0,per_head,True,1,next_chunk,0.0,64,64,1024,1,ok,6.74139136,0.0,0.0
llama3.2-3b,ours_predict_next,ours,2000,1999,80,0.8,0.0,per_head,True,1,next_chunk,0.0,64,64,1024,1,ok,6.735818752,0.0,0.0
llama3.2-3b,ours_predict_next,ours,2000,1999,90,0.9,0.0,per_head,True,1,next_chunk,0.0,64,64,1024,1,ok,6.735480832,0.0,0.0
llama3.2-3b,ours_predict_next,ours,2000,2000,100,1.0,0.0,per_head,True,1,next_chunk,0.0,64,64,1024,1,ok,6.736295936,0.0,0.0
llama3.2-3b,ours_predict_next,ours,2000,1999,0,0.0,0.2,per_head,True,1,next_chunk,0.5,800,410,1024,1,ok,6.708199936,0.0,0.5
llama3.2-3b,ours_predict_next,ours,2000,1999,10,0.1,0.2,per_head,True,1,next_chunk,0.5,800,410,1024,1,ok,6.705051136,0.0,0.0
llama3.2-3b,ours_predict_next,ours,2000,1999,20,0.2,0.2,per_head,True,1,next_chunk,0.5,800,410,1024,1,ok,6.705034752,0.0,0.0
llama3.2-3b,ours_predict_next,ours,2000,1999,30,0.3,0.2,per_head,True,1,next_chunk,0.5,800,410,1024,1,ok,6.70663424,0.0,0.0
llama3.2-3b,ours_predict_next,ours,2000,1999,40,0.4,0.2,per_head,True,1,next_chunk,0.5,800,410,1024,1,ok,6.708342272,0.0,0.0
llama3.2-3b,ours_predict_next,ours,2000,1999,50,0.5,0.2,per_head,True,1,next_chunk,0.5,800,410,1024,1,ok,6.704066048,0.0,0.0
llama3.2-3b,ours_predict_next,ours,2000,1999,60,0.6,0.2,per_head,True,1,next_chunk,0.5,800,410,1024,1,ok,6.745192448,0.0,0.0
llama3.2-3b,ours_predict_next,ours,2000,1999,70,0.7,0.2,per_head,True,1,next_chunk,0.5,800,410,1024,1,ok,6.74139136,0.0,1.0
llama3.2-3b,ours_predict_next,ours,2000,1999,80,0.8,0.2,per_head,True,1,next_chunk,0.5,800,410,1024,1,ok,6.735818752,0.0,1.0
llama3.2-3b,ours_predict_next,ours,2000,1999,90,0.9,0.2,per_head,True,1,next_chunk,0.5,800,410,1024,1,ok,6.735480832,0.0,1.0
llama3.2-3b,ours_predict_next,ours,2000,2000,100,1.0,0.2,per_head,True,1,next_chunk,0.5,800,410,1024,1,ok,6.736295936,0.0,1.0
llama3.2-3b,ours_predict_next,ours,2000,1999,0,0.0,0.4,per_head,True,1,next_chunk,0.5,1599,819,1024,1,ok,6.726035456,0.1,1.0
llama3.2-3b,ours_predict_next,ours,2000,1999,10,0.1,0.4,per_head,True,1,next_chunk,0.5,1599,819,1024,1,ok,6.728763392,0.1,1.0
llama3.2-3b,ours_predict_next,ours,2000,1999,20,0.2,0.4,per_head,True,1,next_chunk,0.5,1599,819,1024,1,ok,6.73122304,0.1,1.0
llama3.2-3b,ours_predict_next,ours,2000,1999,30,0.3,0.4,per_head,True,1,next_chunk,0.5,1599,819,1024,1,ok,6.729783296,0.1,0.0
llama3.2-3b,ours_predict_next,ours,2000,1999,40,0.4,0.4,per_head,True,1,next_chunk,0.5,1599,819,1024,1,ok,6.72784384,0.1,0.5
llama3.2-3b,ours_predict_next,ours,2000,1999,50,0.5,0.4,per_head,True,1,next_chunk,0.5,1599,819,1024,1,ok,6.7317248,0.1,1.0
llama3.2-3b,ours_predict_next,ours,2000,1999,60,0.6,0.4,per_head,True,1,next_chunk,0.5,1599,819,1024,1,ok,6.745192448,0.1,1.0
llama3.2-3b,ours_predict_next,ours,2000,1999,70,0.7,0.4,per_head,True,1,next_chunk,0.5,1599,819,1024,1,ok,6.74139136,0.1,1.0
llama3.2-3b,ours_predict_next,ours,2000,1999,80,0.8,0.4,per_head,True,1,next_chunk,0.5,1599,819,1024,1,ok,6.735818752,0.1,1.0
llama3.2-3b,ours_predict_next,ours,2000,1999,90,0.9,0.4,per_head,True,1,next_chunk,0.5,1599,819,1024,1,ok,6.735480832,0.1,1.0
llama3.2-3b,ours_predict_next,ours,2000,2000,100,1.0,0.4,per_head,True,1,next_chunk,0.5,1600,819,1024,1,ok,6.736295936,0.1,1.0
llama3.2-3b,ours_predict_next,ours,2000,1999,0,0.0,0.6,per_head,True,1,next_chunk,0.6,1999,1024,1536,0,ok,6.763584512,0.1,1.0
llama3.2-3b,ours_predict_next,ours,2000,1999,10,0.1,0.6,per_head,True,1,next_chunk,0.6,1999,1024,1536,0,ok,6.760963072,0.1,1.0
llama3.2-3b,ours_predict_next,ours,2000,1999,20,0.2,0.6,per_head,True,1,next_chunk,0.6,1999,1024,1536,0,ok,6.760977408,0.1,1.0
llama3.2-3b,ours_predict_next,ours,2000,1999,30,0.3,0.6,per_head,True,1,next_chunk,0.6,1999,1024,1536,1,ok,6.750347264,0.1,0.0
llama3.2-3b,ours_predict_next,ours,2000,1999,40,0.4,0.6,per_head,True,1,next_chunk,0.6,1999,1024,1536,0,ok,6.758448128,0.1,0.5
llama3.2-3b,ours_predict_next,ours,2000,1999,50,0.5,0.6,per_head,True,1,next_chunk,0.6,1999,1024,1536,0,ok,6.760662016,0.1,1.0
llama3.2-3b,ours_predict_next,ours,2000,1999,60,0.6,0.6,per_head,True,1,next_chunk,0.6,1999,1024,1536,0,ok,6.751430656,0.1,1.0
llama3.2-3b,ours_predict_next,ours,2000,1999,70,0.7,0.6,per_head,True,1,next_chunk,0.6,1999,1024,1536,0,ok,6.7478016,0.1,1.0
llama3.2-3b,ours_predict_next,ours,2000,1999,80,0.8,0.6,per_head,True,1,next_chunk,0.6,1999,1024,1536,0,ok,6.742060032,0.1,1.0
llama3.2-3b,ours_predict_next,ours,2000,1999,90,0.9,0.6,per_head,True,1,next_chunk,0.6,1999,1024,1536,0,ok,6.741988352,0.1,1.0
llama3.2-3b,ours_predict_next,ours,2000,2000,100,1.0,0.6,per_head,True,1,next_chunk,0.6,2000,1024,1536,0,ok,6.74149888,0.1,1.0
llama3.2-3b,ours_predict_next,ours,2000,1999,0,0.0,0.8,per_head,True,1,next_chunk,0.8,1999,1024,1536,0,ok,6.763584512,0.1,1.0
llama3.2-3b,ours_predict_next,ours,2000,1999,10,0.1,0.8,per_head,True,1,next_chunk,0.8,1999,1024,1536,0,ok,6.760963072,0.1,1.0
llama3.2-3b,ours_predict_next,ours,2000,1999,20,0.2,0.8,per_head,True,1,next_chunk,0.8,1999,1024,1536,0,ok,6.760977408,0.1,1.0
llama3.2-3b,ours_predict_next,ours,2000,1999,30,0.3,0.8,per_head,True,1,next_chunk,0.8,1999,1024,1536,1,ok,6.750347264,0.1,0.0
llama3.2-3b,ours_predict_next,ours,2000,1999,40,0.4,0.8,per_head,True,1,next_chunk,0.8,1999,1024,1536,0,ok,6.758448128,0.1,0.5
llama3.2-3b,ours_predict_next,ours,2000,1999,50,0.5,0.8,per_head,True,1,next_chunk,0.8,1999,1024,1536,0,ok,6.760662016,0.1,1.0
llama3.2-3b,ours_predict_next,ours,2000,1999,60,0.6,0.8,per_head,True,1,next_chunk,0.8,1999,1024,1536,0,ok,6.751430656,0.1,1.0
llama3.2-3b,ours_predict_next,ours,2000,1999,70,0.7,0.8,per_head,True,1,next_chunk,0.8,1999,1024,1536,0,ok,6.7478016,0.1,1.0
llama3.2-3b,ours_predict_next,ours,2000,1999,80,0.8,0.8,per_head,True,1,next_chunk,0.8,1999,1024,1536,0,ok,6.742060032,0.1,1.0
llama3.2-3b,ours_predict_next,ours,2000,1999,90,0.9,0.8,per_head,True,1,next_chunk,0.8,1999,1024,1536,0,ok,6.741988352,0.1,1.0
llama3.2-3b,ours_predict_next,ours,2000,2000,100,1.0,0.8,per_head,True,1,next_chunk,0.8,2000,1024,1536,0,ok,6.74149888,0.1,1.0
llama3.2-3b,ours_predict_next,ours,2000,1999,0,0.0,1.0,per_head,True,1,next_chunk,1.0,1999,1999,2511,0,ok,6.763584512,0.2,1.0
llama3.2-3b,ours_predict_next,ours,2000,1999,10,0.1,1.0,per_head,True,1,next_chunk,1.0,1999,1999,2511,0,ok,6.760963072,0.2,1.0
llama3.2-3b,ours_predict_next,ours,2000,1999,20,0.2,1.0,per_head,True,1,next_chunk,1.0,1999,1999,2511,0,ok,6.760977408,0.2,1.0
llama3.2-3b,ours_predict_next,ours,2000,1999,30,0.3,1.0,per_head,True,1,next_chunk,1.0,1999,1999,2511,0,ok,6.760322048,0.2,0.0
llama3.2-3b,ours_predict_next,ours,2000,1999,40,0.4,1.0,per_head,True,1,next_chunk,1.0,1999,1999,2511,0,ok,6.758448128,0.2,0.5
llama3.2-3b,ours_predict_next,ours,2000,1999,50,0.5,1.0,per_head,True,1,next_chunk,1.0,1999,1999,2511,0,ok,6.760662016,0.2,1.0
llama3.2-3b,ours_predict_next,ours,2000,1999,60,0.6,1.0,per_head,True,1,next_chunk,1.0,1999,1999,2511,0,ok,6.751430656,0.2,1.0
llama3.2-3b,ours_predict_next,ours,2000,1999,70,0.7,1.0,per_head,True,1,next_chunk,1.0,1999,1999,2511,0,ok,6.7478016,0.2,1.0
llama3.2-3b,ours_predict_next,ours,2000,1999,80,0.8,1.0,per_head,True,1,next_chunk,1.0,1999,1999,2511,0,ok,6.742060032,0.2,1.0
llama3.2-3b,ours_predict_next,ours,2000,1999,90,0.9,1.0,per_head,True,1,next_chunk,1.0,1999,1999,2511,0,ok,6.741988352,0.2,1.0
llama3.2-3b,ours_predict_next,ours,2000,2000,100,1.0,1.0,per_head,True,1,next_chunk,1.0,2000,2000,2512,0,ok,6.74149888,0.2,1.0
llama3.2-3b,ours_predict_next,ours,8000,7999,0,0.0,0.0,per_head,True,1,next_chunk,0.0,64,64,1024,4,ok,6.75974144,0.0,0.0
llama3.2-3b,ours_predict_next,ours,8000,7999,10,0.1,0.0,per_head,True,1,next_chunk,0.0,64,64,1024,4,ok,6.755561472,0.0,0.0
llama3.2-3b,ours_predict_next,ours,8000,7999,20,0.2,0.0,per_head,True,1,next_chunk,0.0,64,64,1024,3,ok,6.760482304,0.0,0.0
llama3.2-3b,ours_predict_next,ours,8000,7999,30,0.3,0.0,per_head,True,1,next_chunk,0.0,64,64,1024,3,ok,6.763347456,0.0,0.0
llama3.2-3b,ours_predict_next,ours,8000,7999,40,0.4,0.0,per_head,True,1,next_chunk,0.0,64,64,1024,4,ok,6.759616512,0.0,0.0
llama3.2-3b,ours_predict_next,ours,8000,7999,50,0.5,0.0,per_head,True,1,next_chunk,0.0,64,64,1024,3,ok,6.76189952,0.0,0.0
llama3.2-3b,ours_predict_next,ours,8000,7999,60,0.6,0.0,per_head,True,1,next_chunk,0.0,64,64,1024,3,ok,6.748825088,0.0,0.0
llama3.2-3b,ours_predict_next,ours,8000,7999,70,0.7,0.0,per_head,True,1,next_chunk,0.0,64,64,1024,3,ok,6.752413696,0.0,0.0
llama3.2-3b,ours_predict_next,ours,8000,7999,80,0.8,0.0,per_head,True,1,next_chunk,0.0,64,64,1024,3,ok,6.748825088,0.0,0.0
llama3.2-3b,ours_predict_next,ours,8000,7999,90,0.9,0.0,per_head,True,1,next_chunk,0.0,64,64,1024,4,ok,6.748825088,0.0,0.0
llama3.2-3b,ours_predict_next,ours,8000,8000,100,1.0,0.0,per_head,True,1,next_chunk,0.0,64,64,1024,4,ok,6.748825088,0.0,0.0
llama3.2-3b,ours_predict_next,ours,8000,7999,0,0.0,0.2,per_head,True,1,next_chunk,0.5,3200,410,1024,4,ok,6.840845824,0.1,1.0
llama3.2-3b,ours_predict_next,ours,8000,7999,10,0.1,0.2,per_head,True,1,next_chunk,0.5,3200,410,1024,4,ok,6.841957888,0.1,0.0
llama3.2-3b,ours_predict_next,ours,8000,7999,20,0.2,0.2,per_head,True,1,next_chunk,0.5,3200,410,1024,3,ok,6.845915136,0.1,0.0
llama3.2-3b,ours_predict_next,ours,8000,7999,30,0.3,0.2,per_head,True,1,next_chunk,0.5,3200,410,1024,3,ok,6.841581568,0.1,0.5
llama3.2-3b,ours_predict_next,ours,8000,7999,40,0.4,0.2,per_head,True,1,next_chunk,0.5,3200,410,1024,4,ok,6.842879488,0.1,1.0
llama3.2-3b,ours_predict_next,ours,8000,7999,50,0.5,0.2,per_head,True,1,next_chunk,0.5,3200,410,1024,3,ok,6.844946432,0.1,1.0
llama3.2-3b,ours_predict_next,ours,8000,7999,60,0.6,0.2,per_head,True,1,next_chunk,0.5,3200,410,1024,3,ok,6.826659328,0.1,0.0
llama3.2-3b,ours_predict_next,ours,8000,7999,70,0.7,0.2,per_head,True,1,next_chunk,0.5,3200,410,1024,3,ok,6.832717312,0.1,0.5
llama3.2-3b,ours_predict_next,ours,8000,7999,80,0.8,0.2,per_head,True,1,next_chunk,0.5,3200,410,1024,3,ok,6.827667456,0.1,0.0
llama3.2-3b,ours_predict_next,ours,8000,7999,90,0.9,0.2,per_head,True,1,next_chunk,0.5,3200,410,1024,3,ok,6.8349824,0.1,0.0
llama3.2-3b,ours_predict_next,ours,8000,8000,100,1.0,0.2,per_head,True,1,next_chunk,0.5,3200,410,1024,3,ok,6.835882496,0.1,1.0
llama3.2-3b,ours_predict_next,ours,8000,7999,0,0.0,0.4,per_head,True,1,next_chunk,0.5,6399,819,1024,4,ok,6.979821056,0.2,1.0
llama3.2-3b,ours_predict_next,ours,8000,7999,10,0.1,0.4,per_head,True,1,next_chunk,0.5,6399,819,1024,4,ok,6.978851328,0.2,0.5
llama3.2-3b,ours_predict_next,ours,8000,7999,20,0.2,0.4,per_head,True,1,next_chunk,0.5,6399,819,1024,3,ok,6.955488768,0.2,0.0
llama3.2-3b,ours_predict_next,ours,8000,7999,30,0.3,0.4,per_head,True,1,next_chunk,0.5,6399,819,1024,3,ok,6.953238016,0.2,0.5
llama3.2-3b,ours_predict_next,ours,8000,7999,40,0.4,0.4,per_head,True,1,next_chunk,0.5,6399,819,1024,3,ok,6.952825344,0.2,1.0
llama3.2-3b,ours_predict_next,ours,8000,7999,50,0.5,0.4,per_head,True,1,next_chunk,0.5,6399,819,1024,3,ok,6.953640448,0.2,1.0
llama3.2-3b,ours_predict_next,ours,8000,7999,60,0.6,0.4,per_head,True,1,next_chunk,0.5,6399,819,1024,3,ok,6.956386816,0.2,0.0
llama3.2-3b,ours_predict_next,ours,8000,7999,70,0.7,0.4,per_head,True,1,next_chunk,0.5,6399,819,1024,3,ok,6.954075648,0.2,1.0
llama3.2-3b,ours_predict_next,ours,8000,7999,80,0.8,0.4,per_head,True,1,next_chunk,0.5,6399,819,1024,3,ok,6.955433472,0.2,0.0
llama3.2-3b,ours_predict_next,ours,8000,7999,90,0.9,0.4,per_head,True,1,next_chunk,0.5,6399,819,1024,3,ok,6.973914624,0.2,0.0
llama3.2-3b,ours_predict_next,ours,8000,8000,100,1.0,0.4,per_head,True,1,next_chunk,0.5,6400,819,1024,3,ok,6.971605504,0.2,1.0
llama3.2-3b,ours_predict_next,ours,8000,7999,0,0.0,0.6,per_head,True,1,next_chunk,0.6,7999,1024,1536,2,ok,6.955885056,0.2,1.0
llama3.2-3b,ours_predict_next,ours,8000,7999,10,0.1,0.6,per_head,True,1,next_chunk,0.6,7999,1024,1536,2,ok,6.952321536,0.2,0.5
llama3.2-3b,ours_predict_next,ours,8000,7999,20,0.2,0.6,per_head,True,1,next_chunk,0.6,7999,1024,1536,2,ok,6.938879488,0.2,0.0
llama3.2-3b,ours_predict_next,ours,8000,7999,30,0.3,0.6,per_head,True,1,next_chunk,0.6,7999,1024,1536,2,ok,6.938098176,0.2,0.5
llama3.2-3b,ours_predict_next,ours,8000,7999,40,0.4,0.6,per_head,True,1,next_chunk,0.6,7999,1024,1536,2,ok,6.939898368,0.2,0.5
llama3.2-3b,ours_predict_next,ours,8000,7999,50,0.5,0.6,per_head,True,1,next_chunk,0.6,7999,1024,1536,2,ok,6.949300736,0.2,1.0
llama3.2-3b,ours_predict_next,ours,8000,7999,60,0.6,0.6,per_head,True,1,next_chunk,0.6,7999,1024,1536,2,ok,6.927838208,0.2,0.0
llama3.2-3b,ours_predict_next,ours,8000,7999,70,0.7,0.6,per_head,True,1,next_chunk,0.6,7999,1024,1536,2,ok,6.93047808,0.2,1.0
llama3.2-3b,ours_predict_next,ours,8000,7999,80,0.8,0.6,per_head,True,1,next_chunk,0.6,7999,1024,1536,2,ok,6.92412928,0.2,0.0
llama3.2-3b,ours_predict_next,ours,8000,7999,90,0.9,0.6,per_head,True,1,next_chunk,0.6,7999,1024,1536,2,ok,6.930788864,0.2,0.0
llama3.2-3b,ours_predict_next,ours,8000,8000,100,1.0,0.6,per_head,True,1,next_chunk,0.6,8000,1024,1536,2,ok,6.927988224,0.2,1.0
llama3.2-3b,ours_predict_next,ours,8000,7999,0,0.0,0.8,per_head,True,1,next_chunk,0.8,7999,1024,1536,2,ok,6.955885056,0.3,1.0
llama3.2-3b,ours_predict_next,ours,8000,7999,10,0.1,0.8,per_head,True,1,next_chunk,0.8,7999,1024,1536,2,ok,6.952321536,0.3,0.5
llama3.2-3b,ours_predict_next,ours,8000,7999,20,0.2,0.8,per_head,True,1,next_chunk,0.8,7999,1024,1536,2,ok,6.938879488,0.3,0.0
llama3.2-3b,ours_predict_next,ours,8000,7999,30,0.3,0.8,per_head,True,1,next_chunk,0.8,7999,1024,1536,2,ok,6.938098176,0.3,0.5
llama3.2-3b,ours_predict_next,ours,8000,7999,40,0.4,0.8,per_head,True,1,next_chunk,0.8,7999,1024,1536,2,ok,6.939898368,0.3,0.5
llama3.2-3b,ours_predict_next,ours,8000,7999,50,0.5,0.8,per_head,True,1,next_chunk,0.8,7999,1024,1536,2,ok,6.949300736,0.3,1.0
llama3.2-3b,ours_predict_next,ours,8000,7999,60,0.6,0.8,per_head,True,1,next_chunk,0.8,7999,1024,1536,2,ok,6.927838208,0.3,0.0
llama3.2-3b,ours_predict_next,ours,8000,7999,70,0.7,0.8,per_head,True,1,next_chunk,0.8,7999,1024,1536,2,ok,6.93047808,0.3,1.0
llama3.2-3b,ours_predict_next,ours,8000,7999,80,0.8,0.8,per_head,True,1,next_chunk,0.8,7999,1024,1536,2,ok,6.92412928,0.3,0.0
llama3.2-3b,ours_predict_next,ours,8000,7999,90,0.9,0.8,per_head,True,1,next_chunk,0.8,7999,1024,1536,2,ok,6.930788864,0.3,0.0
llama3.2-3b,ours_predict_next,ours,8000,8000,100,1.0,0.8,per_head,True,1,next_chunk,0.8,8000,1024,1536,2,ok,6.927988224,0.3,1.0
llama3.2-3b,ours_predict_next,ours,8000,7999,0,0.0,1.0,per_head,True,1,next_chunk,1.0,7999,7999,8511,0,ok,7.086656,0.5,1.0
llama3.2-3b,ours_predict_next,ours,8000,7999,10,0.1,1.0,per_head,True,1,next_chunk,1.0,7999,7999,8511,0,ok,7.083636224,0.5,0.5
llama3.2-3b,ours_predict_next,ours,8000,7999,20,0.2,1.0,per_head,True,1,next_chunk,1.0,7999,7999,8511,0,ok,7.066642944,0.5,0.0
llama3.2-3b,ours_predict_next,ours,8000,7999,30,0.3,1.0,per_head,True,1,next_chunk,1.0,7999,7999,8511,0,ok,7.063316992,0.5,0.5
llama3.2-3b,ours_predict_next,ours,8000,7999,40,0.4,1.0,per_head,True,1,next_chunk,1.0,7999,7999,8511,0,ok,7.08028672,0.5,0.5
llama3.2-3b,ours_predict_next,ours,8000,7999,50,0.5,1.0,per_head,True,1,next_chunk,1.0,7999,7999,8511,0,ok,7.074883072,0.5,1.0
llama3.2-3b,ours_predict_next,ours,8000,7999,60,0.6,1.0,per_head,True,1,next_chunk,1.0,7999,7999,8511,0,ok,7.062076928,0.5,0.0
llama3.2-3b,ours_predict_next,ours,8000,7999,70,0.7,1.0,per_head,True,1,next_chunk,1.0,7999,7999,8511,0,ok,7.066688,0.5,1.0
llama3.2-3b,ours_predict_next,ours,8000,7999,80,0.8,1.0,per_head,True,1,next_chunk,1.0,7999,7999,8511,0,ok,7.064992256,0.5,0.0
llama3.2-3b,ours_predict_next,ours,8000,7999,90,0.9,1.0,per_head,True,1,next_chunk,1.0,7999,7999,8511,0,ok,7.080008192,0.5,0.0
llama3.2-3b,ours_predict_next,ours,8000,8000,100,1.0,1.0,per_head,True,1,next_chunk,1.0,8000,8000,8512,0,ok,7.077103104,0.5,1.0
llama3.2-3b,ours_predict_v1,ours,500,498,0,0.0,0.0,per_head,True,1,,0.0,64,64,1024,0,ok,6.675498496,0.0,0.0
llama3.2-3b,ours_predict_v1,ours,500,498,10,0.1,0.0,per_head,True,1,,0.0,64,64,1024,0,ok,6.675498496,0.0,0.0
llama3.2-3b,ours_predict_v1,ours,500,498,20,0.2,0.0,per_head,True,1,,0.0,64,64,1024,0,ok,6.675498496,0.0,0.0
llama3.2-3b,ours_predict_v1,ours,500,498,30,0.3,0.0,per_head,True,1,,0.0,64,64,1024,0,ok,6.675498496,0.0,0.0
llama3.2-3b,ours_predict_v1,ours,500,498,40,0.4,0.0,per_head,True,1,,0.0,64,64,1024,0,ok,6.675498496,0.0,0.0
llama3.2-3b,ours_predict_v1,ours,500,498,50,0.5,0.0,per_head,True,1,,0.0,64,64,1024,0,ok,6.675498496,0.0,0.0
llama3.2-3b,ours_predict_v1,ours,500,498,60,0.6,0.0,per_head,True,1,,0.0,64,64,1024,0,ok,6.675498496,0.0,0.0
llama3.2-3b,ours_predict_v1,ours,500,498,70,0.7,0.0,per_head,True,1,,0.0,64,64,1024,0,ok,6.675498496,0.0,0.0
llama3.2-3b,ours_predict_v1,ours,500,498,80,0.8,0.0,per_head,True,1,,0.0,64,64,1024,0,ok,6.675498496,0.0,0.0
llama3.2-3b,ours_predict_v1,ours,500,498,90,0.9,0.0,per_head,True,1,,0.0,64,64,1024,0,ok,6.675498496,0.0,0.0
llama3.2-3b,ours_predict_v1,ours,500,499,100,1.0,0.0,per_head,True,1,,0.0,64,64,1024,0,ok,6.676069888,0.0,0.0
llama3.2-3b,ours_predict_v1,ours,500,498,0,0.0,0.2,per_head,True,1,,0.5,199,199,1024,0,ok,6.675498496,0.0,1.0
llama3.2-3b,ours_predict_v1,ours,500,498,10,0.1,0.2,per_head,True,1,,0.5,199,199,1024,0,ok,6.675498496,0.0,1.0
llama3.2-3b,ours_predict_v1,ours,500,498,20,0.2,0.2,per_head,True,1,,0.5,199,199,1024,0,ok,6.675498496,0.0,1.0
llama3.2-3b,ours_predict_v1,ours,500,498,30,0.3,0.2,per_head,True,1,,0.5,199,199,1024,0,ok,6.675498496,0.0,1.0
llama3.2-3b,ours_predict_v1,ours,500,498,40,0.4,0.2,per_head,True,1,,0.5,199,199,1024,0,ok,6.675498496,0.0,1.0
llama3.2-3b,ours_predict_v1,ours,500,498,50,0.5,0.2,per_head,True,1,,0.5,199,199,1024,0,ok,6.675498496,0.0,1.0
llama3.2-3b,ours_predict_v1,ours,500,498,60,0.6,0.2,per_head,True,1,,0.5,199,199,1024,0,ok,6.675498496,0.0,1.0
llama3.2-3b,ours_predict_v1,ours,500,498,70,0.7,0.2,per_head,True,1,,0.5,199,199,1024,0,ok,6.675498496,0.0,1.0
llama3.2-3b,ours_predict_v1,ours,500,498,80,0.8,0.2,per_head,True,1,,0.5,199,199,1024,0,ok,6.675498496,0.0,1.0
llama3.2-3b,ours_predict_v1,ours,500,498,90,0.9,0.2,per_head,True,1,,0.5,199,199,1024,0,ok,6.675498496,0.0,1.0
llama3.2-3b,ours_predict_v1,ours,500,499,100,1.0,0.2,per_head,True,1,,0.5,200,200,1024,0,ok,6.676069888,0.0,1.0
llama3.2-3b,ours_predict_v1,ours,500,498,0,0.0,0.4,per_head,True,1,,0.5,398,398,1024,0,ok,6.675498496,0.0,1.0
llama3.2-3b,ours_predict_v1,ours,500,498,10,0.1,0.4,per_head,True,1,,0.5,398,398,1024,0,ok,6.675498496,0.0,1.0
llama3.2-3b,ours_predict_v1,ours,500,498,20,0.2,0.4,per_head,True,1,,0.5,398,398,1024,0,ok,6.675498496,0.0,1.0
llama3.2-3b,ours_predict_v1,ours,500,498,30,0.3,0.4,per_head,True,1,,0.5,398,398,1024,0,ok,6.675498496,0.0,1.0
llama3.2-3b,ours_predict_v1,ours,500,498,40,0.4,0.4,per_head,True,1,,0.5,398,398,1024,0,ok,6.675498496,0.0,1.0
llama3.2-3b,ours_predict_v1,ours,500,498,50,0.5,0.4,per_head,True,1,,0.5,398,398,1024,0,ok,6.675498496,0.0,1.0
llama3.2-3b,ours_predict_v1,ours,500,498,60,0.6,0.4,per_head,True,1,,0.5,398,398,1024,0,ok,6.675498496,0.0,1.0
llama3.2-3b,ours_predict_v1,ours,500,498,70,0.7,0.4,per_head,True,1,,0.5,398,398,1024,0,ok,6.675498496,0.0,1.0
llama3.2-3b,ours_predict_v1,ours,500,498,80,0.8,0.4,per_head,True,1,,0.5,398,398,1024,0,ok,6.675498496,0.0,1.0
llama3.2-3b,ours_predict_v1,ours,500,498,90,0.9,0.4,per_head,True,1,,0.5,398,398,1024,0,ok,6.675498496,0.0,1.0
llama3.2-3b,ours_predict_v1,ours,500,499,100,1.0,0.4,per_head,True,1,,0.5,399,399,1024,0,ok,6.676069888,0.0,1.0
llama3.2-3b,ours_predict_v1,ours,500,498,0,0.0,0.6,per_head,True,1,,0.6,498,498,1024,0,ok,6.675498496,0.0,1.0
llama3.2-3b,ours_predict_v1,ours,500,498,10,0.1,0.6,per_head,True,1,,0.6,498,498,1024,0,ok,6.675498496,0.0,1.0
llama3.2-3b,ours_predict_v1,ours,500,498,20,0.2,0.6,per_head,True,1,,0.6,498,498,1024,0,ok,6.675498496,0.0,1.0
llama3.2-3b,ours_predict_v1,ours,500,498,30,0.3,0.6,per_head,True,1,,0.6,498,498,1024,0,ok,6.675498496,0.0,1.0
llama3.2-3b,ours_predict_v1,ours,500,498,40,0.4,0.6,per_head,True,1,,0.6,498,498,1024,0,ok,6.675498496,0.0,1.0
llama3.2-3b,ours_predict_v1,ours,500,498,50,0.5,0.6,per_head,True,1,,0.6,498,498,1024,0,ok,6.675498496,0.0,1.0
llama3.2-3b,ours_predict_v1,ours,500,498,60,0.6,0.6,per_head,True,1,,0.6,498,498,1024,0,ok,6.675498496,0.0,1.0
llama3.2-3b,ours_predict_v1,ours,500,498,70,0.7,0.6,per_head,True,1,,0.6,498,498,1024,0,ok,6.675498496,0.0,1.0
llama3.2-3b,ours_predict_v1,ours,500,498,80,0.8,0.6,per_head,True,1,,0.6,498,498,1024,0,ok,6.675498496,0.0,1.0
llama3.2-3b,ours_predict_v1,ours,500,498,90,0.9,0.6,per_head,True,1,,0.6,498,498,1024,0,ok,6.675498496,0.0,1.0
llama3.2-3b,ours_predict_v1,ours,500,499,100,1.0,0.6,per_head,True,1,,0.6,499,499,1024,0,ok,6.676069888,0.0,1.0
llama3.2-3b,ours_predict_v1,ours,500,498,0,0.0,0.8,per_head,True,1,,0.8,498,498,1024,0,ok,6.675498496,0.0,1.0
llama3.2-3b,ours_predict_v1,ours,500,498,10,0.1,0.8,per_head,True,1,,0.8,498,498,1024,0,ok,6.675498496,0.0,1.0
llama3.2-3b,ours_predict_v1,ours,500,498,20,0.2,0.8,per_head,True,1,,0.8,498,498,1024,0,ok,6.675498496,0.0,1.0
llama3.2-3b,ours_predict_v1,ours,500,498,30,0.3,0.8,per_head,True,1,,0.8,498,498,1024,0,ok,6.675498496,0.0,1.0
llama3.2-3b,ours_predict_v1,ours,500,498,40,0.4,0.8,per_head,True,1,,0.8,498,498,1024,0,ok,6.675498496,0.0,1.0
llama3.2-3b,ours_predict_v1,ours,500,498,50,0.5,0.8,per_head,True,1,,0.8,498,498,1024,0,ok,6.675498496,0.0,1.0
llama3.2-3b,ours_predict_v1,ours,500,498,60,0.6,0.8,per_head,True,1,,0.8,498,498,1024,0,ok,6.675498496,0.0,1.0
llama3.2-3b,ours_predict_v1,ours,500,498,70,0.7,0.8,per_head,True,1,,0.8,498,498,1024,0,ok,6.675498496,0.0,1.0
llama3.2-3b,ours_predict_v1,ours,500,498,80,0.8,0.8,per_head,True,1,,0.8,498,498,1024,0,ok,6.675498496,0.0,1.0
llama3.2-3b,ours_predict_v1,ours,500,498,90,0.9,0.8,per_head,True,1,,0.8,498,498,1024,0,ok,6.675498496,0.0,1.0
llama3.2-3b,ours_predict_v1,ours,500,499,100,1.0,0.8,per_head,True,1,,0.8,499,499,1024,0,ok,6.676069888,0.0,1.0
llama3.2-3b,ours_predict_v1,ours,500,498,0,0.0,1.0,per_head,True,1,,1.0,498,498,1010,0,ok,6.675498496,0.1,1.0
llama3.2-3b,ours_predict_v1,ours,500,498,10,0.1,1.0,per_head,True,1,,1.0,498,498,1010,0,ok,6.675498496,0.1,1.0
llama3.2-3b,ours_predict_v1,ours,500,498,20,0.2,1.0,per_head,True,1,,1.0,498,498,1010,0,ok,6.675498496,0.1,1.0
llama3.2-3b,ours_predict_v1,ours,500,498,30,0.3,1.0,per_head,True,1,,1.0,498,498,1010,0,ok,6.675498496,0.1,1.0
llama3.2-3b,ours_predict_v1,ours,500,498,40,0.4,1.0,per_head,True,1,,1.0,498,498,1010,0,ok,6.675498496,0.1,1.0
llama3.2-3b,ours_predict_v1,ours,500,498,50,0.5,1.0,per_head,True,1,,1.0,498,498,1010,0,ok,6.675498496,0.1,1.0
llama3.2-3b,ours_predict_v1,ours,500,498,60,0.6,1.0,per_head,True,1,,1.0,498,498,1010,0,ok,6.675498496,0.1,1.0
llama3.2-3b,ours_predict_v1,ours,500,498,70,0.7,1.0,per_head,True,1,,1.0,498,498,1010,0,ok,6.675498496,0.1,1.0
llama3.2-3b,ours_predict_v1,ours,500,498,80,0.8,1.0,per_head,True,1,,1.0,498,498,1010,0,ok,6.675498496,0.1,1.0
llama3.2-3b,ours_predict_v1,ours,500,498,90,0.9,1.0,per_head,True,1,,1.0,498,498,1010,0,ok,6.675498496,0.1,1.0
llama3.2-3b,ours_predict_v1,ours,500,499,100,1.0,1.0,per_head,True,1,,1.0,499,499,1011,0,ok,6.676069888,0.1,1.0
llama3.2-3b,ours_predict_v1,ours,2000,1999,0,0.0,0.0,per_head,True,1,,0.0,64,64,1024,1,ok,6.691900416,0.0,0.0
llama3.2-3b,ours_predict_v1,ours,2000,1999,10,0.1,0.0,per_head,True,1,,0.0,64,64,1024,1,ok,6.691900416,0.0,0.0
llama3.2-3b,ours_predict_v1,ours,2000,1999,20,0.2,0.0,per_head,True,1,,0.0,64,64,1024,1,ok,6.691900416,0.0,0.0
llama3.2-3b,ours_predict_v1,ours,2000,1999,30,0.3,0.0,per_head,True,1,,0.0,64,64,1024,1,ok,6.691900416,0.0,0.0
llama3.2-3b,ours_predict_v1,ours,2000,1999,40,0.4,0.0,per_head,True,1,,0.0,64,64,1024,1,ok,6.691900416,0.0,0.0
llama3.2-3b,ours_predict_v1,ours,2000,1999,50,0.5,0.0,per_head,True,1,,0.0,64,64,1024,1,ok,6.691900416,0.0,0.0
llama3.2-3b,ours_predict_v1,ours,2000,1999,60,0.6,0.0,per_head,True,1,,0.0,64,64,1024,1,ok,6.691900416,0.0,0.0
llama3.2-3b,ours_predict_v1,ours,2000,1999,70,0.7,0.0,per_head,True,1,,0.0,64,64,1024,1,ok,6.691900416,0.0,0.0
llama3.2-3b,ours_predict_v1,ours,2000,1999,80,0.8,0.0,per_head,True,1,,0.0,64,64,1024,1,ok,6.691900416,0.0,0.0
llama3.2-3b,ours_predict_v1,ours,2000,1999,90,0.9,0.0,per_head,True,1,,0.0,64,64,1024,1,ok,6.691900416,0.0,0.0
llama3.2-3b,ours_predict_v1,ours,2000,2000,100,1.0,0.0,per_head,True,1,,0.0,64,64,1024,1,ok,6.695250944,0.0,0.0
llama3.2-3b,ours_predict_v1,ours,2000,1999,0,0.0,0.2,per_head,True,1,,0.5,800,410,1024,1,ok,6.733981696,0.0,1.0
llama3.2-3b,ours_predict_v1,ours,2000,1999,10,0.1,0.2,per_head,True,1,,0.5,800,410,1024,1,ok,6.733981696,0.0,1.0
llama3.2-3b,ours_predict_v1,ours,2000,1999,20,0.2,0.2,per_head,True,1,,0.5,800,410,1024,1,ok,6.733981696,0.0,1.0
llama3.2-3b,ours_predict_v1,ours,2000,1999,30,0.3,0.2,per_head,True,1,,0.5,800,410,1024,1,ok,6.733981696,0.0,1.0
llama3.2-3b,ours_predict_v1,ours,2000,1999,40,0.4,0.2,per_head,True,1,,0.5,800,410,1024,1,ok,6.733981696,0.0,1.0
llama3.2-3b,ours_predict_v1,ours,2000,1999,50,0.5,0.2,per_head,True,1,,0.5,800,410,1024,1,ok,6.733981696,0.0,1.0
llama3.2-3b,ours_predict_v1,ours,2000,1999,60,0.6,0.2,per_head,True,1,,0.5,800,410,1024,1,ok,6.733981696,0.0,1.0
llama3.2-3b,ours_predict_v1,ours,2000,1999,70,0.7,0.2,per_head,True,1,,0.5,800,410,1024,1,ok,6.733981696,0.0,1.0
llama3.2-3b,ours_predict_v1,ours,2000,1999,80,0.8,0.2,per_head,True,1,,0.5,800,410,1024,1,ok,6.734006272,0.0,1.0
llama3.2-3b,ours_predict_v1,ours,2000,1999,90,0.9,0.2,per_head,True,1,,0.5,800,410,1024,1,ok,6.734006272,0.0,1.0
llama3.2-3b,ours_predict_v1,ours,2000,2000,100,1.0,0.2,per_head,True,1,,0.5,800,410,1024,1,ok,6.7312128,0.0,1.0
llama3.2-3b,ours_predict_v1,ours,2000,1999,0,0.0,0.4,per_head,True,1,,0.5,1599,819,1024,1,ok,6.780853248,0.1,1.0
llama3.2-3b,ours_predict_v1,ours,2000,1999,10,0.1,0.4,per_head,True,1,,0.5,1599,819,1024,1,ok,6.780853248,0.1,1.0
llama3.2-3b,ours_predict_v1,ours,2000,1999,20,0.2,0.4,per_head,True,1,,0.5,1599,819,1024,1,ok,6.780853248,0.1,1.0
llama3.2-3b,ours_predict_v1,ours,2000,1999,30,0.3,0.4,per_head,True,1,,0.5,1599,819,1024,1,ok,6.780853248,0.1,1.0
llama3.2-3b,ours_predict_v1,ours,2000,1999,40,0.4,0.4,per_head,True,1,,0.5,1599,819,1024,1,ok,6.780853248,0.1,1.0
llama3.2-3b,ours_predict_v1,ours,2000,1999,50,0.5,0.4,per_head,True,1,,0.5,1599,819,1024,1,ok,6.780853248,0.1,1.0
llama3.2-3b,ours_predict_v1,ours,2000,1999,60,0.6,0.4,per_head,True,1,,0.5,1599,819,1024,1,ok,6.780853248,0.1,1.0
llama3.2-3b,ours_predict_v1,ours,2000,1999,70,0.7,0.4,per_head,True,1,,0.5,1599,819,1024,1,ok,6.780853248,0.1,1.0
llama3.2-3b,ours_predict_v1,ours,2000,1999,80,0.8,0.4,per_head,True,1,,0.5,1599,819,1024,1,ok,6.783683584,0.1,1.0
llama3.2-3b,ours_predict_v1,ours,2000,1999,90,0.9,0.4,per_head,True,1,,0.5,1599,819,1024,1,ok,6.783683584,0.1,1.0
llama3.2-3b,ours_predict_v1,ours,2000,2000,100,1.0,0.4,per_head,True,1,,0.5,1600,819,1024,1,ok,6.782800896,0.1,1.0
llama3.2-3b,ours_predict_v1,ours,2000,1999,0,0.0,0.6,per_head,True,1,,0.6,1999,1024,1536,1,ok,6.750718976,0.1,1.0
llama3.2-3b,ours_predict_v1,ours,2000,1999,10,0.1,0.6,per_head,True,1,,0.6,1999,1024,1536,1,ok,6.750718976,0.1,1.0
llama3.2-3b,ours_predict_v1,ours,2000,1999,20,0.2,0.6,per_head,True,1,,0.6,1999,1024,1536,1,ok,6.750718976,0.1,1.0
llama3.2-3b,ours_predict_v1,ours,2000,1999,30,0.3,0.6,per_head,True,1,,0.6,1999,1024,1536,1,ok,6.750718976,0.1,1.0
llama3.2-3b,ours_predict_v1,ours,2000,1999,40,0.4,0.6,per_head,True,1,,0.6,1999,1024,1536,1,ok,6.750718976,0.1,1.0
llama3.2-3b,ours_predict_v1,ours,2000,1999,50,0.5,0.6,per_head,True,1,,0.6,1999,1024,1536,1,ok,6.750718976,0.1,1.0
llama3.2-3b,ours_predict_v1,ours,2000,1999,60,0.6,0.6,per_head,True,1,,0.6,1999,1024,1536,1,ok,6.750718976,0.1,1.0
llama3.2-3b,ours_predict_v1,ours,2000,1999,70,0.7,0.6,per_head,True,1,,0.6,1999,1024,1536,1,ok,6.750718976,0.1,1.0
llama3.2-3b,ours_predict_v1,ours,2000,1999,80,0.8,0.6,per_head,True,1,,0.6,1999,1024,1536,1,ok,6.750718976,0.1,1.0
llama3.2-3b,ours_predict_v1,ours,2000,1999,90,0.9,0.6,per_head,True,1,,0.6,1999,1024,1536,1,ok,6.750718976,0.1,1.0
llama3.2-3b,ours_predict_v1,ours,2000,2000,100,1.0,0.6,per_head,True,1,,0.6,2000,1024,1536,1,ok,6.753324032,0.1,1.0
llama3.2-3b,ours_predict_v1,ours,2000,1999,0,0.0,0.8,per_head,True,1,,0.8,1999,1024,1536,1,ok,6.750718976,0.1,1.0
llama3.2-3b,ours_predict_v1,ours,2000,1999,10,0.1,0.8,per_head,True,1,,0.8,1999,1024,1536,1,ok,6.750718976,0.1,1.0
llama3.2-3b,ours_predict_v1,ours,2000,1999,20,0.2,0.8,per_head,True,1,,0.8,1999,1024,1536,1,ok,6.750718976,0.1,1.0
llama3.2-3b,ours_predict_v1,ours,2000,1999,30,0.3,0.8,per_head,True,1,,0.8,1999,1024,1536,1,ok,6.750718976,0.1,1.0
llama3.2-3b,ours_predict_v1,ours,2000,1999,40,0.4,0.8,per_head,True,1,,0.8,1999,1024,1536,1,ok,6.750718976,0.1,1.0
llama3.2-3b,ours_predict_v1,ours,2000,1999,50,0.5,0.8,per_head,True,1,,0.8,1999,1024,1536,1,ok,6.750718976,0.1,1.0
llama3.2-3b,ours_predict_v1,ours,2000,1999,60,0.6,0.8,per_head,True,1,,0.8,1999,1024,1536,1,ok,6.750718976,0.1,1.0
llama3.2-3b,ours_predict_v1,ours,2000,1999,70,0.7,0.8,per_head,True,1,,0.8,1999,1024,1536,1,ok,6.750718976,0.1,1.0
llama3.2-3b,ours_predict_v1,ours,2000,1999,80,0.8,0.8,per_head,True,1,,0.8,1999,1024,1536,1,ok,6.750718976,0.1,1.0
llama3.2-3b,ours_predict_v1,ours,2000,1999,90,0.9,0.8,per_head,True,1,,0.8,1999,1024,1536,1,ok,6.750718976,0.1,1.0
llama3.2-3b,ours_predict_v1,ours,2000,2000,100,1.0,0.8,per_head,True,1,,0.8,2000,1024,1536,1,ok,6.753324032,0.1,1.0
llama3.2-3b,ours_predict_v1,ours,2000,1999,0,0.0,1.0,per_head,True,1,,1.0,1999,1999,2511,0,ok,6.810251264,0.2,1.0
llama3.2-3b,ours_predict_v1,ours,2000,1999,10,0.1,1.0,per_head,True,1,,1.0,1999,1999,2511,0,ok,6.810251264,0.2,1.0
llama3.2-3b,ours_predict_v1,ours,2000,1999,20,0.2,1.0,per_head,True,1,,1.0,1999,1999,2511,0,ok,6.810251264,0.2,1.0
llama3.2-3b,ours_predict_v1,ours,2000,1999,30,0.3,1.0,per_head,True,1,,1.0,1999,1999,2511,0,ok,6.810251264,0.2,1.0
llama3.2-3b,ours_predict_v1,ours,2000,1999,40,0.4,1.0,per_head,True,1,,1.0,1999,1999,2511,0,ok,6.810251264,0.2,1.0
llama3.2-3b,ours_predict_v1,ours,2000,1999,50,0.5,1.0,per_head,True,1,,1.0,1999,1999,2511,0,ok,6.810251264,0.2,1.0
llama3.2-3b,ours_predict_v1,ours,2000,1999,60,0.6,1.0,per_head,True,1,,1.0,1999,1999,2511,0,ok,6.810251264,0.2,1.0
llama3.2-3b,ours_predict_v1,ours,2000,1999,70,0.7,1.0,per_head,True,1,,1.0,1999,1999,2511,0,ok,6.810251264,0.2,1.0
llama3.2-3b,ours_predict_v1,ours,2000,1999,80,0.8,1.0,per_head,True,1,,1.0,1999,1999,2511,0,ok,6.808441856,0.2,1.0
llama3.2-3b,ours_predict_v1,ours,2000,1999,90,0.9,1.0,per_head,True,1,,1.0,1999,1999,2511,0,ok,6.808441856,0.2,1.0
llama3.2-3b,ours_predict_v1,ours,2000,2000,100,1.0,1.0,per_head,True,1,,1.0,2000,2000,2512,0,ok,6.810750976,0.2,1.0
llama3.2-3b,ours_predict_v1,ours,8000,7999,0,0.0,0.0,per_head,True,1,,0.0,64,64,1024,7,ok,6.757595648,0.0,0.0
llama3.2-3b,ours_predict_v1,ours,8000,7999,10,0.1,0.0,per_head,True,1,,0.0,64,64,1024,7,ok,6.757595648,0.0,0.0
llama3.2-3b,ours_predict_v1,ours,8000,7999,20,0.2,0.0,per_head,True,1,,0.0,64,64,1024,6,ok,6.757595648,0.0,0.0
llama3.2-3b,ours_predict_v1,ours,8000,7999,30,0.3,0.0,per_head,True,1,,0.0,64,64,1024,6,ok,6.757595648,0.0,0.0
llama3.2-3b,ours_predict_v1,ours,8000,7999,40,0.4,0.0,per_head,True,1,,0.0,64,64,1024,6,ok,6.757595648,0.0,0.0
llama3.2-3b,ours_predict_v1,ours,8000,7999,50,0.5,0.0,per_head,True,1,,0.0,64,64,1024,6,ok,6.758430208,0.0,0.0
llama3.2-3b,ours_predict_v1,ours,8000,7999,60,0.6,0.0,per_head,True,1,,0.0,64,64,1024,6,ok,6.757595648,0.0,0.0
llama3.2-3b,ours_predict_v1,ours,8000,7999,70,0.7,0.0,per_head,True,1,,0.0,64,64,1024,6,ok,6.757595648,0.0,0.0
llama3.2-3b,ours_predict_v1,ours,8000,7999,80,0.8,0.0,per_head,True,1,,0.0,64,64,1024,6,ok,6.757595648,0.0,0.0
llama3.2-3b,ours_predict_v1,ours,8000,7999,90,0.9,0.0,per_head,True,1,,0.0,64,64,1024,6,ok,6.757595648,0.0,0.0
llama3.2-3b,ours_predict_v1,ours,8000,8000,100,1.0,0.0,per_head,True,1,,0.0,64,64,1024,6,ok,6.757595648,0.0,0.0
llama3.2-3b,ours_predict_v1,ours,8000,7999,0,0.0,0.2,per_head,True,1,,0.5,3200,410,1024,6,ok,6.951455232,0.2,1.0
llama3.2-3b,ours_predict_v1,ours,8000,7999,10,0.1,0.2,per_head,True,1,,0.5,3200,410,1024,6,ok,6.951455232,0.2,1.0
llama3.2-3b,ours_predict_v1,ours,8000,7999,20,0.2,0.2,per_head,True,1,,0.5,3200,410,1024,5,ok,6.94100224,0.2,1.0
llama3.2-3b,ours_predict_v1,ours,8000,7999,30,0.3,0.2,per_head,True,1,,0.5,3200,410,1024,5,ok,6.94100224,0.2,0.0
llama3.2-3b,ours_predict_v1,ours,8000,7999,40,0.4,0.2,per_head,True,1,,0.5,3200,410,1024,5,ok,6.9385344,0.2,0.5
llama3.2-3b,ours_predict_v1,ours,8000,7999,50,0.5,0.2,per_head,True,1,,0.5,3200,410,1024,5,ok,6.938438144,0.2,0.0
llama3.2-3b,ours_predict_v1,ours,8000,7999,60,0.6,0.2,per_head,True,1,,0.5,3200,410,1024,6,ok,6.949579264,0.2,1.0
llama3.2-3b,ours_predict_v1,ours,8000,7999,70,0.7,0.2,per_head,True,1,,0.5,3200,410,1024,6,ok,6.961350656,0.1,0.0
llama3.2-3b,ours_predict_v1,ours,8000,7999,80,0.8,0.2,per_head,True,1,,0.5,3200,410,1024,6,ok,6.961645056,0.1,0.0
llama3.2-3b,ours_predict_v1,ours,8000,7999,90,0.9,0.2,per_head,True,1,,0.5,3200,410,1024,6,ok,6.962222592,0.1,1.0
llama3.2-3b,ours_predict_v1,ours,8000,8000,100,1.0,0.2,per_head,True,1,,0.5,3200,410,1024,6,ok,6.93641472,0.2,1.0
llama3.2-3b,ours_predict_v1,ours,8000,7999,0,0.0,0.4,per_head,True,1,,0.5,6399,819,1024,6,ok,7.236709888,0.3,1.0
llama3.2-3b,ours_predict_v1,ours,8000,7999,10,0.1,0.4,per_head,True,1,,0.5,6399,819,1024,6,ok,7.22158336,0.3,1.0
llama3.2-3b,ours_predict_v1,ours,8000,7999,20,0.2,0.4,per_head,True,1,,0.5,6399,819,1024,5,ok,7.141886464,0.3,1.0
llama3.2-3b,ours_predict_v1,ours,8000,7999,30,0.3,0.4,per_head,True,1,,0.5,6399,819,1024,5,ok,7.141498368,0.3,1.0
llama3.2-3b,ours_predict_v1,ours,8000,7999,40,0.4,0.4,per_head,True,1,,0.5,6399,819,1024,5,ok,7.141356032,0.3,1.0
llama3.2-3b,ours_predict_v1,ours,8000,7999,50,0.5,0.4,per_head,True,1,,0.5,6399,819,1024,5,ok,7.143254528,0.3,1.0
llama3.2-3b,ours_predict_v1,ours,8000,7999,60,0.6,0.4,per_head,True,1,,0.5,6399,819,1024,6,ok,7.22094848,0.3,1.0
llama3.2-3b,ours_predict_v1,ours,8000,7999,70,0.7,0.4,per_head,True,1,,0.5,6399,819,1024,6,ok,7.197449728,0.3,1.0
llama3.2-3b,ours_predict_v1,ours,8000,7999,80,0.8,0.4,per_head,True,1,,0.5,6399,819,1024,6,ok,7.197572608,0.3,1.0
llama3.2-3b,ours_predict_v1,ours,8000,7999,90,0.9,0.4,per_head,True,1,,0.5,6399,819,1024,6,ok,7.197185536,0.3,1.0
llama3.2-3b,ours_predict_v1,ours,8000,8000,100,1.0,0.4,per_head,True,1,,0.5,6400,819,1024,6,ok,7.178132992,0.3,1.0
llama3.2-3b,ours_predict_v1,ours,8000,7999,0,0.0,0.6,per_head,True,1,,0.6,7999,1024,1536,4,ok,7.16235264,0.3,1.0
llama3.2-3b,ours_predict_v1,ours,8000,7999,10,0.1,0.6,per_head,True,1,,0.6,7999,1024,1536,4,ok,7.16235264,0.3,1.0
llama3.2-3b,ours_predict_v1,ours,8000,7999,20,0.2,0.6,per_head,True,1,,0.6,7999,1024,1536,4,ok,7.163370496,0.3,1.0
llama3.2-3b,ours_predict_v1,ours,8000,7999,30,0.3,0.6,per_head,True,1,,0.6,7999,1024,1536,4,ok,7.16235264,0.3,1.0
llama3.2-3b,ours_predict_v1,ours,8000,7999,40,0.4,0.6,per_head,True,1,,0.6,7999,1024,1536,4,ok,7.163103744,0.3,1.0
llama3.2-3b,ours_predict_v1,ours,8000,7999,50,0.5,0.6,per_head,True,1,,0.6,7999,1024,1536,4,ok,7.164177408,0.3,1.0
llama3.2-3b,ours_predict_v1,ours,8000,7999,60,0.6,0.6,per_head,True,1,,0.6,7999,1024,1536,4,ok,7.162101248,0.3,1.0
llama3.2-3b,ours_predict_v1,ours,8000,7999,70,0.7,0.6,per_head,True,1,,0.6,7999,1024,1536,4,ok,7.163871744,0.3,1.0
llama3.2-3b,ours_predict_v1,ours,8000,7999,80,0.8,0.6,per_head,True,1,,0.6,7999,1024,1536,4,ok,7.161006592,0.3,1.0
llama3.2-3b,ours_predict_v1,ours,8000,7999,90,0.9,0.6,per_head,True,1,,0.6,7999,1024,1536,4,ok,7.163232768,0.3,1.0
llama3.2-3b,ours_predict_v1,ours,8000,8000,100,1.0,0.6,per_head,True,1,,0.6,8000,1024,1536,4,ok,7.163232768,0.3,1.0
llama3.2-3b,ours_predict_v1,ours,8000,7999,0,0.0,0.8,per_head,True,1,,0.8,7999,1024,1536,4,ok,7.16235264,0.4,1.0
llama3.2-3b,ours_predict_v1,ours,8000,7999,10,0.1,0.8,per_head,True,1,,0.8,7999,1024,1536,4,ok,7.16235264,0.4,1.0
llama3.2-3b,ours_predict_v1,ours,8000,7999,20,0.2,0.8,per_head,True,1,,0.8,7999,1024,1536,4,ok,7.163370496,0.4,1.0
llama3.2-3b,ours_predict_v1,ours,8000,7999,30,0.3,0.8,per_head,True,1,,0.8,7999,1024,1536,4,ok,7.16235264,0.4,1.0
llama3.2-3b,ours_predict_v1,ours,8000,7999,40,0.4,0.8,per_head,True,1,,0.8,7999,1024,1536,4,ok,7.163103744,0.4,1.0
llama3.2-3b,ours_predict_v1,ours,8000,7999,50,0.5,0.8,per_head,True,1,,0.8,7999,1024,1536,4,ok,7.164177408,0.4,1.0
llama3.2-3b,ours_predict_v1,ours,8000,7999,60,0.6,0.8,per_head,True,1,,0.8,7999,1024,1536,4,ok,7.162101248,0.5,1.0
llama3.2-3b,ours_predict_v1,ours,8000,7999,70,0.7,0.8,per_head,True,1,,0.8,7999,1024,1536,4,ok,7.163871744,0.5,1.0
llama3.2-3b,ours_predict_v1,ours,8000,7999,80,0.8,0.8,per_head,True,1,,0.8,7999,1024,1536,4,ok,7.161006592,0.5,1.0
llama3.2-3b,ours_predict_v1,ours,8000,7999,90,0.9,0.8,per_head,True,1,,0.8,7999,1024,1536,4,ok,7.163232768,0.5,1.0
llama3.2-3b,ours_predict_v1,ours,8000,8000,100,1.0,0.8,per_head,True,1,,0.8,8000,1024,1536,4,ok,7.163232768,0.5,1.0
llama3.2-3b,ours_predict_v1,ours,8000,7999,0,0.0,1.0,per_head,True,1,,1.0,7999,7999,8511,0,ok,7.493299712,0.9,1.0
llama3.2-3b,ours_predict_v1,ours,8000,7999,10,0.1,1.0,per_head,True,1,,1.0,7999,7999,8511,0,ok,7.493415424,0.9,1.0
llama3.2-3b,ours_predict_v1,ours,8000,7999,20,0.2,1.0,per_head,True,1,,1.0,7999,7999,8511,0,ok,7.493739008,0.9,1.0
llama3.2-3b,ours_predict_v1,ours,8000,7999,30,0.3,1.0,per_head,True,1,,1.0,7999,7999,8511,0,ok,7.493935616,0.9,1.0
llama3.2-3b,ours_predict_v1,ours,8000,7999,40,0.4,1.0,per_head,True,1,,1.0,7999,7999,8511,0,ok,7.493534208,0.9,1.0
llama3.2-3b,ours_predict_v1,ours,8000,7999,50,0.5,1.0,per_head,True,1,,1.0,7999,7999,8511,0,ok,7.493741056,0.9,1.0
llama3.2-3b,ours_predict_v1,ours,8000,7999,60,0.6,1.0,per_head,True,1,,1.0,7999,7999,8511,0,ok,7.492279808,0.9,1.0
llama3.2-3b,ours_predict_v1,ours,8000,7999,70,0.7,1.0,per_head,True,1,,1.0,7999,7999,8511,0,ok,7.494686208,0.9,1.0
llama3.2-3b,ours_predict_v1,ours,8000,7999,80,0.8,1.0,per_head,True,1,,1.0,7999,7999,8511,0,ok,7.494429184,0.9,1.0
llama3.2-3b,ours_predict_v1,ours,8000,7999,90,0.9,1.0,per_head,True,1,,1.0,7999,7999,8511,0,ok,7.494429184,0.9,1.0
llama3.2-3b,ours_predict_v1,ours,8000,8000,100,1.0,1.0,per_head,True,1,,1.0,8000,8000,8512,0,ok,7.494056448,0.9,1.0
llama3.2-3b,ours_predict_v2,ours,500,498,0,0.0,0.0,per_head,True,2,,0.0,64,64,1024,0,ok,6.675498496,0.0,0.0
llama3.2-3b,ours_predict_v2,ours,500,498,10,0.1,0.0,per_head,True,2,,0.0,64,64,1024,0,ok,6.675498496,0.0,0.0
llama3.2-3b,ours_predict_v2,ours,500,498,20,0.2,0.0,per_head,True,2,,0.0,64,64,1024,0,ok,6.675498496,0.0,0.0
llama3.2-3b,ours_predict_v2,ours,500,498,30,0.3,0.0,per_head,True,2,,0.0,64,64,1024,0,ok,6.675498496,0.0,0.0
llama3.2-3b,ours_predict_v2,ours,500,498,40,0.4,0.0,per_head,True,2,,0.0,64,64,1024,0,ok,6.675498496,0.0,0.0
llama3.2-3b,ours_predict_v2,ours,500,498,50,0.5,0.0,per_head,True,2,,0.0,64,64,1024,0,ok,6.675498496,0.0,0.0
llama3.2-3b,ours_predict_v2,ours,500,498,60,0.6,0.0,per_head,True,2,,0.0,64,64,1024,0,ok,6.675498496,0.0,0.0
llama3.2-3b,ours_predict_v2,ours,500,498,70,0.7,0.0,per_head,True,2,,0.0,64,64,1024,0,ok,6.675498496,0.0,0.0
llama3.2-3b,ours_predict_v2,ours,500,498,80,0.8,0.0,per_head,True,2,,0.0,64,64,1024,0,ok,6.675498496,0.0,0.0
llama3.2-3b,ours_predict_v2,ours,500,498,90,0.9,0.0,per_head,True,2,,0.0,64,64,1024,0,ok,6.675498496,0.0,0.0
llama3.2-3b,ours_predict_v2,ours,500,499,100,1.0,0.0,per_head,True,2,,0.0,64,64,1024,0,ok,6.676069888,0.0,0.0
llama3.2-3b,ours_predict_v2,ours,500,498,0,0.0,0.2,per_head,True,2,,0.5,199,199,1024,0,ok,6.675498496,0.0,1.0
llama3.2-3b,ours_predict_v2,ours,500,498,10,0.1,0.2,per_head,True,2,,0.5,199,199,1024,0,ok,6.675498496,0.0,1.0
llama3.2-3b,ours_predict_v2,ours,500,498,20,0.2,0.2,per_head,True,2,,0.5,199,199,1024,0,ok,6.675498496,0.0,1.0
llama3.2-3b,ours_predict_v2,ours,500,498,30,0.3,0.2,per_head,True,2,,0.5,199,199,1024,0,ok,6.675498496,0.0,1.0
llama3.2-3b,ours_predict_v2,ours,500,498,40,0.4,0.2,per_head,True,2,,0.5,199,199,1024,0,ok,6.675498496,0.0,1.0
llama3.2-3b,ours_predict_v2,ours,500,498,50,0.5,0.2,per_head,True,2,,0.5,199,199,1024,0,ok,6.675498496,0.0,1.0
llama3.2-3b,ours_predict_v2,ours,500,498,60,0.6,0.2,per_head,True,2,,0.5,199,199,1024,0,ok,6.675498496,0.0,1.0
llama3.2-3b,ours_predict_v2,ours,500,498,70,0.7,0.2,per_head,True,2,,0.5,199,199,1024,0,ok,6.675498496,0.0,1.0
llama3.2-3b,ours_predict_v2,ours,500,498,80,0.8,0.2,per_head,True,2,,0.5,199,199,1024,0,ok,6.675498496,0.0,1.0
llama3.2-3b,ours_predict_v2,ours,500,498,90,0.9,0.2,per_head,True,2,,0.5,199,199,1024,0,ok,6.675498496,0.0,1.0
llama3.2-3b,ours_predict_v2,ours,500,499,100,1.0,0.2,per_head,True,2,,0.5,200,200,1024,0,ok,6.676069888,0.0,1.0
llama3.2-3b,ours_predict_v2,ours,500,498,0,0.0,0.4,per_head,True,2,,0.5,398,398,1024,0,ok,6.675498496,0.0,1.0
llama3.2-3b,ours_predict_v2,ours,500,498,10,0.1,0.4,per_head,True,2,,0.5,398,398,1024,0,ok,6.675498496,0.0,1.0
llama3.2-3b,ours_predict_v2,ours,500,498,20,0.2,0.4,per_head,True,2,,0.5,398,398,1024,0,ok,6.675498496,0.0,1.0
llama3.2-3b,ours_predict_v2,ours,500,498,30,0.3,0.4,per_head,True,2,,0.5,398,398,1024,0,ok,6.675498496,0.0,1.0
llama3.2-3b,ours_predict_v2,ours,500,498,40,0.4,0.4,per_head,True,2,,0.5,398,398,1024,0,ok,6.675498496,0.0,1.0
llama3.2-3b,ours_predict_v2,ours,500,498,50,0.5,0.4,per_head,True,2,,0.5,398,398,1024,0,ok,6.675498496,0.0,1.0
llama3.2-3b,ours_predict_v2,ours,500,498,60,0.6,0.4,per_head,True,2,,0.5,398,398,1024,0,ok,6.675498496,0.0,1.0
llama3.2-3b,ours_predict_v2,ours,500,498,70,0.7,0.4,per_head,True,2,,0.5,398,398,1024,0,ok,6.675498496,0.0,1.0
llama3.2-3b,ours_predict_v2,ours,500,498,80,0.8,0.4,per_head,True,2,,0.5,398,398,1024,0,ok,6.675498496,0.0,1.0
llama3.2-3b,ours_predict_v2,ours,500,498,90,0.9,0.4,per_head,True,2,,0.5,398,398,1024,0,ok,6.675498496,0.0,1.0
llama3.2-3b,ours_predict_v2,ours,500,499,100,1.0,0.4,per_head,True,2,,0.5,399,399,1024,0,ok,6.676069888,0.0,1.0
llama3.2-3b,ours_predict_v2,ours,500,498,0,0.0,0.6,per_head,True,2,,0.6,498,498,1024,0,ok,6.675498496,0.0,1.0
llama3.2-3b,ours_predict_v2,ours,500,498,10,0.1,0.6,per_head,True,2,,0.6,498,498,1024,0,ok,6.675498496,0.0,1.0
llama3.2-3b,ours_predict_v2,ours,500,498,20,0.2,0.6,per_head,True,2,,0.6,498,498,1024,0,ok,6.675498496,0.0,1.0
llama3.2-3b,ours_predict_v2,ours,500,498,30,0.3,0.6,per_head,True,2,,0.6,498,498,1024,0,ok,6.675498496,0.0,1.0
llama3.2-3b,ours_predict_v2,ours,500,498,40,0.4,0.6,per_head,True,2,,0.6,498,498,1024,0,ok,6.675498496,0.0,1.0
llama3.2-3b,ours_predict_v2,ours,500,498,50,0.5,0.6,per_head,True,2,,0.6,498,498,1024,0,ok,6.675498496,0.0,1.0
llama3.2-3b,ours_predict_v2,ours,500,498,60,0.6,0.6,per_head,True,2,,0.6,498,498,1024,0,ok,6.675498496,0.0,1.0
llama3.2-3b,ours_predict_v2,ours,500,498,70,0.7,0.6,per_head,True,2,,0.6,498,498,1024,0,ok,6.675498496,0.0,1.0
llama3.2-3b,ours_predict_v2,ours,500,498,80,0.8,0.6,per_head,True,2,,0.6,498,498,1024,0,ok,6.675498496,0.0,1.0
llama3.2-3b,ours_predict_v2,ours,500,498,90,0.9,0.6,per_head,True,2,,0.6,498,498,1024,0,ok,6.675498496,0.0,1.0
llama3.2-3b,ours_predict_v2,ours,500,499,100,1.0,0.6,per_head,True,2,,0.6,499,499,1024,0,ok,6.676069888,0.0,1.0
llama3.2-3b,ours_predict_v2,ours,500,498,0,0.0,0.8,per_head,True,2,,0.8,498,498,1024,0,ok,6.675498496,0.0,1.0
llama3.2-3b,ours_predict_v2,ours,500,498,10,0.1,0.8,per_head,True,2,,0.8,498,498,1024,0,ok,6.675498496,0.0,1.0
llama3.2-3b,ours_predict_v2,ours,500,498,20,0.2,0.8,per_head,True,2,,0.8,498,498,1024,0,ok,6.675498496,0.0,1.0
llama3.2-3b,ours_predict_v2,ours,500,498,30,0.3,0.8,per_head,True,2,,0.8,498,498,1024,0,ok,6.675498496,0.0,1.0
llama3.2-3b,ours_predict_v2,ours,500,498,40,0.4,0.8,per_head,True,2,,0.8,498,498,1024,0,ok,6.675498496,0.0,1.0
llama3.2-3b,ours_predict_v2,ours,500,498,50,0.5,0.8,per_head,True,2,,0.8,498,498,1024,0,ok,6.675498496,0.0,1.0
llama3.2-3b,ours_predict_v2,ours,500,498,60,0.6,0.8,per_head,True,2,,0.8,498,498,1024,0,ok,6.675498496,0.0,1.0
llama3.2-3b,ours_predict_v2,ours,500,498,70,0.7,0.8,per_head,True,2,,0.8,498,498,1024,0,ok,6.675498496,0.0,1.0
llama3.2-3b,ours_predict_v2,ours,500,498,80,0.8,0.8,per_head,True,2,,0.8,498,498,1024,0,ok,6.675498496,0.0,1.0
llama3.2-3b,ours_predict_v2,ours,500,498,90,0.9,0.8,per_head,True,2,,0.8,498,498,1024,0,ok,6.675498496,0.0,1.0
llama3.2-3b,ours_predict_v2,ours,500,499,100,1.0,0.8,per_head,True,2,,0.8,499,499,1024,0,ok,6.676069888,0.0,1.0
llama3.2-3b,ours_predict_v2,ours,500,498,0,0.0,1.0,per_head,True,2,,1.0,498,498,1010,0,ok,6.675498496,0.1,1.0
llama3.2-3b,ours_predict_v2,ours,500,498,10,0.1,1.0,per_head,True,2,,1.0,498,498,1010,0,ok,6.675498496,0.1,1.0
llama3.2-3b,ours_predict_v2,ours,500,498,20,0.2,1.0,per_head,True,2,,1.0,498,498,1010,0,ok,6.675498496,0.1,1.0
llama3.2-3b,ours_predict_v2,ours,500,498,30,0.3,1.0,per_head,True,2,,1.0,498,498,1010,0,ok,6.675498496,0.1,1.0
llama3.2-3b,ours_predict_v2,ours,500,498,40,0.4,1.0,per_head,True,2,,1.0,498,498,1010,0,ok,6.675498496,0.1,1.0
llama3.2-3b,ours_predict_v2,ours,500,498,50,0.5,1.0,per_head,True,2,,1.0,498,498,1010,0,ok,6.675498496,0.1,1.0
llama3.2-3b,ours_predict_v2,ours,500,498,60,0.6,1.0,per_head,True,2,,1.0,498,498,1010,0,ok,6.675498496,0.1,1.0
llama3.2-3b,ours_predict_v2,ours,500,498,70,0.7,1.0,per_head,True,2,,1.0,498,498,1010,0,ok,6.675498496,0.1,1.0
llama3.2-3b,ours_predict_v2,ours,500,498,80,0.8,1.0,per_head,True,2,,1.0,498,498,1010,0,ok,6.675498496,0.1,1.0
llama3.2-3b,ours_predict_v2,ours,500,498,90,0.9,1.0,per_head,True,2,,1.0,498,498,1010,0,ok,6.675498496,0.1,1.0
llama3.2-3b,ours_predict_v2,ours,500,499,100,1.0,1.0,per_head,True,2,,1.0,499,499,1011,0,ok,6.676069888,0.1,1.0
llama3.2-3b,ours_predict_v2,ours,2000,1999,0,0.0,0.0,per_head,True,2,,0.0,64,64,1024,1,ok,6.691900416,0.0,0.0
llama3.2-3b,ours_predict_v2,ours,2000,1999,10,0.1,0.0,per_head,True,2,,0.0,64,64,1024,1,ok,6.691900416,0.0,0.0
llama3.2-3b,ours_predict_v2,ours,2000,1999,20,0.2,0.0,per_head,True,2,,0.0,64,64,1024,1,ok,6.691900416,0.0,0.0
llama3.2-3b,ours_predict_v2,ours,2000,1999,30,0.3,0.0,per_head,True,2,,0.0,64,64,1024,1,ok,6.691900416,0.0,0.0
llama3.2-3b,ours_predict_v2,ours,2000,1999,40,0.4,0.0,per_head,True,2,,0.0,64,64,1024,1,ok,6.691900416,0.0,0.0
llama3.2-3b,ours_predict_v2,ours,2000,1999,50,0.5,0.0,per_head,True,2,,0.0,64,64,1024,1,ok,6.691900416,0.0,0.0
llama3.2-3b,ours_predict_v2,ours,2000,1999,60,0.6,0.0,per_head,True,2,,0.0,64,64,1024,1,ok,6.691900416,0.0,0.0
llama3.2-3b,ours_predict_v2,ours,2000,1999,70,0.7,0.0,per_head,True,2,,0.0,64,64,1024,1,ok,6.691900416,0.0,0.0
llama3.2-3b,ours_predict_v2,ours,2000,1999,80,0.8,0.0,per_head,True,2,,0.0,64,64,1024,1,ok,6.691900416,0.0,0.0
llama3.2-3b,ours_predict_v2,ours,2000,1999,90,0.9,0.0,per_head,True,2,,0.0,64,64,1024,1,ok,6.691900416,0.0,0.0
llama3.2-3b,ours_predict_v2,ours,2000,2000,100,1.0,0.0,per_head,True,2,,0.0,64,64,1024,1,ok,6.692185088,0.0,0.0
llama3.2-3b,ours_predict_v2,ours,2000,1999,0,0.0,0.2,per_head,True,2,,0.5,800,410,1024,1,ok,6.733981696,0.0,1.0
llama3.2-3b,ours_predict_v2,ours,2000,1999,10,0.1,0.2,per_head,True,2,,0.5,800,410,1024,1,ok,6.733981696,0.0,1.0
llama3.2-3b,ours_predict_v2,ours,2000,1999,20,0.2,0.2,per_head,True,2,,0.5,800,410,1024,1,ok,6.733981696,0.0,1.0
llama3.2-3b,ours_predict_v2,ours,2000,1999,30,0.3,0.2,per_head,True,2,,0.5,800,410,1024,1,ok,6.733981696,0.0,1.0
llama3.2-3b,ours_predict_v2,ours,2000,1999,40,0.4,0.2,per_head,True,2,,0.5,800,410,1024,1,ok,6.733981696,0.0,1.0
llama3.2-3b,ours_predict_v2,ours,2000,1999,50,0.5,0.2,per_head,True,2,,0.5,800,410,1024,1,ok,6.733981696,0.0,1.0
llama3.2-3b,ours_predict_v2,ours,2000,1999,60,0.6,0.2,per_head,True,2,,0.5,800,410,1024,1,ok,6.733981696,0.0,1.0
llama3.2-3b,ours_predict_v2,ours,2000,1999,70,0.7,0.2,per_head,True,2,,0.5,800,410,1024,1,ok,6.733981696,0.0,1.0
llama3.2-3b,ours_predict_v2,ours,2000,1999,80,0.8,0.2,per_head,True,2,,0.5,800,410,1024,1,ok,6.734006272,0.0,1.0
llama3.2-3b,ours_predict_v2,ours,2000,1999,90,0.9,0.2,per_head,True,2,,0.5,800,410,1024,1,ok,6.733981696,0.0,1.0
llama3.2-3b,ours_predict_v2,ours,2000,2000,100,1.0,0.2,per_head,True,2,,0.5,800,410,1024,1,ok,6.737170432,0.0,1.0
llama3.2-3b,ours_predict_v2,ours,2000,1999,0,0.0,0.4,per_head,True,2,,0.5,1599,819,1024,1,ok,6.780853248,0.1,1.0
llama3.2-3b,ours_predict_v2,ours,2000,1999,10,0.1,0.4,per_head,True,2,,0.5,1599,819,1024,1,ok,6.780853248,0.1,1.0
llama3.2-3b,ours_predict_v2,ours,2000,1999,20,0.2,0.4,per_head,True,2,,0.5,1599,819,1024,1,ok,6.780853248,0.1,1.0
llama3.2-3b,ours_predict_v2,ours,2000,1999,30,0.3,0.4,per_head,True,2,,0.5,1599,819,1024,1,ok,6.780853248,0.1,1.0
llama3.2-3b,ours_predict_v2,ours,2000,1999,40,0.4,0.4,per_head,True,2,,0.5,1599,819,1024,1,ok,6.780853248,0.1,1.0
llama3.2-3b,ours_predict_v2,ours,2000,1999,50,0.5,0.4,per_head,True,2,,0.5,1599,819,1024,1,ok,6.780853248,0.1,1.0
llama3.2-3b,ours_predict_v2,ours,2000,1999,60,0.6,0.4,per_head,True,2,,0.5,1599,819,1024,1,ok,6.780853248,0.1,1.0
llama3.2-3b,ours_predict_v2,ours,2000,1999,70,0.7,0.4,per_head,True,2,,0.5,1599,819,1024,1,ok,6.780853248,0.1,1.0
llama3.2-3b,ours_predict_v2,ours,2000,1999,80,0.8,0.4,per_head,True,2,,0.5,1599,819,1024,1,ok,6.783683584,0.1,1.0
llama3.2-3b,ours_predict_v2,ours,2000,1999,90,0.9,0.4,per_head,True,2,,0.5,1599,819,1024,1,ok,6.780853248,0.1,1.0
llama3.2-3b,ours_predict_v2,ours,2000,2000,100,1.0,0.4,per_head,True,2,,0.5,1600,819,1024,1,ok,6.780910592,0.1,1.0
llama3.2-3b,ours_predict_v2,ours,2000,1999,0,0.0,0.6,per_head,True,2,,0.6,1999,1024,1536,1,ok,6.750718976,0.1,1.0
llama3.2-3b,ours_predict_v2,ours,2000,1999,10,0.1,0.6,per_head,True,2,,0.6,1999,1024,1536,1,ok,6.750718976,0.1,1.0
llama3.2-3b,ours_predict_v2,ours,2000,1999,20,0.2,0.6,per_head,True,2,,0.6,1999,1024,1536,1,ok,6.750718976,0.1,1.0
llama3.2-3b,ours_predict_v2,ours,2000,1999,30,0.3,0.6,per_head,True,2,,0.6,1999,1024,1536,1,ok,6.750718976,0.1,1.0
llama3.2-3b,ours_predict_v2,ours,2000,1999,40,0.4,0.6,per_head,True,2,,0.6,1999,1024,1536,1,ok,6.750718976,0.1,1.0
llama3.2-3b,ours_predict_v2,ours,2000,1999,50,0.5,0.6,per_head,True,2,,0.6,1999,1024,1536,1,ok,6.750718976,0.1,1.0
llama3.2-3b,ours_predict_v2,ours,2000,1999,60,0.6,0.6,per_head,True,2,,0.6,1999,1024,1536,1,ok,6.750718976,0.1,1.0
llama3.2-3b,ours_predict_v2,ours,2000,1999,70,0.7,0.6,per_head,True,2,,0.6,1999,1024,1536,1,ok,6.750718976,0.1,1.0
llama3.2-3b,ours_predict_v2,ours,2000,1999,80,0.8,0.6,per_head,True,2,,0.6,1999,1024,1536,1,ok,6.750718976,0.1,1.0
llama3.2-3b,ours_predict_v2,ours,2000,1999,90,0.9,0.6,per_head,True,2,,0.6,1999,1024,1536,1,ok,6.750718976,0.1,1.0
llama3.2-3b,ours_predict_v2,ours,2000,2000,100,1.0,0.6,per_head,True,2,,0.6,2000,1024,1536,1,ok,6.753324032,0.1,1.0
llama3.2-3b,ours_predict_v2,ours,2000,1999,0,0.0,0.8,per_head,True,2,,0.8,1999,1024,1536,1,ok,6.750718976,0.1,1.0
llama3.2-3b,ours_predict_v2,ours,2000,1999,10,0.1,0.8,per_head,True,2,,0.8,1999,1024,1536,1,ok,6.750718976,0.1,1.0
llama3.2-3b,ours_predict_v2,ours,2000,1999,20,0.2,0.8,per_head,True,2,,0.8,1999,1024,1536,1,ok,6.750718976,0.1,1.0
llama3.2-3b,ours_predict_v2,ours,2000,1999,30,0.3,0.8,per_head,True,2,,0.8,1999,1024,1536,1,ok,6.750718976,0.1,1.0
llama3.2-3b,ours_predict_v2,ours,2000,1999,40,0.4,0.8,per_head,True,2,,0.8,1999,1024,1536,1,ok,6.750718976,0.1,1.0
llama3.2-3b,ours_predict_v2,ours,2000,1999,50,0.5,0.8,per_head,True,2,,0.8,1999,1024,1536,1,ok,6.750718976,0.1,1.0
llama3.2-3b,ours_predict_v2,ours,2000,1999,60,0.6,0.8,per_head,True,2,,0.8,1999,1024,1536,1,ok,6.750718976,0.1,1.0
llama3.2-3b,ours_predict_v2,ours,2000,1999,70,0.7,0.8,per_head,True,2,,0.8,1999,1024,1536,1,ok,6.750718976,0.1,1.0
llama3.2-3b,ours_predict_v2,ours,2000,1999,80,0.8,0.8,per_head,True,2,,0.8,1999,1024,1536,1,ok,6.750718976,0.1,1.0
llama3.2-3b,ours_predict_v2,ours,2000,1999,90,0.9,0.8,per_head,True,2,,0.8,1999,1024,1536,1,ok,6.750718976,0.1,1.0
llama3.2-3b,ours_predict_v2,ours,2000,2000,100,1.0,0.8,per_head,True,2,,0.8,2000,1024,1536,1,ok,6.753324032,0.1,1.0
llama3.2-3b,ours_predict_v2,ours,2000,1999,0,0.0,1.0,per_head,True,2,,1.0,1999,1999,2511,0,ok,6.810251264,0.2,1.0
llama3.2-3b,ours_predict_v2,ours,2000,1999,10,0.1,1.0,per_head,True,2,,1.0,1999,1999,2511,0,ok,6.810251264,0.2,1.0
llama3.2-3b,ours_predict_v2,ours,2000,1999,20,0.2,1.0,per_head,True,2,,1.0,1999,1999,2511,0,ok,6.810251264,0.2,1.0
llama3.2-3b,ours_predict_v2,ours,2000,1999,30,0.3,1.0,per_head,True,2,,1.0,1999,1999,2511,0,ok,6.810251264,0.2,1.0
llama3.2-3b,ours_predict_v2,ours,2000,1999,40,0.4,1.0,per_head,True,2,,1.0,1999,1999,2511,0,ok,6.810251264,0.2,1.0
llama3.2-3b,ours_predict_v2,ours,2000,1999,50,0.5,1.0,per_head,True,2,,1.0,1999,1999,2511,0,ok,6.810251264,0.2,1.0
llama3.2-3b,ours_predict_v2,ours,2000,1999,60,0.6,1.0,per_head,True,2,,1.0,1999,1999,2511,0,ok,6.810251264,0.2,1.0
llama3.2-3b,ours_predict_v2,ours,2000,1999,70,0.7,1.0,per_head,True,2,,1.0,1999,1999,2511,0,ok,6.810251264,0.2,1.0
llama3.2-3b,ours_predict_v2,ours,2000,1999,80,0.8,1.0,per_head,True,2,,1.0,1999,1999,2511,0,ok,6.808441856,0.2,1.0
llama3.2-3b,ours_predict_v2,ours,2000,1999,90,0.9,1.0,per_head,True,2,,1.0,1999,1999,2511,0,ok,6.808441856,0.2,1.0
llama3.2-3b,ours_predict_v2,ours,2000,2000,100,1.0,1.0,per_head,True,2,,1.0,2000,2000,2512,0,ok,6.809232384,0.2,1.0
llama3.2-3b,ours_predict_v2,ours,8000,7999,0,0.0,0.0,per_head,True,2,,0.0,64,64,1024,7,ok,6.757595648,0.0,0.0
llama3.2-3b,ours_predict_v2,ours,8000,7999,10,0.1,0.0,per_head,True,2,,0.0,64,64,1024,7,ok,6.757595648,0.0,0.0
llama3.2-3b,ours_predict_v2,ours,8000,7999,20,0.2,0.0,per_head,True,2,,0.0,64,64,1024,6,ok,6.757595648,0.0,0.0
llama3.2-3b,ours_predict_v2,ours,8000,7999,30,0.3,0.0,per_head,True,2,,0.0,64,64,1024,6,ok,6.757595648,0.0,0.0
llama3.2-3b,ours_predict_v2,ours,8000,7999,40,0.4,0.0,per_head,True,2,,0.0,64,64,1024,6,ok,6.757595648,0.0,0.0
llama3.2-3b,ours_predict_v2,ours,8000,7999,50,0.5,0.0,per_head,True,2,,0.0,64,64,1024,6,ok,6.758430208,0.0,0.0
llama3.2-3b,ours_predict_v2,ours,8000,7999,60,0.6,0.0,per_head,True,2,,0.0,64,64,1024,6,ok,6.757595648,0.0,0.0
llama3.2-3b,ours_predict_v2,ours,8000,7999,70,0.7,0.0,per_head,True,2,,0.0,64,64,1024,6,ok,6.757595648,0.0,0.0
llama3.2-3b,ours_predict_v2,ours,8000,7999,80,0.8,0.0,per_head,True,2,,0.0,64,64,1024,6,ok,6.760669696,0.0,0.0
llama3.2-3b,ours_predict_v2,ours,8000,7999,90,0.9,0.0,per_head,True,2,,0.0,64,64,1024,6,ok,6.760669696,0.0,0.0
llama3.2-3b,ours_predict_v2,ours,8000,8000,100,1.0,0.0,per_head,True,2,,0.0,64,64,1024,6,ok,6.760669696,0.0,0.0
llama3.2-3b,ours_predict_v2,ours,8000,7999,0,0.0,0.2,per_head,True,2,,0.5,3200,410,1024,6,ok,6.951420416,0.2,1.0
llama3.2-3b,ours_predict_v2,ours,8000,7999,10,0.1,0.2,per_head,True,2,,0.5,3200,410,1024,6,ok,6.951420416,0.2,1.0
llama3.2-3b,ours_predict_v2,ours,8000,7999,20,0.2,0.2,per_head,True,2,,0.5,3200,410,1024,5,ok,6.94100224,0.2,1.0
llama3.2-3b,ours_predict_v2,ours,8000,7999,30,0.3,0.2,per_head,True,2,,0.5,3200,410,1024,5,ok,6.94100224,0.2,1.0
llama3.2-3b,ours_predict_v2,ours,8000,7999,40,0.4,0.2,per_head,True,2,,0.5,3200,410,1024,5,ok,6.9385344,0.2,0.5
llama3.2-3b,ours_predict_v2,ours,8000,7999,50,0.5,0.2,per_head,True,2,,0.5,3200,410,1024,5,ok,6.938438144,0.2,0.0
llama3.2-3b,ours_predict_v2,ours,8000,7999,60,0.6,0.2,per_head,True,2,,0.5,3200,410,1024,6,ok,6.98768128,0.2,1.0
llama3.2-3b,ours_predict_v2,ours,8000,7999,70,0.7,0.2,per_head,True,2,,0.5,3200,410,1024,6,ok,6.9634048,0.1,0.0
llama3.2-3b,ours_predict_v2,ours,8000,7999,80,0.8,0.2,per_head,True,2,,0.5,3200,410,1024,6,ok,6.962380288,0.1,0.0
llama3.2-3b,ours_predict_v2,ours,8000,7999,90,0.9,0.2,per_head,True,2,,0.5,3200,410,1024,6,ok,6.962222592,0.1,0.5
llama3.2-3b,ours_predict_v2,ours,8000,8000,100,1.0,0.2,per_head,True,2,,0.5,3200,410,1024,6,ok,6.96352,0.1,1.0
llama3.2-3b,ours_predict_v2,ours,8000,7999,0,0.0,0.4,per_head,True,2,,0.5,6399,819,1024,6,ok,7.22158336,0.3,1.0
llama3.2-3b,ours_predict_v2,ours,8000,7999,10,0.1,0.4,per_head,True,2,,0.5,6399,819,1024,6,ok,7.22158336,0.3,1.0
llama3.2-3b,ours_predict_v2,ours,8000,7999,20,0.2,0.4,per_head,True,2,,0.5,6399,819,1024,5,ok,7.141886464,0.3,1.0
llama3.2-3b,ours_predict_v2,ours,8000,7999,30,0.3,0.4,per_head,True,2,,0.5,6399,819,1024,5,ok,7.141498368,0.3,1.0
llama3.2-3b,ours_predict_v2,ours,8000,7999,40,0.4,0.4,per_head,True,2,,0.5,6399,819,1024,5,ok,7.142338048,0.3,1.0
llama3.2-3b,ours_predict_v2,ours,8000,7999,50,0.5,0.4,per_head,True,2,,0.5,6399,819,1024,5,ok,7.142052352,0.3,1.0
llama3.2-3b,ours_predict_v2,ours,8000,7999,60,0.6,0.4,per_head,True,2,,0.5,6399,819,1024,6,ok,7.220512256,0.3,1.0
llama3.2-3b,ours_predict_v2,ours,8000,7999,70,0.7,0.4,per_head,True,2,,0.5,6399,819,1024,6,ok,7.196984832,0.3,1.0
llama3.2-3b,ours_predict_v2,ours,8000,7999,80,0.8,0.4,per_head,True,2,,0.5,6399,819,1024,6,ok,7.195547136,0.3,1.0
llama3.2-3b,ours_predict_v2,ours,8000,7999,90,0.9,0.4,per_head,True,2,,0.5,6399,819,1024,6,ok,7.19864832,0.3,1.0
llama3.2-3b,ours_predict_v2,ours,8000,8000,100,1.0,0.4,per_head,True,2,,0.5,6400,819,1024,6,ok,7.197779456,0.3,1.0
llama3.2-3b,ours_predict_v2,ours,8000,7999,0,0.0,0.6,per_head,True,2,,0.6,7999,1024,1536,4,ok,7.16235264,0.3,1.0
llama3.2-3b,ours_predict_v2,ours,8000,7999,10,0.1,0.6,per_head,True,2,,0.6,7999,1024,1536,4,ok,7.16235264,0.3,1.0
llama3.2-3b,ours_predict_v2,ours,8000,7999,20,0.2,0.6,per_head,True,2,,0.6,7999,1024,1536,4,ok,7.163370496,0.3,1.0
llama3.2-3b,ours_predict_v2,ours,8000,7999,30,0.3,0.6,per_head,True,2,,0.6,7999,1024,1536,4,ok,7.16235264,0.3,1.0
llama3.2-3b,ours_predict_v2,ours,8000,7999,40,0.4,0.6,per_head,True,2,,0.6,7999,1024,1536,4,ok,7.163103744,0.3,1.0
llama3.2-3b,ours_predict_v2,ours,8000,7999,50,0.5,0.6,per_head,True,2,,0.6,7999,1024,1536,4,ok,7.164177408,0.3,1.0
llama3.2-3b,ours_predict_v2,ours,8000,7999,60,0.6,0.6,per_head,True,2,,0.6,7999,1024,1536,4,ok,7.162101248,0.3,1.0
llama3.2-3b,ours_predict_v2,ours,8000,7999,70,0.7,0.6,per_head,True,2,,0.6,7999,1024,1536,4,ok,7.163871744,0.3,1.0
llama3.2-3b,ours_predict_v2,ours,8000,7999,80,0.8,0.6,per_head,True,2,,0.6,7999,1024,1536,4,ok,7.163232768,0.3,1.0
llama3.2-3b,ours_predict_v2,ours,8000,7999,90,0.9,0.6,per_head,True,2,,0.6,7999,1024,1536,4,ok,7.163232768,0.3,1.0
llama3.2-3b,ours_predict_v2,ours,8000,8000,100,1.0,0.6,per_head,True,2,,0.6,8000,1024,1536,4,ok,7.163232768,0.3,1.0
llama3.2-3b,ours_predict_v2,ours,8000,7999,0,0.0,0.8,per_head,True,2,,0.8,7999,1024,1536,4,ok,7.16235264,0.4,1.0
llama3.2-3b,ours_predict_v2,ours,8000,7999,10,0.1,0.8,per_head,True,2,,0.8,7999,1024,1536,4,ok,7.16235264,0.4,1.0
llama3.2-3b,ours_predict_v2,ours,8000,7999,20,0.2,0.8,per_head,True,2,,0.8,7999,1024,1536,4,ok,7.163370496,0.4,1.0
llama3.2-3b,ours_predict_v2,ours,8000,7999,30,0.3,0.8,per_head,True,2,,0.8,7999,1024,1536,4,ok,7.16235264,0.4,1.0
llama3.2-3b,ours_predict_v2,ours,8000,7999,40,0.4,0.8,per_head,True,2,,0.8,7999,1024,1536,4,ok,7.163103744,0.4,1.0
llama3.2-3b,ours_predict_v2,ours,8000,7999,50,0.5,0.8,per_head,True,2,,0.8,7999,1024,1536,4,ok,7.164177408,0.4,1.0
llama3.2-3b,ours_predict_v2,ours,8000,7999,60,0.6,0.8,per_head,True,2,,0.8,7999,1024,1536,4,ok,7.162101248,0.5,1.0
llama3.2-3b,ours_predict_v2,ours,8000,7999,70,0.7,0.8,per_head,True,2,,0.8,7999,1024,1536,4,ok,7.163871744,0.5,1.0
llama3.2-3b,ours_predict_v2,ours,8000,7999,80,0.8,0.8,per_head,True,2,,0.8,7999,1024,1536,4,ok,7.163232768,0.5,1.0
llama3.2-3b,ours_predict_v2,ours,8000,7999,90,0.9,0.8,per_head,True,2,,0.8,7999,1024,1536,4,ok,7.163232768,0.5,1.0
llama3.2-3b,ours_predict_v2,ours,8000,8000,100,1.0,0.8,per_head,True,2,,0.8,8000,1024,1536,4,ok,7.163232768,0.5,1.0
llama3.2-3b,ours_predict_v2,ours,8000,7999,0,0.0,1.0,per_head,True,2,,1.0,7999,7999,8511,0,ok,7.493902848,0.9,1.0
llama3.2-3b,ours_predict_v2,ours,8000,7999,10,0.1,1.0,per_head,True,2,,1.0,7999,7999,8511,0,ok,7.493902848,0.9,1.0
llama3.2-3b,ours_predict_v2,ours,8000,7999,20,0.2,1.0,per_head,True,2,,1.0,7999,7999,8511,0,ok,7.493626368,0.9,1.0
llama3.2-3b,ours_predict_v2,ours,8000,7999,30,0.3,1.0,per_head,True,2,,1.0,7999,7999,8511,0,ok,7.494456832,0.9,1.0
llama3.2-3b,ours_predict_v2,ours,8000,7999,40,0.4,1.0,per_head,True,2,,1.0,7999,7999,8511,0,ok,7.494537728,0.9,1.0
llama3.2-3b,ours_predict_v2,ours,8000,7999,50,0.5,1.0,per_head,True,2,,1.0,7999,7999,8511,0,ok,7.494414848,0.9,1.0
llama3.2-3b,ours_predict_v2,ours,8000,7999,60,0.6,1.0,per_head,True,2,,1.0,7999,7999,8511,0,ok,7.493062144,0.9,1.0
llama3.2-3b,ours_predict_v2,ours,8000,7999,70,0.7,1.0,per_head,True,2,,1.0,7999,7999,8511,0,ok,7.49457152,0.9,1.0
llama3.2-3b,ours_predict_v2,ours,8000,7999,80,0.8,1.0,per_head,True,2,,1.0,7999,7999,8511,0,ok,7.493039616,0.9,1.0
llama3.2-3b,ours_predict_v2,ours,8000,7999,90,0.9,1.0,per_head,True,2,,1.0,7999,7999,8511,0,ok,7.493162496,0.9,1.0
llama3.2-3b,ours_predict_v2,ours,8000,8000,100,1.0,1.0,per_head,True,2,,1.0,8000,8000,8512,0,ok,7.493285376,0.9,1.0
qwen3-4b,kvzip,kvzip,500,499,0,0.0,0.0,per_head,False,1,self,0.0,,,,,ok,8.310710784,0.0,0.0
qwen3-4b,kvzip,kvzip,500,499,10,0.1,0.0,per_head,False,1,self,0.0,,,,,ok,8.310710784,0.0,0.0
qwen3-4b,kvzip,kvzip,500,499,20,0.2,0.0,per_head,False,1,self,0.0,,,,,ok,8.310710784,0.0,0.0
qwen3-4b,kvzip,kvzip,500,499,30,0.3,0.0,per_head,False,1,self,0.0,,,,,ok,8.310710784,0.0,0.0
qwen3-4b,kvzip,kvzip,500,499,40,0.4,0.0,per_head,False,1,self,0.0,,,,,ok,8.310710784,0.0,0.0
qwen3-4b,kvzip,kvzip,500,499,50,0.5,0.0,per_head,False,1,self,0.0,,,,,ok,8.310710784,0.0,0.0
qwen3-4b,kvzip,kvzip,500,499,60,0.6,0.0,per_head,False,1,self,0.0,,,,,ok,8.310710784,0.0,0.0
qwen3-4b,kvzip,kvzip,500,499,70,0.7,0.0,per_head,False,1,self,0.0,,,,,ok,8.310710784,0.0,0.0
qwen3-4b,kvzip,kvzip,500,499,80,0.8,0.0,per_head,False,1,self,0.0,,,,,ok,8.310710784,0.0,0.0
qwen3-4b,kvzip,kvzip,500,499,90,0.9,0.0,per_head,False,1,self,0.0,,,,,ok,8.310710784,0.0,0.0
qwen3-4b,kvzip,kvzip,500,500,100,1.0,0.0,per_head,False,1,self,0.0,,,,,ok,8.311337472,0.0,0.0
qwen3-4b,kvzip,kvzip,500,499,0,0.0,0.2,per_head,False,1,self,0.2,,,,,ok,8.310710784,0.0,1.0
qwen3-4b,kvzip,kvzip,500,499,10,0.1,0.2,per_head,False,1,self,0.2,,,,,ok,8.310710784,0.0,1.0
qwen3-4b,kvzip,kvzip,500,499,20,0.2,0.2,per_head,False,1,self,0.2,,,,,ok,8.310710784,0.0,1.0
qwen3-4b,kvzip,kvzip,500,499,30,0.3,0.2,per_head,False,1,self,0.2,,,,,ok,8.310710784,0.0,1.0
qwen3-4b,kvzip,kvzip,500,499,40,0.4,0.2,per_head,False,1,self,0.2,,,,,ok,8.310710784,0.0,1.0
qwen3-4b,kvzip,kvzip,500,499,50,0.5,0.2,per_head,False,1,self,0.2,,,,,ok,8.310710784,0.0,1.0
qwen3-4b,kvzip,kvzip,500,499,60,0.6,0.2,per_head,False,1,self,0.2,,,,,ok,8.310710784,0.0,1.0
qwen3-4b,kvzip,kvzip,500,499,70,0.7,0.2,per_head,False,1,self,0.2,,,,,ok,8.310710784,0.0,1.0
qwen3-4b,kvzip,kvzip,500,499,80,0.8,0.2,per_head,False,1,self,0.2,,,,,ok,8.310710784,0.0,1.0
qwen3-4b,kvzip,kvzip,500,499,90,0.9,0.2,per_head,False,1,self,0.2,,,,,ok,8.310710784,0.0,1.0
qwen3-4b,kvzip,kvzip,500,500,100,1.0,0.2,per_head,False,1,self,0.2,,,,,ok,8.311337472,0.0,1.0
qwen3-4b,kvzip,kvzip,500,499,0,0.0,0.4,per_head,False,1,self,0.4,,,,,ok,8.310710784,0.0,1.0
qwen3-4b,kvzip,kvzip,500,499,10,0.1,0.4,per_head,False,1,self,0.4,,,,,ok,8.310710784,0.0,1.0
qwen3-4b,kvzip,kvzip,500,499,20,0.2,0.4,per_head,False,1,self,0.4,,,,,ok,8.310710784,0.0,1.0
qwen3-4b,kvzip,kvzip,500,499,30,0.3,0.4,per_head,False,1,self,0.4,,,,,ok,8.310710784,0.0,1.0
qwen3-4b,kvzip,kvzip,500,499,40,0.4,0.4,per_head,False,1,self,0.4,,,,,ok,8.310710784,0.0,1.0
qwen3-4b,kvzip,kvzip,500,499,50,0.5,0.4,per_head,False,1,self,0.4,,,,,ok,8.310710784,0.0,1.0
qwen3-4b,kvzip,kvzip,500,499,60,0.6,0.4,per_head,False,1,self,0.4,,,,,ok,8.310710784,0.0,1.0
qwen3-4b,kvzip,kvzip,500,499,70,0.7,0.4,per_head,False,1,self,0.4,,,,,ok,8.310710784,0.0,1.0
qwen3-4b,kvzip,kvzip,500,499,80,0.8,0.4,per_head,False,1,self,0.4,,,,,ok,8.310710784,0.0,1.0
qwen3-4b,kvzip,kvzip,500,499,90,0.9,0.4,per_head,False,1,self,0.4,,,,,ok,8.310710784,0.0,1.0
qwen3-4b,kvzip,kvzip,500,500,100,1.0,0.4,per_head,False,1,self,0.4,,,,,ok,8.311337472,0.0,1.0
qwen3-4b,kvzip,kvzip,500,499,0,0.0,0.6,per_head,False,1,self,0.6,,,,,ok,8.310710784,0.0,1.0
qwen3-4b,kvzip,kvzip,500,499,10,0.1,0.6,per_head,False,1,self,0.6,,,,,ok,8.310710784,0.0,1.0
qwen3-4b,kvzip,kvzip,500,499,20,0.2,0.6,per_head,False,1,self,0.6,,,,,ok,8.310710784,0.0,1.0
qwen3-4b,kvzip,kvzip,500,499,30,0.3,0.6,per_head,False,1,self,0.6,,,,,ok,8.310710784,0.0,1.0
qwen3-4b,kvzip,kvzip,500,499,40,0.4,0.6,per_head,False,1,self,0.6,,,,,ok,8.310710784,0.0,1.0
qwen3-4b,kvzip,kvzip,500,499,50,0.5,0.6,per_head,False,1,self,0.6,,,,,ok,8.310710784,0.0,1.0
qwen3-4b,kvzip,kvzip,500,499,60,0.6,0.6,per_head,False,1,self,0.6,,,,,ok,8.310710784,0.0,1.0
qwen3-4b,kvzip,kvzip,500,499,70,0.7,0.6,per_head,False,1,self,0.6,,,,,ok,8.310710784,0.0,1.0
qwen3-4b,kvzip,kvzip,500,499,80,0.8,0.6,per_head,False,1,self,0.6,,,,,ok,8.310710784,0.0,1.0
qwen3-4b,kvzip,kvzip,500,499,90,0.9,0.6,per_head,False,1,self,0.6,,,,,ok,8.310710784,0.0,1.0
qwen3-4b,kvzip,kvzip,500,500,100,1.0,0.6,per_head,False,1,self,0.6,,,,,ok,8.311337472,0.0,1.0
qwen3-4b,kvzip,kvzip,500,499,0,0.0,0.8,per_head,False,1,self,0.8,,,,,ok,8.310710784,0.1,1.0
qwen3-4b,kvzip,kvzip,500,499,10,0.1,0.8,per_head,False,1,self,0.8,,,,,ok,8.310710784,0.1,1.0
qwen3-4b,kvzip,kvzip,500,499,20,0.2,0.8,per_head,False,1,self,0.8,,,,,ok,8.310710784,0.1,1.0
qwen3-4b,kvzip,kvzip,500,499,30,0.3,0.8,per_head,False,1,self,0.8,,,,,ok,8.310710784,0.1,1.0
qwen3-4b,kvzip,kvzip,500,499,40,0.4,0.8,per_head,False,1,self,0.8,,,,,ok,8.310710784,0.1,1.0
qwen3-4b,kvzip,kvzip,500,499,50,0.5,0.8,per_head,False,1,self,0.8,,,,,ok,8.310710784,0.1,1.0
qwen3-4b,kvzip,kvzip,500,499,60,0.6,0.8,per_head,False,1,self,0.8,,,,,ok,8.310710784,0.1,1.0
qwen3-4b,kvzip,kvzip,500,499,70,0.7,0.8,per_head,False,1,self,0.8,,,,,ok,8.310710784,0.1,1.0
qwen3-4b,kvzip,kvzip,500,499,80,0.8,0.8,per_head,False,1,self,0.8,,,,,ok,8.310710784,0.1,1.0
qwen3-4b,kvzip,kvzip,500,499,90,0.9,0.8,per_head,False,1,self,0.8,,,,,ok,8.310710784,0.1,1.0
qwen3-4b,kvzip,kvzip,500,500,100,1.0,0.8,per_head,False,1,self,0.8,,,,,ok,8.311337472,0.1,1.0
qwen3-4b,kvzip,kvzip,500,499,0,0.0,1.0,per_head,False,1,self,1.0,,,,,ok,8.310710784,0.1,1.0
qwen3-4b,kvzip,kvzip,500,499,10,0.1,1.0,per_head,False,1,self,1.0,,,,,ok,8.310710784,0.1,1.0
qwen3-4b,kvzip,kvzip,500,499,20,0.2,1.0,per_head,False,1,self,1.0,,,,,ok,8.310710784,0.1,1.0
qwen3-4b,kvzip,kvzip,500,499,30,0.3,1.0,per_head,False,1,self,1.0,,,,,ok,8.310710784,0.1,1.0
qwen3-4b,kvzip,kvzip,500,499,40,0.4,1.0,per_head,False,1,self,1.0,,,,,ok,8.310710784,0.1,1.0
qwen3-4b,kvzip,kvzip,500,499,50,0.5,1.0,per_head,False,1,self,1.0,,,,,ok,8.310710784,0.1,1.0
qwen3-4b,kvzip,kvzip,500,499,60,0.6,1.0,per_head,False,1,self,1.0,,,,,ok,8.310710784,0.1,1.0
qwen3-4b,kvzip,kvzip,500,499,70,0.7,1.0,per_head,False,1,self,1.0,,,,,ok,8.310710784,0.1,1.0
qwen3-4b,kvzip,kvzip,500,499,80,0.8,1.0,per_head,False,1,self,1.0,,,,,ok,8.310710784,0.1,1.0
qwen3-4b,kvzip,kvzip,500,499,90,0.9,1.0,per_head,False,1,self,1.0,,,,,ok,8.310710784,0.1,1.0
qwen3-4b,kvzip,kvzip,500,500,100,1.0,1.0,per_head,False,1,self,1.0,,,,,ok,8.311337472,0.1,1.0
qwen3-4b,kvzip,kvzip,2000,1999,0,0.0,0.0,per_head,False,1,self,0.0,,,,,ok,9.768700928,0.0,0.0
qwen3-4b,kvzip,kvzip,2000,1999,10,0.1,0.0,per_head,False,1,self,0.0,,,,,ok,9.768700928,0.0,0.0
qwen3-4b,kvzip,kvzip,2000,1999,20,0.2,0.0,per_head,False,1,self,0.0,,,,,ok,9.768700928,0.0,0.0
qwen3-4b,kvzip,kvzip,2000,1999,30,0.3,0.0,per_head,False,1,self,0.0,,,,,ok,9.768700928,0.0,0.0
qwen3-4b,kvzip,kvzip,2000,1999,40,0.4,0.0,per_head,False,1,self,0.0,,,,,ok,9.768700928,0.0,0.0
qwen3-4b,kvzip,kvzip,2000,1999,50,0.5,0.0,per_head,False,1,self,0.0,,,,,ok,9.768700928,0.0,0.0
qwen3-4b,kvzip,kvzip,2000,1999,60,0.6,0.0,per_head,False,1,self,0.0,,,,,ok,9.768700928,0.0,0.0
qwen3-4b,kvzip,kvzip,2000,1999,70,0.7,0.0,per_head,False,1,self,0.0,,,,,ok,9.768700928,0.0,0.0
qwen3-4b,kvzip,kvzip,2000,1999,80,0.8,0.0,per_head,False,1,self,0.0,,,,,ok,9.768700928,0.0,0.0
qwen3-4b,kvzip,kvzip,2000,1999,90,0.9,0.0,per_head,False,1,self,0.0,,,,,ok,9.768700928,0.0,0.0
qwen3-4b,kvzip,kvzip,2000,2000,100,1.0,0.0,per_head,False,1,self,0.0,,,,,ok,9.769539072,0.0,0.0
qwen3-4b,kvzip,kvzip,2000,1999,0,0.0,0.2,per_head,False,1,self,0.2,,,,,ok,9.768700928,0.1,1.0
qwen3-4b,kvzip,kvzip,2000,1999,10,0.1,0.2,per_head,False,1,self,0.2,,,,,ok,9.768700928,0.1,1.0
qwen3-4b,kvzip,kvzip,2000,1999,20,0.2,0.2,per_head,False,1,self,0.2,,,,,ok,9.768700928,0.1,1.0
qwen3-4b,kvzip,kvzip,2000,1999,30,0.3,0.2,per_head,False,1,self,0.2,,,,,ok,9.768700928,0.1,1.0
qwen3-4b,kvzip,kvzip,2000,1999,40,0.4,0.2,per_head,False,1,self,0.2,,,,,ok,9.768700928,0.1,1.0
qwen3-4b,kvzip,kvzip,2000,1999,50,0.5,0.2,per_head,False,1,self,0.2,,,,,ok,9.768700928,0.1,1.0
qwen3-4b,kvzip,kvzip,2000,1999,60,0.6,0.2,per_head,False,1,self,0.2,,,,,ok,9.768700928,0.1,1.0
qwen3-4b,kvzip,kvzip,2000,1999,70,0.7,0.2,per_head,False,1,self,0.2,,,,,ok,9.768700928,0.1,1.0
qwen3-4b,kvzip,kvzip,2000,1999,80,0.8,0.2,per_head,False,1,self,0.2,,,,,ok,9.768700928,0.1,1.0
qwen3-4b,kvzip,kvzip,2000,1999,90,0.9,0.2,per_head,False,1,self,0.2,,,,,ok,9.768700928,0.1,1.0
qwen3-4b,kvzip,kvzip,2000,2000,100,1.0,0.2,per_head,False,1,self,0.2,,,,,ok,9.769539072,0.1,1.0
qwen3-4b,kvzip,kvzip,2000,1999,0,0.0,0.4,per_head,False,1,self,0.4,,,,,ok,9.768700928,0.1,1.0
qwen3-4b,kvzip,kvzip,2000,1999,10,0.1,0.4,per_head,False,1,self,0.4,,,,,ok,9.768700928,0.1,1.0
qwen3-4b,kvzip,kvzip,2000,1999,20,0.2,0.4,per_head,False,1,self,0.4,,,,,ok,9.768700928,0.1,1.0
qwen3-4b,kvzip,kvzip,2000,1999,30,0.3,0.4,per_head,False,1,self,0.4,,,,,ok,9.768700928,0.1,1.0
qwen3-4b,kvzip,kvzip,2000,1999,40,0.4,0.4,per_head,False,1,self,0.4,,,,,ok,9.768700928,0.1,1.0
qwen3-4b,kvzip,kvzip,2000,1999,50,0.5,0.4,per_head,False,1,self,0.4,,,,,ok,9.768700928,0.1,1.0
qwen3-4b,kvzip,kvzip,2000,1999,60,0.6,0.4,per_head,False,1,self,0.4,,,,,ok,9.768700928,0.1,1.0
qwen3-4b,kvzip,kvzip,2000,1999,70,0.7,0.4,per_head,False,1,self,0.4,,,,,ok,9.768700928,0.1,1.0
qwen3-4b,kvzip,kvzip,2000,1999,80,0.8,0.4,per_head,False,1,self,0.4,,,,,ok,9.768700928,0.1,1.0
qwen3-4b,kvzip,kvzip,2000,1999,90,0.9,0.4,per_head,False,1,self,0.4,,,,,ok,9.768700928,0.1,1.0
qwen3-4b,kvzip,kvzip,2000,2000,100,1.0,0.4,per_head,False,1,self,0.4,,,,,ok,9.769539072,0.1,1.0
qwen3-4b,kvzip,kvzip,2000,1999,0,0.0,0.6,per_head,False,1,self,0.6,,,,,ok,9.768700928,0.2,1.0
qwen3-4b,kvzip,kvzip,2000,1999,10,0.1,0.6,per_head,False,1,self,0.6,,,,,ok,9.768700928,0.2,1.0
qwen3-4b,kvzip,kvzip,2000,1999,20,0.2,0.6,per_head,False,1,self,0.6,,,,,ok,9.768700928,0.2,1.0
qwen3-4b,kvzip,kvzip,2000,1999,30,0.3,0.6,per_head,False,1,self,0.6,,,,,ok,9.768700928,0.2,1.0
qwen3-4b,kvzip,kvzip,2000,1999,40,0.4,0.6,per_head,False,1,self,0.6,,,,,ok,9.768700928,0.2,1.0
qwen3-4b,kvzip,kvzip,2000,1999,50,0.5,0.6,per_head,False,1,self,0.6,,,,,ok,9.768700928,0.2,1.0
qwen3-4b,kvzip,kvzip,2000,1999,60,0.6,0.6,per_head,False,1,self,0.6,,,,,ok,9.768700928,0.2,1.0
qwen3-4b,kvzip,kvzip,2000,1999,70,0.7,0.6,per_head,False,1,self,0.6,,,,,ok,9.768700928,0.2,1.0
qwen3-4b,kvzip,kvzip,2000,1999,80,0.8,0.6,per_head,False,1,self,0.6,,,,,ok,9.768700928,0.2,1.0
qwen3-4b,kvzip,kvzip,2000,1999,90,0.9,0.6,per_head,False,1,self,0.6,,,,,ok,9.768700928,0.2,1.0
qwen3-4b,kvzip,kvzip,2000,2000,100,1.0,0.6,per_head,False,1,self,0.6,,,,,ok,9.769539072,0.2,1.0
qwen3-4b,kvzip,kvzip,2000,1999,0,0.0,0.8,per_head,False,1,self,0.8,,,,,ok,9.768700928,0.2,1.0
qwen3-4b,kvzip,kvzip,2000,1999,10,0.1,0.8,per_head,False,1,self,0.8,,,,,ok,9.768700928,0.2,1.0
qwen3-4b,kvzip,kvzip,2000,1999,20,0.2,0.8,per_head,False,1,self,0.8,,,,,ok,9.768700928,0.2,1.0
qwen3-4b,kvzip,kvzip,2000,1999,30,0.3,0.8,per_head,False,1,self,0.8,,,,,ok,9.768700928,0.2,1.0
qwen3-4b,kvzip,kvzip,2000,1999,40,0.4,0.8,per_head,False,1,self,0.8,,,,,ok,9.768700928,0.2,1.0
qwen3-4b,kvzip,kvzip,2000,1999,50,0.5,0.8,per_head,False,1,self,0.8,,,,,ok,9.768700928,0.2,1.0
qwen3-4b,kvzip,kvzip,2000,1999,60,0.6,0.8,per_head,False,1,self,0.8,,,,,ok,9.768700928,0.2,1.0
qwen3-4b,kvzip,kvzip,2000,1999,70,0.7,0.8,per_head,False,1,self,0.8,,,,,ok,9.768700928,0.2,1.0
qwen3-4b,kvzip,kvzip,2000,1999,80,0.8,0.8,per_head,False,1,self,0.8,,,,,ok,9.768700928,0.2,1.0
qwen3-4b,kvzip,kvzip,2000,1999,90,0.9,0.8,per_head,False,1,self,0.8,,,,,ok,9.768700928,0.2,1.0
qwen3-4b,kvzip,kvzip,2000,2000,100,1.0,0.8,per_head,False,1,self,0.8,,,,,ok,9.769539072,0.2,1.0
qwen3-4b,kvzip,kvzip,2000,1999,0,0.0,1.0,per_head,False,1,self,1.0,,,,,ok,9.768700928,0.3,1.0
qwen3-4b,kvzip,kvzip,2000,1999,10,0.1,1.0,per_head,False,1,self,1.0,,,,,ok,9.768700928,0.3,1.0
qwen3-4b,kvzip,kvzip,2000,1999,20,0.2,1.0,per_head,False,1,self,1.0,,,,,ok,9.768700928,0.3,1.0
qwen3-4b,kvzip,kvzip,2000,1999,30,0.3,1.0,per_head,False,1,self,1.0,,,,,ok,9.768700928,0.3,1.0
qwen3-4b,kvzip,kvzip,2000,1999,40,0.4,1.0,per_head,False,1,self,1.0,,,,,ok,9.768700928,0.3,1.0
qwen3-4b,kvzip,kvzip,2000,1999,50,0.5,1.0,per_head,False,1,self,1.0,,,,,ok,9.768700928,0.3,1.0
qwen3-4b,kvzip,kvzip,2000,1999,60,0.6,1.0,per_head,False,1,self,1.0,,,,,ok,9.768700928,0.3,1.0
qwen3-4b,kvzip,kvzip,2000,1999,70,0.7,1.0,per_head,False,1,self,1.0,,,,,ok,9.768700928,0.3,1.0
qwen3-4b,kvzip,kvzip,2000,1999,80,0.8,1.0,per_head,False,1,self,1.0,,,,,ok,9.768700928,0.3,1.0
qwen3-4b,kvzip,kvzip,2000,1999,90,0.9,1.0,per_head,False,1,self,1.0,,,,,ok,9.768700928,0.3,1.0
qwen3-4b,kvzip,kvzip,2000,2000,100,1.0,1.0,per_head,False,1,self,1.0,,,,,ok,9.769539072,0.3,1.0
qwen3-4b,kvzip,kvzip,8000,7999,0,0.0,0.0,per_head,False,1,self,0.0,,,,,ok,10.6744704,0.0,0.0
qwen3-4b,kvzip,kvzip,8000,7999,10,0.1,0.0,per_head,False,1,self,0.0,,,,,ok,10.6744704,0.0,0.0
qwen3-4b,kvzip,kvzip,8000,7999,20,0.2,0.0,per_head,False,1,self,0.0,,,,,ok,10.6744704,0.0,0.0
qwen3-4b,kvzip,kvzip,8000,7999,30,0.3,0.0,per_head,False,1,self,0.0,,,,,ok,10.6744704,0.0,0.0
qwen3-4b,kvzip,kvzip,8000,7999,40,0.4,0.0,per_head,False,1,self,0.0,,,,,ok,10.6744704,0.0,0.0
qwen3-4b,kvzip,kvzip,8000,7999,50,0.5,0.0,per_head,False,1,self,0.0,,,,,ok,10.6744704,0.0,0.0
qwen3-4b,kvzip,kvzip,8000,7999,60,0.6,0.0,per_head,False,1,self,0.0,,,,,ok,10.6744704,0.0,0.0
qwen3-4b,kvzip,kvzip,8000,7999,70,0.7,0.0,per_head,False,1,self,0.0,,,,,ok,10.6744704,0.0,0.0
qwen3-4b,kvzip,kvzip,8000,7999,80,0.8,0.0,per_head,False,1,self,0.0,,,,,ok,10.6744704,0.0,0.0
qwen3-4b,kvzip,kvzip,8000,7999,90,0.9,0.0,per_head,False,1,self,0.0,,,,,ok,10.6744704,0.0,0.0
qwen3-4b,kvzip,kvzip,8000,8000,100,1.0,0.0,per_head,False,1,self,0.0,,,,,ok,10.675676672,0.0,0.0
qwen3-4b,kvzip,kvzip,8000,7999,0,0.0,0.2,per_head,False,1,self,0.2,,,,,ok,10.6744704,0.2,1.0
qwen3-4b,kvzip,kvzip,8000,7999,10,0.1,0.2,per_head,False,1,self,0.2,,,,,ok,10.6744704,0.2,1.0
qwen3-4b,kvzip,kvzip,8000,7999,20,0.2,0.2,per_head,False,1,self,0.2,,,,,ok,10.6744704,0.2,1.0
qwen3-4b,kvzip,kvzip,8000,7999,30,0.3,0.2,per_head,False,1,self,0.2,,,,,ok,10.6744704,0.2,1.0
qwen3-4b,kvzip,kvzip,8000,7999,40,0.4,0.2,per_head,False,1,self,0.2,,,,,ok,10.6744704,0.2,1.0
qwen3-4b,kvzip,kvzip,8000,7999,50,0.5,0.2,per_head,False,1,self,0.2,,,,,ok,10.6744704,0.2,1.0
qwen3-4b,kvzip,kvzip,8000,7999,60,0.6,0.2,per_head,False,1,self,0.2,,,,,ok,10.6744704,0.2,1.0
qwen3-4b,kvzip,kvzip,8000,7999,70,0.7,0.2,per_head,False,1,self,0.2,,,,,ok,10.6744704,0.2,1.0
qwen3-4b,kvzip,kvzip,8000,7999,80,0.8,0.2,per_head,False,1,self,0.2,,,,,ok,10.6744704,0.2,1.0
qwen3-4b,kvzip,kvzip,8000,7999,90,0.9,0.2,per_head,False,1,self,0.2,,,,,ok,10.6744704,0.2,1.0
qwen3-4b,kvzip,kvzip,8000,8000,100,1.0,0.2,per_head,False,1,self,0.2,,,,,ok,10.675676672,0.2,1.0
qwen3-4b,kvzip,kvzip,8000,7999,0,0.0,0.4,per_head,False,1,self,0.4,,,,,ok,10.6744704,0.5,1.0
qwen3-4b,kvzip,kvzip,8000,7999,10,0.1,0.4,per_head,False,1,self,0.4,,,,,ok,10.6744704,0.5,1.0
qwen3-4b,kvzip,kvzip,8000,7999,20,0.2,0.4,per_head,False,1,self,0.4,,,,,ok,10.6744704,0.5,1.0
qwen3-4b,kvzip,kvzip,8000,7999,30,0.3,0.4,per_head,False,1,self,0.4,,,,,ok,10.6744704,0.5,1.0
qwen3-4b,kvzip,kvzip,8000,7999,40,0.4,0.4,per_head,False,1,self,0.4,,,,,ok,10.6744704,0.5,1.0
qwen3-4b,kvzip,kvzip,8000,7999,50,0.5,0.4,per_head,False,1,self,0.4,,,,,ok,10.6744704,0.5,1.0
qwen3-4b,kvzip,kvzip,8000,7999,60,0.6,0.4,per_head,False,1,self,0.4,,,,,ok,10.6744704,0.5,1.0
qwen3-4b,kvzip,kvzip,8000,7999,70,0.7,0.4,per_head,False,1,self,0.4,,,,,ok,10.6744704,0.5,1.0
qwen3-4b,kvzip,kvzip,8000,7999,80,0.8,0.4,per_head,False,1,self,0.4,,,,,ok,10.6744704,0.5,1.0
qwen3-4b,kvzip,kvzip,8000,7999,90,0.9,0.4,per_head,False,1,self,0.4,,,,,ok,10.6744704,0.5,1.0
qwen3-4b,kvzip,kvzip,8000,8000,100,1.0,0.4,per_head,False,1,self,0.4,,,,,ok,10.675676672,0.5,1.0
qwen3-4b,kvzip,kvzip,8000,7999,0,0.0,0.6,per_head,False,1,self,0.6,,,,,ok,10.6744704,0.7,1.0
qwen3-4b,kvzip,kvzip,8000,7999,10,0.1,0.6,per_head,False,1,self,0.6,,,,,ok,10.6744704,0.7,1.0
qwen3-4b,kvzip,kvzip,8000,7999,20,0.2,0.6,per_head,False,1,self,0.6,,,,,ok,10.6744704,0.7,1.0
qwen3-4b,kvzip,kvzip,8000,7999,30,0.3,0.6,per_head,False,1,self,0.6,,,,,ok,10.6744704,0.7,1.0
qwen3-4b,kvzip,kvzip,8000,7999,40,0.4,0.6,per_head,False,1,self,0.6,,,,,ok,10.6744704,0.7,1.0
qwen3-4b,kvzip,kvzip,8000,7999,50,0.5,0.6,per_head,False,1,self,0.6,,,,,ok,10.6744704,0.7,1.0
qwen3-4b,kvzip,kvzip,8000,7999,60,0.6,0.6,per_head,False,1,self,0.6,,,,,ok,10.6744704,0.7,1.0
qwen3-4b,kvzip,kvzip,8000,7999,70,0.7,0.6,per_head,False,1,self,0.6,,,,,ok,10.6744704,0.7,1.0
qwen3-4b,kvzip,kvzip,8000,7999,80,0.8,0.6,per_head,False,1,self,0.6,,,,,ok,10.6744704,0.7,1.0
qwen3-4b,kvzip,kvzip,8000,7999,90,0.9,0.6,per_head,False,1,self,0.6,,,,,ok,10.6744704,0.7,1.0
qwen3-4b,kvzip,kvzip,8000,8000,100,1.0,0.6,per_head,False,1,self,0.6,,,,,ok,10.675676672,0.7,1.0
qwen3-4b,kvzip,kvzip,8000,7999,0,0.0,0.8,per_head,False,1,self,0.8,,,,,ok,10.6744704,0.9,1.0
qwen3-4b,kvzip,kvzip,8000,7999,10,0.1,0.8,per_head,False,1,self,0.8,,,,,ok,10.6744704,0.9,1.0
qwen3-4b,kvzip,kvzip,8000,7999,20,0.2,0.8,per_head,False,1,self,0.8,,,,,ok,10.6744704,0.9,1.0
qwen3-4b,kvzip,kvzip,8000,7999,30,0.3,0.8,per_head,False,1,self,0.8,,,,,ok,10.6744704,0.9,1.0
qwen3-4b,kvzip,kvzip,8000,7999,40,0.4,0.8,per_head,False,1,self,0.8,,,,,ok,10.6744704,0.9,1.0
qwen3-4b,kvzip,kvzip,8000,7999,50,0.5,0.8,per_head,False,1,self,0.8,,,,,ok,10.6744704,0.9,1.0
qwen3-4b,kvzip,kvzip,8000,7999,60,0.6,0.8,per_head,False,1,self,0.8,,,,,ok,10.6744704,0.9,1.0
qwen3-4b,kvzip,kvzip,8000,7999,70,0.7,0.8,per_head,False,1,self,0.8,,,,,ok,10.6744704,0.9,1.0
qwen3-4b,kvzip,kvzip,8000,7999,80,0.8,0.8,per_head,False,1,self,0.8,,,,,ok,10.6744704,0.9,1.0
qwen3-4b,kvzip,kvzip,8000,7999,90,0.9,0.8,per_head,False,1,self,0.8,,,,,ok,10.6744704,0.9,1.0
qwen3-4b,kvzip,kvzip,8000,8000,100,1.0,0.8,per_head,False,1,self,0.8,,,,,ok,10.675676672,0.9,1.0
qwen3-4b,kvzip,kvzip,8000,7999,0,0.0,1.0,per_head,False,1,self,1.0,,,,,ok,10.6744704,1.2,1.0
qwen3-4b,kvzip,kvzip,8000,7999,10,0.1,1.0,per_head,False,1,self,1.0,,,,,ok,10.6744704,1.2,1.0
qwen3-4b,kvzip,kvzip,8000,7999,20,0.2,1.0,per_head,False,1,self,1.0,,,,,ok,10.6744704,1.2,1.0
qwen3-4b,kvzip,kvzip,8000,7999,30,0.3,1.0,per_head,False,1,self,1.0,,,,,ok,10.6744704,1.2,1.0
qwen3-4b,kvzip,kvzip,8000,7999,40,0.4,1.0,per_head,False,1,self,1.0,,,,,ok,10.6744704,1.2,1.0
qwen3-4b,kvzip,kvzip,8000,7999,50,0.5,1.0,per_head,False,1,self,1.0,,,,,ok,10.6744704,1.2,1.0
qwen3-4b,kvzip,kvzip,8000,7999,60,0.6,1.0,per_head,False,1,self,1.0,,,,,ok,10.6744704,1.2,1.0
qwen3-4b,kvzip,kvzip,8000,7999,70,0.7,1.0,per_head,False,1,self,1.0,,,,,ok,10.6744704,1.2,1.0
qwen3-4b,kvzip,kvzip,8000,7999,80,0.8,1.0,per_head,False,1,self,1.0,,,,,ok,10.6744704,1.2,1.0
qwen3-4b,kvzip,kvzip,8000,7999,90,0.9,1.0,per_head,False,1,self,1.0,,,,,ok,10.6744704,1.2,1.0
qwen3-4b,kvzip,kvzip,8000,8000,100,1.0,1.0,per_head,False,1,self,1.0,,,,,ok,10.675676672,1.2,1.0
qwen3-4b,ours,ours,500,499,0,0.0,0.0,per_head,False,1,self,0.0,64,64,1024,0,ok,8.325087232,0.0,0.0
qwen3-4b,ours,ours,500,499,10,0.1,0.0,per_head,False,1,self,0.0,64,64,1024,0,ok,8.325087232,0.0,0.0
qwen3-4b,ours,ours,500,499,20,0.2,0.0,per_head,False,1,self,0.0,64,64,1024,0,ok,8.325087232,0.0,0.0
qwen3-4b,ours,ours,500,499,30,0.3,0.0,per_head,False,1,self,0.0,64,64,1024,0,ok,8.325087232,0.0,0.0
qwen3-4b,ours,ours,500,499,40,0.4,0.0,per_head,False,1,self,0.0,64,64,1024,0,ok,8.325087232,0.0,0.0
qwen3-4b,ours,ours,500,499,50,0.5,0.0,per_head,False,1,self,0.0,64,64,1024,0,ok,8.325087232,0.0,0.0
qwen3-4b,ours,ours,500,499,60,0.6,0.0,per_head,False,1,self,0.0,64,64,1024,0,ok,8.325087232,0.0,0.0
qwen3-4b,ours,ours,500,499,70,0.7,0.0,per_head,False,1,self,0.0,64,64,1024,0,ok,8.325087232,0.0,0.0
qwen3-4b,ours,ours,500,499,80,0.8,0.0,per_head,False,1,self,0.0,64,64,1024,0,ok,8.325087232,0.0,0.0
qwen3-4b,ours,ours,500,499,90,0.9,0.0,per_head,False,1,self,0.0,64,64,1024,0,ok,8.325087232,0.0,0.0
qwen3-4b,ours,ours,500,500,100,1.0,0.0,per_head,False,1,self,0.0,64,64,1024,0,ok,8.325750784,0.0,0.0
qwen3-4b,ours,ours,500,499,0,0.0,0.2,per_head,False,1,self,0.5,200,200,1024,0,ok,8.325087232,0.0,1.0
qwen3-4b,ours,ours,500,499,10,0.1,0.2,per_head,False,1,self,0.5,200,200,1024,0,ok,8.325087232,0.0,1.0
qwen3-4b,ours,ours,500,499,20,0.2,0.2,per_head,False,1,self,0.5,200,200,1024,0,ok,8.325087232,0.0,1.0
qwen3-4b,ours,ours,500,499,30,0.3,0.2,per_head,False,1,self,0.5,200,200,1024,0,ok,8.325087232,0.0,1.0
qwen3-4b,ours,ours,500,499,40,0.4,0.2,per_head,False,1,self,0.5,200,200,1024,0,ok,8.325087232,0.0,1.0
qwen3-4b,ours,ours,500,499,50,0.5,0.2,per_head,False,1,self,0.5,200,200,1024,0,ok,8.325087232,0.0,1.0
qwen3-4b,ours,ours,500,499,60,0.6,0.2,per_head,False,1,self,0.5,200,200,1024,0,ok,8.325087232,0.0,1.0
qwen3-4b,ours,ours,500,499,70,0.7,0.2,per_head,False,1,self,0.5,200,200,1024,0,ok,8.325087232,0.0,1.0
qwen3-4b,ours,ours,500,499,80,0.8,0.2,per_head,False,1,self,0.5,200,200,1024,0,ok,8.325087232,0.0,1.0
qwen3-4b,ours,ours,500,499,90,0.9,0.2,per_head,False,1,self,0.5,200,200,1024,0,ok,8.325087232,0.0,1.0
qwen3-4b,ours,ours,500,500,100,1.0,0.2,per_head,False,1,self,0.5,200,200,1024,0,ok,8.325750784,0.0,1.0
qwen3-4b,ours,ours,500,499,0,0.0,0.4,per_head,False,1,self,0.5,399,399,1024,0,ok,8.325087232,0.0,1.0
qwen3-4b,ours,ours,500,499,10,0.1,0.4,per_head,False,1,self,0.5,399,399,1024,0,ok,8.325087232,0.0,1.0
qwen3-4b,ours,ours,500,499,20,0.2,0.4,per_head,False,1,self,0.5,399,399,1024,0,ok,8.325087232,0.0,1.0
qwen3-4b,ours,ours,500,499,30,0.3,0.4,per_head,False,1,self,0.5,399,399,1024,0,ok,8.325087232,0.0,1.0
qwen3-4b,ours,ours,500,499,40,0.4,0.4,per_head,False,1,self,0.5,399,399,1024,0,ok,8.325087232,0.0,1.0
qwen3-4b,ours,ours,500,499,50,0.5,0.4,per_head,False,1,self,0.5,399,399,1024,0,ok,8.325087232,0.0,1.0
qwen3-4b,ours,ours,500,499,60,0.6,0.4,per_head,False,1,self,0.5,399,399,1024,0,ok,8.325087232,0.0,1.0
qwen3-4b,ours,ours,500,499,70,0.7,0.4,per_head,False,1,self,0.5,399,399,1024,0,ok,8.325087232,0.0,1.0
qwen3-4b,ours,ours,500,499,80,0.8,0.4,per_head,False,1,self,0.5,399,399,1024,0,ok,8.325087232,0.0,1.0
qwen3-4b,ours,ours,500,499,90,0.9,0.4,per_head,False,1,self,0.5,399,399,1024,0,ok,8.325087232,0.0,1.0
qwen3-4b,ours,ours,500,500,100,1.0,0.4,per_head,False,1,self,0.5,400,400,1024,0,ok,8.325750784,0.0,1.0
qwen3-4b,ours,ours,500,499,0,0.0,0.6,per_head,False,1,self,0.6,499,499,1024,0,ok,8.325087232,0.0,1.0
qwen3-4b,ours,ours,500,499,10,0.1,0.6,per_head,False,1,self,0.6,499,499,1024,0,ok,8.325087232,0.0,1.0
qwen3-4b,ours,ours,500,499,20,0.2,0.6,per_head,False,1,self,0.6,499,499,1024,0,ok,8.325087232,0.0,1.0
qwen3-4b,ours,ours,500,499,30,0.3,0.6,per_head,False,1,self,0.6,499,499,1024,0,ok,8.325087232,0.0,1.0
qwen3-4b,ours,ours,500,499,40,0.4,0.6,per_head,False,1,self,0.6,499,499,1024,0,ok,8.325087232,0.0,1.0
qwen3-4b,ours,ours,500,499,50,0.5,0.6,per_head,False,1,self,0.6,499,499,1024,0,ok,8.325087232,0.0,1.0
qwen3-4b,ours,ours,500,499,60,0.6,0.6,per_head,False,1,self,0.6,499,499,1024,0,ok,8.325087232,0.0,1.0
qwen3-4b,ours,ours,500,499,70,0.7,0.6,per_head,False,1,self,0.6,499,499,1024,0,ok,8.325087232,0.0,1.0
qwen3-4b,ours,ours,500,499,80,0.8,0.6,per_head,False,1,self,0.6,499,499,1024,0,ok,8.325087232,0.0,1.0
qwen3-4b,ours,ours,500,499,90,0.9,0.6,per_head,False,1,self,0.6,499,499,1024,0,ok,8.325087232,0.0,1.0
qwen3-4b,ours,ours,500,500,100,1.0,0.6,per_head,False,1,self,0.6,500,500,1024,0,ok,8.325750784,0.0,1.0
qwen3-4b,ours,ours,500,499,0,0.0,0.8,per_head,False,1,self,0.8,499,499,1024,0,ok,8.325087232,0.1,1.0
qwen3-4b,ours,ours,500,499,10,0.1,0.8,per_head,False,1,self,0.8,499,499,1024,0,ok,8.325087232,0.1,1.0
qwen3-4b,ours,ours,500,499,20,0.2,0.8,per_head,False,1,self,0.8,499,499,1024,0,ok,8.325087232,0.1,1.0
qwen3-4b,ours,ours,500,499,30,0.3,0.8,per_head,False,1,self,0.8,499,499,1024,0,ok,8.325087232,0.1,1.0
qwen3-4b,ours,ours,500,499,40,0.4,0.8,per_head,False,1,self,0.8,499,499,1024,0,ok,8.325087232,0.1,1.0
qwen3-4b,ours,ours,500,499,50,0.5,0.8,per_head,False,1,self,0.8,499,499,1024,0,ok,8.325087232,0.1,1.0
qwen3-4b,ours,ours,500,499,60,0.6,0.8,per_head,False,1,self,0.8,499,499,1024,0,ok,8.325087232,0.1,1.0
qwen3-4b,ours,ours,500,499,70,0.7,0.8,per_head,False,1,self,0.8,499,499,1024,0,ok,8.325087232,0.1,1.0
qwen3-4b,ours,ours,500,499,80,0.8,0.8,per_head,False,1,self,0.8,499,499,1024,0,ok,8.325087232,0.1,1.0
qwen3-4b,ours,ours,500,499,90,0.9,0.8,per_head,False,1,self,0.8,499,499,1024,0,ok,8.325087232,0.1,1.0
qwen3-4b,ours,ours,500,500,100,1.0,0.8,per_head,False,1,self,0.8,500,500,1024,0,ok,8.325750784,0.1,1.0
qwen3-4b,ours,ours,500,499,0,0.0,1.0,per_head,False,1,self,1.0,499,499,1011,0,ok,8.325087232,0.1,1.0
qwen3-4b,ours,ours,500,499,10,0.1,1.0,per_head,False,1,self,1.0,499,499,1011,0,ok,8.325087232,0.1,1.0
qwen3-4b,ours,ours,500,499,20,0.2,1.0,per_head,False,1,self,1.0,499,499,1011,0,ok,8.325087232,0.1,1.0
qwen3-4b,ours,ours,500,499,30,0.3,1.0,per_head,False,1,self,1.0,499,499,1011,0,ok,8.325087232,0.1,1.0
qwen3-4b,ours,ours,500,499,40,0.4,1.0,per_head,False,1,self,1.0,499,499,1011,0,ok,8.325087232,0.1,1.0
qwen3-4b,ours,ours,500,499,50,0.5,1.0,per_head,False,1,self,1.0,499,499,1011,0,ok,8.325087232,0.1,1.0
qwen3-4b,ours,ours,500,499,60,0.6,1.0,per_head,False,1,self,1.0,499,499,1011,0,ok,8.325087232,0.1,1.0
qwen3-4b,ours,ours,500,499,70,0.7,1.0,per_head,False,1,self,1.0,499,499,1011,0,ok,8.325087232,0.1,1.0
qwen3-4b,ours,ours,500,499,80,0.8,1.0,per_head,False,1,self,1.0,499,499,1011,0,ok,8.325087232,0.1,1.0
qwen3-4b,ours,ours,500,499,90,0.9,1.0,per_head,False,1,self,1.0,499,499,1011,0,ok,8.325087232,0.1,1.0
qwen3-4b,ours,ours,500,500,100,1.0,1.0,per_head,False,1,self,1.0,500,500,1012,0,ok,8.325750784,0.1,1.0
qwen3-4b,ours,ours,2000,1999,0,0.0,0.0,per_head,False,1,self,0.0,64,64,1024,1,ok,8.391027712,0.0,0.0
qwen3-4b,ours,ours,2000,1999,10,0.1,0.0,per_head,False,1,self,0.0,64,64,1024,1,ok,8.391027712,0.0,0.0
qwen3-4b,ours,ours,2000,1999,20,0.2,0.0,per_head,False,1,self,0.0,64,64,1024,1,ok,8.391027712,0.0,0.0
qwen3-4b,ours,ours,2000,1999,30,0.3,0.0,per_head,False,1,self,0.0,64,64,1024,1,ok,8.391027712,0.0,0.0
qwen3-4b,ours,ours,2000,1999,40,0.4,0.0,per_head,False,1,self,0.0,64,64,1024,1,ok,8.391027712,0.0,0.0
qwen3-4b,ours,ours,2000,1999,50,0.5,0.0,per_head,False,1,self,0.0,64,64,1024,1,ok,8.391027712,0.0,0.0
qwen3-4b,ours,ours,2000,1999,60,0.6,0.0,per_head,False,1,self,0.0,64,64,1024,1,ok,8.391027712,0.0,0.0
qwen3-4b,ours,ours,2000,1999,70,0.7,0.0,per_head,False,1,self,0.0,64,64,1024,1,ok,8.391027712,0.0,0.0
qwen3-4b,ours,ours,2000,1999,80,0.8,0.0,per_head,False,1,self,0.0,64,64,1024,1,ok,8.391027712,0.0,0.0
qwen3-4b,ours,ours,2000,1999,90,0.9,0.0,per_head,False,1,self,0.0,64,64,1024,1,ok,8.391027712,0.0,0.0
qwen3-4b,ours,ours,2000,2000,100,1.0,0.0,per_head,False,1,self,0.0,64,64,1024,1,ok,8.391027712,0.0,0.0
qwen3-4b,ours,ours,2000,1999,0,0.0,0.2,per_head,False,1,self,0.5,800,410,1024,1,ok,8.44487168,0.1,1.0
qwen3-4b,ours,ours,2000,1999,10,0.1,0.2,per_head,False,1,self,0.5,800,410,1024,1,ok,8.44487168,0.1,1.0
qwen3-4b,ours,ours,2000,1999,20,0.2,0.2,per_head,False,1,self,0.5,800,410,1024,1,ok,8.44487168,0.1,1.0
qwen3-4b,ours,ours,2000,1999,30,0.3,0.2,per_head,False,1,self,0.5,800,410,1024,1,ok,8.44487168,0.1,1.0
qwen3-4b,ours,ours,2000,1999,40,0.4,0.2,per_head,False,1,self,0.5,800,410,1024,1,ok,8.44487168,0.1,1.0
qwen3-4b,ours,ours,2000,1999,50,0.5,0.2,per_head,False,1,self,0.5,800,410,1024,1,ok,8.44487168,0.1,1.0
qwen3-4b,ours,ours,2000,1999,60,0.6,0.2,per_head,False,1,self,0.5,800,410,1024,1,ok,8.44487168,0.1,1.0
qwen3-4b,ours,ours,2000,1999,70,0.7,0.2,per_head,False,1,self,0.5,800,410,1024,1,ok,8.44487168,0.1,1.0
qwen3-4b,ours,ours,2000,1999,80,0.8,0.2,per_head,False,1,self,0.5,800,410,1024,1,ok,8.44487168,0.1,1.0
qwen3-4b,ours,ours,2000,1999,90,0.9,0.2,per_head,False,1,self,0.5,800,410,1024,1,ok,8.44487168,0.1,1.0
qwen3-4b,ours,ours,2000,2000,100,1.0,0.2,per_head,False,1,self,0.5,800,410,1024,1,ok,8.44118016,0.1,1.0
qwen3-4b,ours,ours,2000,1999,0,0.0,0.4,per_head,False,1,self,0.5,1599,819,1024,1,ok,8.49955328,0.1,1.0
qwen3-4b,ours,ours,2000,1999,10,0.1,0.4,per_head,False,1,self,0.5,1599,819,1024,1,ok,8.49955328,0.1,1.0
qwen3-4b,ours,ours,2000,1999,20,0.2,0.4,per_head,False,1,self,0.5,1599,819,1024,1,ok,8.49955328,0.1,1.0
qwen3-4b,ours,ours,2000,1999,30,0.3,0.4,per_head,False,1,self,0.5,1599,819,1024,1,ok,8.49955328,0.1,1.0
qwen3-4b,ours,ours,2000,1999,40,0.4,0.4,per_head,False,1,self,0.5,1599,819,1024,1,ok,8.49955328,0.1,1.0
qwen3-4b,ours,ours,2000,1999,50,0.5,0.4,per_head,False,1,self,0.5,1599,819,1024,1,ok,8.49955328,0.1,1.0
qwen3-4b,ours,ours,2000,1999,60,0.6,0.4,per_head,False,1,self,0.5,1599,819,1024,1,ok,8.49955328,0.1,1.0
qwen3-4b,ours,ours,2000,1999,70,0.7,0.4,per_head,False,1,self,0.5,1599,819,1024,1,ok,8.49955328,0.1,1.0
qwen3-4b,ours,ours,2000,1999,80,0.8,0.4,per_head,False,1,self,0.5,1599,819,1024,1,ok,8.49955328,0.1,1.0
qwen3-4b,ours,ours,2000,1999,90,0.9,0.4,per_head,False,1,self,0.5,1599,819,1024,1,ok,8.49955328,0.1,1.0
qwen3-4b,ours,ours,2000,2000,100,1.0,0.4,per_head,False,1,self,0.5,1600,819,1024,1,ok,8.499207168,0.1,1.0
qwen3-4b,ours,ours,2000,1999,0,0.0,0.6,per_head,False,1,self,0.6,1999,1024,1536,1,ok,8.468636672,0.1,1.0
qwen3-4b,ours,ours,2000,1999,10,0.1,0.6,per_head,False,1,self,0.6,1999,1024,1536,1,ok,8.468636672,0.1,1.0
qwen3-4b,ours,ours,2000,1999,20,0.2,0.6,per_head,False,1,self,0.6,1999,1024,1536,1,ok,8.468636672,0.1,1.0
qwen3-4b,ours,ours,2000,1999,30,0.3,0.6,per_head,False,1,self,0.6,1999,1024,1536,1,ok,8.468636672,0.1,1.0
qwen3-4b,ours,ours,2000,1999,40,0.4,0.6,per_head,False,1,self,0.6,1999,1024,1536,1,ok,8.468636672,0.1,1.0
qwen3-4b,ours,ours,2000,1999,50,0.5,0.6,per_head,False,1,self,0.6,1999,1024,1536,1,ok,8.468636672,0.1,1.0
qwen3-4b,ours,ours,2000,1999,60,0.6,0.6,per_head,False,1,self,0.6,1999,1024,1536,1,ok,8.468636672,0.1,1.0
qwen3-4b,ours,ours,2000,1999,70,0.7,0.6,per_head,False,1,self,0.6,1999,1024,1536,1,ok,8.468636672,0.1,1.0
qwen3-4b,ours,ours,2000,1999,80,0.8,0.6,per_head,False,1,self,0.6,1999,1024,1536,1,ok,8.468636672,0.1,1.0
qwen3-4b,ours,ours,2000,1999,90,0.9,0.6,per_head,False,1,self,0.6,1999,1024,1536,1,ok,8.468636672,0.1,1.0
qwen3-4b,ours,ours,2000,2000,100,1.0,0.6,per_head,False,1,self,0.6,2000,1024,1536,1,ok,8.468636672,0.1,1.0
qwen3-4b,ours,ours,2000,1999,0,0.0,0.8,per_head,False,1,self,0.8,1999,1024,1536,1,ok,8.468636672,0.2,1.0
qwen3-4b,ours,ours,2000,1999,10,0.1,0.8,per_head,False,1,self,0.8,1999,1024,1536,1,ok,8.468636672,0.2,1.0
qwen3-4b,ours,ours,2000,1999,20,0.2,0.8,per_head,False,1,self,0.8,1999,1024,1536,1,ok,8.468636672,0.2,1.0
qwen3-4b,ours,ours,2000,1999,30,0.3,0.8,per_head,False,1,self,0.8,1999,1024,1536,1,ok,8.468636672,0.2,1.0
qwen3-4b,ours,ours,2000,1999,40,0.4,0.8,per_head,False,1,self,0.8,1999,1024,1536,1,ok,8.468636672,0.2,1.0
qwen3-4b,ours,ours,2000,1999,50,0.5,0.8,per_head,False,1,self,0.8,1999,1024,1536,1,ok,8.468636672,0.2,1.0
qwen3-4b,ours,ours,2000,1999,60,0.6,0.8,per_head,False,1,self,0.8,1999,1024,1536,1,ok,8.468636672,0.2,1.0
qwen3-4b,ours,ours,2000,1999,70,0.7,0.8,per_head,False,1,self,0.8,1999,1024,1536,1,ok,8.468636672,0.2,1.0
qwen3-4b,ours,ours,2000,1999,80,0.8,0.8,per_head,False,1,self,0.8,1999,1024,1536,1,ok,8.468636672,0.2,1.0
qwen3-4b,ours,ours,2000,1999,90,0.9,0.8,per_head,False,1,self,0.8,1999,1024,1536,1,ok,8.468636672,0.2,1.0
qwen3-4b,ours,ours,2000,2000,100,1.0,0.8,per_head,False,1,self,0.8,2000,1024,1536,1,ok,8.468636672,0.2,1.0
qwen3-4b,ours,ours,2000,1999,0,0.0,1.0,per_head,False,1,self,1.0,1999,1999,2511,0,ok,8.5384448,0.3,1.0
qwen3-4b,ours,ours,2000,1999,10,0.1,1.0,per_head,False,1,self,1.0,1999,1999,2511,0,ok,8.5384448,0.3,1.0
qwen3-4b,ours,ours,2000,1999,20,0.2,1.0,per_head,False,1,self,1.0,1999,1999,2511,0,ok,8.5384448,0.3,1.0
qwen3-4b,ours,ours,2000,1999,30,0.3,1.0,per_head,False,1,self,1.0,1999,1999,2511,0,ok,8.5384448,0.3,1.0
qwen3-4b,ours,ours,2000,1999,40,0.4,1.0,per_head,False,1,self,1.0,1999,1999,2511,0,ok,8.5384448,0.3,1.0
qwen3-4b,ours,ours,2000,1999,50,0.5,1.0,per_head,False,1,self,1.0,1999,1999,2511,0,ok,8.5384448,0.3,1.0
qwen3-4b,ours,ours,2000,1999,60,0.6,1.0,per_head,False,1,self,1.0,1999,1999,2511,0,ok,8.5384448,0.3,1.0
qwen3-4b,ours,ours,2000,1999,70,0.7,1.0,per_head,False,1,self,1.0,1999,1999,2511,0,ok,8.5384448,0.3,1.0
qwen3-4b,ours,ours,2000,1999,80,0.8,1.0,per_head,False,1,self,1.0,1999,1999,2511,0,ok,8.5384448,0.3,1.0
qwen3-4b,ours,ours,2000,1999,90,0.9,1.0,per_head,False,1,self,1.0,1999,1999,2511,0,ok,8.5384448,0.3,1.0
qwen3-4b,ours,ours,2000,2000,100,1.0,1.0,per_head,False,1,self,1.0,2000,2000,2512,0,ok,8.531454976,0.3,1.0
qwen3-4b,ours,ours,8000,7999,0,0.0,0.0,per_head,False,1,self,0.0,64,64,1024,7,ok,8.417356288,0.0,0.0
qwen3-4b,ours,ours,8000,7999,10,0.1,0.0,per_head,False,1,self,0.0,64,64,1024,7,ok,8.417356288,0.0,0.0
qwen3-4b,ours,ours,8000,7999,20,0.2,0.0,per_head,False,1,self,0.0,64,64,1024,7,ok,8.417356288,0.0,0.0
qwen3-4b,ours,ours,8000,7999,30,0.3,0.0,per_head,False,1,self,0.0,64,64,1024,7,ok,8.417356288,0.0,0.0
qwen3-4b,ours,ours,8000,7999,40,0.4,0.0,per_head,False,1,self,0.0,64,64,1024,7,ok,8.417356288,0.0,0.0
qwen3-4b,ours,ours,8000,7999,50,0.5,0.0,per_head,False,1,self,0.0,64,64,1024,7,ok,8.417356288,0.0,0.0
qwen3-4b,ours,ours,8000,7999,60,0.6,0.0,per_head,False,1,self,0.0,64,64,1024,7,ok,8.417356288,0.0,0.0
qwen3-4b,ours,ours,8000,7999,70,0.7,0.0,per_head,False,1,self,0.0,64,64,1024,7,ok,8.417356288,0.0,0.0
qwen3-4b,ours,ours,8000,7999,80,0.8,0.0,per_head,False,1,self,0.0,64,64,1024,7,ok,8.417356288,0.0,0.0
qwen3-4b,ours,ours,8000,7999,90,0.9,0.0,per_head,False,1,self,0.0,64,64,1024,7,ok,8.417356288,0.0,0.0
qwen3-4b,ours,ours,8000,8000,100,1.0,0.0,per_head,False,1,self,0.0,64,64,1024,7,ok,8.417356288,0.0,0.0
qwen3-4b,ours,ours,8000,7999,0,0.0,0.2,per_head,False,1,self,0.5,3200,410,1024,7,ok,8.774785536,0.2,1.0
qwen3-4b,ours,ours,8000,7999,10,0.1,0.2,per_head,False,1,self,0.5,3200,410,1024,7,ok,8.774785536,0.2,1.0
qwen3-4b,ours,ours,8000,7999,20,0.2,0.2,per_head,False,1,self,0.5,3200,410,1024,7,ok,8.774785536,0.2,0.5
qwen3-4b,ours,ours,8000,7999,30,0.3,0.2,per_head,False,1,self,0.5,3200,410,1024,7,ok,8.774785536,0.2,0.5
qwen3-4b,ours,ours,8000,7999,40,0.4,0.2,per_head,False,1,self,0.5,3200,410,1024,7,ok,8.774785536,0.2,0.5
qwen3-4b,ours,ours,8000,7999,50,0.5,0.2,per_head,False,1,self,0.5,3200,410,1024,7,ok,8.774785536,0.2,1.0
qwen3-4b,ours,ours,8000,7999,60,0.6,0.2,per_head,False,1,self,0.5,3200,410,1024,7,ok,8.774785536,0.2,0.5
qwen3-4b,ours,ours,8000,7999,70,0.7,0.2,per_head,False,1,self,0.5,3200,410,1024,7,ok,8.774785536,0.2,0.5
qwen3-4b,ours,ours,8000,7999,80,0.8,0.2,per_head,False,1,self,0.5,3200,410,1024,7,ok,8.774785536,0.2,0.5
qwen3-4b,ours,ours,8000,7999,90,0.9,0.2,per_head,False,1,self,0.5,3200,410,1024,7,ok,8.774785536,0.2,1.0
qwen3-4b,ours,ours,8000,8000,100,1.0,0.2,per_head,False,1,self,0.5,3200,410,1024,7,ok,8.776126976,0.2,1.0
qwen3-4b,ours,ours,8000,7999,0,0.0,0.4,per_head,False,1,self,0.5,6399,819,1024,7,ok,9.197769216,0.5,1.0
qwen3-4b,ours,ours,8000,7999,10,0.1,0.4,per_head,False,1,self,0.5,6399,819,1024,7,ok,9.197769216,0.5,1.0
qwen3-4b,ours,ours,8000,7999,20,0.2,0.4,per_head,False,1,self,0.5,6399,819,1024,7,ok,9.197769216,0.5,1.0
qwen3-4b,ours,ours,8000,7999,30,0.3,0.4,per_head,False,1,self,0.5,6399,819,1024,7,ok,9.197769216,0.5,1.0
qwen3-4b,ours,ours,8000,7999,40,0.4,0.4,per_head,False,1,self,0.5,6399,819,1024,7,ok,9.197769216,0.5,1.0
qwen3-4b,ours,ours,8000,7999,50,0.5,0.4,per_head,False,1,self,0.5,6399,819,1024,7,ok,9.197769216,0.5,1.0
qwen3-4b,ours,ours,8000,7999,60,0.6,0.4,per_head,False,1,self,0.5,6399,819,1024,7,ok,9.197769216,0.5,1.0
qwen3-4b,ours,ours,8000,7999,70,0.7,0.4,per_head,False,1,self,0.5,6399,819,1024,7,ok,9.197769216,0.5,1.0
qwen3-4b,ours,ours,8000,7999,80,0.8,0.4,per_head,False,1,self,0.5,6399,819,1024,7,ok,9.197769216,0.5,1.0
qwen3-4b,ours,ours,8000,7999,90,0.9,0.4,per_head,False,1,self,0.5,6399,819,1024,7,ok,9.197769216,0.5,1.0
qwen3-4b,ours,ours,8000,8000,100,1.0,0.4,per_head,False,1,self,0.5,6400,819,1024,7,ok,9.197855232,0.5,1.0
qwen3-4b,ours,ours,8000,7999,0,0.0,0.6,per_head,False,1,self,0.6,7999,1024,1536,5,ok,9.073214976,0.5,1.0
qwen3-4b,ours,ours,8000,7999,10,0.1,0.6,per_head,False,1,self,0.6,7999,1024,1536,5,ok,9.073214976,0.5,1.0
qwen3-4b,ours,ours,8000,7999,20,0.2,0.6,per_head,False,1,self,0.6,7999,1024,1536,5,ok,9.073214976,0.5,1.0
qwen3-4b,ours,ours,8000,7999,30,0.3,0.6,per_head,False,1,self,0.6,7999,1024,1536,5,ok,9.073214976,0.5,1.0
qwen3-4b,ours,ours,8000,7999,40,0.4,0.6,per_head,False,1,self,0.6,7999,1024,1536,5,ok,9.073214976,0.5,1.0
qwen3-4b,ours,ours,8000,7999,50,0.5,0.6,per_head,False,1,self,0.6,7999,1024,1536,5,ok,9.073214976,0.5,1.0
qwen3-4b,ours,ours,8000,7999,60,0.6,0.6,per_head,False,1,self,0.6,7999,1024,1536,5,ok,9.073214976,0.5,1.0
qwen3-4b,ours,ours,8000,7999,70,0.7,0.6,per_head,False,1,self,0.6,7999,1024,1536,5,ok,9.073214976,0.5,1.0
qwen3-4b,ours,ours,8000,7999,80,0.8,0.6,per_head,False,1,self,0.6,7999,1024,1536,5,ok,9.073214976,0.5,1.0
qwen3-4b,ours,ours,8000,7999,90,0.9,0.6,per_head,False,1,self,0.6,7999,1024,1536,5,ok,9.073214976,0.5,1.0
qwen3-4b,ours,ours,8000,8000,100,1.0,0.6,per_head,False,1,self,0.6,8000,1024,1536,5,ok,9.073214976,0.5,1.0
qwen3-4b,ours,ours,8000,7999,0,0.0,0.8,per_head,False,1,self,0.8,7999,1024,1536,5,ok,9.073214976,0.6,1.0
qwen3-4b,ours,ours,8000,7999,10,0.1,0.8,per_head,False,1,self,0.8,7999,1024,1536,5,ok,9.073214976,0.6,1.0
qwen3-4b,ours,ours,8000,7999,20,0.2,0.8,per_head,False,1,self,0.8,7999,1024,1536,5,ok,9.073214976,0.6,1.0
qwen3-4b,ours,ours,8000,7999,30,0.3,0.8,per_head,False,1,self,0.8,7999,1024,1536,5,ok,9.073214976,0.6,1.0
qwen3-4b,ours,ours,8000,7999,40,0.4,0.8,per_head,False,1,self,0.8,7999,1024,1536,5,ok,9.073214976,0.6,1.0
qwen3-4b,ours,ours,8000,7999,50,0.5,0.8,per_head,False,1,self,0.8,7999,1024,1536,5,ok,9.073214976,0.6,1.0
qwen3-4b,ours,ours,8000,7999,60,0.6,0.8,per_head,False,1,self,0.8,7999,1024,1536,5,ok,9.073214976,0.6,1.0
qwen3-4b,ours,ours,8000,7999,70,0.7,0.8,per_head,False,1,self,0.8,7999,1024,1536,5,ok,9.073214976,0.6,1.0
qwen3-4b,ours,ours,8000,7999,80,0.8,0.8,per_head,False,1,self,0.8,7999,1024,1536,5,ok,9.073214976,0.6,1.0
qwen3-4b,ours,ours,8000,7999,90,0.9,0.8,per_head,False,1,self,0.8,7999,1024,1536,5,ok,9.073214976,0.6,1.0
qwen3-4b,ours,ours,8000,8000,100,1.0,0.8,per_head,False,1,self,0.8,8000,1024,1536,5,ok,9.073214976,0.6,1.0
qwen3-4b,ours,ours,8000,7999,0,0.0,1.0,per_head,False,1,self,1.0,7999,7999,8511,0,ok,9.416530432,1.2,1.0
qwen3-4b,ours,ours,8000,7999,10,0.1,1.0,per_head,False,1,self,1.0,7999,7999,8511,0,ok,9.416530432,1.2,1.0
qwen3-4b,ours,ours,8000,7999,20,0.2,1.0,per_head,False,1,self,1.0,7999,7999,8511,0,ok,9.416530432,1.2,1.0
qwen3-4b,ours,ours,8000,7999,30,0.3,1.0,per_head,False,1,self,1.0,7999,7999,8511,0,ok,9.416530432,1.2,1.0
qwen3-4b,ours,ours,8000,7999,40,0.4,1.0,per_head,False,1,self,1.0,7999,7999,8511,0,ok,9.416530432,1.2,1.0
qwen3-4b,ours,ours,8000,7999,50,0.5,1.0,per_head,False,1,self,1.0,7999,7999,8511,0,ok,9.416530432,1.2,1.0
qwen3-4b,ours,ours,8000,7999,60,0.6,1.0,per_head,False,1,self,1.0,7999,7999,8511,0,ok,9.416530432,1.2,1.0
qwen3-4b,ours,ours,8000,7999,70,0.7,1.0,per_head,False,1,self,1.0,7999,7999,8511,0,ok,9.416530432,1.2,1.0
qwen3-4b,ours,ours,8000,7999,80,0.8,1.0,per_head,False,1,self,1.0,7999,7999,8511,0,ok,9.416530432,1.2,1.0
qwen3-4b,ours,ours,8000,7999,90,0.9,1.0,per_head,False,1,self,1.0,7999,7999,8511,0,ok,9.416530432,1.2,1.0
qwen3-4b,ours,ours,8000,8000,100,1.0,1.0,per_head,False,1,self,1.0,8000,8000,8512,0,ok,9.416667648,1.2,1.0
qwen3-4b,ours_combine,ours,500,499,0,0.0,0.0,per_head,True,1,next_chunk,0.0,64,64,1024,0,ok,8.32509184,0.0,0.0
qwen3-4b,ours_combine,ours,500,499,10,0.1,0.0,per_head,True,1,next_chunk,0.0,64,64,1024,0,ok,8.32509184,0.0,0.0
qwen3-4b,ours_combine,ours,500,499,20,0.2,0.0,per_head,True,1,next_chunk,0.0,64,64,1024,0,ok,8.32509184,0.0,0.0
qwen3-4b,ours_combine,ours,500,499,30,0.3,0.0,per_head,True,1,next_chunk,0.0,64,64,1024,0,ok,8.32509184,0.0,0.0
qwen3-4b,ours_combine,ours,500,499,40,0.4,0.0,per_head,True,1,next_chunk,0.0,64,64,1024,0,ok,8.32509184,0.0,0.0
qwen3-4b,ours_combine,ours,500,499,50,0.5,0.0,per_head,True,1,next_chunk,0.0,64,64,1024,0,ok,8.32509184,0.0,0.0
qwen3-4b,ours_combine,ours,500,499,60,0.6,0.0,per_head,True,1,next_chunk,0.0,64,64,1024,0,ok,8.32509184,0.0,0.0
qwen3-4b,ours_combine,ours,500,499,70,0.7,0.0,per_head,True,1,next_chunk,0.0,64,64,1024,0,ok,8.32509184,0.0,0.0
qwen3-4b,ours_combine,ours,500,499,80,0.8,0.0,per_head,True,1,next_chunk,0.0,64,64,1024,0,ok,8.32509184,0.0,0.0
qwen3-4b,ours_combine,ours,500,499,90,0.9,0.0,per_head,True,1,next_chunk,0.0,64,64,1024,0,ok,8.32509184,0.0,0.0
qwen3-4b,ours_combine,ours,500,500,100,1.0,0.0,per_head,True,1,next_chunk,0.0,64,64,1024,0,ok,8.325755392,0.0,0.0
qwen3-4b,ours_combine,ours,500,499,0,0.0,0.2,per_head,True,1,next_chunk,0.5,200,200,1024,0,ok,8.32509184,0.0,0.5
qwen3-4b,ours_combine,ours,500,499,10,0.1,0.2,per_head,True,1,next_chunk,0.5,200,200,1024,0,ok,8.32509184,0.0,1.0
qwen3-4b,ours_combine,ours,500,499,20,0.2,0.2,per_head,True,1,next_chunk,0.5,200,200,1024,0,ok,8.32509184,0.0,1.0
qwen3-4b,ours_combine,ours,500,499,30,0.3,0.2,per_head,True,1,next_chunk,0.5,200,200,1024,0,ok,8.32509184,0.0,0.5
qwen3-4b,ours_combine,ours,500,499,40,0.4,0.2,per_head,True,1,next_chunk,0.5,200,200,1024,0,ok,8.32509184,0.0,0.5
qwen3-4b,ours_combine,ours,500,499,50,0.5,0.2,per_head,True,1,next_chunk,0.5,200,200,1024,0,ok,8.32509184,0.0,1.0
qwen3-4b,ours_combine,ours,500,499,60,0.6,0.2,per_head,True,1,next_chunk,0.5,200,200,1024,0,ok,8.32509184,0.0,1.0
qwen3-4b,ours_combine,ours,500,499,70,0.7,0.2,per_head,True,1,next_chunk,0.5,200,200,1024,0,ok,8.32509184,0.0,1.0
qwen3-4b,ours_combine,ours,500,499,80,0.8,0.2,per_head,True,1,next_chunk,0.5,200,200,1024,0,ok,8.32509184,0.0,1.0
qwen3-4b,ours_combine,ours,500,499,90,0.9,0.2,per_head,True,1,next_chunk,0.5,200,200,1024,0,ok,8.32509184,0.0,1.0
qwen3-4b,ours_combine,ours,500,500,100,1.0,0.2,per_head,True,1,next_chunk,0.5,200,200,1024,0,ok,8.325755392,0.0,1.0
qwen3-4b,ours_combine,ours,500,499,0,0.0,0.4,per_head,True,1,next_chunk,0.5,399,399,1024,0,ok,8.32509184,0.0,1.0
qwen3-4b,ours_combine,ours,500,499,10,0.1,0.4,per_head,True,1,next_chunk,0.5,399,399,1024,0,ok,8.32509184,0.0,1.0
qwen3-4b,ours_combine,ours,500,499,20,0.2,0.4,per_head,True,1,next_chunk,0.5,399,399,1024,0,ok,8.32509184,0.0,1.0
qwen3-4b,ours_combine,ours,500,499,30,0.3,0.4,per_head,True,1,next_chunk,0.5,399,399,1024,0,ok,8.32509184,0.0,1.0
qwen3-4b,ours_combine,ours,500,499,40,0.4,0.4,per_head,True,1,next_chunk,0.5,399,399,1024,0,ok,8.32509184,0.0,1.0
qwen3-4b,ours_combine,ours,500,499,50,0.5,0.4,per_head,True,1,next_chunk,0.5,399,399,1024,0,ok,8.32509184,0.0,1.0
qwen3-4b,ours_combine,ours,500,499,60,0.6,0.4,per_head,True,1,next_chunk,0.5,399,399,1024,0,ok,8.32509184,0.0,1.0
qwen3-4b,ours_combine,ours,500,499,70,0.7,0.4,per_head,True,1,next_chunk,0.5,399,399,1024,0,ok,8.32509184,0.0,1.0
qwen3-4b,ours_combine,ours,500,499,80,0.8,0.4,per_head,True,1,next_chunk,0.5,399,399,1024,0,ok,8.32509184,0.0,1.0
qwen3-4b,ours_combine,ours,500,499,90,0.9,0.4,per_head,True,1,next_chunk,0.5,399,399,1024,0,ok,8.32509184,0.0,1.0
qwen3-4b,ours_combine,ours,500,500,100,1.0,0.4,per_head,True,1,next_chunk,0.5,400,400,1024,0,ok,8.325755392,0.0,1.0
qwen3-4b,ours_combine,ours,500,499,0,0.0,0.6,per_head,True,1,next_chunk,0.6,499,499,1024,0,ok,8.32509184,0.0,1.0
qwen3-4b,ours_combine,ours,500,499,10,0.1,0.6,per_head,True,1,next_chunk,0.6,499,499,1024,0,ok,8.32509184,0.0,1.0
qwen3-4b,ours_combine,ours,500,499,20,0.2,0.6,per_head,True,1,next_chunk,0.6,499,499,1024,0,ok,8.32509184,0.0,1.0
qwen3-4b,ours_combine,ours,500,499,30,0.3,0.6,per_head,True,1,next_chunk,0.6,499,499,1024,0,ok,8.32509184,0.0,1.0
qwen3-4b,ours_combine,ours,500,499,40,0.4,0.6,per_head,True,1,next_chunk,0.6,499,499,1024,0,ok,8.32509184,0.0,1.0
qwen3-4b,ours_combine,ours,500,499,50,0.5,0.6,per_head,True,1,next_chunk,0.6,499,499,1024,0,ok,8.32509184,0.0,1.0
qwen3-4b,ours_combine,ours,500,499,60,0.6,0.6,per_head,True,1,next_chunk,0.6,499,499,1024,0,ok,8.32509184,0.0,1.0
qwen3-4b,ours_combine,ours,500,499,70,0.7,0.6,per_head,True,1,next_chunk,0.6,499,499,1024,0,ok,8.32509184,0.0,1.0
qwen3-4b,ours_combine,ours,500,499,80,0.8,0.6,per_head,True,1,next_chunk,0.6,499,499,1024,0,ok,8.32509184,0.0,1.0
qwen3-4b,ours_combine,ours,500,499,90,0.9,0.6,per_head,True,1,next_chunk,0.6,499,499,1024,0,ok,8.32509184,0.0,1.0
qwen3-4b,ours_combine,ours,500,500,100,1.0,0.6,per_head,True,1,next_chunk,0.6,500,500,1024,0,ok,8.325755392,0.0,1.0
qwen3-4b,ours_combine,ours,500,499,0,0.0,0.8,per_head,True,1,next_chunk,0.8,499,499,1024,0,ok,8.32509184,0.1,1.0
qwen3-4b,ours_combine,ours,500,499,10,0.1,0.8,per_head,True,1,next_chunk,0.8,499,499,1024,0,ok,8.32509184,0.1,1.0
qwen3-4b,ours_combine,ours,500,499,20,0.2,0.8,per_head,True,1,next_chunk,0.8,499,499,1024,0,ok,8.32509184,0.1,1.0
qwen3-4b,ours_combine,ours,500,499,30,0.3,0.8,per_head,True,1,next_chunk,0.8,499,499,1024,0,ok,8.32509184,0.1,1.0
qwen3-4b,ours_combine,ours,500,499,40,0.4,0.8,per_head,True,1,next_chunk,0.8,499,499,1024,0,ok,8.32509184,0.1,1.0
qwen3-4b,ours_combine,ours,500,499,50,0.5,0.8,per_head,True,1,next_chunk,0.8,499,499,1024,0,ok,8.32509184,0.1,1.0
qwen3-4b,ours_combine,ours,500,499,60,0.6,0.8,per_head,True,1,next_chunk,0.8,499,499,1024,0,ok,8.32509184,0.1,1.0
qwen3-4b,ours_combine,ours,500,499,70,0.7,0.8,per_head,True,1,next_chunk,0.8,499,499,1024,0,ok,8.32509184,0.1,1.0
qwen3-4b,ours_combine,ours,500,499,80,0.8,0.8,per_head,True,1,next_chunk,0.8,499,499,1024,0,ok,8.32509184,0.1,1.0
qwen3-4b,ours_combine,ours,500,499,90,0.9,0.8,per_head,True,1,next_chunk,0.8,499,499,1024,0,ok,8.32509184,0.1,1.0
qwen3-4b,ours_combine,ours,500,500,100,1.0,0.8,per_head,True,1,next_chunk,0.8,500,500,1024,0,ok,8.325755392,0.1,1.0
qwen3-4b,ours_combine,ours,500,499,0,0.0,1.0,per_head,True,1,next_chunk,1.0,499,499,1011,0,ok,8.32509184,0.1,1.0
qwen3-4b,ours_combine,ours,500,499,10,0.1,1.0,per_head,True,1,next_chunk,1.0,499,499,1011,0,ok,8.32509184,0.1,1.0
qwen3-4b,ours_combine,ours,500,499,20,0.2,1.0,per_head,True,1,next_chunk,1.0,499,499,1011,0,ok,8.32509184,0.1,1.0
qwen3-4b,ours_combine,ours,500,499,30,0.3,1.0,per_head,True,1,next_chunk,1.0,499,499,1011,0,ok,8.32509184,0.1,1.0
qwen3-4b,ours_combine,ours,500,499,40,0.4,1.0,per_head,True,1,next_chunk,1.0,499,499,1011,0,ok,8.32509184,0.1,1.0
qwen3-4b,ours_combine,ours,500,499,50,0.5,1.0,per_head,True,1,next_chunk,1.0,499,499,1011,0,ok,8.32509184,0.1,1.0
qwen3-4b,ours_combine,ours,500,499,60,0.6,1.0,per_head,True,1,next_chunk,1.0,499,499,1011,0,ok,8.32509184,0.1,1.0
qwen3-4b,ours_combine,ours,500,499,70,0.7,1.0,per_head,True,1,next_chunk,1.0,499,499,1011,0,ok,8.32509184,0.1,1.0
qwen3-4b,ours_combine,ours,500,499,80,0.8,1.0,per_head,True,1,next_chunk,1.0,499,499,1011,0,ok,8.32509184,0.1,1.0
qwen3-4b,ours_combine,ours,500,499,90,0.9,1.0,per_head,True,1,next_chunk,1.0,499,499,1011,0,ok,8.32509184,0.1,1.0
qwen3-4b,ours_combine,ours,500,500,100,1.0,1.0,per_head,True,1,next_chunk,1.0,500,500,1012,0,ok,8.325755392,0.1,1.0
qwen3-4b,ours_combine,ours,2000,1999,0,0.0,0.0,per_head,True,1,next_chunk,0.0,64,64,1024,1,ok,8.424776704,0.0,0.0
qwen3-4b,ours_combine,ours,2000,1999,10,0.1,0.0,per_head,True,1,next_chunk,0.0,64,64,1024,1,ok,8.424776704,0.0,0.0
qwen3-4b,ours_combine,ours,2000,1999,20,0.2,0.0,per_head,True,1,next_chunk,0.0,64,64,1024,1,ok,8.424776704,0.0,0.0
qwen3-4b,ours_combine,ours,2000,1999,30,0.3,0.0,per_head,True,1,next_chunk,0.0,64,64,1024,1,ok,8.424776704,0.0,0.0
qwen3-4b,ours_combine,ours,2000,1999,40,0.4,0.0,per_head,True,1,next_chunk,0.0,64,64,1024,1,ok,8.424776704,0.0,0.0
qwen3-4b,ours_combine,ours,2000,1999,50,0.5,0.0,per_head,True,1,next_chunk,0.0,64,64,1024,1,ok,8.424776704,0.0,0.0
qwen3-4b,ours_combine,ours,2000,1999,60,0.6,0.0,per_head,True,1,next_chunk,0.0,64,64,1024,1,ok,8.424776704,0.0,0.0
qwen3-4b,ours_combine,ours,2000,1999,70,0.7,0.0,per_head,True,1,next_chunk,0.0,64,64,1024,1,ok,8.424776704,0.0,0.0
qwen3-4b,ours_combine,ours,2000,1999,80,0.8,0.0,per_head,True,1,next_chunk,0.0,64,64,1024,1,ok,8.424776704,0.0,0.0
qwen3-4b,ours_combine,ours,2000,1999,90,0.9,0.0,per_head,True,1,next_chunk,0.0,64,64,1024,1,ok,8.424776704,0.0,0.0
qwen3-4b,ours_combine,ours,2000,2000,100,1.0,0.0,per_head,True,1,next_chunk,0.0,64,64,1024,1,ok,8.424776704,0.0,0.0
qwen3-4b,ours_combine,ours,2000,1999,0,0.0,0.2,per_head,True,1,next_chunk,0.5,800,410,1024,1,ok,8.442273792,0.1,0.5
qwen3-4b,ours_combine,ours,2000,1999,10,0.1,0.2,per_head,True,1,next_chunk,0.5,800,410,1024,1,ok,8.442273792,0.1,0.5
qwen3-4b,ours_combine,ours,2000,1999,20,0.2,0.2,per_head,True,1,next_chunk,0.5,800,410,1024,1,ok,8.442273792,0.1,1.0
qwen3-4b,ours_combine,ours,2000,1999,30,0.3,0.2,per_head,True,1,next_chunk,0.5,800,410,1024,1,ok,8.442273792,0.1,0.5
qwen3-4b,ours_combine,ours,2000,1999,40,0.4,0.2,per_head,True,1,next_chunk,0.5,800,410,1024,1,ok,8.442273792,0.1,0.5
qwen3-4b,ours_combine,ours,2000,1999,50,0.5,0.2,per_head,True,1,next_chunk,0.5,800,410,1024,1,ok,8.442273792,0.1,1.0
qwen3-4b,ours_combine,ours,2000,1999,60,0.6,0.2,per_head,True,1,next_chunk,0.5,800,410,1024,1,ok,8.442273792,0.1,1.0
qwen3-4b,ours_combine,ours,2000,1999,70,0.7,0.2,per_head,True,1,next_chunk,0.5,800,410,1024,1,ok,8.442273792,0.1,1.0
qwen3-4b,ours_combine,ours,2000,1999,80,0.8,0.2,per_head,True,1,next_chunk,0.5,800,410,1024,1,ok,8.442273792,0.1,1.0
qwen3-4b,ours_combine,ours,2000,1999,90,0.9,0.2,per_head,True,1,next_chunk,0.5,800,410,1024,1,ok,8.442273792,0.1,1.0
qwen3-4b,ours_combine,ours,2000,2000,100,1.0,0.2,per_head,True,1,next_chunk,0.5,800,410,1024,1,ok,8.442558464,0.1,1.0
qwen3-4b,ours_combine,ours,2000,1999,0,0.0,0.4,per_head,True,1,next_chunk,0.5,1599,819,1024,1,ok,8.498869248,0.1,1.0
qwen3-4b,ours_combine,ours,2000,1999,10,0.1,0.4,per_head,True,1,next_chunk,0.5,1599,819,1024,1,ok,8.498869248,0.1,1.0
qwen3-4b,ours_combine,ours,2000,1999,20,0.2,0.4,per_head,True,1,next_chunk,0.5,1599,819,1024,1,ok,8.498869248,0.1,1.0
qwen3-4b,ours_combine,ours,2000,1999,30,0.3,0.4,per_head,True,1,next_chunk,0.5,1599,819,1024,1,ok,8.498869248,0.1,1.0
qwen3-4b,ours_combine,ours,2000,1999,40,0.4,0.4,per_head,True,1,next_chunk,0.5,1599,819,1024,1,ok,8.498869248,0.1,1.0
qwen3-4b,ours_combine,ours,2000,1999,50,0.5,0.4,per_head,True,1,next_chunk,0.5,1599,819,1024,1,ok,8.498869248,0.1,1.0
qwen3-4b,ours_combine,ours,2000,1999,60,0.6,0.4,per_head,True,1,next_chunk,0.5,1599,819,1024,1,ok,8.498869248,0.1,1.0
qwen3-4b,ours_combine,ours,2000,1999,70,0.7,0.4,per_head,True,1,next_chunk,0.5,1599,819,1024,1,ok,8.498869248,0.1,1.0
qwen3-4b,ours_combine,ours,2000,1999,80,0.8,0.4,per_head,True,1,next_chunk,0.5,1599,819,1024,1,ok,8.498869248,0.1,1.0
qwen3-4b,ours_combine,ours,2000,1999,90,0.9,0.4,per_head,True,1,next_chunk,0.5,1599,819,1024,1,ok,8.498869248,0.1,1.0
qwen3-4b,ours_combine,ours,2000,2000,100,1.0,0.4,per_head,True,1,next_chunk,0.5,1600,819,1024,1,ok,8.496442368,0.1,1.0
qwen3-4b,ours_combine,ours,2000,1999,0,0.0,0.6,per_head,True,1,next_chunk,0.6,1999,1024,1536,1,ok,8.498384384,0.1,1.0
qwen3-4b,ours_combine,ours,2000,1999,10,0.1,0.6,per_head,True,1,next_chunk,0.6,1999,1024,1536,1,ok,8.498384384,0.1,1.0
qwen3-4b,ours_combine,ours,2000,1999,20,0.2,0.6,per_head,True,1,next_chunk,0.6,1999,1024,1536,1,ok,8.498384384,0.1,1.0
qwen3-4b,ours_combine,ours,2000,1999,30,0.3,0.6,per_head,True,1,next_chunk,0.6,1999,1024,1536,1,ok,8.498384384,0.1,1.0
qwen3-4b,ours_combine,ours,2000,1999,40,0.4,0.6,per_head,True,1,next_chunk,0.6,1999,1024,1536,1,ok,8.498384384,0.1,1.0
qwen3-4b,ours_combine,ours,2000,1999,50,0.5,0.6,per_head,True,1,next_chunk,0.6,1999,1024,1536,1,ok,8.498384384,0.1,1.0
qwen3-4b,ours_combine,ours,2000,1999,60,0.6,0.6,per_head,True,1,next_chunk,0.6,1999,1024,1536,1,ok,8.498384384,0.1,1.0
qwen3-4b,ours_combine,ours,2000,1999,70,0.7,0.6,per_head,True,1,next_chunk,0.6,1999,1024,1536,1,ok,8.498384384,0.1,1.0
qwen3-4b,ours_combine,ours,2000,1999,80,0.8,0.6,per_head,True,1,next_chunk,0.6,1999,1024,1536,1,ok,8.498384384,0.1,1.0
qwen3-4b,ours_combine,ours,2000,1999,90,0.9,0.6,per_head,True,1,next_chunk,0.6,1999,1024,1536,1,ok,8.498384384,0.1,1.0
qwen3-4b,ours_combine,ours,2000,2000,100,1.0,0.6,per_head,True,1,next_chunk,0.6,2000,1024,1536,1,ok,8.500189184,0.1,1.0
qwen3-4b,ours_combine,ours,2000,1999,0,0.0,0.8,per_head,True,1,next_chunk,0.8,1999,1024,1536,1,ok,8.498384384,0.2,1.0
qwen3-4b,ours_combine,ours,2000,1999,10,0.1,0.8,per_head,True,1,next_chunk,0.8,1999,1024,1536,1,ok,8.498384384,0.2,1.0
qwen3-4b,ours_combine,ours,2000,1999,20,0.2,0.8,per_head,True,1,next_chunk,0.8,1999,1024,1536,1,ok,8.498384384,0.2,1.0
qwen3-4b,ours_combine,ours,2000,1999,30,0.3,0.8,per_head,True,1,next_chunk,0.8,1999,1024,1536,1,ok,8.498384384,0.2,1.0
qwen3-4b,ours_combine,ours,2000,1999,40,0.4,0.8,per_head,True,1,next_chunk,0.8,1999,1024,1536,1,ok,8.498384384,0.2,1.0
qwen3-4b,ours_combine,ours,2000,1999,50,0.5,0.8,per_head,True,1,next_chunk,0.8,1999,1024,1536,1,ok,8.498384384,0.2,1.0
qwen3-4b,ours_combine,ours,2000,1999,60,0.6,0.8,per_head,True,1,next_chunk,0.8,1999,1024,1536,1,ok,8.498384384,0.2,1.0
qwen3-4b,ours_combine,ours,2000,1999,70,0.7,0.8,per_head,True,1,next_chunk,0.8,1999,1024,1536,1,ok,8.498384384,0.2,1.0
qwen3-4b,ours_combine,ours,2000,1999,80,0.8,0.8,per_head,True,1,next_chunk,0.8,1999,1024,1536,1,ok,8.498384384,0.2,1.0
qwen3-4b,ours_combine,ours,2000,1999,90,0.9,0.8,per_head,True,1,next_chunk,0.8,1999,1024,1536,1,ok,8.498384384,0.2,1.0
qwen3-4b,ours_combine,ours,2000,2000,100,1.0,0.8,per_head,True,1,next_chunk,0.8,2000,1024,1536,1,ok,8.500189184,0.2,1.0
qwen3-4b,ours_combine,ours,2000,1999,0,0.0,1.0,per_head,True,1,next_chunk,1.0,1999,1999,2511,0,ok,8.535262208,0.3,1.0
qwen3-4b,ours_combine,ours,2000,1999,10,0.1,1.0,per_head,True,1,next_chunk,1.0,1999,1999,2511,0,ok,8.535262208,0.3,1.0
qwen3-4b,ours_combine,ours,2000,1999,20,0.2,1.0,per_head,True,1,next_chunk,1.0,1999,1999,2511,0,ok,8.535262208,0.3,1.0
qwen3-4b,ours_combine,ours,2000,1999,30,0.3,1.0,per_head,True,1,next_chunk,1.0,1999,1999,2511,0,ok,8.535262208,0.3,1.0
qwen3-4b,ours_combine,ours,2000,1999,40,0.4,1.0,per_head,True,1,next_chunk,1.0,1999,1999,2511,0,ok,8.535262208,0.3,1.0
qwen3-4b,ours_combine,ours,2000,1999,50,0.5,1.0,per_head,True,1,next_chunk,1.0,1999,1999,2511,0,ok,8.535262208,0.3,1.0
qwen3-4b,ours_combine,ours,2000,1999,60,0.6,1.0,per_head,True,1,next_chunk,1.0,1999,1999,2511,0,ok,8.535262208,0.3,1.0
qwen3-4b,ours_combine,ours,2000,1999,70,0.7,1.0,per_head,True,1,next_chunk,1.0,1999,1999,2511,0,ok,8.535262208,0.3,1.0
qwen3-4b,ours_combine,ours,2000,1999,80,0.8,1.0,per_head,True,1,next_chunk,1.0,1999,1999,2511,0,ok,8.535262208,0.3,1.0
qwen3-4b,ours_combine,ours,2000,1999,90,0.9,1.0,per_head,True,1,next_chunk,1.0,1999,1999,2511,0,ok,8.535262208,0.3,1.0
qwen3-4b,ours_combine,ours,2000,2000,100,1.0,1.0,per_head,True,1,next_chunk,1.0,2000,2000,2512,0,ok,8.537529344,0.3,1.0
qwen3-4b,ours_combine,ours,8000,7999,0,0.0,0.0,per_head,True,1,next_chunk,0.0,64,64,1024,7,ok,8.428702208,0.0,0.0
qwen3-4b,ours_combine,ours,8000,7999,10,0.1,0.0,per_head,True,1,next_chunk,0.0,64,64,1024,7,ok,8.428702208,0.0,0.0
qwen3-4b,ours_combine,ours,8000,7999,20,0.2,0.0,per_head,True,1,next_chunk,0.0,64,64,1024,7,ok,8.428702208,0.0,0.0
qwen3-4b,ours_combine,ours,8000,7999,30,0.3,0.0,per_head,True,1,next_chunk,0.0,64,64,1024,7,ok,8.428702208,0.0,0.0
qwen3-4b,ours_combine,ours,8000,7999,40,0.4,0.0,per_head,True,1,next_chunk,0.0,64,64,1024,7,ok,8.428702208,0.0,0.0
qwen3-4b,ours_combine,ours,8000,7999,50,0.5,0.0,per_head,True,1,next_chunk,0.0,64,64,1024,7,ok,8.428702208,0.0,0.0
qwen3-4b,ours_combine,ours,8000,7999,60,0.6,0.0,per_head,True,1,next_chunk,0.0,64,64,1024,7,ok,8.428702208,0.0,0.0
qwen3-4b,ours_combine,ours,8000,7999,70,0.7,0.0,per_head,True,1,next_chunk,0.0,64,64,1024,7,ok,8.428702208,0.0,0.0
qwen3-4b,ours_combine,ours,8000,7999,80,0.8,0.0,per_head,True,1,next_chunk,0.0,64,64,1024,7,ok,8.428702208,0.0,0.0
qwen3-4b,ours_combine,ours,8000,7999,90,0.9,0.0,per_head,True,1,next_chunk,0.0,64,64,1024,7,ok,8.428702208,0.0,0.0
qwen3-4b,ours_combine,ours,8000,8000,100,1.0,0.0,per_head,True,1,next_chunk,0.0,64,64,1024,7,ok,8.428702208,0.0,0.0
qwen3-4b,ours_combine,ours,8000,7999,0,0.0,0.2,per_head,True,1,next_chunk,0.5,3200,410,1024,7,ok,8.77498624,0.2,0.5
qwen3-4b,ours_combine,ours,8000,7999,10,0.1,0.2,per_head,True,1,next_chunk,0.5,3200,410,1024,7,ok,8.77498624,0.2,1.0
qwen3-4b,ours_combine,ours,8000,7999,20,0.2,0.2,per_head,True,1,next_chunk,0.5,3200,410,1024,7,ok,8.77498624,0.2,0.5
qwen3-4b,ours_combine,ours,8000,7999,30,0.3,0.2,per_head,True,1,next_chunk,0.5,3200,410,1024,7,ok,8.77498624,0.2,0.5
qwen3-4b,ours_combine,ours,8000,7999,40,0.4,0.2,per_head,True,1,next_chunk,0.5,3200,410,1024,7,ok,8.77498624,0.2,0.5
qwen3-4b,ours_combine,ours,8000,7999,50,0.5,0.2,per_head,True,1,next_chunk,0.5,3200,410,1024,7,ok,8.77498624,0.2,0.5
qwen3-4b,ours_combine,ours,8000,7999,60,0.6,0.2,per_head,True,1,next_chunk,0.5,3200,410,1024,7,ok,8.77498624,0.2,0.5
qwen3-4b,ours_combine,ours,8000,7999,70,0.7,0.2,per_head,True,1,next_chunk,0.5,3200,410,1024,7,ok,8.77498624,0.2,0.5
qwen3-4b,ours_combine,ours,8000,7999,80,0.8,0.2,per_head,True,1,next_chunk,0.5,3200,410,1024,7,ok,8.77498624,0.2,0.5
qwen3-4b,ours_combine,ours,8000,7999,90,0.9,0.2,per_head,True,1,next_chunk,0.5,3200,410,1024,7,ok,8.77498624,0.2,1.0
qwen3-4b,ours_combine,ours,8000,8000,100,1.0,0.2,per_head,True,1,next_chunk,0.5,3200,410,1024,7,ok,8.77498624,0.2,1.0
qwen3-4b,ours_combine,ours,8000,7999,0,0.0,0.4,per_head,True,1,next_chunk,0.5,6399,819,1024,7,ok,9.19808256,0.5,1.0
qwen3-4b,ours_combine,ours,8000,7999,10,0.1,0.4,per_head,True,1,next_chunk,0.5,6399,819,1024,7,ok,9.19808256,0.5,1.0
qwen3-4b,ours_combine,ours,8000,7999,20,0.2,0.4,per_head,True,1,next_chunk,0.5,6399,819,1024,7,ok,9.19808256,0.5,1.0
qwen3-4b,ours_combine,ours,8000,7999,30,0.3,0.4,per_head,True,1,next_chunk,0.5,6399,819,1024,7,ok,9.19808256,0.5,1.0
qwen3-4b,ours_combine,ours,8000,7999,40,0.4,0.4,per_head,True,1,next_chunk,0.5,6399,819,1024,7,ok,9.19808256,0.5,1.0
qwen3-4b,ours_combine,ours,8000,7999,50,0.5,0.4,per_head,True,1,next_chunk,0.5,6399,819,1024,7,ok,9.19808256,0.5,1.0
qwen3-4b,ours_combine,ours,8000,7999,60,0.6,0.4,per_head,True,1,next_chunk,0.5,6399,819,1024,7,ok,9.19808256,0.5,1.0
qwen3-4b,ours_combine,ours,8000,7999,70,0.7,0.4,per_head,True,1,next_chunk,0.5,6399,819,1024,7,ok,9.19808256,0.5,1.0
qwen3-4b,ours_combine,ours,8000,7999,80,0.8,0.4,per_head,True,1,next_chunk,0.5,6399,819,1024,7,ok,9.19808256,0.5,1.0
qwen3-4b,ours_combine,ours,8000,7999,90,0.9,0.4,per_head,True,1,next_chunk,0.5,6399,819,1024,7,ok,9.19808256,0.5,1.0
qwen3-4b,ours_combine,ours,8000,8000,100,1.0,0.4,per_head,True,1,next_chunk,0.5,6400,819,1024,7,ok,9.197638144,0.5,1.0
qwen3-4b,ours_combine,ours,8000,7999,0,0.0,0.6,per_head,True,1,next_chunk,0.6,7999,1024,1536,5,ok,9.06717952,0.5,1.0
qwen3-4b,ours_combine,ours,8000,7999,10,0.1,0.6,per_head,True,1,next_chunk,0.6,7999,1024,1536,5,ok,9.06717952,0.5,1.0
qwen3-4b,ours_combine,ours,8000,7999,20,0.2,0.6,per_head,True,1,next_chunk,0.6,7999,1024,1536,5,ok,9.06717952,0.5,1.0
qwen3-4b,ours_combine,ours,8000,7999,30,0.3,0.6,per_head,True,1,next_chunk,0.6,7999,1024,1536,5,ok,9.06717952,0.5,1.0
qwen3-4b,ours_combine,ours,8000,7999,40,0.4,0.6,per_head,True,1,next_chunk,0.6,7999,1024,1536,5,ok,9.06717952,0.5,1.0
qwen3-4b,ours_combine,ours,8000,7999,50,0.5,0.6,per_head,True,1,next_chunk,0.6,7999,1024,1536,5,ok,9.06717952,0.5,1.0
qwen3-4b,ours_combine,ours,8000,7999,60,0.6,0.6,per_head,True,1,next_chunk,0.6,7999,1024,1536,5,ok,9.06717952,0.5,1.0
qwen3-4b,ours_combine,ours,8000,7999,70,0.7,0.6,per_head,True,1,next_chunk,0.6,7999,1024,1536,5,ok,9.06717952,0.5,1.0
qwen3-4b,ours_combine,ours,8000,7999,80,0.8,0.6,per_head,True,1,next_chunk,0.6,7999,1024,1536,5,ok,9.06717952,0.5,1.0
qwen3-4b,ours_combine,ours,8000,7999,90,0.9,0.6,per_head,True,1,next_chunk,0.6,7999,1024,1536,5,ok,9.06717952,0.5,1.0
qwen3-4b,ours_combine,ours,8000,8000,100,1.0,0.6,per_head,True,1,next_chunk,0.6,8000,1024,1536,5,ok,9.06717952,0.5,1.0
qwen3-4b,ours_combine,ours,8000,7999,0,0.0,0.8,per_head,True,1,next_chunk,0.8,7999,1024,1536,5,ok,9.06717952,0.6,1.0
qwen3-4b,ours_combine,ours,8000,7999,10,0.1,0.8,per_head,True,1,next_chunk,0.8,7999,1024,1536,5,ok,9.06717952,0.6,1.0
qwen3-4b,ours_combine,ours,8000,7999,20,0.2,0.8,per_head,True,1,next_chunk,0.8,7999,1024,1536,5,ok,9.06717952,0.6,1.0
qwen3-4b,ours_combine,ours,8000,7999,30,0.3,0.8,per_head,True,1,next_chunk,0.8,7999,1024,1536,5,ok,9.06717952,0.6,1.0
qwen3-4b,ours_combine,ours,8000,7999,40,0.4,0.8,per_head,True,1,next_chunk,0.8,7999,1024,1536,5,ok,9.06717952,0.6,1.0
qwen3-4b,ours_combine,ours,8000,7999,50,0.5,0.8,per_head,True,1,next_chunk,0.8,7999,1024,1536,5,ok,9.06717952,0.6,1.0
qwen3-4b,ours_combine,ours,8000,7999,60,0.6,0.8,per_head,True,1,next_chunk,0.8,7999,1024,1536,5,ok,9.06717952,0.6,1.0
qwen3-4b,ours_combine,ours,8000,7999,70,0.7,0.8,per_head,True,1,next_chunk,0.8,7999,1024,1536,5,ok,9.06717952,0.6,1.0
qwen3-4b,ours_combine,ours,8000,7999,80,0.8,0.8,per_head,True,1,next_chunk,0.8,7999,1024,1536,5,ok,9.06717952,0.6,1.0
qwen3-4b,ours_combine,ours,8000,7999,90,0.9,0.8,per_head,True,1,next_chunk,0.8,7999,1024,1536,5,ok,9.06717952,0.6,1.0
qwen3-4b,ours_combine,ours,8000,8000,100,1.0,0.8,per_head,True,1,next_chunk,0.8,8000,1024,1536,5,ok,9.06717952,0.6,1.0
qwen3-4b,ours_combine,ours,8000,7999,0,0.0,1.0,per_head,True,1,next_chunk,1.0,7999,7999,8511,0,ok,9.416352256,1.2,1.0
qwen3-4b,ours_combine,ours,8000,7999,10,0.1,1.0,per_head,True,1,next_chunk,1.0,7999,7999,8511,0,ok,9.416352256,1.2,1.0
qwen3-4b,ours_combine,ours,8000,7999,20,0.2,1.0,per_head,True,1,next_chunk,1.0,7999,7999,8511,0,ok,9.416352256,1.2,1.0
qwen3-4b,ours_combine,ours,8000,7999,30,0.3,1.0,per_head,True,1,next_chunk,1.0,7999,7999,8511,0,ok,9.416352256,1.2,1.0
qwen3-4b,ours_combine,ours,8000,7999,40,0.4,1.0,per_head,True,1,next_chunk,1.0,7999,7999,8511,0,ok,9.416352256,1.2,1.0
qwen3-4b,ours_combine,ours,8000,7999,50,0.5,1.0,per_head,True,1,next_chunk,1.0,7999,7999,8511,0,ok,9.416352256,1.2,1.0
qwen3-4b,ours_combine,ours,8000,7999,60,0.6,1.0,per_head,True,1,next_chunk,1.0,7999,7999,8511,0,ok,9.416352256,1.2,1.0
qwen3-4b,ours_combine,ours,8000,7999,70,0.7,1.0,per_head,True,1,next_chunk,1.0,7999,7999,8511,0,ok,9.416352256,1.2,1.0
qwen3-4b,ours_combine,ours,8000,7999,80,0.8,1.0,per_head,True,1,next_chunk,1.0,7999,7999,8511,0,ok,9.416352256,1.2,1.0
qwen3-4b,ours_combine,ours,8000,7999,90,0.9,1.0,per_head,True,1,next_chunk,1.0,7999,7999,8511,0,ok,9.416352256,1.2,1.0
qwen3-4b,ours_combine,ours,8000,8000,100,1.0,1.0,per_head,True,1,next_chunk,1.0,8000,8000,8512,0,ok,9.416432128,1.2,1.0
qwen3-4b,ours_predict_next,ours,500,499,0,0.0,0.0,per_head,True,1,next_chunk,0.0,64,64,1024,0,ok,8.325087232,0.0,0.0
qwen3-4b,ours_predict_next,ours,500,499,10,0.1,0.0,per_head,True,1,next_chunk,0.0,64,64,1024,0,ok,8.325087232,0.0,0.0
qwen3-4b,ours_predict_next,ours,500,499,20,0.2,0.0,per_head,True,1,next_chunk,0.0,64,64,1024,0,ok,8.325087232,0.0,0.0
qwen3-4b,ours_predict_next,ours,500,499,30,0.3,0.0,per_head,True,1,next_chunk,0.0,64,64,1024,0,ok,8.325087232,0.0,0.0
qwen3-4b,ours_predict_next,ours,500,499,40,0.4,0.0,per_head,True,1,next_chunk,0.0,64,64,1024,0,ok,8.325087232,0.0,0.0
qwen3-4b,ours_predict_next,ours,500,499,50,0.5,0.0,per_head,True,1,next_chunk,0.0,64,64,1024,0,ok,8.325087232,0.0,0.0
qwen3-4b,ours_predict_next,ours,500,499,60,0.6,0.0,per_head,True,1,next_chunk,0.0,64,64,1024,0,ok,8.325087232,0.0,0.0
qwen3-4b,ours_predict_next,ours,500,499,70,0.7,0.0,per_head,True,1,next_chunk,0.0,64,64,1024,0,ok,8.325087232,0.0,0.0
qwen3-4b,ours_predict_next,ours,500,499,80,0.8,0.0,per_head,True,1,next_chunk,0.0,64,64,1024,0,ok,8.325087232,0.0,0.0
qwen3-4b,ours_predict_next,ours,500,499,90,0.9,0.0,per_head,True,1,next_chunk,0.0,64,64,1024,0,ok,8.325087232,0.0,0.0
qwen3-4b,ours_predict_next,ours,500,500,100,1.0,0.0,per_head,True,1,next_chunk,0.0,64,64,1024,0,ok,8.325750784,0.0,0.0
qwen3-4b,ours_predict_next,ours,500,499,0,0.0,0.2,per_head,True,1,next_chunk,0.5,200,200,1024,0,ok,8.325087232,0.0,0.5
qwen3-4b,ours_predict_next,ours,500,499,10,0.1,0.2,per_head,True,1,next_chunk,0.5,200,200,1024,0,ok,8.325087232,0.0,0.5
qwen3-4b,ours_predict_next,ours,500,499,20,0.2,0.2,per_head,True,1,next_chunk,0.5,200,200,1024,0,ok,8.325087232,0.0,1.0
qwen3-4b,ours_predict_next,ours,500,499,30,0.3,0.2,per_head,True,1,next_chunk,0.5,200,200,1024,0,ok,8.325087232,0.0,0.5
qwen3-4b,ours_predict_next,ours,500,499,40,0.4,0.2,per_head,True,1,next_chunk,0.5,200,200,1024,0,ok,8.325087232,0.0,0.5
qwen3-4b,ours_predict_next,ours,500,499,50,0.5,0.2,per_head,True,1,next_chunk,0.5,200,200,1024,0,ok,8.325087232,0.0,1.0
qwen3-4b,ours_predict_next,ours,500,499,60,0.6,0.2,per_head,True,1,next_chunk,0.5,200,200,1024,0,ok,8.325087232,0.0,1.0
qwen3-4b,ours_predict_next,ours,500,499,70,0.7,0.2,per_head,True,1,next_chunk,0.5,200,200,1024,0,ok,8.325087232,0.0,0.5
qwen3-4b,ours_predict_next,ours,500,499,80,0.8,0.2,per_head,True,1,next_chunk,0.5,200,200,1024,0,ok,8.325087232,0.0,0.5
qwen3-4b,ours_predict_next,ours,500,499,90,0.9,0.2,per_head,True,1,next_chunk,0.5,200,200,1024,0,ok,8.325087232,0.0,0.5
qwen3-4b,ours_predict_next,ours,500,500,100,1.0,0.2,per_head,True,1,next_chunk,0.5,200,200,1024,0,ok,8.325750784,0.0,1.0
qwen3-4b,ours_predict_next,ours,500,499,0,0.0,0.4,per_head,True,1,next_chunk,0.5,399,399,1024,0,ok,8.325087232,0.0,1.0
qwen3-4b,ours_predict_next,ours,500,499,10,0.1,0.4,per_head,True,1,next_chunk,0.5,399,399,1024,0,ok,8.325087232,0.0,1.0
qwen3-4b,ours_predict_next,ours,500,499,20,0.2,0.4,per_head,True,1,next_chunk,0.5,399,399,1024,0,ok,8.325087232,0.0,1.0
qwen3-4b,ours_predict_next,ours,500,499,30,0.3,0.4,per_head,True,1,next_chunk,0.5,399,399,1024,0,ok,8.325087232,0.0,1.0
qwen3-4b,ours_predict_next,ours,500,499,40,0.4,0.4,per_head,True,1,next_chunk,0.5,399,399,1024,0,ok,8.325087232,0.0,1.0
qwen3-4b,ours_predict_next,ours,500,499,50,0.5,0.4,per_head,True,1,next_chunk,0.5,399,399,1024,0,ok,8.325087232,0.0,1.0
qwen3-4b,ours_predict_next,ours,500,499,60,0.6,0.4,per_head,True,1,next_chunk,0.5,399,399,1024,0,ok,8.325087232,0.0,1.0
qwen3-4b,ours_predict_next,ours,500,499,70,0.7,0.4,per_head,True,1,next_chunk,0.5,399,399,1024,0,ok,8.325087232,0.0,1.0
qwen3-4b,ours_predict_next,ours,500,499,80,0.8,0.4,per_head,True,1,next_chunk,0.5,399,399,1024,0,ok,8.325087232,0.0,1.0
qwen3-4b,ours_predict_next,ours,500,499,90,0.9,0.4,per_head,True,1,next_chunk,0.5,399,399,1024,0,ok,8.325087232,0.0,1.0
qwen3-4b,ours_predict_next,ours,500,500,100,1.0,0.4,per_head,True,1,next_chunk,0.5,400,400,1024,0,ok,8.325750784,0.0,1.0
qwen3-4b,ours_predict_next,ours,500,499,0,0.0,0.6,per_head,True,1,next_chunk,0.6,499,499,1024,0,ok,8.325087232,0.0,1.0
qwen3-4b,ours_predict_next,ours,500,499,10,0.1,0.6,per_head,True,1,next_chunk,0.6,499,499,1024,0,ok,8.325087232,0.0,1.0
qwen3-4b,ours_predict_next,ours,500,499,20,0.2,0.6,per_head,True,1,next_chunk,0.6,499,499,1024,0,ok,8.325087232,0.0,1.0
qwen3-4b,ours_predict_next,ours,500,499,30,0.3,0.6,per_head,True,1,next_chunk,0.6,499,499,1024,0,ok,8.325087232,0.0,1.0
qwen3-4b,ours_predict_next,ours,500,499,40,0.4,0.6,per_head,True,1,next_chunk,0.6,499,499,1024,0,ok,8.325087232,0.0,1.0
qwen3-4b,ours_predict_next,ours,500,499,50,0.5,0.6,per_head,True,1,next_chunk,0.6,499,499,1024,0,ok,8.325087232,0.0,1.0
qwen3-4b,ours_predict_next,ours,500,499,60,0.6,0.6,per_head,True,1,next_chunk,0.6,499,499,1024,0,ok,8.325087232,0.0,1.0
qwen3-4b,ours_predict_next,ours,500,499,70,0.7,0.6,per_head,True,1,next_chunk,0.6,499,499,1024,0,ok,8.325087232,0.0,1.0
qwen3-4b,ours_predict_next,ours,500,499,80,0.8,0.6,per_head,True,1,next_chunk,0.6,499,499,1024,0,ok,8.325087232,0.0,1.0
qwen3-4b,ours_predict_next,ours,500,499,90,0.9,0.6,per_head,True,1,next_chunk,0.6,499,499,1024,0,ok,8.325087232,0.0,1.0
qwen3-4b,ours_predict_next,ours,500,500,100,1.0,0.6,per_head,True,1,next_chunk,0.6,500,500,1024,0,ok,8.325750784,0.0,1.0
qwen3-4b,ours_predict_next,ours,500,499,0,0.0,0.8,per_head,True,1,next_chunk,0.8,499,499,1024,0,ok,8.325087232,0.1,1.0
qwen3-4b,ours_predict_next,ours,500,499,10,0.1,0.8,per_head,True,1,next_chunk,0.8,499,499,1024,0,ok,8.325087232,0.1,1.0
qwen3-4b,ours_predict_next,ours,500,499,20,0.2,0.8,per_head,True,1,next_chunk,0.8,499,499,1024,0,ok,8.325087232,0.1,1.0
qwen3-4b,ours_predict_next,ours,500,499,30,0.3,0.8,per_head,True,1,next_chunk,0.8,499,499,1024,0,ok,8.325087232,0.1,1.0
qwen3-4b,ours_predict_next,ours,500,499,40,0.4,0.8,per_head,True,1,next_chunk,0.8,499,499,1024,0,ok,8.325087232,0.1,1.0
qwen3-4b,ours_predict_next,ours,500,499,50,0.5,0.8,per_head,True,1,next_chunk,0.8,499,499,1024,0,ok,8.325087232,0.1,1.0
qwen3-4b,ours_predict_next,ours,500,499,60,0.6,0.8,per_head,True,1,next_chunk,0.8,499,499,1024,0,ok,8.325087232,0.1,1.0
qwen3-4b,ours_predict_next,ours,500,499,70,0.7,0.8,per_head,True,1,next_chunk,0.8,499,499,1024,0,ok,8.325087232,0.1,1.0
qwen3-4b,ours_predict_next,ours,500,499,80,0.8,0.8,per_head,True,1,next_chunk,0.8,499,499,1024,0,ok,8.325087232,0.1,1.0
qwen3-4b,ours_predict_next,ours,500,499,90,0.9,0.8,per_head,True,1,next_chunk,0.8,499,499,1024,0,ok,8.325087232,0.1,1.0
qwen3-4b,ours_predict_next,ours,500,500,100,1.0,0.8,per_head,True,1,next_chunk,0.8,500,500,1024,0,ok,8.325750784,0.1,1.0
qwen3-4b,ours_predict_next,ours,500,499,0,0.0,1.0,per_head,True,1,next_chunk,1.0,499,499,1011,0,ok,8.325087232,0.1,1.0
qwen3-4b,ours_predict_next,ours,500,499,10,0.1,1.0,per_head,True,1,next_chunk,1.0,499,499,1011,0,ok,8.325087232,0.1,1.0
qwen3-4b,ours_predict_next,ours,500,499,20,0.2,1.0,per_head,True,1,next_chunk,1.0,499,499,1011,0,ok,8.325087232,0.1,1.0
qwen3-4b,ours_predict_next,ours,500,499,30,0.3,1.0,per_head,True,1,next_chunk,1.0,499,499,1011,0,ok,8.325087232,0.1,1.0
qwen3-4b,ours_predict_next,ours,500,499,40,0.4,1.0,per_head,True,1,next_chunk,1.0,499,499,1011,0,ok,8.325087232,0.1,1.0
qwen3-4b,ours_predict_next,ours,500,499,50,0.5,1.0,per_head,True,1,next_chunk,1.0,499,499,1011,0,ok,8.325087232,0.1,1.0
qwen3-4b,ours_predict_next,ours,500,499,60,0.6,1.0,per_head,True,1,next_chunk,1.0,499,499,1011,0,ok,8.325087232,0.1,1.0
qwen3-4b,ours_predict_next,ours,500,499,70,0.7,1.0,per_head,True,1,next_chunk,1.0,499,499,1011,0,ok,8.325087232,0.1,1.0
qwen3-4b,ours_predict_next,ours,500,499,80,0.8,1.0,per_head,True,1,next_chunk,1.0,499,499,1011,0,ok,8.325087232,0.1,1.0
qwen3-4b,ours_predict_next,ours,500,499,90,0.9,1.0,per_head,True,1,next_chunk,1.0,499,499,1011,0,ok,8.325087232,0.1,1.0
qwen3-4b,ours_predict_next,ours,500,500,100,1.0,1.0,per_head,True,1,next_chunk,1.0,500,500,1012,0,ok,8.325750784,0.1,1.0
qwen3-4b,ours_predict_next,ours,2000,1999,0,0.0,0.0,per_head,True,1,next_chunk,0.0,64,64,1024,1,ok,8.437559808,0.0,0.0
qwen3-4b,ours_predict_next,ours,2000,1999,10,0.1,0.0,per_head,True,1,next_chunk,0.0,64,64,1024,1,ok,8.436767232,0.0,0.0
qwen3-4b,ours_predict_next,ours,2000,1999,20,0.2,0.0,per_head,True,1,next_chunk,0.0,64,64,1024,1,ok,8.43916544,0.0,0.0
qwen3-4b,ours_predict_next,ours,2000,1999,30,0.3,0.0,per_head,True,1,next_chunk,0.0,64,64,1024,1,ok,8.436695552,0.0,0.0
qwen3-4b,ours_predict_next,ours,2000,1999,40,0.4,0.0,per_head,True,1,next_chunk,0.0,64,64,1024,1,ok,8.437740032,0.0,0.0
qwen3-4b,ours_predict_next,ours,2000,1999,50,0.5,0.0,per_head,True,1,next_chunk,0.0,64,64,1024,1,ok,8.440026624,0.0,0.0
qwen3-4b,ours_predict_next,ours,2000,1999,60,0.6,0.0,per_head,True,1,next_chunk,0.0,64,64,1024,1,ok,8.450725376,0.0,0.0
qwen3-4b,ours_predict_next,ours,2000,1999,70,0.7,0.0,per_head,True,1,next_chunk,0.0,64,64,1024,1,ok,8.451112448,0.0,0.0
qwen3-4b,ours_predict_next,ours,2000,1999,80,0.8,0.0,per_head,True,1,next_chunk,0.0,64,64,1024,1,ok,8.435024384,0.0,0.0
qwen3-4b,ours_predict_next,ours,2000,1999,90,0.9,0.0,per_head,True,1,next_chunk,0.0,64,64,1024,1,ok,8.426553856,0.0,0.0
qwen3-4b,ours_predict_next,ours,2000,2000,100,1.0,0.0,per_head,True,1,next_chunk,0.0,64,64,1024,1,ok,8.433001472,0.0,0.0
qwen3-4b,ours_predict_next,ours,2000,1999,0,0.0,0.2,per_head,True,1,next_chunk,0.5,800,410,1024,1,ok,8.437559808,0.1,0.0
qwen3-4b,ours_predict_next,ours,2000,1999,10,0.1,0.2,per_head,True,1,next_chunk,0.5,800,410,1024,1,ok,8.436767232,0.1,0.0
qwen3-4b,ours_predict_next,ours,2000,1999,20,0.2,0.2,per_head,True,1,next_chunk,0.5,800,410,1024,1,ok,8.43916544,0.1,0.0
qwen3-4b,ours_predict_next,ours,2000,1999,30,0.3,0.2,per_head,True,1,next_chunk,0.5,800,410,1024,1,ok,8.436695552,0.1,0.0
qwen3-4b,ours_predict_next,ours,2000,1999,40,0.4,0.2,per_head,True,1,next_chunk,0.5,800,410,1024,1,ok,8.437740032,0.1,0.0
qwen3-4b,ours_predict_next,ours,2000,1999,50,0.5,0.2,per_head,True,1,next_chunk,0.5,800,410,1024,1,ok,8.440026624,0.1,0.0
qwen3-4b,ours_predict_next,ours,2000,1999,60,0.6,0.2,per_head,True,1,next_chunk,0.5,800,410,1024,1,ok,8.450725376,0.1,0.0
qwen3-4b,ours_predict_next,ours,2000,1999,70,0.7,0.2,per_head,True,1,next_chunk,0.5,800,410,1024,1,ok,8.451112448,0.1,0.5
qwen3-4b,ours_predict_next,ours,2000,1999,80,0.8,0.2,per_head,True,1,next_chunk,0.5,800,410,1024,1,ok,8.435024384,0.1,1.0
qwen3-4b,ours_predict_next,ours,2000,1999,90,0.9,0.2,per_head,True,1,next_chunk,0.5,800,410,1024,1,ok,8.426553856,0.1,1.0
qwen3-4b,ours_predict_next,ours,2000,2000,100,1.0,0.2,per_head,True,1,next_chunk,0.5,800,410,1024,1,ok,8.433001472,0.1,1.0
qwen3-4b,ours_predict_next,ours,2000,1999,0,0.0,0.4,per_head,True,1,next_chunk,0.5,1599,819,1024,1,ok,8.437559808,0.1,1.0
qwen3-4b,ours_predict_next,ours,2000,1999,10,0.1,0.4,per_head,True,1,next_chunk,0.5,1599,819,1024,1,ok,8.436767232,0.1,1.0
qwen3-4b,ours_predict_next,ours,2000,1999,20,0.2,0.4,per_head,True,1,next_chunk,0.5,1599,819,1024,1,ok,8.43916544,0.1,0.5
qwen3-4b,ours_predict_next,ours,2000,1999,30,0.3,0.4,per_head,True,1,next_chunk,0.5,1599,819,1024,1,ok,8.437481472,0.1,0.5
qwen3-4b,ours_predict_next,ours,2000,1999,40,0.4,0.4,per_head,True,1,next_chunk,0.5,1599,819,1024,1,ok,8.437740032,0.1,0.5
qwen3-4b,ours_predict_next,ours,2000,1999,50,0.5,0.4,per_head,True,1,next_chunk,0.5,1599,819,1024,1,ok,8.440026624,0.1,0.5
qwen3-4b,ours_predict_next,ours,2000,1999,60,0.6,0.4,per_head,True,1,next_chunk,0.5,1599,819,1024,1,ok,8.450725376,0.1,1.0
qwen3-4b,ours_predict_next,ours,2000,1999,70,0.7,0.4,per_head,True,1,next_chunk,0.5,1599,819,1024,1,ok,8.451112448,0.1,1.0
qwen3-4b,ours_predict_next,ours,2000,1999,80,0.8,0.4,per_head,True,1,next_chunk,0.5,1599,819,1024,1,ok,8.435024384,0.1,1.0
qwen3-4b,ours_predict_next,ours,2000,1999,90,0.9,0.4,per_head,True,1,next_chunk,0.5,1599,819,1024,1,ok,8.432862208,0.1,1.0
qwen3-4b,ours_predict_next,ours,2000,2000,100,1.0,0.4,per_head,True,1,next_chunk,0.5,1600,819,1024,1,ok,8.43303936,0.1,1.0
qwen3-4b,ours_predict_next,ours,2000,1999,0,0.0,0.6,per_head,True,1,next_chunk,0.6,1999,1024,1536,1,ok,8.480889344,0.1,1.0
qwen3-4b,ours_predict_next,ours,2000,1999,10,0.1,0.6,per_head,True,1,next_chunk,0.6,1999,1024,1536,1,ok,8.480815104,0.1,1.0
qwen3-4b,ours_predict_next,ours,2000,1999,20,0.2,0.6,per_head,True,1,next_chunk,0.6,1999,1024,1536,1,ok,8.479041024,0.1,1.0
qwen3-4b,ours_predict_next,ours,2000,1999,30,0.3,0.6,per_head,True,1,next_chunk,0.6,1999,1024,1536,1,ok,8.48244736,0.1,0.5
qwen3-4b,ours_predict_next,ours,2000,1999,40,0.4,0.6,per_head,True,1,next_chunk,0.6,1999,1024,1536,1,ok,8.480906752,0.1,0.5
qwen3-4b,ours_predict_next,ours,2000,1999,50,0.5,0.6,per_head,True,1,next_chunk,0.6,1999,1024,1536,1,ok,8.485558272,0.1,0.5
qwen3-4b,ours_predict_next,ours,2000,1999,60,0.6,0.6,per_head,True,1,next_chunk,0.6,1999,1024,1536,1,ok,8.492048384,0.1,1.0
qwen3-4b,ours_predict_next,ours,2000,1999,70,0.7,0.6,per_head,True,1,next_chunk,0.6,1999,1024,1536,1,ok,8.494676992,0.1,1.0
qwen3-4b,ours_predict_next,ours,2000,1999,80,0.8,0.6,per_head,True,1,next_chunk,0.6,1999,1024,1536,1,ok,8.479624192,0.1,1.0
qwen3-4b,ours_predict_next,ours,2000,1999,90,0.9,0.6,per_head,True,1,next_chunk,0.6,1999,1024,1536,1,ok,8.477272064,0.1,1.0
qwen3-4b,ours_predict_next,ours,2000,2000,100,1.0,0.6,per_head,True,1,next_chunk,0.6,2000,1024,1536,1,ok,8.476398592,0.1,1.0
qwen3-4b,ours_predict_next,ours,2000,1999,0,0.0,0.8,per_head,True,1,next_chunk,0.8,1999,1024,1536,1,ok,8.480889344,0.1,1.0
qwen3-4b,ours_predict_next,ours,2000,1999,10,0.1,0.8,per_head,True,1,next_chunk,0.8,1999,1024,1536,1,ok,8.480815104,0.1,1.0
qwen3-4b,ours_predict_next,ours,2000,1999,20,0.2,0.8,per_head,True,1,next_chunk,0.8,1999,1024,1536,1,ok,8.479041024,0.1,1.0
qwen3-4b,ours_predict_next,ours,2000,1999,30,0.3,0.8,per_head,True,1,next_chunk,0.8,1999,1024,1536,1,ok,8.48244736,0.1,0.5
qwen3-4b,ours_predict_next,ours,2000,1999,40,0.4,0.8,per_head,True,1,next_chunk,0.8,1999,1024,1536,1,ok,8.480906752,0.1,0.5
qwen3-4b,ours_predict_next,ours,2000,1999,50,0.5,0.8,per_head,True,1,next_chunk,0.8,1999,1024,1536,1,ok,8.485558272,0.1,0.5
qwen3-4b,ours_predict_next,ours,2000,1999,60,0.6,0.8,per_head,True,1,next_chunk,0.8,1999,1024,1536,1,ok,8.492048384,0.1,1.0
qwen3-4b,ours_predict_next,ours,2000,1999,70,0.7,0.8,per_head,True,1,next_chunk,0.8,1999,1024,1536,1,ok,8.494676992,0.1,1.0
qwen3-4b,ours_predict_next,ours,2000,1999,80,0.8,0.8,per_head,True,1,next_chunk,0.8,1999,1024,1536,1,ok,8.479624192,0.1,1.0
qwen3-4b,ours_predict_next,ours,2000,1999,90,0.9,0.8,per_head,True,1,next_chunk,0.8,1999,1024,1536,1,ok,8.477272064,0.1,1.0
qwen3-4b,ours_predict_next,ours,2000,2000,100,1.0,0.8,per_head,True,1,next_chunk,0.8,2000,1024,1536,1,ok,8.476398592,0.1,1.0
qwen3-4b,ours_predict_next,ours,2000,1999,0,0.0,1.0,per_head,True,1,next_chunk,1.0,1999,1999,2511,0,ok,8.488183808,0.3,1.0
qwen3-4b,ours_predict_next,ours,2000,1999,10,0.1,1.0,per_head,True,1,next_chunk,1.0,1999,1999,2511,0,ok,8.488321024,0.3,1.0
qwen3-4b,ours_predict_next,ours,2000,1999,20,0.2,1.0,per_head,True,1,next_chunk,1.0,1999,1999,2511,0,ok,8.487510016,0.3,1.0
qwen3-4b,ours_predict_next,ours,2000,1999,30,0.3,1.0,per_head,True,1,next_chunk,1.0,1999,1999,2511,0,ok,8.485197824,0.3,0.5
qwen3-4b,ours_predict_next,ours,2000,1999,40,0.4,1.0,per_head,True,1,next_chunk,1.0,1999,1999,2511,0,ok,8.486397952,0.3,0.5
qwen3-4b,ours_predict_next,ours,2000,1999,50,0.5,1.0,per_head,True,1,next_chunk,1.0,1999,1999,2511,0,ok,8.489621504,0.3,0.5
qwen3-4b,ours_predict_next,ours,2000,1999,60,0.6,1.0,per_head,True,1,next_chunk,1.0,1999,1999,2511,0,ok,8.499649536,0.3,1.0
qwen3-4b,ours_predict_next,ours,2000,1999,70,0.7,1.0,per_head,True,1,next_chunk,1.0,1999,1999,2511,0,ok,8.49985024,0.3,1.0
qwen3-4b,ours_predict_next,ours,2000,1999,80,0.8,1.0,per_head,True,1,next_chunk,1.0,1999,1999,2511,0,ok,8.48165376,0.2,1.0
qwen3-4b,ours_predict_next,ours,2000,1999,90,0.9,1.0,per_head,True,1,next_chunk,1.0,1999,1999,2511,0,ok,8.483419136,0.2,1.0
qwen3-4b,ours_predict_next,ours,2000,2000,100,1.0,1.0,per_head,True,1,next_chunk,1.0,2000,2000,2512,0,ok,8.480825344,0.2,1.0
qwen3-4b,ours_predict_next,ours,8000,7999,0,0.0,0.0,per_head,True,1,next_chunk,0.0,64,64,1024,5,ok,8.486528,0.0,0.0
qwen3-4b,ours_predict_next,ours,8000,7999,10,0.1,0.0,per_head,True,1,next_chunk,0.0,64,64,1024,5,ok,8.489059328,0.0,0.0
qwen3-4b,ours_predict_next,ours,8000,7999,20,0.2,0.0,per_head,True,1,next_chunk,0.0,64,64,1024,5,ok,8.485853696,0.0,0.0
qwen3-4b,ours_predict_next,ours,8000,7999,30,0.3,0.0,per_head,True,1,next_chunk,0.0,64,64,1024,5,ok,8.49018112,0.0,0.0
qwen3-4b,ours_predict_next,ours,8000,7999,40,0.4,0.0,per_head,True,1,next_chunk,0.0,64,64,1024,5,ok,8.511284224,0.0,0.0
qwen3-4b,ours_predict_next,ours,8000,7999,50,0.5,0.0,per_head,True,1,next_chunk,0.0,64,64,1024,5,ok,8.511284224,0.0,0.0
qwen3-4b,ours_predict_next,ours,8000,7999,60,0.6,0.0,per_head,True,1,next_chunk,0.0,64,64,1024,5,ok,8.511284224,0.0,0.0
qwen3-4b,ours_predict_next,ours,8000,7999,70,0.7,0.0,per_head,True,1,next_chunk,0.0,64,64,1024,5,ok,8.511284224,0.0,0.0
qwen3-4b,ours_predict_next,ours,8000,7999,80,0.8,0.0,per_head,True,1,next_chunk,0.0,64,64,1024,5,ok,8.511284224,0.0,0.0
qwen3-4b,ours_predict_next,ours,8000,7999,90,0.9,0.0,per_head,True,1,next_chunk,0.0,64,64,1024,5,ok,8.511284224,0.0,0.0
qwen3-4b,ours_predict_next,ours,8000,8000,100,1.0,0.0,per_head,True,1,next_chunk,0.0,64,64,1024,5,ok,8.511284224,0.0,0.0
qwen3-4b,ours_predict_next,ours,8000,7999,0,0.0,0.2,per_head,True,1,next_chunk,0.5,3200,410,1024,5,ok,8.652583936,0.2,0.0
qwen3-4b,ours_predict_next,ours,8000,7999,10,0.1,0.2,per_head,True,1,next_chunk,0.5,3200,410,1024,5,ok,8.656086016,0.2,0.0
qwen3-4b,ours_predict_next,ours,8000,7999,20,0.2,0.2,per_head,True,1,next_chunk,0.5,3200,410,1024,5,ok,8.654531584,0.2,0.0
qwen3-4b,ours_predict_next,ours,8000,7999,30,0.3,0.2,per_head,True,1,next_chunk,0.5,3200,410,1024,5,ok,8.652301312,0.2,0.0
qwen3-4b,ours_predict_next,ours,8000,7999,40,0.4,0.2,per_head,True,1,next_chunk,0.5,3200,410,1024,5,ok,8.671611392,0.2,0.0
qwen3-4b,ours_predict_next,ours,8000,7999,50,0.5,0.2,per_head,True,1,next_chunk,0.5,3200,410,1024,5,ok,8.6528256,0.2,0.0
qwen3-4b,ours_predict_next,ours,8000,7999,60,0.6,0.2,per_head,True,1,next_chunk,0.5,3200,410,1024,5,ok,8.652672,0.2,0.5
qwen3-4b,ours_predict_next,ours,8000,7999,70,0.7,0.2,per_head,True,1,next_chunk,0.5,3200,410,1024,5,ok,8.64164352,0.2,0.5
qwen3-4b,ours_predict_next,ours,8000,7999,80,0.8,0.2,per_head,True,1,next_chunk,0.5,3200,410,1024,5,ok,8.665672704,0.2,0.0
qwen3-4b,ours_predict_next,ours,8000,7999,90,0.9,0.2,per_head,True,1,next_chunk,0.5,3200,410,1024,5,ok,8.667437568,0.2,0.5
qwen3-4b,ours_predict_next,ours,8000,8000,100,1.0,0.2,per_head,True,1,next_chunk,0.5,3200,410,1024,5,ok,8.665377792,0.2,1.0
qwen3-4b,ours_predict_next,ours,8000,7999,0,0.0,0.4,per_head,True,1,next_chunk,0.5,6399,819,1024,5,ok,8.886583808,0.3,1.0
qwen3-4b,ours_predict_next,ours,8000,7999,10,0.1,0.4,per_head,True,1,next_chunk,0.5,6399,819,1024,5,ok,8.886190592,0.3,0.5
qwen3-4b,ours_predict_next,ours,8000,7999,20,0.2,0.4,per_head,True,1,next_chunk,0.5,6399,819,1024,5,ok,8.885842432,0.3,0.5
qwen3-4b,ours_predict_next,ours,8000,7999,30,0.3,0.4,per_head,True,1,next_chunk,0.5,6399,819,1024,5,ok,8.909417984,0.3,0.0
qwen3-4b,ours_predict_next,ours,8000,7999,40,0.4,0.4,per_head,True,1,next_chunk,0.5,6399,819,1024,5,ok,8.886579712,0.3,0.0
qwen3-4b,ours_predict_next,ours,8000,7999,50,0.5,0.4,per_head,True,1,next_chunk,0.5,6399,819,1024,5,ok,8.886516224,0.3,0.0
qwen3-4b,ours_predict_next,ours,8000,7999,60,0.6,0.4,per_head,True,1,next_chunk,0.5,6399,819,1024,5,ok,8.886825472,0.3,1.0
qwen3-4b,ours_predict_next,ours,8000,7999,70,0.7,0.4,per_head,True,1,next_chunk,0.5,6399,819,1024,5,ok,8.887220736,0.3,1.0
qwen3-4b,ours_predict_next,ours,8000,7999,80,0.8,0.4,per_head,True,1,next_chunk,0.5,6399,819,1024,5,ok,8.885621248,0.3,0.0
qwen3-4b,ours_predict_next,ours,8000,7999,90,0.9,0.4,per_head,True,1,next_chunk,0.5,6399,819,1024,5,ok,8.89853696,0.3,1.0
qwen3-4b,ours_predict_next,ours,8000,8000,100,1.0,0.4,per_head,True,1,next_chunk,0.5,6400,819,1024,5,ok,8.881721856,0.3,1.0
qwen3-4b,ours_predict_next,ours,8000,7999,0,0.0,0.6,per_head,True,1,next_chunk,0.6,7999,1024,1536,3,ok,8.887850496,0.4,1.0
qwen3-4b,ours_predict_next,ours,8000,7999,10,0.1,0.6,per_head,True,1,next_chunk,0.6,7999,1024,1536,3,ok,8.886710784,0.4,0.5
qwen3-4b,ours_predict_next,ours,8000,7999,20,0.2,0.6,per_head,True,1,next_chunk,0.6,7999,1024,1536,3,ok,8.88616192,0.4,1.0
qwen3-4b,ours_predict_next,ours,8000,7999,30,0.3,0.6,per_head,True,1,next_chunk,0.6,7999,1024,1536,3,ok,8.887930368,0.4,0.0
qwen3-4b,ours_predict_next,ours,8000,7999,40,0.4,0.6,per_head,True,1,next_chunk,0.6,7999,1024,1536,3,ok,8.887582208,0.4,0.5
qwen3-4b,ours_predict_next,ours,8000,7999,50,0.5,0.6,per_head,True,1,next_chunk,0.6,7999,1024,1536,3,ok,8.889380352,0.4,1.0
qwen3-4b,ours_predict_next,ours,8000,7999,60,0.6,0.6,per_head,True,1,next_chunk,0.6,7999,1024,1536,3,ok,8.887174656,0.4,1.0
qwen3-4b,ours_predict_next,ours,8000,7999,70,0.7,0.6,per_head,True,1,next_chunk,0.6,7999,1024,1536,3,ok,8.887137792,0.4,1.0
qwen3-4b,ours_predict_next,ours,8000,7999,80,0.8,0.6,per_head,True,1,next_chunk,0.6,7999,1024,1536,3,ok,8.888956416,0.4,0.5
qwen3-4b,ours_predict_next,ours,8000,7999,90,0.9,0.6,per_head,True,1,next_chunk,0.6,7999,1024,1536,3,ok,8.885905408,0.4,1.0
qwen3-4b,ours_predict_next,ours,8000,8000,100,1.0,0.6,per_head,True,1,next_chunk,0.6,8000,1024,1536,3,ok,8.885905408,0.4,1.0
qwen3-4b,ours_predict_next,ours,8000,7999,0,0.0,0.8,per_head,True,1,next_chunk,0.8,7999,1024,1536,3,ok,8.887850496,0.5,1.0
qwen3-4b,ours_predict_next,ours,8000,7999,10,0.1,0.8,per_head,True,1,next_chunk,0.8,7999,1024,1536,3,ok,8.886710784,0.5,0.5
qwen3-4b,ours_predict_next,ours,8000,7999,20,0.2,0.8,per_head,True,1,next_chunk,0.8,7999,1024,1536,3,ok,8.88616192,0.5,1.0
qwen3-4b,ours_predict_next,ours,8000,7999,30,0.3,0.8,per_head,True,1,next_chunk,0.8,7999,1024,1536,3,ok,8.887930368,0.5,0.0
qwen3-4b,ours_predict_next,ours,8000,7999,40,0.4,0.8,per_head,True,1,next_chunk,0.8,7999,1024,1536,3,ok,8.887582208,0.5,0.5
qwen3-4b,ours_predict_next,ours,8000,7999,50,0.5,0.8,per_head,True,1,next_chunk,0.8,7999,1024,1536,3,ok,8.889380352,0.5,1.0
qwen3-4b,ours_predict_next,ours,8000,7999,60,0.6,0.8,per_head,True,1,next_chunk,0.8,7999,1024,1536,3,ok,8.887174656,0.5,1.0
qwen3-4b,ours_predict_next,ours,8000,7999,70,0.7,0.8,per_head,True,1,next_chunk,0.8,7999,1024,1536,3,ok,8.887137792,0.5,1.0
qwen3-4b,ours_predict_next,ours,8000,7999,80,0.8,0.8,per_head,True,1,next_chunk,0.8,7999,1024,1536,3,ok,8.888956416,0.5,0.5
qwen3-4b,ours_predict_next,ours,8000,7999,90,0.9,0.8,per_head,True,1,next_chunk,0.8,7999,1024,1536,3,ok,8.885905408,0.5,1.0
qwen3-4b,ours_predict_next,ours,8000,8000,100,1.0,0.8,per_head,True,1,next_chunk,0.8,8000,1024,1536,3,ok,8.885905408,0.5,1.0
qwen3-4b,ours_predict_next,ours,8000,7999,0,0.0,1.0,per_head,True,1,next_chunk,1.0,7999,7999,8511,0,ok,9.162101248,0.9,1.0
qwen3-4b,ours_predict_next,ours,8000,7999,10,0.1,1.0,per_head,True,1,next_chunk,1.0,7999,7999,8511,0,ok,9.160745472,0.9,0.5
qwen3-4b,ours_predict_next,ours,8000,7999,20,0.2,1.0,per_head,True,1,next_chunk,1.0,7999,7999,8511,0,ok,9.154442752,0.9,1.0
qwen3-4b,ours_predict_next,ours,8000,7999,30,0.3,1.0,per_head,True,1,next_chunk,1.0,7999,7999,8511,0,ok,9.165876736,0.9,0.5
qwen3-4b,ours_predict_next,ours,8000,7999,40,0.4,1.0,per_head,True,1,next_chunk,1.0,7999,7999,8511,0,ok,9.190089216,1.0,0.5
qwen3-4b,ours_predict_next,ours,8000,7999,50,0.5,1.0,per_head,True,1,next_chunk,1.0,7999,7999,8511,0,ok,9.191839232,1.0,1.0
qwen3-4b,ours_predict_next,ours,8000,7999,60,0.6,1.0,per_head,True,1,next_chunk,1.0,7999,7999,8511,0,ok,9.216849408,1.0,1.0
qwen3-4b,ours_predict_next,ours,8000,7999,70,0.7,1.0,per_head,True,1,next_chunk,1.0,7999,7999,8511,0,ok,9.201686016,1.0,1.0
qwen3-4b,ours_predict_next,ours,8000,7999,80,0.8,1.0,per_head,True,1,next_chunk,1.0,7999,7999,8511,0,ok,9.2243584,1.0,0.5
qwen3-4b,ours_predict_next,ours,8000,7999,90,0.9,1.0,per_head,True,1,next_chunk,1.0,7999,7999,8511,0,ok,9.212363264,1.0,1.0
qwen3-4b,ours_predict_next,ours,8000,8000,100,1.0,1.0,per_head,True,1,next_chunk,1.0,8000,8000,8512,0,ok,9.19488768,1.0,1.0
qwen3-4b,ours_predict_v1,ours,500,499,0,0.0,0.0,per_head,True,1,,0.0,64,64,1024,0,ok,8.32467456,0.0,0.0
qwen3-4b,ours_predict_v1,ours,500,499,10,0.1,0.0,per_head,True,1,,0.0,64,64,1024,0,ok,8.32467456,0.0,0.0
qwen3-4b,ours_predict_v1,ours,500,499,20,0.2,0.0,per_head,True,1,,0.0,64,64,1024,0,ok,8.32467456,0.0,0.0
qwen3-4b,ours_predict_v1,ours,500,499,30,0.3,0.0,per_head,True,1,,0.0,64,64,1024,0,ok,8.32467456,0.0,0.0
qwen3-4b,ours_predict_v1,ours,500,499,40,0.4,0.0,per_head,True,1,,0.0,64,64,1024,0,ok,8.32467456,0.0,0.0
qwen3-4b,ours_predict_v1,ours,500,499,50,0.5,0.0,per_head,True,1,,0.0,64,64,1024,0,ok,8.32467456,0.0,0.0
qwen3-4b,ours_predict_v1,ours,500,499,60,0.6,0.0,per_head,True,1,,0.0,64,64,1024,0,ok,8.32467456,0.0,0.0
qwen3-4b,ours_predict_v1,ours,500,499,70,0.7,0.0,per_head,True,1,,0.0,64,64,1024,0,ok,8.32467456,0.0,0.0
qwen3-4b,ours_predict_v1,ours,500,499,80,0.8,0.0,per_head,True,1,,0.0,64,64,1024,0,ok,8.32467456,0.0,0.0
qwen3-4b,ours_predict_v1,ours,500,499,90,0.9,0.0,per_head,True,1,,0.0,64,64,1024,0,ok,8.32467456,0.0,0.0
qwen3-4b,ours_predict_v1,ours,500,500,100,1.0,0.0,per_head,True,1,,0.0,64,64,1024,0,ok,8.325339136,0.0,0.0
qwen3-4b,ours_predict_v1,ours,500,499,0,0.0,0.2,per_head,True,1,,0.5,200,200,1024,0,ok,8.32467456,0.0,1.0
qwen3-4b,ours_predict_v1,ours,500,499,10,0.1,0.2,per_head,True,1,,0.5,200,200,1024,0,ok,8.32467456,0.0,1.0
qwen3-4b,ours_predict_v1,ours,500,499,20,0.2,0.2,per_head,True,1,,0.5,200,200,1024,0,ok,8.32467456,0.0,1.0
qwen3-4b,ours_predict_v1,ours,500,499,30,0.3,0.2,per_head,True,1,,0.5,200,200,1024,0,ok,8.32467456,0.0,1.0
qwen3-4b,ours_predict_v1,ours,500,499,40,0.4,0.2,per_head,True,1,,0.5,200,200,1024,0,ok,8.32467456,0.0,1.0
qwen3-4b,ours_predict_v1,ours,500,499,50,0.5,0.2,per_head,True,1,,0.5,200,200,1024,0,ok,8.32467456,0.0,1.0
qwen3-4b,ours_predict_v1,ours,500,499,60,0.6,0.2,per_head,True,1,,0.5,200,200,1024,0,ok,8.32467456,0.0,1.0
qwen3-4b,ours_predict_v1,ours,500,499,70,0.7,0.2,per_head,True,1,,0.5,200,200,1024,0,ok,8.32467456,0.0,1.0
qwen3-4b,ours_predict_v1,ours,500,499,80,0.8,0.2,per_head,True,1,,0.5,200,200,1024,0,ok,8.32467456,0.0,1.0
qwen3-4b,ours_predict_v1,ours,500,499,90,0.9,0.2,per_head,True,1,,0.5,200,200,1024,0,ok,8.32467456,0.0,1.0
qwen3-4b,ours_predict_v1,ours,500,500,100,1.0,0.2,per_head,True,1,,0.5,200,200,1024,0,ok,8.325339136,0.0,1.0
qwen3-4b,ours_predict_v1,ours,500,499,0,0.0,0.4,per_head,True,1,,0.5,399,399,1024,0,ok,8.32467456,0.0,1.0
qwen3-4b,ours_predict_v1,ours,500,499,10,0.1,0.4,per_head,True,1,,0.5,399,399,1024,0,ok,8.32467456,0.0,1.0
qwen3-4b,ours_predict_v1,ours,500,499,20,0.2,0.4,per_head,True,1,,0.5,399,399,1024,0,ok,8.32467456,0.0,1.0
qwen3-4b,ours_predict_v1,ours,500,499,30,0.3,0.4,per_head,True,1,,0.5,399,399,1024,0,ok,8.32467456,0.0,1.0
qwen3-4b,ours_predict_v1,ours,500,499,40,0.4,0.4,per_head,True,1,,0.5,399,399,1024,0,ok,8.32467456,0.0,1.0
qwen3-4b,ours_predict_v1,ours,500,499,50,0.5,0.4,per_head,True,1,,0.5,399,399,1024,0,ok,8.32467456,0.0,1.0
qwen3-4b,ours_predict_v1,ours,500,499,60,0.6,0.4,per_head,True,1,,0.5,399,399,1024,0,ok,8.32467456,0.0,1.0
qwen3-4b,ours_predict_v1,ours,500,499,70,0.7,0.4,per_head,True,1,,0.5,399,399,1024,0,ok,8.32467456,0.0,1.0
qwen3-4b,ours_predict_v1,ours,500,499,80,0.8,0.4,per_head,True,1,,0.5,399,399,1024,0,ok,8.32467456,0.0,1.0
qwen3-4b,ours_predict_v1,ours,500,499,90,0.9,0.4,per_head,True,1,,0.5,399,399,1024,0,ok,8.32467456,0.0,1.0
qwen3-4b,ours_predict_v1,ours,500,500,100,1.0,0.4,per_head,True,1,,0.5,400,400,1024,0,ok,8.325339136,0.0,1.0
qwen3-4b,ours_predict_v1,ours,500,499,0,0.0,0.6,per_head,True,1,,0.6,499,499,1024,0,ok,8.32467456,0.0,1.0
qwen3-4b,ours_predict_v1,ours,500,499,10,0.1,0.6,per_head,True,1,,0.6,499,499,1024,0,ok,8.32467456,0.0,1.0
qwen3-4b,ours_predict_v1,ours,500,499,20,0.2,0.6,per_head,True,1,,0.6,499,499,1024,0,ok,8.32467456,0.0,1.0
qwen3-4b,ours_predict_v1,ours,500,499,30,0.3,0.6,per_head,True,1,,0.6,499,499,1024,0,ok,8.32467456,0.0,1.0
qwen3-4b,ours_predict_v1,ours,500,499,40,0.4,0.6,per_head,True,1,,0.6,499,499,1024,0,ok,8.32467456,0.0,1.0
qwen3-4b,ours_predict_v1,ours,500,499,50,0.5,0.6,per_head,True,1,,0.6,499,499,1024,0,ok,8.32467456,0.0,1.0
qwen3-4b,ours_predict_v1,ours,500,499,60,0.6,0.6,per_head,True,1,,0.6,499,499,1024,0,ok,8.32467456,0.0,1.0
qwen3-4b,ours_predict_v1,ours,500,499,70,0.7,0.6,per_head,True,1,,0.6,499,499,1024,0,ok,8.32467456,0.0,1.0
qwen3-4b,ours_predict_v1,ours,500,499,80,0.8,0.6,per_head,True,1,,0.6,499,499,1024,0,ok,8.32467456,0.0,1.0
qwen3-4b,ours_predict_v1,ours,500,499,90,0.9,0.6,per_head,True,1,,0.6,499,499,1024,0,ok,8.32467456,0.0,1.0
qwen3-4b,ours_predict_v1,ours,500,500,100,1.0,0.6,per_head,True,1,,0.6,500,500,1024,0,ok,8.325339136,0.0,1.0
qwen3-4b,ours_predict_v1,ours,500,499,0,0.0,0.8,per_head,True,1,,0.8,499,499,1024,0,ok,8.32467456,0.1,1.0
qwen3-4b,ours_predict_v1,ours,500,499,10,0.1,0.8,per_head,True,1,,0.8,499,499,1024,0,ok,8.32467456,0.1,1.0
qwen3-4b,ours_predict_v1,ours,500,499,20,0.2,0.8,per_head,True,1,,0.8,499,499,1024,0,ok,8.32467456,0.1,1.0
qwen3-4b,ours_predict_v1,ours,500,499,30,0.3,0.8,per_head,True,1,,0.8,499,499,1024,0,ok,8.32467456,0.1,1.0
qwen3-4b,ours_predict_v1,ours,500,499,40,0.4,0.8,per_head,True,1,,0.8,499,499,1024,0,ok,8.32467456,0.1,1.0
qwen3-4b,ours_predict_v1,ours,500,499,50,0.5,0.8,per_head,True,1,,0.8,499,499,1024,0,ok,8.32467456,0.1,1.0
qwen3-4b,ours_predict_v1,ours,500,499,60,0.6,0.8,per_head,True,1,,0.8,499,499,1024,0,ok,8.32467456,0.1,1.0
qwen3-4b,ours_predict_v1,ours,500,499,70,0.7,0.8,per_head,True,1,,0.8,499,499,1024,0,ok,8.32467456,0.1,1.0
qwen3-4b,ours_predict_v1,ours,500,499,80,0.8,0.8,per_head,True,1,,0.8,499,499,1024,0,ok,8.32467456,0.1,1.0
qwen3-4b,ours_predict_v1,ours,500,499,90,0.9,0.8,per_head,True,1,,0.8,499,499,1024,0,ok,8.32467456,0.1,1.0
qwen3-4b,ours_predict_v1,ours,500,500,100,1.0,0.8,per_head,True,1,,0.8,500,500,1024,0,ok,8.325339136,0.1,1.0
qwen3-4b,ours_predict_v1,ours,500,499,0,0.0,1.0,per_head,True,1,,1.0,499,499,1011,0,ok,8.32467456,0.1,1.0
qwen3-4b,ours_predict_v1,ours,500,499,10,0.1,1.0,per_head,True,1,,1.0,499,499,1011,0,ok,8.32467456,0.1,1.0
qwen3-4b,ours_predict_v1,ours,500,499,20,0.2,1.0,per_head,True,1,,1.0,499,499,1011,0,ok,8.32467456,0.1,1.0
qwen3-4b,ours_predict_v1,ours,500,499,30,0.3,1.0,per_head,True,1,,1.0,499,499,1011,0,ok,8.32467456,0.1,1.0
qwen3-4b,ours_predict_v1,ours,500,499,40,0.4,1.0,per_head,True,1,,1.0,499,499,1011,0,ok,8.32467456,0.1,1.0
qwen3-4b,ours_predict_v1,ours,500,499,50,0.5,1.0,per_head,True,1,,1.0,499,499,1011,0,ok,8.32467456,0.1,1.0
qwen3-4b,ours_predict_v1,ours,500,499,60,0.6,1.0,per_head,True,1,,1.0,499,499,1011,0,ok,8.32467456,0.1,1.0
qwen3-4b,ours_predict_v1,ours,500,499,70,0.7,1.0,per_head,True,1,,1.0,499,499,1011,0,ok,8.32467456,0.1,1.0
qwen3-4b,ours_predict_v1,ours,500,499,80,0.8,1.0,per_head,True,1,,1.0,499,499,1011,0,ok,8.32467456,0.1,1.0
qwen3-4b,ours_predict_v1,ours,500,499,90,0.9,1.0,per_head,True,1,,1.0,499,499,1011,0,ok,8.32467456,0.1,1.0
qwen3-4b,ours_predict_v1,ours,500,500,100,1.0,1.0,per_head,True,1,,1.0,500,500,1012,0,ok,8.325339136,0.1,1.0
qwen3-4b,ours_predict_v1,ours,2000,1999,0,0.0,0.0,per_head,True,1,,0.0,64,64,1024,1,ok,8.386689024,0.0,0.0
qwen3-4b,ours_predict_v1,ours,2000,1999,10,0.1,0.0,per_head,True,1,,0.0,64,64,1024,1,ok,8.386689024,0.0,0.0
qwen3-4b,ours_predict_v1,ours,2000,1999,20,0.2,0.0,per_head,True,1,,0.0,64,64,1024,1,ok,8.386689024,0.0,0.0
qwen3-4b,ours_predict_v1,ours,2000,1999,30,0.3,0.0,per_head,True,1,,0.0,64,64,1024,1,ok,8.386689024,0.0,0.0
qwen3-4b,ours_predict_v1,ours,2000,1999,40,0.4,0.0,per_head,True,1,,0.0,64,64,1024,1,ok,8.386689024,0.0,0.0
qwen3-4b,ours_predict_v1,ours,2000,1999,50,0.5,0.0,per_head,True,1,,0.0,64,64,1024,1,ok,8.386689024,0.0,0.0
qwen3-4b,ours_predict_v1,ours,2000,1999,60,0.6,0.0,per_head,True,1,,0.0,64,64,1024,1,ok,8.386689024,0.0,0.0
qwen3-4b,ours_predict_v1,ours,2000,1999,70,0.7,0.0,per_head,True,1,,0.0,64,64,1024,1,ok,8.386689024,0.0,0.0
qwen3-4b,ours_predict_v1,ours,2000,1999,80,0.8,0.0,per_head,True,1,,0.0,64,64,1024,1,ok,8.386689024,0.0,0.0
qwen3-4b,ours_predict_v1,ours,2000,1999,90,0.9,0.0,per_head,True,1,,0.0,64,64,1024,1,ok,8.386689024,0.0,0.0
qwen3-4b,ours_predict_v1,ours,2000,2000,100,1.0,0.0,per_head,True,1,,0.0,64,64,1024,1,ok,8.386689024,0.0,0.0
qwen3-4b,ours_predict_v1,ours,2000,1999,0,0.0,0.2,per_head,True,1,,0.5,800,410,1024,1,ok,8.442140672,0.1,0.5
qwen3-4b,ours_predict_v1,ours,2000,1999,10,0.1,0.2,per_head,True,1,,0.5,800,410,1024,1,ok,8.442140672,0.1,1.0
qwen3-4b,ours_predict_v1,ours,2000,1999,20,0.2,0.2,per_head,True,1,,0.5,800,410,1024,1,ok,8.442140672,0.1,1.0
qwen3-4b,ours_predict_v1,ours,2000,1999,30,0.3,0.2,per_head,True,1,,0.5,800,410,1024,1,ok,8.442140672,0.1,1.0
qwen3-4b,ours_predict_v1,ours,2000,1999,40,0.4,0.2,per_head,True,1,,0.5,800,410,1024,1,ok,8.442140672,0.1,1.0
qwen3-4b,ours_predict_v1,ours,2000,1999,50,0.5,0.2,per_head,True,1,,0.5,800,410,1024,1,ok,8.442140672,0.1,1.0
qwen3-4b,ours_predict_v1,ours,2000,1999,60,0.6,0.2,per_head,True,1,,0.5,800,410,1024,1,ok,8.442140672,0.1,1.0
qwen3-4b,ours_predict_v1,ours,2000,1999,70,0.7,0.2,per_head,True,1,,0.5,800,410,1024,1,ok,8.442140672,0.1,1.0
qwen3-4b,ours_predict_v1,ours,2000,1999,80,0.8,0.2,per_head,True,1,,0.5,800,410,1024,1,ok,8.442140672,0.1,1.0
qwen3-4b,ours_predict_v1,ours,2000,1999,90,0.9,0.2,per_head,True,1,,0.5,800,410,1024,1,ok,8.442140672,0.1,1.0
qwen3-4b,ours_predict_v1,ours,2000,2000,100,1.0,0.2,per_head,True,1,,0.5,800,410,1024,1,ok,8.438689792,0.1,1.0
qwen3-4b,ours_predict_v1,ours,2000,1999,0,0.0,0.4,per_head,True,1,,0.5,1599,819,1024,1,ok,8.493976576,0.1,1.0
qwen3-4b,ours_predict_v1,ours,2000,1999,10,0.1,0.4,per_head,True,1,,0.5,1599,819,1024,1,ok,8.493976576,0.1,1.0
qwen3-4b,ours_predict_v1,ours,2000,1999,20,0.2,0.4,per_head,True,1,,0.5,1599,819,1024,1,ok,8.493976576,0.1,1.0
qwen3-4b,ours_predict_v1,ours,2000,1999,30,0.3,0.4,per_head,True,1,,0.5,1599,819,1024,1,ok,8.493976576,0.1,1.0
qwen3-4b,ours_predict_v1,ours,2000,1999,40,0.4,0.4,per_head,True,1,,0.5,1599,819,1024,1,ok,8.493976576,0.1,1.0
qwen3-4b,ours_predict_v1,ours,2000,1999,50,0.5,0.4,per_head,True,1,,0.5,1599,819,1024,1,ok,8.493976576,0.1,1.0
qwen3-4b,ours_predict_v1,ours,2000,1999,60,0.6,0.4,per_head,True,1,,0.5,1599,819,1024,1,ok,8.493976576,0.1,1.0
qwen3-4b,ours_predict_v1,ours,2000,1999,70,0.7,0.4,per_head,True,1,,0.5,1599,819,1024,1,ok,8.493976576,0.1,1.0
qwen3-4b,ours_predict_v1,ours,2000,1999,80,0.8,0.4,per_head,True,1,,0.5,1599,819,1024,1,ok,8.493976576,0.1,1.0
qwen3-4b,ours_predict_v1,ours,2000,1999,90,0.9,0.4,per_head,True,1,,0.5,1599,819,1024,1,ok,8.493976576,0.1,1.0
qwen3-4b,ours_predict_v1,ours,2000,2000,100,1.0,0.4,per_head,True,1,,0.5,1600,819,1024,1,ok,8.49396224,0.1,1.0
qwen3-4b,ours_predict_v1,ours,2000,1999,0,0.0,0.6,per_head,True,1,,0.6,1999,1024,1536,1,ok,8.462887936,0.1,1.0
qwen3-4b,ours_predict_v1,ours,2000,1999,10,0.1,0.6,per_head,True,1,,0.6,1999,1024,1536,1,ok,8.462887936,0.1,1.0
qwen3-4b,ours_predict_v1,ours,2000,1999,20,0.2,0.6,per_head,True,1,,0.6,1999,1024,1536,1,ok,8.462887936,0.1,1.0
qwen3-4b,ours_predict_v1,ours,2000,1999,30,0.3,0.6,per_head,True,1,,0.6,1999,1024,1536,1,ok,8.462887936,0.1,1.0
qwen3-4b,ours_predict_v1,ours,2000,1999,40,0.4,0.6,per_head,True,1,,0.6,1999,1024,1536,1,ok,8.462887936,0.1,1.0
qwen3-4b,ours_predict_v1,ours,2000,1999,50,0.5,0.6,per_head,True,1,,0.6,1999,1024,1536,1,ok,8.462887936,0.1,1.0
qwen3-4b,ours_predict_v1,ours,2000,1999,60,0.6,0.6,per_head,True,1,,0.6,1999,1024,1536,1,ok,8.462887936,0.1,1.0
qwen3-4b,ours_predict_v1,ours,2000,1999,70,0.7,0.6,per_head,True,1,,0.6,1999,1024,1536,1,ok,8.462887936,0.1,1.0
qwen3-4b,ours_predict_v1,ours,2000,1999,80,0.8,0.6,per_head,True,1,,0.6,1999,1024,1536,1,ok,8.462887936,0.1,1.0
qwen3-4b,ours_predict_v1,ours,2000,1999,90,0.9,0.6,per_head,True,1,,0.6,1999,1024,1536,1,ok,8.462887936,0.1,1.0
qwen3-4b,ours_predict_v1,ours,2000,2000,100,1.0,0.6,per_head,True,1,,0.6,2000,1024,1536,1,ok,8.462887936,0.1,1.0
qwen3-4b,ours_predict_v1,ours,2000,1999,0,0.0,0.8,per_head,True,1,,0.8,1999,1024,1536,1,ok,8.462887936,0.2,1.0
qwen3-4b,ours_predict_v1,ours,2000,1999,10,0.1,0.8,per_head,True,1,,0.8,1999,1024,1536,1,ok,8.462887936,0.2,1.0
qwen3-4b,ours_predict_v1,ours,2000,1999,20,0.2,0.8,per_head,True,1,,0.8,1999,1024,1536,1,ok,8.462887936,0.2,1.0
qwen3-4b,ours_predict_v1,ours,2000,1999,30,0.3,0.8,per_head,True,1,,0.8,1999,1024,1536,1,ok,8.462887936,0.2,1.0
qwen3-4b,ours_predict_v1,ours,2000,1999,40,0.4,0.8,per_head,True,1,,0.8,1999,1024,1536,1,ok,8.462887936,0.2,1.0
qwen3-4b,ours_predict_v1,ours,2000,1999,50,0.5,0.8,per_head,True,1,,0.8,1999,1024,1536,1,ok,8.462887936,0.2,1.0
qwen3-4b,ours_predict_v1,ours,2000,1999,60,0.6,0.8,per_head,True,1,,0.8,1999,1024,1536,1,ok,8.462887936,0.2,1.0
qwen3-4b,ours_predict_v1,ours,2000,1999,70,0.7,0.8,per_head,True,1,,0.8,1999,1024,1536,1,ok,8.462887936,0.2,1.0
qwen3-4b,ours_predict_v1,ours,2000,1999,80,0.8,0.8,per_head,True,1,,0.8,1999,1024,1536,1,ok,8.462887936,0.2,1.0
qwen3-4b,ours_predict_v1,ours,2000,1999,90,0.9,0.8,per_head,True,1,,0.8,1999,1024,1536,1,ok,8.462887936,0.2,1.0
qwen3-4b,ours_predict_v1,ours,2000,2000,100,1.0,0.8,per_head,True,1,,0.8,2000,1024,1536,1,ok,8.462887936,0.2,1.0
qwen3-4b,ours_predict_v1,ours,2000,1999,0,0.0,1.0,per_head,True,1,,1.0,1999,1999,2511,0,ok,8.535006208,0.3,1.0
qwen3-4b,ours_predict_v1,ours,2000,1999,10,0.1,1.0,per_head,True,1,,1.0,1999,1999,2511,0,ok,8.535006208,0.3,1.0
qwen3-4b,ours_predict_v1,ours,2000,1999,20,0.2,1.0,per_head,True,1,,1.0,1999,1999,2511,0,ok,8.535006208,0.3,1.0
qwen3-4b,ours_predict_v1,ours,2000,1999,30,0.3,1.0,per_head,True,1,,1.0,1999,1999,2511,0,ok,8.535006208,0.3,1.0
qwen3-4b,ours_predict_v1,ours,2000,1999,40,0.4,1.0,per_head,True,1,,1.0,1999,1999,2511,0,ok,8.535006208,0.3,1.0
qwen3-4b,ours_predict_v1,ours,2000,1999,50,0.5,1.0,per_head,True,1,,1.0,1999,1999,2511,0,ok,8.535006208,0.3,1.0
qwen3-4b,ours_predict_v1,ours,2000,1999,60,0.6,1.0,per_head,True,1,,1.0,1999,1999,2511,0,ok,8.535006208,0.3,1.0
qwen3-4b,ours_predict_v1,ours,2000,1999,70,0.7,1.0,per_head,True,1,,1.0,1999,1999,2511,0,ok,8.535006208,0.3,1.0
qwen3-4b,ours_predict_v1,ours,2000,1999,80,0.8,1.0,per_head,True,1,,1.0,1999,1999,2511,0,ok,8.535006208,0.3,1.0
qwen3-4b,ours_predict_v1,ours,2000,1999,90,0.9,1.0,per_head,True,1,,1.0,1999,1999,2511,0,ok,8.535006208,0.3,1.0
qwen3-4b,ours_predict_v1,ours,2000,2000,100,1.0,1.0,per_head,True,1,,1.0,2000,2000,2512,0,ok,8.53459456,0.3,1.0
qwen3-4b,ours_predict_v1,ours,8000,7999,0,0.0,0.0,per_head,True,1,,0.0,64,64,1024,7,ok,8.40571648,0.0,0.0
qwen3-4b,ours_predict_v1,ours,8000,7999,10,0.1,0.0,per_head,True,1,,0.0,64,64,1024,7,ok,8.40571648,0.0,0.0
qwen3-4b,ours_predict_v1,ours,8000,7999,20,0.2,0.0,per_head,True,1,,0.0,64,64,1024,7,ok,8.40571648,0.0,0.0
qwen3-4b,ours_predict_v1,ours,8000,7999,30,0.3,0.0,per_head,True,1,,0.0,64,64,1024,7,ok,8.40571648,0.0,0.0
qwen3-4b,ours_predict_v1,ours,8000,7999,40,0.4,0.0,per_head,True,1,,0.0,64,64,1024,7,ok,8.40571648,0.0,0.0
qwen3-4b,ours_predict_v1,ours,8000,7999,50,0.5,0.0,per_head,True,1,,0.0,64,64,1024,7,ok,8.40571648,0.0,0.0
qwen3-4b,ours_predict_v1,ours,8000,7999,60,0.6,0.0,per_head,True,1,,0.0,64,64,1024,7,ok,8.40571648,0.0,0.0
qwen3-4b,ours_predict_v1,ours,8000,7999,70,0.7,0.0,per_head,True,1,,0.0,64,64,1024,7,ok,8.40571648,0.0,0.0
qwen3-4b,ours_predict_v1,ours,8000,7999,80,0.8,0.0,per_head,True,1,,0.0,64,64,1024,7,ok,8.40571648,0.0,0.0
qwen3-4b,ours_predict_v1,ours,8000,7999,90,0.9,0.0,per_head,True,1,,0.0,64,64,1024,7,ok,8.40571648,0.0,0.0
qwen3-4b,ours_predict_v1,ours,8000,8000,100,1.0,0.0,per_head,True,1,,0.0,64,64,1024,7,ok,8.40571648,0.0,0.0
qwen3-4b,ours_predict_v1,ours,8000,7999,0,0.0,0.2,per_head,True,1,,0.5,3200,410,1024,7,ok,8.777421312,0.2,0.5
qwen3-4b,ours_predict_v1,ours,8000,7999,10,0.1,0.2,per_head,True,1,,0.5,3200,410,1024,7,ok,8.777421312,0.2,1.0
qwen3-4b,ours_predict_v1,ours,8000,7999,20,0.2,0.2,per_head,True,1,,0.5,3200,410,1024,7,ok,8.777421312,0.2,0.5
qwen3-4b,ours_predict_v1,ours,8000,7999,30,0.3,0.2,per_head,True,1,,0.5,3200,410,1024,7,ok,8.777421312,0.2,0.5
qwen3-4b,ours_predict_v1,ours,8000,7999,40,0.4,0.2,per_head,True,1,,0.5,3200,410,1024,7,ok,8.777421312,0.2,0.5
qwen3-4b,ours_predict_v1,ours,8000,7999,50,0.5,0.2,per_head,True,1,,0.5,3200,410,1024,7,ok,8.777421312,0.2,1.0
qwen3-4b,ours_predict_v1,ours,8000,7999,60,0.6,0.2,per_head,True,1,,0.5,3200,410,1024,7,ok,8.777421312,0.2,0.5
qwen3-4b,ours_predict_v1,ours,8000,7999,70,0.7,0.2,per_head,True,1,,0.5,3200,410,1024,7,ok,8.777421312,0.2,0.5
qwen3-4b,ours_predict_v1,ours,8000,7999,80,0.8,0.2,per_head,True,1,,0.5,3200,410,1024,7,ok,8.777421312,0.2,0.5
qwen3-4b,ours_predict_v1,ours,8000,7999,90,0.9,0.2,per_head,True,1,,0.5,3200,410,1024,7,ok,8.777421312,0.2,1.0
qwen3-4b,ours_predict_v1,ours,8000,8000,100,1.0,0.2,per_head,True,1,,0.5,3200,410,1024,7,ok,8.77478656,0.2,1.0
qwen3-4b,ours_predict_v1,ours,8000,7999,0,0.0,0.4,per_head,True,1,,0.5,6399,819,1024,7,ok,9.1264128,0.5,1.0
qwen3-4b,ours_predict_v1,ours,8000,7999,10,0.1,0.4,per_head,True,1,,0.5,6399,819,1024,7,ok,9.196256768,0.5,1.0
qwen3-4b,ours_predict_v1,ours,8000,7999,20,0.2,0.4,per_head,True,1,,0.5,6399,819,1024,7,ok,9.196256768,0.5,1.0
qwen3-4b,ours_predict_v1,ours,8000,7999,30,0.3,0.4,per_head,True,1,,0.5,6399,819,1024,7,ok,9.1264128,0.5,1.0
qwen3-4b,ours_predict_v1,ours,8000,7999,40,0.4,0.4,per_head,True,1,,0.5,6399,819,1024,7,ok,9.196256768,0.5,1.0
qwen3-4b,ours_predict_v1,ours,8000,7999,50,0.5,0.4,per_head,True,1,,0.5,6399,819,1024,7,ok,9.196256768,0.5,1.0
qwen3-4b,ours_predict_v1,ours,8000,7999,60,0.6,0.4,per_head,True,1,,0.5,6399,819,1024,7,ok,9.196256768,0.5,1.0
qwen3-4b,ours_predict_v1,ours,8000,7999,70,0.7,0.4,per_head,True,1,,0.5,6399,819,1024,7,ok,9.196256768,0.5,1.0
qwen3-4b,ours_predict_v1,ours,8000,7999,80,0.8,0.4,per_head,True,1,,0.5,6399,819,1024,7,ok,9.196256768,0.5,1.0
qwen3-4b,ours_predict_v1,ours,8000,7999,90,0.9,0.4,per_head,True,1,,0.5,6399,819,1024,7,ok,9.196256768,0.5,1.0
qwen3-4b,ours_predict_v1,ours,8000,8000,100,1.0,0.4,per_head,True,1,,0.5,6400,819,1024,7,ok,9.197165056,0.5,1.0
qwen3-4b,ours_predict_v1,ours,8000,7999,0,0.0,0.6,per_head,True,1,,0.6,7999,1024,1536,5,ok,9.067401728,0.5,1.0
qwen3-4b,ours_predict_v1,ours,8000,7999,10,0.1,0.6,per_head,True,1,,0.6,7999,1024,1536,5,ok,9.067401728,0.5,1.0
qwen3-4b,ours_predict_v1,ours,8000,7999,20,0.2,0.6,per_head,True,1,,0.6,7999,1024,1536,5,ok,9.067401728,0.5,1.0
qwen3-4b,ours_predict_v1,ours,8000,7999,30,0.3,0.6,per_head,True,1,,0.6,7999,1024,1536,5,ok,9.067401728,0.5,1.0
qwen3-4b,ours_predict_v1,ours,8000,7999,40,0.4,0.6,per_head,True,1,,0.6,7999,1024,1536,5,ok,9.067401728,0.5,1.0
qwen3-4b,ours_predict_v1,ours,8000,7999,50,0.5,0.6,per_head,True,1,,0.6,7999,1024,1536,5,ok,9.067401728,0.5,1.0
qwen3-4b,ours_predict_v1,ours,8000,7999,60,0.6,0.6,per_head,True,1,,0.6,7999,1024,1536,5,ok,9.067401728,0.5,1.0
qwen3-4b,ours_predict_v1,ours,8000,7999,70,0.7,0.6,per_head,True,1,,0.6,7999,1024,1536,5,ok,9.067401728,0.5,1.0
qwen3-4b,ours_predict_v1,ours,8000,7999,80,0.8,0.6,per_head,True,1,,0.6,7999,1024,1536,5,ok,9.067401728,0.5,1.0
qwen3-4b,ours_predict_v1,ours,8000,7999,90,0.9,0.6,per_head,True,1,,0.6,7999,1024,1536,5,ok,9.067401728,0.5,1.0
qwen3-4b,ours_predict_v1,ours,8000,8000,100,1.0,0.6,per_head,True,1,,0.6,8000,1024,1536,5,ok,9.067401728,0.5,1.0
qwen3-4b,ours_predict_v1,ours,8000,7999,0,0.0,0.8,per_head,True,1,,0.8,7999,1024,1536,5,ok,9.067401728,0.6,1.0
qwen3-4b,ours_predict_v1,ours,8000,7999,10,0.1,0.8,per_head,True,1,,0.8,7999,1024,1536,5,ok,9.067401728,0.6,1.0
qwen3-4b,ours_predict_v1,ours,8000,7999,20,0.2,0.8,per_head,True,1,,0.8,7999,1024,1536,5,ok,9.067401728,0.6,1.0
qwen3-4b,ours_predict_v1,ours,8000,7999,30,0.3,0.8,per_head,True,1,,0.8,7999,1024,1536,5,ok,9.067401728,0.6,1.0
qwen3-4b,ours_predict_v1,ours,8000,7999,40,0.4,0.8,per_head,True,1,,0.8,7999,1024,1536,5,ok,9.067401728,0.6,1.0
qwen3-4b,ours_predict_v1,ours,8000,7999,50,0.5,0.8,per_head,True,1,,0.8,7999,1024,1536,5,ok,9.067401728,0.6,1.0
qwen3-4b,ours_predict_v1,ours,8000,7999,60,0.6,0.8,per_head,True,1,,0.8,7999,1024,1536,5,ok,9.067401728,0.6,1.0
qwen3-4b,ours_predict_v1,ours,8000,7999,70,0.7,0.8,per_head,True,1,,0.8,7999,1024,1536,5,ok,9.067401728,0.6,1.0
qwen3-4b,ours_predict_v1,ours,8000,7999,80,0.8,0.8,per_head,True,1,,0.8,7999,1024,1536,5,ok,9.067401728,0.6,1.0
qwen3-4b,ours_predict_v1,ours,8000,7999,90,0.9,0.8,per_head,True,1,,0.8,7999,1024,1536,5,ok,9.067401728,0.6,1.0
qwen3-4b,ours_predict_v1,ours,8000,8000,100,1.0,0.8,per_head,True,1,,0.8,8000,1024,1536,5,ok,9.067401728,0.6,1.0
qwen3-4b,ours_predict_v1,ours,8000,7999,0,0.0,1.0,per_head,True,1,,1.0,7999,7999,8511,0,ok,9.416377856,1.2,1.0
qwen3-4b,ours_predict_v1,ours,8000,7999,10,0.1,1.0,per_head,True,1,,1.0,7999,7999,8511,0,ok,9.416377856,1.2,1.0
qwen3-4b,ours_predict_v1,ours,8000,7999,20,0.2,1.0,per_head,True,1,,1.0,7999,7999,8511,0,ok,9.416377856,1.2,1.0
qwen3-4b,ours_predict_v1,ours,8000,7999,30,0.3,1.0,per_head,True,1,,1.0,7999,7999,8511,0,ok,9.416377856,1.2,1.0
qwen3-4b,ours_predict_v1,ours,8000,7999,40,0.4,1.0,per_head,True,1,,1.0,7999,7999,8511,0,ok,9.417060864,1.2,1.0
qwen3-4b,ours_predict_v1,ours,8000,7999,50,0.5,1.0,per_head,True,1,,1.0,7999,7999,8511,0,ok,9.417060864,1.2,1.0
qwen3-4b,ours_predict_v1,ours,8000,7999,60,0.6,1.0,per_head,True,1,,1.0,7999,7999,8511,0,ok,9.415172608,1.2,1.0
qwen3-4b,ours_predict_v1,ours,8000,7999,70,0.7,1.0,per_head,True,1,,1.0,7999,7999,8511,0,ok,9.417060864,1.2,1.0
qwen3-4b,ours_predict_v1,ours,8000,7999,80,0.8,1.0,per_head,True,1,,1.0,7999,7999,8511,0,ok,9.417060864,1.2,1.0
qwen3-4b,ours_predict_v1,ours,8000,7999,90,0.9,1.0,per_head,True,1,,1.0,7999,7999,8511,0,ok,9.417060864,1.2,1.0
qwen3-4b,ours_predict_v1,ours,8000,8000,100,1.0,1.0,per_head,True,1,,1.0,8000,8000,8512,0,ok,9.416202752,1.2,1.0
qwen3-4b,ours_predict_v2,ours,500,499,0,0.0,0.0,per_head,True,2,,0.0,64,64,1024,0,ok,8.32467456,0.0,0.0
qwen3-4b,ours_predict_v2,ours,500,499,10,0.1,0.0,per_head,True,2,,0.0,64,64,1024,0,ok,8.32467456,0.0,0.0
qwen3-4b,ours_predict_v2,ours,500,499,20,0.2,0.0,per_head,True,2,,0.0,64,64,1024,0,ok,8.32467456,0.0,0.0
qwen3-4b,ours_predict_v2,ours,500,499,30,0.3,0.0,per_head,True,2,,0.0,64,64,1024,0,ok,8.32467456,0.0,0.0
qwen3-4b,ours_predict_v2,ours,500,499,40,0.4,0.0,per_head,True,2,,0.0,64,64,1024,0,ok,8.32467456,0.0,0.0
qwen3-4b,ours_predict_v2,ours,500,499,50,0.5,0.0,per_head,True,2,,0.0,64,64,1024,0,ok,8.32467456,0.0,0.0
qwen3-4b,ours_predict_v2,ours,500,499,60,0.6,0.0,per_head,True,2,,0.0,64,64,1024,0,ok,8.32467456,0.0,0.0
qwen3-4b,ours_predict_v2,ours,500,499,70,0.7,0.0,per_head,True,2,,0.0,64,64,1024,0,ok,8.32467456,0.0,0.0
qwen3-4b,ours_predict_v2,ours,500,499,80,0.8,0.0,per_head,True,2,,0.0,64,64,1024,0,ok,8.32467456,0.0,0.0
qwen3-4b,ours_predict_v2,ours,500,499,90,0.9,0.0,per_head,True,2,,0.0,64,64,1024,0,ok,8.32467456,0.0,0.0
qwen3-4b,ours_predict_v2,ours,500,500,100,1.0,0.0,per_head,True,2,,0.0,64,64,1024,0,ok,8.325339136,0.0,0.0
qwen3-4b,ours_predict_v2,ours,500,499,0,0.0,0.2,per_head,True,2,,0.5,200,200,1024,0,ok,8.32467456,0.0,1.0
qwen3-4b,ours_predict_v2,ours,500,499,10,0.1,0.2,per_head,True,2,,0.5,200,200,1024,0,ok,8.32467456,0.0,1.0
qwen3-4b,ours_predict_v2,ours,500,499,20,0.2,0.2,per_head,True,2,,0.5,200,200,1024,0,ok,8.32467456,0.0,1.0
qwen3-4b,ours_predict_v2,ours,500,499,30,0.3,0.2,per_head,True,2,,0.5,200,200,1024,0,ok,8.32467456,0.0,1.0
qwen3-4b,ours_predict_v2,ours,500,499,40,0.4,0.2,per_head,True,2,,0.5,200,200,1024,0,ok,8.32467456,0.0,1.0
qwen3-4b,ours_predict_v2,ours,500,499,50,0.5,0.2,per_head,True,2,,0.5,200,200,1024,0,ok,8.32467456,0.0,1.0
qwen3-4b,ours_predict_v2,ours,500,499,60,0.6,0.2,per_head,True,2,,0.5,200,200,1024,0,ok,8.32467456,0.0,1.0
qwen3-4b,ours_predict_v2,ours,500,499,70,0.7,0.2,per_head,True,2,,0.5,200,200,1024,0,ok,8.32467456,0.0,1.0
qwen3-4b,ours_predict_v2,ours,500,499,80,0.8,0.2,per_head,True,2,,0.5,200,200,1024,0,ok,8.32467456,0.0,1.0
qwen3-4b,ours_predict_v2,ours,500,499,90,0.9,0.2,per_head,True,2,,0.5,200,200,1024,0,ok,8.32467456,0.0,1.0
qwen3-4b,ours_predict_v2,ours,500,500,100,1.0,0.2,per_head,True,2,,0.5,200,200,1024,0,ok,8.325339136,0.0,1.0
qwen3-4b,ours_predict_v2,ours,500,499,0,0.0,0.4,per_head,True,2,,0.5,399,399,1024,0,ok,8.32467456,0.0,1.0
qwen3-4b,ours_predict_v2,ours,500,499,10,0.1,0.4,per_head,True,2,,0.5,399,399,1024,0,ok,8.32467456,0.0,1.0
qwen3-4b,ours_predict_v2,ours,500,499,20,0.2,0.4,per_head,True,2,,0.5,399,399,1024,0,ok,8.32467456,0.0,1.0
qwen3-4b,ours_predict_v2,ours,500,499,30,0.3,0.4,per_head,True,2,,0.5,399,399,1024,0,ok,8.32467456,0.0,1.0
qwen3-4b,ours_predict_v2,ours,500,499,40,0.4,0.4,per_head,True,2,,0.5,399,399,1024,0,ok,8.32467456,0.0,1.0
qwen3-4b,ours_predict_v2,ours,500,499,50,0.5,0.4,per_head,True,2,,0.5,399,399,1024,0,ok,8.32467456,0.0,1.0
qwen3-4b,ours_predict_v2,ours,500,499,60,0.6,0.4,per_head,True,2,,0.5,399,399,1024,0,ok,8.32467456,0.0,1.0
qwen3-4b,ours_predict_v2,ours,500,499,70,0.7,0.4,per_head,True,2,,0.5,399,399,1024,0,ok,8.32467456,0.0,1.0
qwen3-4b,ours_predict_v2,ours,500,499,80,0.8,0.4,per_head,True,2,,0.5,399,399,1024,0,ok,8.32467456,0.0,1.0
qwen3-4b,ours_predict_v2,ours,500,499,90,0.9,0.4,per_head,True,2,,0.5,399,399,1024,0,ok,8.32467456,0.0,1.0
qwen3-4b,ours_predict_v2,ours,500,500,100,1.0,0.4,per_head,True,2,,0.5,400,400,1024,0,ok,8.325339136,0.0,1.0
qwen3-4b,ours_predict_v2,ours,500,499,0,0.0,0.6,per_head,True,2,,0.6,499,499,1024,0,ok,8.32467456,0.0,1.0
qwen3-4b,ours_predict_v2,ours,500,499,10,0.1,0.6,per_head,True,2,,0.6,499,499,1024,0,ok,8.32467456,0.0,1.0
qwen3-4b,ours_predict_v2,ours,500,499,20,0.2,0.6,per_head,True,2,,0.6,499,499,1024,0,ok,8.32467456,0.0,1.0
qwen3-4b,ours_predict_v2,ours,500,499,30,0.3,0.6,per_head,True,2,,0.6,499,499,1024,0,ok,8.32467456,0.0,1.0
qwen3-4b,ours_predict_v2,ours,500,499,40,0.4,0.6,per_head,True,2,,0.6,499,499,1024,0,ok,8.32467456,0.0,1.0
qwen3-4b,ours_predict_v2,ours,500,499,50,0.5,0.6,per_head,True,2,,0.6,499,499,1024,0,ok,8.32467456,0.0,1.0
qwen3-4b,ours_predict_v2,ours,500,499,60,0.6,0.6,per_head,True,2,,0.6,499,499,1024,0,ok,8.32467456,0.0,1.0
qwen3-4b,ours_predict_v2,ours,500,499,70,0.7,0.6,per_head,True,2,,0.6,499,499,1024,0,ok,8.32467456,0.0,1.0
qwen3-4b,ours_predict_v2,ours,500,499,80,0.8,0.6,per_head,True,2,,0.6,499,499,1024,0,ok,8.32467456,0.0,1.0
qwen3-4b,ours_predict_v2,ours,500,499,90,0.9,0.6,per_head,True,2,,0.6,499,499,1024,0,ok,8.32467456,0.0,1.0
qwen3-4b,ours_predict_v2,ours,500,500,100,1.0,0.6,per_head,True,2,,0.6,500,500,1024,0,ok,8.325339136,0.0,1.0
qwen3-4b,ours_predict_v2,ours,500,499,0,0.0,0.8,per_head,True,2,,0.8,499,499,1024,0,ok,8.32467456,0.1,1.0
qwen3-4b,ours_predict_v2,ours,500,499,10,0.1,0.8,per_head,True,2,,0.8,499,499,1024,0,ok,8.32467456,0.1,1.0
qwen3-4b,ours_predict_v2,ours,500,499,20,0.2,0.8,per_head,True,2,,0.8,499,499,1024,0,ok,8.32467456,0.1,1.0
qwen3-4b,ours_predict_v2,ours,500,499,30,0.3,0.8,per_head,True,2,,0.8,499,499,1024,0,ok,8.32467456,0.1,1.0
qwen3-4b,ours_predict_v2,ours,500,499,40,0.4,0.8,per_head,True,2,,0.8,499,499,1024,0,ok,8.32467456,0.1,1.0
qwen3-4b,ours_predict_v2,ours,500,499,50,0.5,0.8,per_head,True,2,,0.8,499,499,1024,0,ok,8.32467456,0.1,1.0
qwen3-4b,ours_predict_v2,ours,500,499,60,0.6,0.8,per_head,True,2,,0.8,499,499,1024,0,ok,8.32467456,0.1,1.0
qwen3-4b,ours_predict_v2,ours,500,499,70,0.7,0.8,per_head,True,2,,0.8,499,499,1024,0,ok,8.32467456,0.1,1.0
qwen3-4b,ours_predict_v2,ours,500,499,80,0.8,0.8,per_head,True,2,,0.8,499,499,1024,0,ok,8.32467456,0.1,1.0
qwen3-4b,ours_predict_v2,ours,500,499,90,0.9,0.8,per_head,True,2,,0.8,499,499,1024,0,ok,8.32467456,0.1,1.0
qwen3-4b,ours_predict_v2,ours,500,500,100,1.0,0.8,per_head,True,2,,0.8,500,500,1024,0,ok,8.325339136,0.1,1.0
qwen3-4b,ours_predict_v2,ours,500,499,0,0.0,1.0,per_head,True,2,,1.0,499,499,1011,0,ok,8.32467456,0.1,1.0
qwen3-4b,ours_predict_v2,ours,500,499,10,0.1,1.0,per_head,True,2,,1.0,499,499,1011,0,ok,8.32467456,0.1,1.0
qwen3-4b,ours_predict_v2,ours,500,499,20,0.2,1.0,per_head,True,2,,1.0,499,499,1011,0,ok,8.32467456,0.1,1.0
qwen3-4b,ours_predict_v2,ours,500,499,30,0.3,1.0,per_head,True,2,,1.0,499,499,1011,0,ok,8.32467456,0.1,1.0
qwen3-4b,ours_predict_v2,ours,500,499,40,0.4,1.0,per_head,True,2,,1.0,499,499,1011,0,ok,8.32467456,0.1,1.0
qwen3-4b,ours_predict_v2,ours,500,499,50,0.5,1.0,per_head,True,2,,1.0,499,499,1011,0,ok,8.32467456,0.1,1.0
qwen3-4b,ours_predict_v2,ours,500,499,60,0.6,1.0,per_head,True,2,,1.0,499,499,1011,0,ok,8.32467456,0.1,1.0
qwen3-4b,ours_predict_v2,ours,500,499,70,0.7,1.0,per_head,True,2,,1.0,499,499,1011,0,ok,8.32467456,0.1,1.0
qwen3-4b,ours_predict_v2,ours,500,499,80,0.8,1.0,per_head,True,2,,1.0,499,499,1011,0,ok,8.32467456,0.1,1.0
qwen3-4b,ours_predict_v2,ours,500,499,90,0.9,1.0,per_head,True,2,,1.0,499,499,1011,0,ok,8.32467456,0.1,1.0
qwen3-4b,ours_predict_v2,ours,500,500,100,1.0,1.0,per_head,True,2,,1.0,500,500,1012,0,ok,8.325339136,0.1,1.0
qwen3-4b,ours_predict_v2,ours,2000,1999,0,0.0,0.0,per_head,True,2,,0.0,64,64,1024,1,ok,8.386689024,0.0,0.0
qwen3-4b,ours_predict_v2,ours,2000,1999,10,0.1,0.0,per_head,True,2,,0.0,64,64,1024,1,ok,8.386689024,0.0,0.0
qwen3-4b,ours_predict_v2,ours,2000,1999,20,0.2,0.0,per_head,True,2,,0.0,64,64,1024,1,ok,8.386689024,0.0,0.0
qwen3-4b,ours_predict_v2,ours,2000,1999,30,0.3,0.0,per_head,True,2,,0.0,64,64,1024,1,ok,8.386689024,0.0,0.0
qwen3-4b,ours_predict_v2,ours,2000,1999,40,0.4,0.0,per_head,True,2,,0.0,64,64,1024,1,ok,8.386689024,0.0,0.0
qwen3-4b,ours_predict_v2,ours,2000,1999,50,0.5,0.0,per_head,True,2,,0.0,64,64,1024,1,ok,8.386689024,0.0,0.0
qwen3-4b,ours_predict_v2,ours,2000,1999,60,0.6,0.0,per_head,True,2,,0.0,64,64,1024,1,ok,8.386689024,0.0,0.0
qwen3-4b,ours_predict_v2,ours,2000,1999,70,0.7,0.0,per_head,True,2,,0.0,64,64,1024,1,ok,8.386689024,0.0,0.0
qwen3-4b,ours_predict_v2,ours,2000,1999,80,0.8,0.0,per_head,True,2,,0.0,64,64,1024,1,ok,8.386689024,0.0,0.0
qwen3-4b,ours_predict_v2,ours,2000,1999,90,0.9,0.0,per_head,True,2,,0.0,64,64,1024,1,ok,8.386689024,0.0,0.0
qwen3-4b,ours_predict_v2,ours,2000,2000,100,1.0,0.0,per_head,True,2,,0.0,64,64,1024,1,ok,8.386689024,0.0,0.0
qwen3-4b,ours_predict_v2,ours,2000,1999,0,0.0,0.2,per_head,True,2,,0.5,800,410,1024,1,ok,8.442140672,0.1,0.5
qwen3-4b,ours_predict_v2,ours,2000,1999,10,0.1,0.2,per_head,True,2,,0.5,800,410,1024,1,ok,8.442140672,0.1,1.0
qwen3-4b,ours_predict_v2,ours,2000,1999,20,0.2,0.2,per_head,True,2,,0.5,800,410,1024,1,ok,8.442140672,0.1,1.0
qwen3-4b,ours_predict_v2,ours,2000,1999,30,0.3,0.2,per_head,True,2,,0.5,800,410,1024,1,ok,8.442140672,0.1,1.0
qwen3-4b,ours_predict_v2,ours,2000,1999,40,0.4,0.2,per_head,True,2,,0.5,800,410,1024,1,ok,8.442140672,0.1,1.0
qwen3-4b,ours_predict_v2,ours,2000,1999,50,0.5,0.2,per_head,True,2,,0.5,800,410,1024,1,ok,8.442140672,0.1,1.0
qwen3-4b,ours_predict_v2,ours,2000,1999,60,0.6,0.2,per_head,True,2,,0.5,800,410,1024,1,ok,8.442140672,0.1,1.0
qwen3-4b,ours_predict_v2,ours,2000,1999,70,0.7,0.2,per_head,True,2,,0.5,800,410,1024,1,ok,8.442140672,0.1,1.0
qwen3-4b,ours_predict_v2,ours,2000,1999,80,0.8,0.2,per_head,True,2,,0.5,800,410,1024,1,ok,8.442140672,0.1,1.0
qwen3-4b,ours_predict_v2,ours,2000,1999,90,0.9,0.2,per_head,True,2,,0.5,800,410,1024,1,ok,8.442140672,0.1,1.0
qwen3-4b,ours_predict_v2,ours,2000,2000,100,1.0,0.2,per_head,True,2,,0.5,800,410,1024,1,ok,8.438689792,0.1,1.0
qwen3-4b,ours_predict_v2,ours,2000,1999,0,0.0,0.4,per_head,True,2,,0.5,1599,819,1024,1,ok,8.493976576,0.1,1.0
qwen3-4b,ours_predict_v2,ours,2000,1999,10,0.1,0.4,per_head,True,2,,0.5,1599,819,1024,1,ok,8.493976576,0.1,1.0
qwen3-4b,ours_predict_v2,ours,2000,1999,20,0.2,0.4,per_head,True,2,,0.5,1599,819,1024,1,ok,8.493976576,0.1,1.0
qwen3-4b,ours_predict_v2,ours,2000,1999,30,0.3,0.4,per_head,True,2,,0.5,1599,819,1024,1,ok,8.493976576,0.1,1.0
qwen3-4b,ours_predict_v2,ours,2000,1999,40,0.4,0.4,per_head,True,2,,0.5,1599,819,1024,1,ok,8.493976576,0.1,1.0
qwen3-4b,ours_predict_v2,ours,2000,1999,50,0.5,0.4,per_head,True,2,,0.5,1599,819,1024,1,ok,8.493976576,0.1,1.0
qwen3-4b,ours_predict_v2,ours,2000,1999,60,0.6,0.4,per_head,True,2,,0.5,1599,819,1024,1,ok,8.493976576,0.1,1.0
qwen3-4b,ours_predict_v2,ours,2000,1999,70,0.7,0.4,per_head,True,2,,0.5,1599,819,1024,1,ok,8.493976576,0.1,1.0
qwen3-4b,ours_predict_v2,ours,2000,1999,80,0.8,0.4,per_head,True,2,,0.5,1599,819,1024,1,ok,8.493976576,0.1,1.0
qwen3-4b,ours_predict_v2,ours,2000,1999,90,0.9,0.4,per_head,True,2,,0.5,1599,819,1024,1,ok,8.493976576,0.1,1.0
qwen3-4b,ours_predict_v2,ours,2000,2000,100,1.0,0.4,per_head,True,2,,0.5,1600,819,1024,1,ok,8.49396224,0.1,1.0
qwen3-4b,ours_predict_v2,ours,2000,1999,0,0.0,0.6,per_head,True,2,,0.6,1999,1024,1536,1,ok,8.462887936,0.1,1.0
qwen3-4b,ours_predict_v2,ours,2000,1999,10,0.1,0.6,per_head,True,2,,0.6,1999,1024,1536,1,ok,8.462887936,0.1,1.0
qwen3-4b,ours_predict_v2,ours,2000,1999,20,0.2,0.6,per_head,True,2,,0.6,1999,1024,1536,1,ok,8.462887936,0.1,1.0
qwen3-4b,ours_predict_v2,ours,2000,1999,30,0.3,0.6,per_head,True,2,,0.6,1999,1024,1536,1,ok,8.462887936,0.1,1.0
qwen3-4b,ours_predict_v2,ours,2000,1999,40,0.4,0.6,per_head,True,2,,0.6,1999,1024,1536,1,ok,8.462887936,0.1,1.0
qwen3-4b,ours_predict_v2,ours,2000,1999,50,0.5,0.6,per_head,True,2,,0.6,1999,1024,1536,1,ok,8.462887936,0.1,1.0
qwen3-4b,ours_predict_v2,ours,2000,1999,60,0.6,0.6,per_head,True,2,,0.6,1999,1024,1536,1,ok,8.462887936,0.1,1.0
qwen3-4b,ours_predict_v2,ours,2000,1999,70,0.7,0.6,per_head,True,2,,0.6,1999,1024,1536,1,ok,8.462887936,0.1,1.0
qwen3-4b,ours_predict_v2,ours,2000,1999,80,0.8,0.6,per_head,True,2,,0.6,1999,1024,1536,1,ok,8.462887936,0.1,1.0
qwen3-4b,ours_predict_v2,ours,2000,1999,90,0.9,0.6,per_head,True,2,,0.6,1999,1024,1536,1,ok,8.462887936,0.1,1.0
qwen3-4b,ours_predict_v2,ours,2000,2000,100,1.0,0.6,per_head,True,2,,0.6,2000,1024,1536,1,ok,8.462887936,0.1,1.0
qwen3-4b,ours_predict_v2,ours,2000,1999,0,0.0,0.8,per_head,True,2,,0.8,1999,1024,1536,1,ok,8.462887936,0.2,1.0
qwen3-4b,ours_predict_v2,ours,2000,1999,10,0.1,0.8,per_head,True,2,,0.8,1999,1024,1536,1,ok,8.462887936,0.2,1.0
qwen3-4b,ours_predict_v2,ours,2000,1999,20,0.2,0.8,per_head,True,2,,0.8,1999,1024,1536,1,ok,8.462887936,0.2,1.0
qwen3-4b,ours_predict_v2,ours,2000,1999,30,0.3,0.8,per_head,True,2,,0.8,1999,1024,1536,1,ok,8.462887936,0.2,1.0
qwen3-4b,ours_predict_v2,ours,2000,1999,40,0.4,0.8,per_head,True,2,,0.8,1999,1024,1536,1,ok,8.462887936,0.2,1.0
qwen3-4b,ours_predict_v2,ours,2000,1999,50,0.5,0.8,per_head,True,2,,0.8,1999,1024,1536,1,ok,8.462887936,0.2,1.0
qwen3-4b,ours_predict_v2,ours,2000,1999,60,0.6,0.8,per_head,True,2,,0.8,1999,1024,1536,1,ok,8.462887936,0.2,1.0
qwen3-4b,ours_predict_v2,ours,2000,1999,70,0.7,0.8,per_head,True,2,,0.8,1999,1024,1536,1,ok,8.462887936,0.2,1.0
qwen3-4b,ours_predict_v2,ours,2000,1999,80,0.8,0.8,per_head,True,2,,0.8,1999,1024,1536,1,ok,8.462887936,0.2,1.0
qwen3-4b,ours_predict_v2,ours,2000,1999,90,0.9,0.8,per_head,True,2,,0.8,1999,1024,1536,1,ok,8.462887936,0.2,1.0
qwen3-4b,ours_predict_v2,ours,2000,2000,100,1.0,0.8,per_head,True,2,,0.8,2000,1024,1536,1,ok,8.462887936,0.2,1.0
qwen3-4b,ours_predict_v2,ours,2000,1999,0,0.0,1.0,per_head,True,2,,1.0,1999,1999,2511,0,ok,8.535006208,0.3,1.0
qwen3-4b,ours_predict_v2,ours,2000,1999,10,0.1,1.0,per_head,True,2,,1.0,1999,1999,2511,0,ok,8.535006208,0.3,1.0
qwen3-4b,ours_predict_v2,ours,2000,1999,20,0.2,1.0,per_head,True,2,,1.0,1999,1999,2511,0,ok,8.535006208,0.3,1.0
qwen3-4b,ours_predict_v2,ours,2000,1999,30,0.3,1.0,per_head,True,2,,1.0,1999,1999,2511,0,ok,8.535006208,0.3,1.0
qwen3-4b,ours_predict_v2,ours,2000,1999,40,0.4,1.0,per_head,True,2,,1.0,1999,1999,2511,0,ok,8.535006208,0.3,1.0
qwen3-4b,ours_predict_v2,ours,2000,1999,50,0.5,1.0,per_head,True,2,,1.0,1999,1999,2511,0,ok,8.535006208,0.3,1.0
qwen3-4b,ours_predict_v2,ours,2000,1999,60,0.6,1.0,per_head,True,2,,1.0,1999,1999,2511,0,ok,8.535006208,0.3,1.0
qwen3-4b,ours_predict_v2,ours,2000,1999,70,0.7,1.0,per_head,True,2,,1.0,1999,1999,2511,0,ok,8.535006208,0.3,1.0
qwen3-4b,ours_predict_v2,ours,2000,1999,80,0.8,1.0,per_head,True,2,,1.0,1999,1999,2511,0,ok,8.535006208,0.3,1.0
qwen3-4b,ours_predict_v2,ours,2000,1999,90,0.9,1.0,per_head,True,2,,1.0,1999,1999,2511,0,ok,8.535006208,0.3,1.0
qwen3-4b,ours_predict_v2,ours,2000,2000,100,1.0,1.0,per_head,True,2,,1.0,2000,2000,2512,0,ok,8.53459456,0.3,1.0
qwen3-4b,ours_predict_v2,ours,8000,7999,0,0.0,0.0,per_head,True,2,,0.0,64,64,1024,7,ok,8.40571648,0.0,0.0
qwen3-4b,ours_predict_v2,ours,8000,7999,10,0.1,0.0,per_head,True,2,,0.0,64,64,1024,7,ok,8.40571648,0.0,0.0
qwen3-4b,ours_predict_v2,ours,8000,7999,20,0.2,0.0,per_head,True,2,,0.0,64,64,1024,7,ok,8.40571648,0.0,0.0
qwen3-4b,ours_predict_v2,ours,8000,7999,30,0.3,0.0,per_head,True,2,,0.0,64,64,1024,7,ok,8.40571648,0.0,0.0
qwen3-4b,ours_predict_v2,ours,8000,7999,40,0.4,0.0,per_head,True,2,,0.0,64,64,1024,7,ok,8.40571648,0.0,0.0
qwen3-4b,ours_predict_v2,ours,8000,7999,50,0.5,0.0,per_head,True,2,,0.0,64,64,1024,7,ok,8.40571648,0.0,0.0
qwen3-4b,ours_predict_v2,ours,8000,7999,60,0.6,0.0,per_head,True,2,,0.0,64,64,1024,7,ok,8.40571648,0.0,0.0
qwen3-4b,ours_predict_v2,ours,8000,7999,70,0.7,0.0,per_head,True,2,,0.0,64,64,1024,7,ok,8.40571648,0.0,0.0
qwen3-4b,ours_predict_v2,ours,8000,7999,80,0.8,0.0,per_head,True,2,,0.0,64,64,1024,7,ok,8.40571648,0.0,0.0
qwen3-4b,ours_predict_v2,ours,8000,7999,90,0.9,0.0,per_head,True,2,,0.0,64,64,1024,7,ok,8.40571648,0.0,0.0
qwen3-4b,ours_predict_v2,ours,8000,8000,100,1.0,0.0,per_head,True,2,,0.0,64,64,1024,7,ok,8.40571648,0.0,0.0
qwen3-4b,ours_predict_v2,ours,8000,7999,0,0.0,0.2,per_head,True,2,,0.5,3200,410,1024,7,ok,8.777421312,0.2,0.5
qwen3-4b,ours_predict_v2,ours,8000,7999,10,0.1,0.2,per_head,True,2,,0.5,3200,410,1024,7,ok,8.777421312,0.2,1.0
qwen3-4b,ours_predict_v2,ours,8000,7999,20,0.2,0.2,per_head,True,2,,0.5,3200,410,1024,7,ok,8.777421312,0.2,0.5
qwen3-4b,ours_predict_v2,ours,8000,7999,30,0.3,0.2,per_head,True,2,,0.5,3200,410,1024,7,ok,8.777421312,0.2,0.5
qwen3-4b,ours_predict_v2,ours,8000,7999,40,0.4,0.2,per_head,True,2,,0.5,3200,410,1024,7,ok,8.777421312,0.2,0.5
qwen3-4b,ours_predict_v2,ours,8000,7999,50,0.5,0.2,per_head,True,2,,0.5,3200,410,1024,7,ok,8.777421312,0.2,1.0
qwen3-4b,ours_predict_v2,ours,8000,7999,60,0.6,0.2,per_head,True,2,,0.5,3200,410,1024,7,ok,8.777421312,0.2,0.5
qwen3-4b,ours_predict_v2,ours,8000,7999,70,0.7,0.2,per_head,True,2,,0.5,3200,410,1024,7,ok,8.777421312,0.2,0.5
qwen3-4b,ours_predict_v2,ours,8000,7999,80,0.8,0.2,per_head,True,2,,0.5,3200,410,1024,7,ok,8.777421312,0.2,0.5
qwen3-4b,ours_predict_v2,ours,8000,7999,90,0.9,0.2,per_head,True,2,,0.5,3200,410,1024,7,ok,8.777421312,0.2,1.0
qwen3-4b,ours_predict_v2,ours,8000,8000,100,1.0,0.2,per_head,True,2,,0.5,3200,410,1024,7,ok,8.77478656,0.2,1.0
qwen3-4b,ours_predict_v2,ours,8000,7999,0,0.0,0.4,per_head,True,2,,0.5,6399,819,1024,7,ok,9.1264128,0.5,1.0
qwen3-4b,ours_predict_v2,ours,8000,7999,10,0.1,0.4,per_head,True,2,,0.5,6399,819,1024,7,ok,9.1264128,0.5,1.0
qwen3-4b,ours_predict_v2,ours,8000,7999,20,0.2,0.4,per_head,True,2,,0.5,6399,819,1024,7,ok,9.1264128,0.5,1.0
qwen3-4b,ours_predict_v2,ours,8000,7999,30,0.3,0.4,per_head,True,2,,0.5,6399,819,1024,7,ok,9.196256768,0.5,1.0
qwen3-4b,ours_predict_v2,ours,8000,7999,40,0.4,0.4,per_head,True,2,,0.5,6399,819,1024,7,ok,9.196256768,0.5,1.0
qwen3-4b,ours_predict_v2,ours,8000,7999,50,0.5,0.4,per_head,True,2,,0.5,6399,819,1024,7,ok,9.196256768,0.5,1.0
qwen3-4b,ours_predict_v2,ours,8000,7999,60,0.6,0.4,per_head,True,2,,0.5,6399,819,1024,7,ok,9.196256768,0.5,1.0
qwen3-4b,ours_predict_v2,ours,8000,7999,70,0.7,0.4,per_head,True,2,,0.5,6399,819,1024,7,ok,9.196256768,0.5,1.0
qwen3-4b,ours_predict_v2,ours,8000,7999,80,0.8,0.4,per_head,True,2,,0.5,6399,819,1024,7,ok,9.196256768,0.5,1.0
qwen3-4b,ours_predict_v2,ours,8000,7999,90,0.9,0.4,per_head,True,2,,0.5,6399,819,1024,7,ok,9.196256768,0.5,1.0
qwen3-4b,ours_predict_v2,ours,8000,8000,100,1.0,0.4,per_head,True,2,,0.5,6400,819,1024,7,ok,9.197165056,0.5,1.0
qwen3-4b,ours_predict_v2,ours,8000,7999,0,0.0,0.6,per_head,True,2,,0.6,7999,1024,1536,5,ok,9.067401728,0.5,1.0
qwen3-4b,ours_predict_v2,ours,8000,7999,10,0.1,0.6,per_head,True,2,,0.6,7999,1024,1536,5,ok,9.067401728,0.5,1.0
qwen3-4b,ours_predict_v2,ours,8000,7999,20,0.2,0.6,per_head,True,2,,0.6,7999,1024,1536,5,ok,9.067401728,0.5,1.0
qwen3-4b,ours_predict_v2,ours,8000,7999,30,0.3,0.6,per_head,True,2,,0.6,7999,1024,1536,5,ok,9.067401728,0.5,1.0
qwen3-4b,ours_predict_v2,ours,8000,7999,40,0.4,0.6,per_head,True,2,,0.6,7999,1024,1536,5,ok,9.067401728,0.5,1.0
qwen3-4b,ours_predict_v2,ours,8000,7999,50,0.5,0.6,per_head,True,2,,0.6,7999,1024,1536,5,ok,9.067401728,0.5,1.0
qwen3-4b,ours_predict_v2,ours,8000,7999,60,0.6,0.6,per_head,True,2,,0.6,7999,1024,1536,5,ok,9.067401728,0.5,1.0
qwen3-4b,ours_predict_v2,ours,8000,7999,70,0.7,0.6,per_head,True,2,,0.6,7999,1024,1536,5,ok,9.067401728,0.5,1.0
qwen3-4b,ours_predict_v2,ours,8000,7999,80,0.8,0.6,per_head,True,2,,0.6,7999,1024,1536,5,ok,9.067401728,0.5,1.0
qwen3-4b,ours_predict_v2,ours,8000,7999,90,0.9,0.6,per_head,True,2,,0.6,7999,1024,1536,5,ok,9.067401728,0.5,1.0
qwen3-4b,ours_predict_v2,ours,8000,8000,100,1.0,0.6,per_head,True,2,,0.6,8000,1024,1536,5,ok,9.067401728,0.5,1.0
qwen3-4b,ours_predict_v2,ours,8000,7999,0,0.0,0.8,per_head,True,2,,0.8,7999,1024,1536,5,ok,9.067401728,0.6,1.0
qwen3-4b,ours_predict_v2,ours,8000,7999,10,0.1,0.8,per_head,True,2,,0.8,7999,1024,1536,5,ok,9.067401728,0.6,1.0
qwen3-4b,ours_predict_v2,ours,8000,7999,20,0.2,0.8,per_head,True,2,,0.8,7999,1024,1536,5,ok,9.067401728,0.6,1.0
qwen3-4b,ours_predict_v2,ours,8000,7999,30,0.3,0.8,per_head,True,2,,0.8,7999,1024,1536,5,ok,9.067401728,0.6,1.0
qwen3-4b,ours_predict_v2,ours,8000,7999,40,0.4,0.8,per_head,True,2,,0.8,7999,1024,1536,5,ok,9.067401728,0.6,1.0
qwen3-4b,ours_predict_v2,ours,8000,7999,50,0.5,0.8,per_head,True,2,,0.8,7999,1024,1536,5,ok,9.067401728,0.6,1.0
qwen3-4b,ours_predict_v2,ours,8000,7999,60,0.6,0.8,per_head,True,2,,0.8,7999,1024,1536,5,ok,9.067401728,0.6,1.0
qwen3-4b,ours_predict_v2,ours,8000,7999,70,0.7,0.8,per_head,True,2,,0.8,7999,1024,1536,5,ok,9.067401728,0.6,1.0
qwen3-4b,ours_predict_v2,ours,8000,7999,80,0.8,0.8,per_head,True,2,,0.8,7999,1024,1536,5,ok,9.067401728,0.6,1.0
qwen3-4b,ours_predict_v2,ours,8000,7999,90,0.9,0.8,per_head,True,2,,0.8,7999,1024,1536,5,ok,9.067401728,0.6,1.0
qwen3-4b,ours_predict_v2,ours,8000,8000,100,1.0,0.8,per_head,True,2,,0.8,8000,1024,1536,5,ok,9.067401728,0.6,1.0
qwen3-4b,ours_predict_v2,ours,8000,7999,0,0.0,1.0,per_head,True,2,,1.0,7999,7999,8511,0,ok,9.416377856,1.2,1.0
qwen3-4b,ours_predict_v2,ours,8000,7999,10,0.1,1.0,per_head,True,2,,1.0,7999,7999,8511,0,ok,9.416377856,1.2,1.0
qwen3-4b,ours_predict_v2,ours,8000,7999,20,0.2,1.0,per_head,True,2,,1.0,7999,7999,8511,0,ok,9.416377856,1.2,1.0
qwen3-4b,ours_predict_v2,ours,8000,7999,30,0.3,1.0,per_head,True,2,,1.0,7999,7999,8511,0,ok,9.416377856,1.2,1.0
qwen3-4b,ours_predict_v2,ours,8000,7999,40,0.4,1.0,per_head,True,2,,1.0,7999,7999,8511,0,ok,9.417060864,1.2,1.0
qwen3-4b,ours_predict_v2,ours,8000,7999,50,0.5,1.0,per_head,True,2,,1.0,7999,7999,8511,0,ok,9.417060864,1.2,1.0
qwen3-4b,ours_predict_v2,ours,8000,7999,60,0.6,1.0,per_head,True,2,,1.0,7999,7999,8511,0,ok,9.415172608,1.2,1.0
qwen3-4b,ours_predict_v2,ours,8000,7999,70,0.7,1.0,per_head,True,2,,1.0,7999,7999,8511,0,ok,9.417060864,1.2,1.0
qwen3-4b,ours_predict_v2,ours,8000,7999,80,0.8,1.0,per_head,True,2,,1.0,7999,7999,8511,0,ok,9.417060864,1.2,1.0
qwen3-4b,ours_predict_v2,ours,8000,7999,90,0.9,1.0,per_head,True,2,,1.0,7999,7999,8511,0,ok,9.417060864,1.2,1.0
qwen3-4b,ours_predict_v2,ours,8000,8000,100,1.0,1.0,per_head,True,2,,1.0,8000,8000,8512,0,ok,9.416202752,1.2,1.0
